paper_color_variance,burnt_damage,tears_and_holes,texture_degradation,stains,condition_score,success,ID
78.91453348849194,61.477594020413264,97.17797912361574,9.079446903776907,100.0,69.84127141194058,True,B5KC2V5tJ1WS4yLF
53.72087766282755,71.4252432138629,78.15892596517185,10.751320040558191,100.0,61.21705730143208,True,5TTXn3gECMavptc6
46.45717845596631,75.77679806437862,66.50251216054333,11.054779165838049,100.0,57.84007235986892,True,SEZ3udqaYKnEbf6V
56.64221703856306,68.70525714622741,30.901834826005924,10.540739344960187,100.0,51.930457265070984,True,OqihiGiBwGw9MEXd
60.38396701845923,76.3318587506613,16.05813848628299,8.108654288969145,100.0,51.62608063380505,True,pIQHhKd6hgW82r06
49.85286130455372,100.0,0.002155878649902554,10.899550584286974,100.0,51.591222154739135,True,MXZrpYSpDd7lBxCH
49.11293703330923,21.707488472566453,100.0,5.32462736536253,99.28464827429728,50.88791216036849,True,WaK6yyeR7xNkN4mk
46.008344836976796,100.0,0.0,11.616985262095225,100.0,50.545051240407325,True,p3B2yAbKFQKFGZu7
58.726230480067464,66.30432541395479,21.29165630189494,11.024125934352067,100.0,50.10590064804074,True,hHuNzJKSCrPbVNwk
50.968548506999554,62.76119323810246,35.853999856470615,12.100319146475897,100.0,49.96671070489099,True,fBZpq2PTo2Rco8gd
44.74356897697008,100.0,0.07715242180144366,8.362508004030952,100.0,49.69287737805595,True,KH5g92Q3DA5Bo6xi
42.69334509847357,98.41985158716673,0.0,10.168546357347727,98.70601778815313,48.80885015875123,True,N78M3v6GKmUzF7sk
52.84879918524421,72.38526399451392,17.239124143057317,9.359405071168132,100.0,48.802691343488426,True,H66Ktb4aKQtyv2W3
44.051681282709644,40.54057765473236,72.81553467331663,10.7806725834092,73.95433454736722,46.92629007540741,True,aeekTnoSbhADL0yv
64.81359737051534,8.584889609370851,74.34140190491229,9.078402436004124,89.80111118484413,46.80045347836481,True,E1ZA3zeU4p6II2Bv
46.517028727159115,82.27837597222555,0.0,12.289807188916555,98.85677160072142,46.25385084961375,True,tx4t9ACne6R7nCe7
51.69701028160811,70.43341202423898,0.0,11.671688923609109,100.0,44.86820942908354,True,fWvXFg7Bc5rly880
48.40185546754234,74.54943982506234,0.0,9.431267033777461,100.0,44.5726066515949,True,GVLnO1lH62DXnj7Y
41.41787676811768,77.48735431126275,0.0,9.828956087740636,100.0,43.27154502141209,True,SJoB7R0aR9KOtnHA
49.7107041762261,27.83575248888186,47.12641969232452,10.642938314885008,100.0,42.89387406078595,True,RkBY1IMdbNG2B9Rd
58.67948800022188,1.8278426535197292,88.81680291718575,6.476105705629336,57.54407050141589,42.54999055286963,True,DY1VIAVi8Malugvm
27.136298154065717,92.07350892374313,0.0,10.360090084819278,87.52034106273645,41.46531429615204,True,D7jUel63z88qRu8s
41.9413750544218,27.226549884812137,61.79650128378594,11.831729325230215,76.83474404868838,41.20658404794013,True,eHrCUjyzGdz8nV4M
40.72660011023029,69.1483107821419,0.0,10.879253113143076,100.0,41.136945695576024,True,QrEjY256VfDhW7ks
40.86779358857109,67.71330964127344,0.0,10.782139263575184,100.0,40.80598637642596,True,czgP2A9uaOq9S3Fl
46.85666818539703,60.69644741451672,0.0,9.988837528323186,100.0,40.729437938496766,True,ztMdG0ZsY4QFsKfO
63.9416757817956,22.91418164581904,29.91346487522486,6.980485509883543,87.5284784605877,40.693661793579714,True,ALAqbhdftzbf4NRm
37.96564446188749,78.0897969887541,0.0,9.9146975991601,81.99332858576724,40.59868008420551,True,titBJr7Epjx4Y6ud
44.59373429129878,99.3057175566951,0.0,14.868592515712391,0.0,40.434838553920265,True,4VrWvM9NAIjirnf6
46.21337993411563,96.33402106845367,0.0,14.872358285601422,0.0,40.178372990188315,True,9JxJwUvVlbeaR7hO
46.7948918168372,12.454759200903473,60.30522733631037,11.283397408027982,85.1619500032366,39.42190742406696,True,nWx0gk0IqY3Jny2M
40.292268800985894,65.8015905702618,0.0,13.202033104287704,88.03096026704338,39.32147927520871,True,aFm4oxbaATq2SuXu
63.472259282074546,26.415680557283864,23.714081443283284,12.423209818462702,70.23053189776513,39.2749488751459,True,kqDffZCJGERWXwaU
38.62025846304229,68.94086148965336,0.0,10.931877342385164,87.7282737122751,39.233901883911315,True,9fUvdTrpraXfalzP
51.07255904651079,86.25863975568262,0.0,14.529874815503199,0.0,39.06590887519937,True,XzaMRNbKDwFTHIZY
51.49134830187204,18.115028039992453,36.8961699599735,10.243136043030532,100.0,38.891865899009005,True,xHncAJqR6Gn3BX7W
40.74127246002224,22.01671998926387,57.17577561327561,10.578265027189103,81.01589942172345,38.85004655422848,True,t69EeRfGfn65iQaD
50.87560257421248,55.86355658794823,0.0,14.651695833978629,71.82900982272648,38.60922527662024,True,ybHdxwIi0RiAjWm7
48.80153283105517,46.2326322371835,5.126826048839111,9.12725810178252,95.11927815661028,38.10499964930865,True,O6lNrKRW2Bu4knYN
54.482516506648764,37.044023827110095,15.513765115535026,13.511140326898627,73.53922766569764,38.089107747483716,True,SKkYSrPZ4uSb7ue3
48.426772373322336,60.32352641706367,0.0,13.441399135806877,62.195830525471855,37.84470623918084,True,kZ0lJWotL3hqna8O
42.47237852180556,40.69586748864313,36.755171149407936,10.679447035265294,58.30109574598461,37.69874128847229,True,lHvpiPOdj7utAf2A
33.08311591788899,75.71769383009938,0.0,14.520509324362372,66.48534785932347,37.680969417478245,True,Lvc0CU5A6R7xXXuD
38.10682878493316,65.7225675494907,0.0,10.922651240210659,81.1909965162943,37.62018786051365,True,woAgiCzLGCzlX3kY
41.484088526609874,51.7418885725924,0.0,12.99170407418103,100.0,37.329454312258214,True,1lGxcTsgAjWDva2Z
38.79571699990428,55.72162468576721,0.0,11.925237794443838,97.34509718748474,37.09241665932814,True,0od9CY9Q4CKZMFue
41.47701810775567,44.95277287519931,15.516082633677682,11.926814722886911,83.43543067618842,36.91708045391394,True,HEbMU8OlL2vgARkJ
45.18449682886961,48.80798415278787,18.31647725584819,13.155331347503012,55.07702623116789,36.90164286326973,True,XNt6oft5KThqk6ew
46.292861787773504,34.83672125921676,15.83526686958402,12.710619578593255,92.05726084281972,36.87641124612401,True,fcyUXAVcVQYdl3y5
32.91102295743859,41.62802602343241,48.311872057284994,5.631921424186618,60.317468409181735,36.81922285909285,True,h2R9mjajbzfSnNZO
42.58409382895139,56.19586324693487,0.0,12.979159053889175,80.20544356323315,36.79161217482582,True,68oegBchwy2vp44K
41.07512816603879,28.253225167506777,41.4575253089666,13.649198507159433,70.56451767344447,36.78118134690001,True,Gn503tm7wISRQxNL
39.3661023771686,20.931980353396884,41.93524624635172,8.994840988067036,100.0,36.7791011989802,True,cLZBesMYcK62fadM
38.080588624455636,92.48179271708685,0.0,14.08232457082826,0.0,36.65697345223264,True,MWYWih3ZxecP8MJ1
36.47034165540063,61.983648723910875,0.0,9.764495721800957,86.69940168106316,36.57162920397437,True,RkqQpvdPL1FKgT7o
38.14385492924837,53.02731408735959,0.0,12.26724999819811,100.0,36.540072500344124,True,NxaNW56UrkHPeBIo
43.02570666387229,48.5060993547129,0.0,8.907880812844796,100.0,36.37041895976663,True,SvAC1gLOvd0Z1YUp
40.71471390271951,51.43027278312553,5.413854771737906,12.744144025779638,82.84141517817716,36.35051644262947,True,djbsbqeT5aDZgKei
31.39394264056281,1.369440728563664,100.0,5.505681062632053,56.14169937228236,36.200565070932804,True,N4zbOHsgUSwRJXv4
41.20210131902277,52.057325919937654,0.0,10.34827850416471,92.25524901907035,36.152728553222985,True,u39hfeqkUqhksSZG
41.67085767968059,83.73107027837082,0.0,17.232413178984864,0.0,36.01888685034461,True,maSaoMIFGOWcAY9s
39.27397742275181,11.542082300430469,50.85777176708276,10.673323895639772,95.04043214601379,35.94430995429706,True,HcXwlH2nZMX4c23v
43.10256193284459,37.965340739668086,10.682980913914628,9.21100998705921,100.0,35.94035144561221,True,7eGjxzMzeLif8jPT
49.656302573114644,30.25942493215556,18.4529302746151,12.002508754985525,79.04440150834296,35.85714952397843,True,oEgEpa34BSmKc19H
37.489219016665096,62.94051536698595,0.0,12.00956949272193,70.1883781639147,35.802167787045775,True,cJdOKPGNYChD5oPo
43.57241642893112,47.83598169387592,0.0,11.977868173213626,89.52137936523874,35.779538514654234,True,MtCWEd4yKS8U1pRL
17.304311081656326,5.087076219784609,100.0,3.8770834723929815,85.99650724183552,35.64427562448555,True,x1ARAf3AAJL5tcKp
38.730064492862255,58.87478373507115,0.0,12.235379289798507,74.44569616675932,35.61759179177218,True,h1mqRdoFFNeDaX8n
49.47906801121246,43.161107015288536,0.22727605976627221,10.817641374721935,83.0216481932522,35.60426339467264,True,rHWImyiAL68AfASm
47.26444820441431,77.2460575366613,0.0,13.687147227368692,0.0,35.54392092959492,True,sBYwHvRVCJxz0txf
45.27365442766756,47.17664188259076,0.0,12.966682875987217,81.40711255794687,35.46197048614073,True,JDOK60RkT379FsR1
48.741164226536995,74.79142150281166,0.0,14.248447648276354,0.0,35.457471790905466,True,P6MbinkagywgMHJ7
39.6711437449639,51.90592124530929,0.0,9.503747820536221,91.19971735064357,35.42335734296128,True,My0ALCzdVlimyrtK
56.35560880946241,28.609258505784936,19.593907297209192,13.12274429527104,54.69844183607618,35.41603455662507,True,1s8Yupy1sNKzgTdF
45.438599938998465,52.98384527578014,0.0,11.781654093455023,66.10358718506356,35.255148133169186,True,Ah36eonLvAmliq6x
51.06934979814892,17.48076248713069,39.23549783549784,14.289109156006885,54.830151361922475,35.164476637920195,True,vVaj1wCJFcRV0ZMc
57.43108275729358,15.48785492775853,39.153844741869484,7.0750507870699515,51.40656303192567,35.13397142875466,True,au6o6wuP8GHi2n6q
41.921503933463335,23.500597852185944,25.64761892934869,10.106165349245478,100.0,35.09704923134204,True,zQ2uFZs132mLAFEc
39.14402981853184,47.14813510225531,0.0,9.17152077428121,100.0,34.905970837265556,True,z3LF3YVTTikmkslc
44.753758603118946,27.58061488600174,15.417597144243597,11.232474139293638,98.14387746882008,34.90405959906089,True,HR2juRvjapl87R3U
42.166900497051955,80.74836934138398,0.0,12.713951138868481,0.0,34.74425515529185,True,7cL8lDtLpRK0cLHf
14.833762366489456,8.807795613825443,100.0,3.9341777284266883,72.84461592427284,34.526665865094486,True,lGFgeDZh9ZBx3n9O
43.792902503563184,57.04667498051151,0.0,11.274495201552577,54.071517746242606,34.49786555105398,True,N50J8aGUyuu2haHA
51.28193185799849,26.626175575276015,20.83773870689911,12.819232348416268,63.46485124467796,34.47804116932861,True,IV1mn6z8vNWCtF4c
39.63300868971253,78.14142912282374,0.0,18.92728353477313,0.0,34.26435241783567,True,TgXMCiOard173KR8
42.594731296378754,22.185919339806333,35.65891046405183,10.578067552954646,70.92916032122167,34.136307481740936,True,AAUCVW2HAez5oYoW
43.0266612920838,34.43969100662023,5.304132511034896,10.366221381453283,100.0,34.13368084870517,True,JkquVmebUGfiqzt5
32.679023512062365,61.55134948652632,0.0,11.752185111417665,71.66966613426452,34.12133880538939,True,dB64zH7GewwVDhSu
38.41238955592478,48.058323887668834,0.003463165768882169,11.778212211055369,87.67752304723328,34.07347460823005,True,5SqgTBDyjgZIFVsp
39.75845769725651,50.38313239008603,0.0,13.19184435916334,75.23882687369375,34.02597974794234,True,uOcRLyNteinukJHI
43.17719364851068,52.41711220331641,0.0,14.329998984139884,57.898980323002135,33.9968340253035,True,sqn0kVXKZYALfqjk
32.932955942103746,1.2271527667908049,96.28613493240483,11.329887386217365,28.17113078918245,33.960498147660644,True,rWL8NcKADIeMtx0Y
49.473517105260555,1.384208883184162,59.51062676168014,6.21392704405312,59.212933566074256,33.94361511792563,True,0Tp3uhMFGX4XJgA4
40.18677067851131,40.289752429345455,0.0,12.025522692083438,100.0,33.93229771470227,True,ikA6SEyeFtPCLarZ
41.89127231757002,42.34580040887834,5.272613930292711,11.462797073358129,79.2329593908296,33.85107008363581,True,7WFFMBAd2uq6G15v
41.00246803286237,44.490772626132575,0.0,10.559297551862809,87.76441255672864,33.78376945484414,True,IUzcfFXz4SPEQ3HC
34.446216430072596,53.414421621753604,0.0,11.251640417630197,84.01067203591103,33.77628360069581,True,td8YAjp8lg1xhS91
53.13790124823501,22.75325108766747,14.733882342499136,13.142819622377214,72.23482768855011,33.77136532709879,True,n38Ncug2Vch791eW
40.25135281451569,76.67571191965591,0.0,15.930449810827223,0.0,33.63390129589277,True,0HagWfv50QnVAbNy
38.9743423399097,60.1280171923423,0.002254192798605406,12.929201049544526,49.42825491392117,33.606963487442,True,SW7TaOdDOjk649Cz
34.05226883084889,32.53308905482566,30.59057413690658,10.955587883680229,74.50941953224643,33.56134787611907,True,9t5wgtLwgrL2SPwu
37.54397561311412,41.71915257535214,0.0,12.032093576568126,100.0,33.497794864257486,True,XtSzA1aS8OyoGTY0
45.39369472039496,36.516986221799435,14.085536653685864,13.967858822531227,56.8019117864025,33.339832304325455,True,qRbdLkX6UWngKw77
38.024696048850416,52.67637860779645,0.0,10.725978489040635,71.34481655130557,33.31988189509089,True,u5k0ujRTojrpqSjg
37.3930352054893,52.29217895676763,0.0,10.159458038244544,74.95921571854157,33.310795578429534,True,Mu3q1uOG2qUt6AwD
33.47492284299325,46.10706928437993,0.0,11.598902523700744,100.0,33.30907955254807,True,MCanhcJdHnqJUaNI
35.74162176787848,57.9101106662317,0.0,13.046474802948573,61.19092748099112,33.27607816546287,True,s8J7dnQVgBmzEHeD
35.91554334231809,42.94941891070829,0.0,10.872987733888156,100.0,33.14296589045573,True,SPUs4Tds25E8DiqO
48.209093919905726,66.0962074443274,0.0,14.353134890086391,0.0,33.13975027056653,True,OW8LN9cCzfLhWOGh
47.96805519878069,6.105426904478384,47.810464671042574,9.771468219913451,61.91291273982314,33.135877726931646,True,84fnxRVetPHuvVYb
37.47150896652937,56.885469551543736,0.0,13.005867834712797,56.77969079102087,33.09166933215376,True,pvc9AiedHsceu3E2
37.43248218844798,51.682206578563935,0.0,11.427426098203899,72.04033934499085,33.06844415040505,True,27HMZThz0UJ3pgEg
36.309758440221124,51.13149818551857,0.0,11.656673052083423,76.30037886663973,33.054340922922464,True,pc45xQeZU8vgnoQi
37.102780819852995,43.182388916062514,0.0,11.482134560891446,93.93977936409772,33.04272959551501,True,YRXwkzhuHD86HNT6
39.805979261902955,75.4368268562977,0.0,14.855389400313797,0.0,33.02930890269238,True,Sq9NjdoeEOwNequa
44.85197236159074,27.919515074995417,5.284963401408916,9.95256602096142,100.0,32.98534806065207,True,AzdQ1Y6mb7KIdw8f
37.231241053530084,39.94526844010216,0.0021273970446200256,12.135052116081983,100.0,32.976372722905786,True,FCbXuoztr99Zp0q9
37.06479971083645,41.10802625890872,0.0,10.482587037532124,100.0,32.96883453360793,True,ysa9Bsfjm7S8YVPe
41.294784912229815,48.656419135676416,0.0,12.381104724599147,65.26606795730115,32.936312762008036,True,5qQyslLM4GClqCUn
41.92558515001822,35.563201158404894,0.0,9.30806276418934,100.0,32.864685249235094,True,ZSUU75O17YylVFGP
36.96646869975903,41.16279570440835,0.0,9.537234872845112,100.0,32.81122476695656,True,gSRuO29rOsFt1Fpp
54.1260842468071,19.561432357562747,13.133934338753615,12.63835521448052,71.43283720776274,32.7940072341319,True,3vaz098miVDY18d7
39.58851007700204,39.04497075158447,0.0,10.74773784437538,95.42477839241133,32.79243422689417,True,nJRIommgPuYQ84Ug
42.62286421936939,32.954109780078575,0.0,11.559805842916509,100.0,32.759357587267935,True,fPQsGsRu9rt73mba
43.22927906910863,69.43067363912692,0.0,15.472458319712324,0.0,32.64732087847117,True,EMMr9Uqpm1hFIkCo
42.27235151257985,20.812174195602985,17.73273042468339,12.076173725525503,93.9764586698341,32.640367013423614,True,4kGBhajHwOvW1gqp
48.05801665832664,63.06780970976468,0.0,15.514915055964693,0.0,32.51159468333387,True,z0XzFCRbN3RxjeG6
35.80810656128262,50.90861587889819,0.0,8.155409309673928,77.99912383136619,32.49280971769704,True,6GcIhrbmnsT1bvcJ
39.96317261766381,17.822498107265844,20.388612748678494,12.830604644433825,100.0,32.446889558516375,True,zWyNM0OW9CG4qkc7
40.13186258751347,13.30315696405714,40.94720481983904,10.90534586642784,71.90838633133313,32.381429494333624,True,KNLjDvknC5gb4aUj
41.974223139241865,38.448179982668954,0.0,11.815485553018284,83.93964910488384,32.37059968088092,True,fGa0q4XicRjkmauX
35.25711211429032,63.6562658377656,0.0,11.91514861924488,40.79297343028157,32.35776972964339,True,OOkbONklvlhlXX0o
35.454550977556586,42.537088703486454,0.0,7.168372543404649,100.0,32.345893350649284,True,RNbd8CGjttzBzyMt
39.153778733753605,42.633413449557274,0.0,13.779432987183258,78.66623356788863,32.338025287381754,True,1utesWaIOvDN6728
27.822829745416346,65.72356629791011,0.0,10.879726446389174,59.28178069862641,32.33787753492345,True,O0YfVSIrZ6xGe3yo
41.794903709826755,72.22091823555118,0.0,11.599584981010924,0.0,32.333638418987455,True,4kJHoznTvI8dQxWn
37.61640346307954,51.125678376204526,0.0,11.860161467870252,64.8461665188639,32.32998150504192,True,2OdfQFZuXk2k2ELW
38.53690648041777,36.58424459533122,0.0,10.645721199269802,100.0,32.303991272848606,True,oXTjLStwRDHB866F
36.87263398911875,38.3246305425085,0.0,10.735592704560649,100.0,32.25328673804685,True,tUQgU2X9ViRmQqG7
41.03490037131232,36.972970218148994,0.0,11.912072962176875,88.91598904351967,32.23212251460944,True,VfA8Rllc17Tz2PUR
37.634304228212464,37.327485699160185,0.0,10.660967195009313,100.0,32.221307772505185,True,W8wdFrxaW9VMnV3p
40.53593907775949,46.26045470607558,0.0,12.842088124627626,64.94886858896517,32.147095477437404,True,o5bo2OIsyMgRlJgx
54.38362793909463,23.359346499123305,11.517958571168114,13.12353658372793,56.24287879579785,32.05133508788181,True,YkA0wZ0PXB9vlKo6
36.553745023646215,40.240225308543245,0.0,6.76185568371265,100.0,32.040458186786566,True,qM5q4bWpR7YWPR6N
44.23757510459777,39.424813222945005,0.0,10.950746002496583,72.44272540032796,32.01436027752287,True,z9yfA30TQ8l4K116
49.165489010564784,28.063841421491084,12.501290348195498,13.573231200877915,56.436576949735056,31.945507503286496,True,Xf53GrwovECETF4H
44.172062594902044,32.82922462591981,0.0,8.92308392597677,91.25934238536578,31.923321762383658,True,YpjAEkCppj4AiCC6
44.1244712780988,42.966452472617455,0.0,11.927238379195138,61.26089895219785,31.89413015368306,True,A7VpyqAOavK4xuhS
39.07208854689964,42.15870475233517,0.0,13.62985316750968,75.82842728076591,31.888623455356726,True,NsgJafSyRKOw6NNh
34.208974350186466,53.66008334628163,0.0,13.479448083143756,61.83061944255495,31.88269229835341,True,0qAbkepBWI2IsexF
36.80189962066591,44.0851825458162,0.0,13.300614162905562,78.07452804795588,31.864410451885245,True,S7HFCNO6W96psFjs
44.849105723475816,64.22411435154348,0.0,15.139902939185783,0.0,31.781745745806482,True,4JEeD7eou8R4Mnw5
38.87103349051837,42.306700438910966,0.0,11.114151322151827,78.66522455124702,31.771630310330732,True,IXmIF2nyJc93DlMz
36.70280291292537,36.464157571150594,0.0,10.619898927935035,100.0,31.719865105855515,True,OB07He591st3fB5O
42.620161170725126,9.147435936846495,25.932697976443443,9.686808570943414,100.0,31.712468216359362,True,qabXtpX1I6B7yBGt
44.727033996498754,62.57264051480172,0.0,17.60438301224665,0.0,31.701927779487054,True,hapOjZ3aGj2pq6g0
35.58085704497541,51.82446397957152,0.0,10.758752337754467,64.30577753999643,31.674763713048314,True,FKOPnbAgZILi4d5a
46.45140103743071,24.37744813725545,0.06091064511599864,10.869211931700374,100.0,31.67234626432133,True,zHBNAMcc7fMk4nmf
35.64035848303438,75.27613970271052,0.0,13.749302844394869,0.0,31.573537897247174,True,iyP13zd4RJ63A8LB
24.776031652725006,0.0,100.0,6.2886564449064455,31.74323133078463,31.550431095631932,True,Td1i9ewd7Pgn4q12
39.87114221781117,40.489397718728185,0.0,9.866407059292202,79.58285336412837,31.52193849033207,True,7SUEVOQOpMAx7kE7
37.79689706603665,47.18093721642714,0.0,9.939713269740926,68.92061040256843,31.517321454635763,True,5sFX4xspPfGIzYtx
38.7130290112042,34.234459285813855,0.0,8.527150735598815,100.0,31.451596135154542,True,Q6qaOjwc8bArljDA
40.13839306416509,33.9934684031923,0.0,11.888704264611174,90.33890319266936,31.357080979006213,True,IXeRCMikOsgQNNYD
40.041880692704865,47.337777149493775,0.0,9.70540267276244,60.194999269645436,31.32231882306381,True,1J0VX8ck59Y7022i
36.58022542686075,40.270862633290584,0.0,10.001650755220513,87.7306378425379,31.315094683917735,True,1wiG5k9iT8ZWyg1K
37.39804042564076,36.716912606232185,0.0,11.61351602394723,91.61299456701369,31.301967139543727,True,W84Lw7FYVOL8tFrx
43.42214928471283,64.34472434464804,0.0,14.565562998134645,0.0,31.297660321296053,True,JzAWIcVQ9v6JccdT
24.687460899538728,10.301195984589098,78.03649052391002,3.4445716359778316,51.75842030553976,31.281363146741548,True,od0SyFJbeRKryFcf
33.910608283363246,39.765963659104045,0.0,7.7705462874924365,100.0,31.28025534290885,True,TL99t1Mw8fyRUvNL
39.81674883321764,41.68791169312562,0.0,15.238406765718986,66.25325397299115,31.278088985403656,True,65I6eUyKmYrULhaY
39.4878094394844,52.04400259836178,0.0,8.797811822271077,50.86576509349207,31.263591764125632,True,5nSR44wop9nxbh9z
38.8100300346268,31.634308342312856,0.0,11.000560279250847,100.0,31.20167013785388,True,bNAsFtiMOmizHpUt
36.43214133483428,71.38340174558539,0.0,16.16039259535346,0.0,31.19955172614965,True,WVTqEoaOJblHk8gn
39.7115170530106,33.72799112083124,0.0,5.458449743577946,100.0,31.164220357647682,True,GFJbP9EWpEzQORZE
35.98810883189307,20.855384372538147,17.43869485437154,11.048086397257315,100.0,31.155230673165363,True,0G3BpDRPb1HxQwoZ
36.496992274249564,36.679735318553526,0.0,11.93474815160451,91.66037855789347,31.075281590443275,True,Mzk8N5UXVbRfb7CN
39.59847568380748,39.722505196379004,0.013083193250658124,12.40751974666324,73.94540020833212,31.068453625719826,True,SPJhiXny2jrTlsNP
47.831940384285986,31.315335968664105,0.0311929649908744,11.234527367027534,71.4510319936663,31.014937004870756,True,xvDyStDxA2P2X17z
49.32429527580634,33.722634124972984,0.0,14.803008571408965,55.256743460892096,30.974072745785705,True,zfmS5d1CVZpZNG9C
38.80547672599985,37.27789381919302,0.0,8.60877012443638,87.04036589395746,30.95646858065941,True,s2iXzUdT53CJ09j2
33.46580121912282,62.75847625973215,0.0,12.419290284345308,33.26516695129263,30.918769668450942,True,2JIoSPp3gIpIbhzL
38.551997681549345,69.4967351368733,0.0,13.159350577123845,0.0,30.913685675251706,True,NCMmv3Htnq5kmgqK
41.11827846323887,28.893732674019596,0.0,8.904406536881648,100.0,30.89457768800881,True,GbgzzrI0akpBiId3
43.32581773496584,18.984307084464888,16.479833806117796,12.243900683903599,80.17790460357287,30.89416441577236,True,bYRLk0bwp2yubsOw
41.41729652095883,37.315039639272435,0.0,12.899610653455053,71.42641233487312,30.831531697611332,True,BLvb21REZlvMlwcg
32.105946561365414,59.14235290562266,0.0,13.174785179162061,44.17575228326154,30.811165200015747,True,HOB6EEZcBBFiSfMU
44.86402970335281,14.398563260179012,10.133123138903485,11.465679740547161,99.94633344079048,30.799959658992417,True,QyExylDxWqvR0qao
38.83512028638901,29.06730823971381,0.0028832846378594496,12.307578141751334,100.0,30.764076524035424,True,HP2oj8KXGCyZSJfP
45.77040848095785,34.82402479870858,0.0,11.825723066583855,65.30814818511503,30.74180202246358,True,0CCrVKAom8EK53jj
35.02015468655452,33.87104183000613,0.0,11.718894013292786,100.0,30.731640965461803,True,r7VJrwvUvTQPEy81
35.089618142847,22.482645042489466,16.15006143354635,8.810079377264092,100.0,30.69907089677535,True,maBFo4aUQIoZdoJ5
38.82256441081021,30.949498913301056,0.0,8.574220887346979,100.0,30.670277184670375,True,xiVS42zcHPIwmlMZ
38.41053626007168,30.31240085529239,0.0,10.249231052353618,100.0,30.63864574969764,True,RnBNbzS6guTYSwcQ
37.31040877188395,69.02771695403761,0.0,14.50967818705873,0.0,30.626503598133397,True,aoscld96F3oBeFtu
40.38292835905991,36.24622211379503,0.0,13.5162682975979,74.12131790688434,30.61600607149485,True,TXyLhv8XEnTqMq4m
38.6302113631804,47.66682098215483,0.0,14.823166082397186,48.60854391563274,30.590097958415676,True,d4qfiedDcQ2rR9ne
38.14391289015207,29.661090971086125,0.0,11.298963426231099,100.0,30.553291123751816,True,gEiPmQy7GxcqUVYQ
37.57100384658867,31.117668615014207,0.0,10.010629703240685,100.0,30.552312763216253,True,oiUl0McOXb6duLau
22.417835413637253,0.0,100.0,4.590195946918409,31.194040807980542,30.533284096926995,True,XRRpqOq44BAzgcwg
36.523517881631136,33.26077378093073,0.0,8.358257886745768,100.0,30.525987492733886,True,xrsbWjDCydhQ3iog
36.48784979051395,50.622263702533566,0.0,11.056262360893822,51.79564378820404,30.439924595742056,True,UJWwVHbmobHAOq0g
42.77200739791432,17.6693613006426,11.010562375107051,12.073056127926057,91.64284907780745,30.42629834652601,True,8lGd2LO84KMYDbiq
35.810620994255316,33.78630394826696,0.0,8.153517926320195,100.0,30.412789974291364,True,RlSZEwc1lFOeMjyt
41.0098928829139,41.17268957432192,0.0,13.788780924079003,57.47858777567664,30.412316174634167,True,PBQMm03hngY2z53t
34.88600290517514,34.62699418687187,0.0,8.449959633273682,100.0,30.39004336326156,True,gOSvNjpr6SBzuje2
40.89855099665598,36.86991499097463,0.0,10.88132250043737,72.67134706582584,30.38637712838864,True,od6jHCuZCrcwGNW6
36.698340198142056,33.76732311737401,16.393322625079424,12.674231064052657,57.513699990339845,30.382502022443887,True,UU7WPdZZtEcX37xS
38.351727344492026,30.22602151099764,0.0,10.003162755133017,97.82827973819289,30.34532596818626,True,cMKCJsslNGkLKpey
35.10233028889082,32.10576773755067,0.0,11.8749213834539,100.0,30.338379228573,True,963XlsHLeavPxEKK
29.471292850644303,4.6312857737736906,65.72102848636659,10.490768569626084,55.841973515247616,30.30122763287871,True,gP7kGWfDFYMbZ8nO
41.16604110382582,25.196330202917625,10.578619415213195,9.815448812748835,80.33342854692603,30.270278941524715,True,lhValpJXC0k72H91
42.06664626558655,40.425865428900714,0.0,14.870955088136418,52.95834810516729,30.252938310638335,True,Y5uiZta8r58h7uOD
41.8033907927891,61.31499696315292,0.0,15.612340691852527,0.0,30.211617582402837,True,kXXIcMZFakaMW1DL
43.65586573580034,59.50382586973511,0.0,14.668453824659943,0.0,30.17298426187287,True,uUl0TMCWNKnTqM2A
37.86156781378196,8.455675216910834,39.79957655002718,10.933977529515866,70.8107804259597,30.153479130391084,True,BdQlRbOM6mfoE6JI
39.06372108712524,41.14203996160301,0.0,13.48488078740717,61.04006405591625,30.131364840241027,True,qelRraRW1qmKBHsG
34.9535093828116,33.25369517274556,0.0,8.820470901143949,100.0,30.122547243201463,True,SQGRLf6d6wY0rI5X
35.30289108929792,32.73691785577449,0.0,8.464470312169505,100.0,30.04476733755843,True,pT2TyeF4cac9rG0w
39.63857670348189,35.88130965603749,0.0,14.739123368257479,69.54174411088897,30.026943341381457,True,ItrTMIJYXZpIamCO
37.654556833431926,30.201299046376654,0.0,10.064958054517403,96.27871852881376,29.98430737268273,True,SL9zBwTQiNt0Hm2c
39.683720139233714,26.107164112235353,0.0,10.15407855546763,100.0,29.955018853149095,True,q8h3Sxwe1aKQwr7i
36.232795031185596,2.4030786742259767,56.91816818699256,10.048139255474064,55.85048838774911,29.94651154240671,True,r02oKdpvZBVb3iHw
36.03088321767168,42.38025469003385,0.0,11.804474177810796,67.09278565299871,29.88427832978146,True,FvmjiTF3RN7N21FS
37.816043553925255,40.23173977307134,0.0,14.001451857955399,63.390848744724366,29.842050662611157,True,g1CakP8AQ3EhMKye
35.47431730201324,29.98002428711005,0.0,11.313342092086344,100.0,29.834302576194435,True,YRdcTS1AprPDtOXR
42.085628463510524,57.8844111423831,0.0,18.183825293976483,0.0,29.824365118745405,True,mr2Tuv1CMNMb6cEl
52.27118934633706,45.92998697285868,0.0,17.559818926492778,0.0,29.797826386089703,True,YAVMsUxqfQR1KZ4h
46.58944672621607,54.351512108653864,0.0,14.880399728115464,0.0,29.796772004245607,True,rqyI7OubgQmOIfpG
36.563724839221706,29.38483438781509,0.0,9.853466096731648,100.0,29.79334596323003,True,VqlG0AQAMdzlufuF
41.00981196901592,26.960620610616708,0.0,11.470537368015716,90.28193893377599,29.79187324193891,True,eQfb4hUuGtxzC1o9
34.60026875130657,31.08638757192821,0.0,10.837191824097722,100.0,29.77725629198868,True,NWyuJVscjSKpDAqu
36.56396193095684,9.267700251433814,32.759299062100325,10.096278115125951,84.17606824153009,29.77002199598747,True,DdPdFWMBX77PVnnS
43.79859456547041,12.870505492117127,15.212982736885731,10.67677277769069,87.5766045182955,29.758977658530704,True,9eddjquHX2THRWBr
44.04846586470523,58.35872823392317,0.0,12.82523891700625,0.0,29.7280076554433,True,0heCwhFpQnxJmAj5
36.187733876091855,36.90401795587578,0.0,12.063253256710665,78.24457662467165,29.716270302770265,True,JiWKnJ0vqSO6cOQt
35.40636553373159,31.473853720054088,0.010741900070252027,10.840602903788257,95.57192230658931,29.675804136374218,True,UOgcxLnMrURIguaX
39.63195651272818,26.527041336383782,0.0,7.6838103622818,100.0,29.67391884225667,True,l0EQAaTZFsQRhtBq
42.34279539287991,56.23757534135615,0.0,19.283167037363786,0.0,29.654707508807576,True,5y4unaLjqV9Asnb6
38.22353479565028,28.253413875584314,0.0,9.888173070928323,96.39633101317169,29.65327296954758,True,XJOANO9yBTa2NAnw
39.21987517874052,63.020498273609405,0.0,13.571410392364793,0.0,29.556798680879226,True,QH8gKPh45OKsJ06R
63.81724377881561,18.287877365996383,0.0,13.476540486823527,38.017507152729024,29.54037426344021,True,EfSiVMeHrlSOPxeU
40.966138685707506,34.308906847391796,0.0,10.543513119981323,70.85664833680113,29.534260119237512,True,sX9K8N4FRDKfTEJO
43.91224599071794,55.71054776206871,0.0,16.088546464561876,0.0,29.514592707416842,True,WaRyvzKsjCPAOmJa
35.16962024181765,26.10759621685593,5.448849918266567,8.93036348587785,100.0,29.507109633294267,True,d97kwy9Ydcshm5gA
38.248417588999466,37.26489122598517,0.0,14.492009308764919,65.25406617602553,29.48995609711342,True,51X1nEewj41TrmYh
41.353170836686026,57.90161291351363,0.0,17.267714285714288,0.0,29.47151162224136,True,OKnxmKgOapGPXLeS
43.27518805124738,22.898449399250634,10.15924103198095,10.707460349823144,71.16108658898992,29.461244682955524,True,w7evzbKwhrUi7DEd
34.1913134278899,43.91080458786336,0.0,13.01919111641135,62.32782375639697,29.42075621843421,True,ALHUjp89XlcCkOt0
39.88475330861377,11.33393915182234,39.96873782037559,9.402952096947217,52.08762818216661,29.41186397737358,True,YcEaOlP7sFsG0u5P
35.615756455943654,42.51664089890518,0.0,10.97183383412418,64.01368323924747,29.361030560552766,True,UoyBxnNCPHHwHCZt
35.587253432747914,27.80837740924157,0.0,11.419466253168107,100.0,29.34119032010998,True,BUe23HdIqp5HH4ey
50.521825722616605,48.78522270870595,0.0,13.11058886646995,0.0,29.31944172393196,True,u3b4JNo5bqpfE7Js
34.68368459462044,30.154582649578018,0.0,12.600180420825717,94.63650782772135,29.297428886676624,True,VnKwZVEYK4Bu8BkJ
51.35564672434198,44.3267927109128,0.0,18.70131723828555,0.0,29.293589780773623,True,66CHrT6zq5aWhvCC
36.75847251306287,30.396870701329632,0.0,13.438949937476162,85.84166177772082,29.226768097644772,True,GDAdNAC8oCkxcdKp
43.42419648240212,56.02244169740599,0.0,14.593593229425956,0.0,29.221908353486025,True,lbkhCuIKl06JnKSb
38.06116352901454,25.76910231693435,0.0,9.017775540971678,100.0,29.213290969083705,True,OjZ3YibcJTPhbYbg
33.37979998578862,34.91655209369753,0.0,12.790911968516014,85.48630010033537,29.210344824471907,True,FBafS13DwW9hTVI4
34.22809062182128,30.06085777833792,0.0,9.441084246382713,100.0,29.19980426808827,True,OTnJ8Jg8ekaW6KNB
39.50147709707733,24.894613065756634,0.0,11.798927552442663,93.39125504595339,29.183061033024096,True,xS55xsBVei0QZdoW
42.55275906030373,10.666790681003178,14.782263759643149,10.586944436097003,91.9039596170433,29.16741576738943,True,0w5KNUgXh5FmKcYz
50.72217909015032,46.3637170808442,0.0,15.718871106114843,0.0,29.16541366317337,True,I8LB7Medjt2hKG10
38.77326289341565,23.874827549534004,0.0,10.332246245643283,99.77551629417322,29.12807432167201,True,oOpKdBkEN2VINP4v
35.555141446224646,23.587692562399617,5.12094669046703,10.112250308042272,100.0,29.104492458767044,True,tFx6nWCB2mWCWJ6T
34.410339372564806,26.939164739530227,0.0,13.349182187141826,100.0,29.060270324723273,True,whKg2IDhBi2IKCtC
38.414852267121844,24.67021193532753,0.0,10.000088598984263,98.59186562425202,29.05120851624128,True,SPmViU8ir3MyEnDf
38.725689164033724,36.22322337907114,0.0,10.751323680498556,67.44584091222075,29.03079523727476,True,vjSQ7VMxTFJC9Y97
38.02051390999904,17.986241891712595,7.562424396238881,10.743109548916227,100.0,29.02666595751307,True,tRD66zb6Fu2fZkfd
44.4680810424682,27.296112422350078,0.05015300918055084,13.683432178427859,67.85125404631788,29.012123251560055,True,JnzsFi3ktxuXG6Vg
35.68778752425645,26.079467160095902,0.0,12.217029181293427,99.37404429756299,28.996161854251223,True,pk57nExaGWnNFphD
38.87223704435213,22.381800685110797,0.0,12.889294201466992,97.6200432406704,28.95251973887043,True,iAhuhbCaVwQxFax9
45.74557115935447,51.542192738712394,0.0,15.611957781856825,0.0,28.95101319976296,True,V4lGCqOjZxAuz956
42.728812664881865,15.332050934356937,9.919660739127872,10.626378575591737,86.48859061823177,28.878404529041305,True,Yq1dCVQMbtOtIRf8
34.21897523955765,44.42133971127984,0.0,14.50587702069799,53.186657512386574,28.86557480403061,True,4yFnuUaEJWfVdQFl
39.27731345666158,20.26163020210062,0.0,13.4453372916802,100.0,28.86540218127566,True,JznYIhpa8mjVZAit
37.53357253554183,22.22193597819411,0.0,13.35048705541693,100.0,28.818128813523614,True,R0NHAtbNqzzxZ0rK
36.980079363937584,38.74921525632685,0.0,8.787915686641828,66.83569825745485,28.78308480200475,True,7RlGPPe4BI8Kyaay
34.51546193897482,38.55610144660031,0.0,7.682000448051695,75.94243538846344,28.740207549396622,True,3KE4wDpnX0BJXPWl
39.59766956426426,33.959417632043184,0.0,10.912522337326294,67.28668363543657,28.734701991432676,True,DT8hpS05OChwmqkD
50.95951885835087,43.804437292629046,0.0,16.607540851716152,0.0,28.730096108419946,True,OZIW7t7vNxIW98CB
33.115479496110616,27.974140534475218,0.0,11.637578631835604,100.0,28.67381577722733,True,xOyPD5ploJUPZmyG
30.382290544518415,53.54311369175285,0.0,14.938622397006236,38.9691509367555,28.63817403952022,True,M2eXMWK6hHWmXHA4
38.90419193224152,34.63002948947661,0.0,14.416570802409108,61.35705074890855,28.62695564729383,True,Jw7OQBmnEwK3GSUr
19.894094119789855,0.0,100.0,5.919183979646205,17.27283936623527,28.583389769507413,True,kcOVsxdSTK9JaBV1
36.62052925460857,39.786378995277474,0.0,12.91241001090998,57.01213023466461,28.570828050304897,True,Wx97WLWmyZa7hLXs
35.43030742836258,33.08873791632945,0.0,11.802320846905538,78.9726209802132,28.568886932648287,True,tgsptsz5klZGbVFq
45.423304766311496,12.91744420327478,0.1160496041979683,11.244517297855158,100.0,28.56623999623001,True,uG4NCGRkTtiVx2Ax
37.59747335531945,23.503884052451966,0.0,9.261140915030145,100.0,28.544384156963346,True,YnsU9IZCwkxAbs5J
48.27205519497974,47.93062460339476,0.0,13.865214711321144,0.0,28.544054916040785,True,sawYdJwaQfTpRrEO
40.108738255608216,26.928206597791867,0.0,8.768967740987945,84.55968061013215,28.535986348291836,True,8AwC3HmCSePRxg9Y
42.18412809900808,52.98649292305989,0.0,17.30567017170238,0.0,28.497712186222753,True,AUTGNr3KuqkF0AV4
37.01700948508707,22.83927371322275,0.0,11.144340921200639,100.0,28.486572412011903,True,BqjxsMCIdyroEfN1
35.147752297073986,42.59378448638495,0.0,11.775650045800228,55.02920907840769,28.462040225429234,True,taRKyhVCdKLG8Cne
34.454128173532496,29.361021893854357,0.0,5.178919709120909,100.0,28.453331881891476,True,MO5lseB8OgfMw3rc
40.5319078580808,30.312013635895262,0.0,14.32451976630798,65.63330316469666,28.44958404781392,True,onoiFNXJVZ8UJ8iZ
32.70502261332857,49.92685602566716,0.0,13.602621662958121,41.08000515639255,28.441614555498333,True,QYGDQDZeRUB87KLg
35.80650540622927,25.92693991697031,0.0,12.292532212089387,93.70365274184678,28.437931707109442,True,s6xHicEjZgzl1rCS
32.645122524386586,28.020915565258164,0.0,11.214891380474034,99.52902775563118,28.433902131264738,True,3j3qquw8Bvlnligt
35.936026985986395,25.853827641902427,0.0,12.498685069724502,92.98227865715877,28.417295632446077,True,SgPLOWVf8Dy3v194
34.78371178009078,26.696018546592192,0.0,8.694107175356306,100.0,28.413234246978725,True,z2EBoCk8bmPCosXq
38.685878888131995,57.72378789391546,0.0,15.633845390708561,0.0,28.381787448524744,True,x35d6f2uroRISVZv
38.23513398269221,21.823327197322982,0.0,12.124247860429518,96.10589762070515,28.35559893527335,True,rPC4VZoIhgoYnCdQ
39.90333389414732,38.286048612138735,0.0,12.757377351150506,48.786309358743296,28.334749859825788,True,5GPoqzPnPH0Mg4Bf
37.14679049058647,37.07551207391888,0.0,13.074456546813334,59.43987980739975,28.318071628417638,True,uoCwWlwCUtZtRZ80
39.11001892283117,20.44338270842742,0.0,9.595589943332994,100.0,28.283189845456157,True,kxIlIqHXJM5fLQ40
42.11951616074525,51.957360437969676,0.0,17.70879648689447,0.0,28.281514430750164,True,JCvY3E97yfFzxRFk
34.61701805954194,24.727813128599898,0.020142721251426986,11.380019977996351,100.0,28.278090240962293,True,faKkl4iufUqvwE6L
41.810851470704876,35.49220548163717,0.012840887803875833,11.17399430952946,51.50012508158609,28.24498664376956,True,d9EJFpa42vRmLb2c
39.55761580729372,34.30094059496286,0.0,13.976965852419179,57.05679638821155,28.244744407612863,True,oTlS8jzwjCHkwsyp
41.683883175574174,25.692906016109085,0.0,13.663041712664025,72.37867335032787,28.215715048631914,True,DdeGnixORSYzyV3e
36.779338609826084,26.068459002227847,0.0,6.202045986607598,97.3425038547231,28.21547361696824,True,TLAeSfxO9PMTwRRO
39.955516348393644,55.18284718913853,0.0,15.78298837538985,0.0,28.1498149581112,True,6DHI4NkeqhIhcdDk
32.95950292588482,16.980593871495167,27.528191361939758,10.772779787135633,68.7550016744255,28.130054753540083,True,Ua8V8v0Du2jPKzzV
36.16834947036983,15.18931500589612,17.262792866301435,11.036373386981932,83.2515205065441,28.081000224546962,True,TLcJtwqHYjyiCE5n
45.497787301662555,17.504940591230636,0.10976425657656318,8.684003402536947,87.29380098134162,28.079504798136448,True,xAcjpX3hdUBtXcCX
27.708060575110554,4.975617491251365,78.27065596864091,18.884352386642767,0.0,28.043106597070604,True,ddLEG62Hkd9Gf2le
40.92038344927579,19.905597195039647,0.0,14.125588423589665,86.44651924930264,28.016004522011364,True,1BlKycOk8YTM2B8P
35.32967845017359,37.04542649925192,0.016965723487462617,13.601438435475595,60.90496742252604,27.994365812136493,True,VmrEALeZiP1Y6nF9
40.674647000573955,20.362498150938045,5.170826286749005,11.787853761043777,78.78792428665972,27.974154388079036,True,Zt4a1Tcn2VkEnbnW
34.134671414915026,58.55320578239139,5.464406758809888,13.12773963303464,0.0,27.940745166789526,True,r1dHVHXv3h85PPBo
41.57875619250537,15.894571907599477,5.3836988569813,11.490954716176542,86.90480121086347,27.938132934560564,True,dGNYoOwfTS34omVW
33.28763203638271,26.09688333759918,0.0,9.341834541401923,100.0,27.911785626524896,True,O1PfDkb8p9uELyw9
37.87194316679568,21.614453973745803,0.0,12.561554684476988,92.53446678270001,27.902876324416702,True,m7zsK1AE8qSxgSVt
48.74348729373603,44.43123968844887,0.0,14.441677793415371,0.0,27.89710777924533,True,AtCiuSrSoSKV3lsv
34.4288111667544,36.893271062007344,0.0,11.876011837858462,65.14896654308914,27.848259545515845,True,XB8v1iKQMbvT5oyZ
39.451895443730386,9.852331487794492,20.32656858513365,10.671064113138268,78.67609623403692,27.8322344624689,True,zYRwiTpMeJUJAQDz
59.06369549682981,32.35220617635299,0.7794921247187399,12.453127563336379,0.0,27.83102775258139,True,wfnyGrcus1gTyQvk
36.36532893445248,58.10776176387358,0.0,15.926774954152476,0.0,27.825555364427007,True,S3AJk4kwHIvQ8H87
33.407688235957124,32.93881835123099,0.0,10.590235560220787,79.42704544956513,27.788250937584515,True,aBHuNbYWZUjppdNY
34.86227512173582,27.871774725428708,0.0,11.770054361941266,85.88003237505805,27.78013760967492,True,to9WMYqr51WiJbSu
44.45291194443034,50.57371114586109,0.0,11.924859211584875,0.0,27.768030251532107,True,JDlXxmDfFicRhuop
52.29979583707205,39.03537954771352,0.0,15.422289883695415,0.0,27.762127120604305,True,pyseFPAu9SKib610
33.33957226169298,25.269305853142463,0.040901528540145,9.288744965039879,100.0,27.720690192257518,True,XA7nBLSQ2Gv5YeyD
35.44650580979481,21.766272399114946,0.0,10.845929402600573,100.0,27.702409253107263,True,c4scbsTAq2wqNDyH
41.348609256492054,51.91744237028043,0.0,15.36797454931071,0.0,27.68913955191433,True,yPkbfC06jLZ9uUhR
35.09809843668663,20.97762711981545,0.0,12.713560418719357,100.0,27.680870373767753,True,wWv8kWjsUWkScxMY
36.20384334761003,39.60841584637989,0.0,13.408908192855877,48.72874558287984,27.647467753094347,True,hYoADSs2yfBgB0au
28.99104810519997,21.023456464004525,42.729784801076875,5.179929323391738,43.5418500673094,27.630309913016198,True,iDXxVd22E1AZ3NEW
36.336849735249025,35.82794120922472,0.0,13.193157137825782,57.7426673824575,27.611280531800503,True,GNRUSgrv2q7IfZeJ
33.17418327971788,24.04361294775304,0.0,10.829141136331987,100.0,27.58752939130342,True,89P7zcSPms2WZGNF
35.12677276869064,56.85967953295619,0.0,18.665611462845717,0.0,27.5527934332731,True,IUM1u6t3dwIsQEqp
21.226619741529294,22.18358358777595,43.51671195967761,4.5171737777012435,62.53816666530564,27.54861694452405,True,5HguAFu2sh0nYvrO
51.07956488594318,40.15337206391035,0.0,14.517763429595977,0.0,27.539876996199936,True,dPod4u6iqggrWkcU
36.02761250513392,20.807682003127525,0.0,10.007456321837918,100.0,27.511322700597745,True,WzsPgzrwcHyj4UT7
36.081697566473906,55.65853683047645,0.0,18.417037391080555,0.0,27.50169908622337,True,kQq367x1H50H34pB
35.33980684683092,28.241250773291114,0.0,12.356910179537785,79.69871631910758,27.485662906213477,True,cV7NRWoBFjWP8v5c
49.489489969208535,43.29748085870579,0.0,12.024800143863722,0.0,27.474937227018565,True,1eV8c36Mus9MyJAg
46.2156743722466,45.260042056639755,0.0,15.231253309437498,0.0,27.46440082224954,True,Sr3AHbfZSXmh035r
46.77079859240244,21.016076228372768,0.0,11.629791501584785,64.29048145707438,27.45877550575908,True,18fCCrK19SfhXEBC
51.04049087704166,39.213752726573304,0.0,15.52982401637397,0.0,27.445059047211917,True,nZEsC0lF0KoLlOjR
27.12480038895231,0.17616011682443034,69.84942976649013,10.368417988747616,37.18731558895659,27.425360356397626,True,80WGNlTG5Mh5tRn0
41.21369597611863,50.8979535266521,0.0,15.510475749508046,0.0,27.415168536924824,True,NgU23cGHw1osJ6Ip
34.164085369931826,25.26214201940718,0.0,11.024085579698202,91.56785849947076,27.37515980273315,True,ehwrX4Q5pKEI6gxF
31.408158681286963,48.442216984020476,0.0,13.582597743943733,37.90791472802953,27.361182984785724,True,zVt078wWbVRvIhPa
32.201598527560684,44.610891623678874,0.0,13.005398390132623,45.39773771340738,27.303785994048553,True,ZlB14AiurFXG5dRc
40.263121095119594,10.12107492621152,20.56204954272909,11.676102512934385,67.97128401312997,27.27015874688773,True,kNHxbkpQQbwO7Vb1
37.347529019141014,18.02622155638648,0.0,10.367702642281609,100.0,27.265969491181163,True,qWTcMzVv7Wi7RA0e
36.21718532273238,57.14542996759081,0.0,14.050477467724473,0.0,27.259084708876085,True,JbFpBA7V5XTOtK9F
49.499856911863056,41.31269033538322,0.0,13.847976189173515,0.0,27.255326085780748,True,yYRvosFyWsfqsYjU
43.25347449369728,46.88595268467538,0.0,17.007203054094937,0.0,27.248610977392268,True,t6eMEwn0Ed8Rd2Bp
37.93256548234383,25.91936695289141,0.0,6.341268240826113,84.3605954253172,27.24686116158164,True,pRIf9rapdPFuu82M
37.59090833745665,17.361108648772973,0.024954061840702344,10.791020717350834,100.0,27.241193583401003,True,t0UrASljcgzvBAnO
35.371839008304654,9.292289921851369,25.676618379334826,10.491466385112588,75.5895220727614,27.202620023864228,True,Jz4fqVSNJsjxc2DN
42.05202902570101,50.300617089307366,0.0,13.258709332886568,0.0,27.17956937997013,True,SrgUdoOFiGWedj6W
34.465467800343674,21.94498598110422,0.0,8.971790786945697,100.0,27.171655453421014,True,EHBoK6f9thISpuLc
30.857451639430806,47.93146019080599,0.0,12.240054225263385,40.72812306572244,27.148920979892495,True,0JyWVVHSH9E8N9kr
33.9014845314405,37.45864793752667,0.0,14.250427395168488,54.311456554647506,27.103817108553844,True,teBDKuOQkPclDMX6
36.917223917303566,31.092490534326075,0.0,12.600023090709838,63.62871837719385,27.10116511009845,True,djN5Xq04IWatSBGH
32.40806812716918,24.846292398459596,0.0,11.25428397522499,94.72098040429054,27.09423417447846,True,guOhV0tt0GEBkg77
37.04940100488437,21.57997902909151,0.0,12.461455828637165,87.15013072632433,27.0940465056662,True,jmVKhLTfIqzv7x3d
43.53850895905014,4.788977422813534,23.057980805487222,9.790084170979645,67.49644890013752,27.088550720176567,True,KJEYpxTGFlD9kNM4
34.91901254341664,35.563144241986805,0.0,7.155316329400701,66.1835343824016,27.05814071117196,True,92Yvo835PZ6a3XKx
38.435034954460406,49.02528887409065,0.0,21.780362959516054,0.0,27.053887148788192,True,B58v1KtVMfQW2IAI
38.524876621696414,8.362339933757115,21.28068132434583,12.05667184531115,73.39720208414124,27.052405220028167,True,XVYxdHAl2IA6Iuys
39.324109602137796,21.40818528453847,0.0,11.731053311943871,80.84515347554643,26.993452546122178,True,3XThBktVRQzNUIHU
38.12787237458491,16.979688195779076,10.787086446104588,10.177078997506504,76.19653284463946,26.98691618463108,True,9XuqchsLQ2RpJR82
37.120187710405894,21.774514424733745,5.175594176067609,12.759006157356813,74.57545605558808,26.986200283681057,True,Ym52Rv7MP6B1iCHp
34.25433048516173,33.18855316389669,0.0,15.239680552277989,61.15316993718149,26.97470651308254,True,qoL3WcLueOM1vz4z
32.654960718129814,23.253512892782158,0.0,8.980098412178668,100.0,26.956881200461282,True,Ym4TxN8Eu760LQIb
38.67712009386918,27.756861118215575,0.0,9.452503701555417,69.89288651578167,26.949515514526126,True,CKB6GJz8mOQfk59Y
44.9582159995593,47.247972910221186,0.0,10.99180061495388,0.0,26.94822811966617,True,Upl3lRzFMeWhe0FG
42.66612507671827,47.877237304441536,0.0,14.438115716594993,0.0,26.934864206615114,True,yDOQHhRfQZ0bIZ87
35.3582431328071,31.611313928953166,0.0,11.54443969705418,66.91378932743044,26.93334630938159,True,ujp0Labqe9xkt3j4
45.91261008889383,38.71397328324779,0.0,23.184451718494273,0.0,26.929944105254236,True,DhleKLK9m2SP3MYf
36.269922445106054,38.164466230233984,0.0,13.237623722628468,45.1240050978037,26.920137359264952,True,Z6EiolVSRmaaEaJA
41.77193408218117,42.91295377827572,8.19425107321035,13.452452855513053,0.0,26.916536812192305,True,JHBUYcVNBRLiuX8o
46.36851355780753,44.33085569365746,0.0,12.672111623223207,0.0,26.894084734240106,True,IW54w3ffLLc6zuWz
33.302087650847525,21.411460186927762,0.0,10.331657311423557,100.0,26.893239938699733,True,TkXLDVTuKfT2r61t
36.891039085199,36.061699817148934,0.0,14.012302302705892,47.009774041286576,26.885559429381473,True,IuQEgdM6nmIWxnca
34.05203586425083,40.98221017602346,0.0,14.488735178985175,42.38009255636432,26.872482835765318,True,aqTw9otCG3kCDQiu
49.561588084350326,39.99981626428546,0.0,13.256328553726323,0.0,26.85687977443541,True,JxHf6h08dgsycimX
39.25680569284606,31.119136108892157,0.0,13.764629103411059,52.132029229310525,26.83472302351957,True,NLRY0aR98J4GWWH7
34.00771979704415,21.327264699541708,0.0,10.036805798805528,97.08374552556343,26.748027536375844,True,Zf2tTj1d1jJzgi0j
40.77159262311152,48.90125314139641,0.0,15.267787315436873,0.0,26.74695916959809,True,G1cw9x5B7stZeLKV
37.078291957699136,33.324151648836654,0.0,12.411724513897425,54.16612361091824,26.732896537695343,True,2KW2WCEcogSZEaxB
45.99477273210105,41.97396498827352,0.0,16.16438272658555,0.0,26.716580475686527,True,Uj98PNlgc0gFiF5r
34.81331086385127,32.164198975119085,0.0,9.531257664488832,67.94739149442013,26.709470802050486,True,HIj2uiUAP18MK9dT
33.84499723820132,26.830800657787137,0.0,11.827732789866266,80.58174328182947,26.69353358257007,True,APmOaxyMvP9PWA6l
36.56187192225386,24.205608996447893,0.0,11.197010493918748,79.89886748446503,26.68940214832245,True,9GpGG5k6a6TeuhrL
27.898957824326963,50.223965477684445,0.0,14.021895916674046,35.8965565248027,26.618618756700574,True,e75E38DWZci4jQnJ
34.71850122269231,17.427745582770395,0.0,12.293792398428856,100.0,26.61655562226462,True,zVa0H7MAcfby85B3
37.74660629738214,32.92933959127154,0.0,14.065550290815567,49.38940982767521,26.605090313422387,True,u6FvtEn5IGXaIslF
33.504391478350946,29.41090034234381,17.284455329156806,6.404878919111803,47.535421900592446,26.575207622848612,True,rArRxucDRj5HpgWa
37.23340581906914,52.5705398104835,0.0,14.601747713272355,0.0,26.502918855332474,True,k1X72nCGxSWCDgR4
35.17594404685281,32.21226432601902,0.0,11.955423682272839,61.01603572559424,26.50076642046095,True,unP6NNH4FxWPKZhx
51.407935500350476,35.593259320203984,0.0,14.50164706748376,0.0,26.495942540278705,True,Um15UG3VeAFtTUiS
36.29572529379966,24.837968792955387,0.0,11.211703297851113,77.15891701933344,26.495856982989757,True,CjuUcIPtu0UVlt7b
46.83139215193286,39.08789164775952,0.0,17.8030684618212,0.0,26.49185082679292,True,8nyC2jUQfe1uyCWU
33.34348094223204,25.19693704999979,0.0,12.451821366958292,83.15215312447972,26.485267062661272,True,VSh0HB1QVB9D2KOd
32.84404798766436,20.559417623760137,0.0,9.936852904838627,100.0,26.483596737965136,True,tHwnSdDqHD8JeZmq
40.77725350782548,21.613327083304913,0.03868715151339301,11.492684018662562,70.9975539883055,26.467903255106485,True,uxKzFbF0hBWN1qqJ
40.99668006670538,27.87199532586435,0.0,9.93871994924449,56.91182573031949,26.448993416896325,True,xVD4mUiLPEEtfWdv
41.20335155928351,48.391760390693136,0.0,13.102397236198568,0.0,26.42430515088812,True,W7hYYAfRyLnR9AZl
38.527956217536726,28.641857800359883,0.0,8.192692680247259,64.46343561246863,26.39409877863494,True,UmfAca6qWdl6EkJ7
33.4349645151365,17.03983252158978,10.134345945665967,10.32405441242243,85.14821790707182,26.380746626642136,True,rat7Ymfb6NaDEgQJ
36.98444093654125,16.79342920859427,0.25741685958404226,10.814116240712998,94.07783979260168,26.37507437039487,True,4sk17nCkqBBC3yV2
39.9845832521808,49.67421472733189,0.0,12.923782361193235,0.0,26.352496011666197,True,Xeym5MC4Oxbx4C0V
39.65530436111992,10.728918188450322,0.0,11.808492700074174,100.0,26.35009476045968,True,wCJDmEY8Ifv4Ah14
33.56638767064704,19.187052474586427,0.0,9.678643905653011,100.0,26.31847600568867,True,u2GmKpt49cHoxrO0
52.48317421165986,9.09032239677425,32.64767751068305,11.691587242287074,0.0,26.300806451171194,True,LnTGAfzOVfS7HQEZ
46.5947397140988,39.20778035472286,0.0,16.72003249864589,0.0,26.288371877707235,True,B4oK8r9BHsxGnTgZ
34.036192713447306,26.885475838518644,0.0,6.906191801513407,83.0597826949508,26.274133813385944,True,N4IuDZuixyOnFq86
35.59643482432917,27.35182590417397,0.0,13.086367720218936,67.6054701462918,26.240389096004265,True,XtLO9GWKpMCxNwvp
36.34472570139806,15.003157907091559,0.0,10.572362359889878,100.0,26.24006154117579,True,wVI1b4FQlb1dJOQb
33.6206598118162,18.138277515921875,0.0,10.763668413011908,100.0,26.235317584477116,True,C3zJah0kAMBkv9c2
40.73274689937796,14.406361892465952,0.0027971949728811947,10.791555039933874,87.93639654477111,26.234346892391642,True,cXcUcqwnL68TJbrS
33.04422280902079,15.90697167863463,5.355951126499072,8.460094138572412,100.0,26.23021410845057,True,DzEdkxt9ygAGq6sr
37.53525928636397,52.01153007957866,0.0,13.04206617785298,0.0,26.2197702324818,True,gxa2gi146XRXUo6v
34.82054788814432,16.862265096931324,0.0,10.360206795789157,100.0,26.2157616600445,True,71uVMT3MrDuQESBn
32.92083519504193,18.84231869977679,0.0,11.025690090666815,99.69134396732204,26.209818143789004,True,JSksWWLlka0YlG9Q
31.038489858768347,36.78152687508141,0.0,15.105156617339762,54.268377828715096,26.19953995187333,True,URoWXipJITCRADy2
39.61986030512747,14.656880638415542,5.0736581203960895,10.613656837771385,80.274182452307,26.184376646117755,True,QPaLbzTPwX096gN2
38.09699123483213,23.852895788076054,5.281318124075343,13.12668703883432,57.26001382505174,26.143589380614046,True,R1uViiAitMYfviRH
38.03241647046889,31.729036022027987,0.0,10.740503995609973,51.715366279934045,26.124596173982564,True,9mx4CCCsfQtLcxEf
33.801790330370295,17.188306638790575,0.0,11.137479336548743,100.0,26.10823565929104,True,isjAKVuE4uo1SIve
50.67620856305788,33.44819550923535,0.0,16.945909523920164,0.0,26.106797874814223,True,BZsYTf8BnHivfgE2
37.816198637225924,50.72801041739911,0.0,13.81159860660452,0.0,26.098601986508232,True,xqsfLVcWYqmFD3ck
33.997832537209376,22.680977028472675,0.0,10.703350939876767,85.99092243310889,26.07418890257339,True,HQ0PKoKTo53SPwcr
50.22813921683132,35.62753085405472,0.0,13.91279946252417,0.0,26.0622443979417,True,PfRV9WDohymoisPo
30.851612371162933,36.86044347317896,0.0,10.300484230134256,60.44911168605466,26.060578382769226,True,H7hBCkmIzBvQAc7z
39.67303608519022,7.1963435797667445,20.568602318727233,8.061811288295399,70.2223965947679,26.0462285369653,True,puiTYVFR8BZlYZwv
36.83201466397302,30.766433239671418,0.0,9.109986626518875,59.10219689081594,26.017930392169184,True,Go5yxAEaDOgLOSaw
31.872025265014013,41.10127409541905,0.0,13.873754906598531,40.9652954968588,26.014518889034626,True,ST1nH2w8W5BhBlSD
32.66564324972853,20.40710329490036,0.0,10.575048277969962,95.20360273524571,26.008086313863714,True,6I0TMTkE9dURrDlm
33.631048255401396,8.420438988529693,15.60171911779471,9.850332022019746,92.03161983546084,25.99547983416083,True,hQHVQyXkT7SG6OyL
45.660947448401124,40.33955214414885,0.0,14.740735228456616,0.0,25.994282554826043,True,CkVloXN4ZVhEWyeN
35.38981603318741,21.270155075892447,0.0,10.09388700137837,85.36285712046521,25.98485234118261,True,xYEOjcHbjs8hbYsf
37.95794296309,50.271225735824736,0.0,13.484808220391532,0.0,25.97791055594191,True,sbRLoaNNWNIBGMfM
35.32067924321037,22.672956467152005,0.0,10.027028711042972,81.95003598813744,25.963500795221304,True,x017XxFquIzhGVaS
40.77513043123558,25.055170098560577,0.024538295489421796,15.709506766799656,51.043519744865854,25.962017302615237,True,bvNtQfVwBFheDCun
34.78855113908225,15.449609600959782,0.0,11.028109359698735,100.0,25.95318414591943,True,JU7lRwk3jKkus24Z
31.104569437005424,30.500532207925062,0.0,12.439338375447303,71.2175363825348,25.944158277653468,True,tOjgQGfuqqXFJGLn
41.618020107722884,45.154054228103625,0.0,14.431980272223967,0.0,25.938716630176366,True,rXvkVgkwT397JBcB
42.33950706531973,44.62887067395264,0.0,13.84547956876495,0.0,25.93589172339882,True,0yzdjCgzJLlDH5OJ
34.77560757981409,32.92413244635397,0.0,12.130139242069662,54.290277190480836,25.91226399089125,True,oXxLTGasmnphZWxR
32.81516783535708,18.19429910446737,0.0,9.980969710754767,100.0,25.89027058333718,True,WoNq6jFJK4f3TOeN
48.387007818944745,36.25409575619955,0.0,15.355092843867698,0.0,25.882890211313462,True,KuxK31gOkAHfocFH
36.69052453883466,34.63846181813325,0.0,11.272654553690483,45.251381160973295,25.882809115334613,True,X45z2YGR6He46kFL
33.14099037688057,28.148054962281403,0.0028959821144144615,12.153517001267453,70.71875191220614,25.87479279146814,True,0mMw0RdPTZdCGBCC
48.05078418224564,19.7767874634879,0.0,13.899958907089736,44.298537168794226,25.87427967348855,True,JUgQhXGbQJZlKPVo
35.13648092860376,36.255090856026065,0.022306572759652164,14.664946316131955,40.592383253022035,25.86815857986157,True,3n99KD4mXt1xgmRQ
45.38684747299805,40.650961343663425,0.0,13.915393703668853,0.0,25.866103633365597,True,Pu2f8rpvIUc1r1Ef
33.1178762750009,22.1528098872733,0.0,11.160519884195788,86.86541486599128,25.83418482354709,True,FrXIHB1GMLzM3aHX
45.168719570394586,40.658891761503654,0.0,14.103967168262654,0.0,25.83093388673369,True,eTzOlLZJQ8FcZkvj
46.248228327456665,40.71530225878051,0.0,11.721542959665094,0.0,25.81152550688189,True,540y3NCvDv2YxqzY
50.82670756244478,3.1412035032810994,35.01824669532074,18.479803235266296,0.0,25.8089329689078,True,Cqslcuqd79Ox5f56
35.65901576596327,32.51962567934045,0.0,13.749824185187524,49.10745285091735,25.800830062493954,True,AudVzGHOUGxDTBXc
33.04652145240267,17.85931400781839,0.0,10.649927818764786,98.2053633243742,25.796810442927537,True,aks7LkPFI7Yvk2ms
37.409763296582504,24.16339103782644,0.0,13.195882316193137,65.36547529445204,25.779706625305536,True,GGwWCJCH6lY4H82a
43.87830188365324,43.33268148140857,0.0,11.623425858772334,0.0,25.740174814263966,True,dAzOx3yB1d21xbwN
43.49222569200527,41.549979394345904,0.0,15.289637629282113,0.0,25.728608200580375,True,frwEdBu7SI5SBXGB
32.914944435637466,16.926364247839754,0.0,10.520421685277748,100.0,25.68413764544284,True,NEPwl39BHzA7xdIn
34.83649437408508,13.794303679103837,5.1148414505358595,10.343911201459392,91.9265531859035,25.666734520917913,True,XEhx6eusUFtBNhhD
38.97073239584861,27.88502994305784,0.0,12.371042401220514,51.370298814843736,25.655163446186492,True,1VhSU5dvy8Tov9PH
34.43524662961444,16.692511572689373,0.0,7.646998114708752,100.0,25.65075159926299,True,LMj3szBiuCBdf9mH
47.63793692612104,36.66902150421439,0.0,14.61355257768155,0.0,25.65066934054214,True,5hPYf7Fz46fDbygn
42.22280082789939,44.83200081195917,0.0,11.761960018988342,0.0,25.639134454207863,True,NrkJehwID4U6zvcK
36.31637272723243,30.085146590272984,0.0,9.387959827657113,58.01087516484748,25.62547995637129,True,4qF3zwG4TSmNQXT2
40.679208831975316,19.52901589614393,0.0,13.841041583947364,64.59304291391925,25.621477152612606,True,9kN8xcJzIF4Zrsfi
32.682621221333775,20.597772890018913,0.08658881710907342,9.78428333899438,91.68078240615358,25.607268093791188,True,tXRZz0pfWEXEeHzl
42.284471074510094,43.73457087208966,0.0,13.171985506885889,0.0,25.59478186640833,True,4OmnsTRPo7WTOc9W
36.78292647248784,20.110050932875453,0.0,12.409931595946786,76.39641074675589,25.563521489032823,True,4v8ljMY0nliKDQRl
37.034202137860966,31.33408337699361,0.0,14.296748370373194,44.7455200406512,25.562845745227794,True,QmMjkMOxcfTRQ87t
49.460552630705784,33.256505942914984,0.0,15.98957630296213,0.0,25.550728720384797,True,UZcwP3NEABicHt0a
36.78037620255186,10.198674145093348,0.0,13.076224081445918,100.0,25.545215009255784,True,9ae8JUPDyXS3Mk1C
36.72565861152721,46.50018859756956,0.0,19.301654658688484,0.0,25.537992931653825,True,olYXw9BVl7tRJIV2
42.81394703642932,39.45170398985577,0.0,18.841921519340875,0.0,25.53339833629387,True,H9erbIk6Il8sW1zt
28.942085594066224,43.30163537917214,0.0,13.818121451992827,39.501055364408,25.530858277252626,True,np9xlohQDOusGCF8
45.13570452865429,37.393604060668785,0.0,17.603012587808212,0.0,25.529564261934713,True,BUtsMqdXwRZIevgM
41.070913794544325,0.46303432033207187,36.30739805044176,10.533312403562775,42.47412590484749,25.525921779553833,True,FaZXVwKpNADcg50S
49.84584815584011,33.83572469662728,0.0,14.058659178461062,0.0,25.521484497678014,True,AHUUMoprxadqgNxf
41.462833450030786,16.06529524056009,0.07867885774862518,11.920255033671614,72.22555556557708,25.481503428307434,True,yjk5KweW1gOaGtHB
35.37017925151844,26.778614106506605,0.0,8.14758378308237,69.4769853411582,25.475543403660357,True,ThfnPfGddjfVrMHd
36.27371673133781,12.070934300168705,0.003217116777049518,10.49304456656213,100.0,25.47444870278325,True,wvyfJmj08BUj1fnI
36.63197699283813,16.603358485281273,0.15856758089602063,11.673270458010956,85.39834985610797,25.462971789663406,True,dG5rP4H7lSaCkEej
34.68184771418231,2.976403934580305,25.940645879934763,11.89164559982699,73.35384465500911,25.455915779361685,True,Yq54XCcVRGgagrHS
36.51892855831264,15.006426142578496,0.0,10.647832664833043,91.29336077353719,25.433796080217093,True,VU5NsNdRsYsqDrlD
42.64206197155583,41.3390520071389,0.0,15.248892134152483,0.0,25.41471541337435,True,hTfSt1GltO42f1Vt
34.54264342318171,13.478542381459095,0.02282066206269612,10.85906274980016,100.0,25.36585216720185,True,uxnp0dINUWimSpmP
29.702419734534438,22.708214685705546,0.0,11.200519080649604,90.94296711721955,25.362154165606114,True,B3LF272aHYwAW2Cu
37.630802011323176,18.55519089601202,0.0,12.15778505308739,75.72478170478354,25.324184255841423,True,bTAWmN4PRvOeTpAJ
38.54216719696386,43.119498704517554,0.0,19.85923939885698,0.0,25.321410745047096,True,TaMBRpw36g11RuNe
36.49065826936937,20.815187408943196,5.095936797210568,13.051608160327064,61.929154463086036,25.320838362846388,True,68CNOhib0Ck65VUc
35.34885131784744,19.61031330726446,0.0,10.986824766247803,81.63799455753414,25.319056892860935,True,Df05Zk1Auy9wy26S
38.120175501954776,29.331965833236204,0.0,6.726478627444394,55.19692011282209,25.297707914294353,True,crVxevBLM61nnZXj
46.67582499146481,16.48949753630655,19.40849342770475,21.88931365105151,0.0,25.290217614714756,True,gT7S2CnDnp1MEZOQ
34.25895489119959,19.215169037416793,0.0028306191469872587,10.149476872020527,86.76642724533951,25.281109105880503,True,uaHqGukJsA7FCdoY
34.223452207562616,27.41014938154242,0.0,13.15798289767921,61.752251054681125,25.268495547774382,True,nvIX2ptLkT4ymJLX
38.04282331855924,26.862322521285698,0.0,13.458944250970912,51.100985673515225,25.257367830886352,True,q5OgYhVQd5W3xwVA
32.66548035406518,16.057836462468472,0.0,9.59557708316308,100.0,25.253439784311134,True,j8DBSkipAIpfZlEv
33.73117420512025,16.255766804462144,5.107503470048717,10.850722843274884,84.07724867057507,25.240127950210095,True,A9iQeJvm6P9Q3eTg
35.34665750546115,23.72239157923189,0.0,12.1541650006664,68.7842753794701,25.23614743449329,True,AEIelHGQpCNOoMPI
36.209783936712796,12.352811290885935,0.0,11.738417699179669,94.92626948549632,25.204527607161907,True,QXsgKYaACO5YQ3eb
32.568656884948034,28.155034080552948,0.0,13.576796587516956,63.56825076478705,25.202700150228896,True,X3OwvQCMDOZbUDMY
32.94478754962279,19.97253212147353,10.164533980959101,11.80837760320695,64.86414198990443,25.167146930918523,True,PC5P9rdb2TxNFxXH
32.91619105153633,29.872699852664955,0.0,13.433774029562596,57.923180026595674,25.150416385721094,True,HthoIQphlDBcFIXp
33.783921568900055,25.448914202253107,0.0,10.155184008994425,71.25175797882704,25.14585842046516,True,zWgUa9oCUAnWkLsa
35.679114666694346,8.206043430429999,13.305090124397054,10.34294914686178,81.7346723290555,25.14117288743003,True,vxS3klyteViqy95x
49.53127230721488,32.65714335001235,0.0,14.106434658506126,0.0,25.139632728443466,True,0OtMTL8BLzyUdITY
30.608196015013295,16.49841786051894,0.0,12.171454364645559,100.0,25.132781424330556,True,OfuQgiRM8vrxWZJM
38.181518599494744,23.185938704700355,0.0,11.820735924874528,61.06348263049974,25.130398907804665,True,0rk1s1XuWmTjbBur
31.638895237214793,16.2598905228405,0.0,11.35986963928598,98.64738367544936,25.125360015312395,True,gXzGIuLlzzoEOUba
33.87380270153084,29.491669391328827,0.0,13.080710735479865,56.02319473456896,25.099484242070332,True,V2I3IbflQXkvWzZi
35.5097399848529,31.85209441905439,0.0,13.46505493985594,44.63581405498936,25.099285246696795,True,5O0IFPPrNuwMfdNj
34.75520748668541,17.35704070281723,0.0,14.1058732331246,82.00727107801106,25.082430514479725,True,qtU33cLzD1yjt6jJ
35.04930753651573,16.63194716948373,0.0,10.216362710284614,88.57330387239634,25.062563847107974,True,FFKBizRmG6YLy41w
31.556610569006384,23.499345583248825,0.0,11.026243779070219,80.60519200152964,25.056275333527623,True,spu7CIVYP6r2uNbV
35.016346680670665,30.342034617007158,0.0,11.353732330148503,52.57131721295427,25.050604229270693,True,wof8rRYnr5llcF0c
36.08981013124254,30.15777470255768,0.0,11.599803027744947,49.429196969919616,25.049276866165886,True,RjevXoIyhg9vhhf6
30.97718342182726,22.82766573405881,0.0,9.805400654624803,85.69360272948202,25.040241831204803,True,slSDkKUM6bSsnGJO
28.258616579913593,3.0082468948153016,59.173723026495495,26.501811308867538,0.0,25.039662999307133,True,TtNZPHaQ0Jt7Qg84
39.214345828061056,20.438616698059594,0.315307001353513,12.626711295651553,61.808040297693935,25.011830047321045,True,78ZIDnWZB1mfqKmS
40.126589105499995,21.092608068722498,0.0,13.077959847395084,57.27018033168544,24.99984075910843,True,YLsuD6VqcvWhMQOK
31.7060915091916,23.310465676833907,0.0,11.954595686948712,78.27465772865236,24.960098997873498,True,xfH9BNTuAZfoQtrd
35.19901201008976,45.13823480412867,0.0,20.75107598955761,0.0,24.956923702492734,True,eEvPnphCdiQ2w5np
38.969204070537536,17.251487858577235,0.0,13.16432053464524,69.75309953360477,24.95359121936283,True,gNSav5n4F15yMnkU
39.8899206906346,20.352349507599218,0.0,12.789740528279177,59.76881268343635,24.950405931675697,True,QcbHemnW2Vt0VLbj
32.49481234052655,23.878349718615482,0.0,10.17494174818241,76.88491062734835,24.932763456774033,True,5yWeBTAjKz4Z9wI3
42.28658338066351,39.65483993719964,0.0,15.553559522927625,0.0,24.932718926938104,True,RMdJncAONlxdSTLW
37.795410751954044,16.810057387505346,0.0,11.235295464825343,77.01870717677322,24.928302609863675,True,mX81tbPnKN0EJnID
36.3337944571278,26.87075606594326,0.0,13.431758848731953,52.865265438912544,24.919117724825206,True,9NeEfZ4Zydpm1VZR
36.24338367861659,32.42943332127103,0.0,11.301303428147733,42.41780265038208,24.917349213163103,True,VE514TqfK57aRAzM
37.822953140972885,25.295882732947263,0.0,13.73672992350742,51.80233828156882,24.911599942211673,True,3xcJOXyKiQ1iD283
34.89484888324402,26.682325450162214,0.0,14.024707895748383,56.628639652657796,24.9056061771418,True,y6DBNH5E1ec1hsNt
47.35824915614103,33.36074219409233,0.0,15.569868114533081,0.0,24.883140512545353,True,QlEWkrsPNxlcCyKL
39.30792325966347,43.318032793369866,0.0,14.9493562011374,0.0,24.864288606412117,True,trQe5eMPRmws6XCS
38.0830078479967,13.310933872492587,0.0,12.686545125781056,81.9704221999763,24.852659811386943,True,0lw9A7sXGwIB6tFB
36.659218986564824,27.46109689900937,0.0,14.52868870690077,48.08219686860162,24.85056291361707,True,4DsnLbOz0q6IqEFm
39.375350334478135,18.06077418267515,0.0,10.360702229774725,69.6813500990807,24.850038990386505,True,CuCtPVsBSutTqIjh
33.0232605816169,19.165801316723975,0.0,11.556228754814901,84.12877941474127,24.844740758362427,True,gxLPauNi31vAGDat
39.69414783082515,40.503967837151755,0.0,18.586370839936606,0.0,24.822191934525975,True,3LT3xp7el36dcHXv
33.09213925806656,28.167265082253714,0.0,12.929591527693876,58.87686691218262,24.79658346835574,True,148GoWNoan9NWwpM
37.12281316252246,27.67615066197905,0.003977922529958729,14.233262142014427,45.83540815049634,24.77520733510929,True,HqOtrddjUF0qXGMq
32.828572478197096,14.728617756414504,0.0,12.331388167239265,93.94556502068454,24.774990909717097,True,wDZbfK5Fs3n9WQQu
38.24673437905964,22.508495914813004,0.0,12.597453425872775,57.80203418576856,24.770965724878916,True,2nuLYXydaa4eJQRj
34.922063683023744,31.65184501885089,0.0,12.358889934148635,44.87514210741453,24.730928060483592,True,2uXhwofies5eR2oT
33.10951730374755,19.604201887315554,0.0650819392284056,9.983682987818344,83.76564264914064,24.72103876388565,True,ju1xBfrrg7jQ9TWS
30.386300870026854,22.05484476917311,0.0,10.416974631799288,85.23333589480134,24.715481237551362,True,esXaLJlfkFclphJM
42.291620005306086,39.35489293976223,0.0,14.538881648358469,0.0,24.707041483786153,True,OpEIfYoh4P1NexgG
32.571104213298305,14.24820543054215,0.0,10.022249475347962,98.64415084515622,24.701135127442846,True,DbjyqbBiZYBayCsT
36.09858667835922,21.418081283917857,0.0,13.121157436142134,65.39542045507524,24.691811985416074,True,LSfpUIVE4THF3ahJ
29.952902934822653,16.657206082560865,10.11989963368412,11.089860170852699,78.02268629526927,24.63989998297867,True,pKSYxuDQ6f8sZlfY
45.90592727103921,34.142207176785035,0.0,15.487556453905189,0.0,24.6304634435938,True,VobrWstyKDIOLsjY
38.90798616736282,43.65293300151524,0.0,13.62385254473623,0.0,24.629206982298086,True,PU01tMPGFSrMTmSl
35.400186772043426,28.15031890465095,0.0,13.700082226353702,49.09937374986788,24.62258546671561,True,lD86mhBbp1wdjSt5
42.372881822162036,36.1347474559782,0.0,18.993455753076773,0.0,24.594569773604675,True,LacYGRQHLjuX6YI1
35.028059428297034,22.930931847229154,0.0,12.813101605049802,64.30010385375132,24.593126416429,True,OSD7Ybmxq6DBy70Z
47.15913146064181,31.5957443828605,0.0,16.91848068328294,0.0,24.584447636400107,True,2NVzNO5gbW69W48I
47.98509351465932,31.62954242793577,0.0,15.103747865836867,0.0,24.568475841257268,True,n4bMPSssn88eRkfY
34.14861669044895,25.719467157503654,0.0,11.83957417642052,61.17321048576598,24.567708971550275,True,9Yyul1VsgVuFoeQG
31.92722796556108,20.869473953056136,0.013197586726998492,9.378679511506835,83.61977831437393,24.566956153441176,True,gzmjFOb9mPrKhqg3
34.54496481276812,20.37822599400819,10.299674427782163,12.899638944853983,51.134367528416576,24.56636342245867,True,3NyZ0vCSVx2mWPFY
33.7577610461025,28.7920272086443,0.0,13.599110009015337,52.00308653456364,24.56551027080049,True,34eJBM0tG0tzRDsD
30.868440875835244,32.772337785953965,0.0,13.971767321309514,50.15432872604913,24.564814680040406,True,NvGXQiMqIApYZdMK
48.44451356618721,33.57006596807243,0.0,10.922584040116387,0.0,24.564258167891726,True,1jkqhkuWYaTn2HRn
45.74161164465484,13.077840616796808,12.505508152462092,8.132125612883458,38.452409763236915,24.55810509634428,True,FMYpONJZafXR4kk7
34.8152642188058,22.57883625186619,0.0,10.799465793281078,68.2373132264922,24.53293952024967,True,qpbdzpSeKg3c0B2K
34.71989607568572,18.17355875027497,0.0,11.511887324206612,78.39277416478538,24.525419025383986,True,8r58IpmqA5YuIy6S
43.88249675745608,13.306841680923363,0.07657411546548784,10.632708085027598,64.13570681543999,24.5152511648589,True,TBl3UE2gqnWxNmqh
38.56074352856626,20.576271238520782,0.02496954146450666,12.800233932053873,58.49543676276292,24.486863542577353,True,2Z8pnVcCXbyAAR5F
33.09057466854396,13.49168169170164,0.0,9.099560529590144,98.14695585168938,24.47972248809606,True,dCixtrvUjEJAedMv
46.57726420233157,33.91001533835632,0.0,13.437157450381322,0.0,24.466256712845748,True,1FnhRcitkyZsuMUZ
35.92802372888334,12.173631236712415,0.0,9.84383382144597,91.58015347481646,24.456405348541647,True,4MDlMv01Cuw4hjBn
31.59709482477381,15.268593461975625,0.0,12.205569571912754,93.23330661691425,24.450442910404387,True,ayQaqwTUhRNNdGf1
32.65317798831863,11.530881961621,0.0030251714431882887,11.545695601353824,100.0,24.41113326139255,True,KjptN4xirXuCdveu
45.38582064678641,36.152654856228516,0.0,11.602271231691955,0.0,24.39425059284684,True,CAx2gZonvl1KsMxE
31.824246191918306,16.253131997735572,0.0,9.383499266704163,93.59739324062167,24.37782107107718,True,dsgpzFDE9yFMxZLQ
34.480212350071454,14.74899131585709,5.199760641311327,10.27980942161709,77.5245504448471,24.365690119975245,True,XjuCV0kFpO8tT04A
36.04164311691252,17.902285728384637,0.0,12.879505855984789,71.42118947077537,24.362109192645168,True,uXYxL1xIkFDVdSAL
35.2174920169024,27.134245106616397,0.0,15.03599115963283,47.552564903530666,24.359464046022808,True,LJ1X9U8YCkrZOuJf
32.026837420650466,29.801321214230605,0.0,13.591727271505196,52.60837664445775,24.357978284924343,True,X3YabLNZL6GBB5R7
37.073059258767,14.832660598135543,0.0,13.005708517916224,75.40961876075995,24.321901080927415,True,KP4J42f1Mtae36Wr
33.434385492526964,21.600746976537014,0.0,12.356687023948398,70.2940274413925,24.313408189623853,True,aM59jb6dv2YVQzlz
46.42698245410838,30.961722163222372,0.0,17.564282730069504,0.0,24.303167686548534,True,snMtxO2mPr5MFnid
34.79566281879944,46.217575385025924,0.0,15.328401607799538,0.0,24.292352933066248,True,VFwAvCFLKZ2dyhG5
34.498880189373374,23.133195854145264,0.0,11.320547760567008,64.60826695434761,24.29187187986814,True,9n5GW4HdhgeZncPw
33.319303136909795,13.698689049688888,0.005140360396378901,5.79018949068492,100.0,24.290019699177172,True,msOTKPhl1nkhyQRa
38.23637853850589,17.962110672618394,0.010042177144004821,12.662028261637047,64.1991797801796,24.28267188239868,True,79hJ8wURdHId7IEu
37.31124968216416,27.9747357223172,0.0,5.788698241580597,52.01739280446746,24.257102851912386,True,bOI6uZuHCjnvFGsW
33.740107933382184,11.208865943774603,0.0,8.742902242398344,100.0,24.23568420231806,True,E12gV2pyWpvLfWQZ
34.67263313757715,23.38039297218983,0.0,8.558568385306947,66.81532297629015,24.21220573974566,True,ihy0YATKtHf6S2Od
32.91771831974808,31.371091921103947,0.0,14.584317423008645,43.04572849096139,24.210308938747847,True,TK1QseQdnBFuH8ay
32.44435659885174,15.937065597700997,0.0,11.739392198981832,86.98317953880826,24.176800162808874,True,P4chgRiCnIo2fQ8H
31.636319022818697,29.33090467034171,0.0,15.146344977391612,50.78060658911409,24.173634279951187,True,DRrNfG3VubxS4I49
37.414969794864696,25.035125177332436,0.0648273443103087,13.708963625743865,46.18543372712752,24.171125618228913,True,ySU4ONT9JONcITCz
26.839062185277697,36.836202608973736,0.0,14.271408665747618,47.68076208889823,24.16955681657871,True,0U9WVefldiEnb11P
46.074275919310246,32.13773647395447,0.0,15.26919060485007,0.0,24.1470954850092,True,KVb7Fh5if65kxFNZ
33.11899062371232,34.105517162548,0.0,12.516050440767277,37.70186401724795,24.109670445590584,True,JtHEKW0GOMAVmfKB
32.43368069376629,18.046965260402178,0.022649882719675073,10.890957110782715,82.05501152238014,24.08552021862979,True,BGlpNQVxVxqmSrqI
33.442360643076064,10.598766813114693,5.044391914012863,11.249016355866752,86.96914574669056,24.075545307053133,True,xhn3NVSh4HOrfGbw
31.973193329136272,10.93972324261578,0.0,11.614871997888624,100.0,24.069119609078122,True,xSiD5pSpPOOgOH1Z
33.50493092433319,15.459720344967533,0.0,12.948753536201103,82.06779672146683,24.06550206611869,True,CMmUgt3PtqPMrZYZ
33.9475763647918,31.84155033305127,0.0,14.42703171983171,37.40379337421994,24.04909458809711,True,bx3M3TnlqSeIoiRV
46.97068228965924,30.013898571315114,0.0,16.297064269732275,0.0,24.03923897018639,True,nKV1PcUwCTNIyy7i
31.57547353118015,11.978210162266725,0.0,10.47882667554498,100.0,24.039018601252472,True,maPDcMdzp57pydiF
32.266588386558425,21.633232579799312,0.0,10.118665072359729,74.20129159164102,24.026213580935416,True,Ju8y4IxbU9BWyr9G
37.01616537378213,24.47117642722167,0.0,13.175903086972326,48.05448855098431,24.004478037084333,True,XXVo8pxx2HGwD29j
37.370508991110114,10.686832198955605,0.0,10.1825618128089,85.82880159547108,23.993125178540378,True,vCJ6TAC76h8jyuZE
37.60469289652487,11.067792658325292,0.0,12.574067263158238,80.39750823930797,23.974216946943315,True,JDM5gqB6wLwgfPjb
39.77831714542452,39.0888760123757,0.0,15.070491471263335,0.0,23.96628786741078,True,toObHFUJa1SnCHl7
33.62685487773753,26.54741117330325,0.0,13.243736983218826,52.40940699363361,23.952410503493255,True,B91D6rYSd5HRKgkR
31.16602454777987,23.53680893528542,0.0,13.051442119663811,67.54961111625049,23.946687027729936,True,O1MRN1WeBLwo8w7W
42.60257230093361,35.38036050787364,0.0,15.442988438918581,0.0,23.94231008308628,True,JUEBOXkOya4l4nvB
28.629239361776502,18.777400156852035,0.0,11.058001122039157,89.976803856311,23.939502401682933,True,EC06U91KV2mZpop1
33.537405109980945,11.300176023277931,15.248663206154628,13.123431317209581,60.334202626437495,23.937933140269877,True,WzfnjLtbzp8xElqD
34.23803825674856,30.93480406792701,0.0,14.73907263524455,37.18116570585137,23.93408995987814,True,5qMbB4b2HPlFBhba
40.31214654606186,25.28410294659746,0.0,11.36032318762744,38.02637908167733,23.92135608677977,True,8uwnh2ScFmF5elja
34.354193937599554,10.032353227066016,5.1541660013278765,9.55962851269321,85.76160505052079,23.855284470268003,True,n0Wl8s2tHpqnY3G6
36.40450395167967,24.11832011498066,0.05484269823729116,10.797825898563598,52.64718954722382,23.846292593403447,True,VbZcY4RkcIKyFzVc
28.795336298211925,18.91735419881499,0.0,11.244148441253616,87.67200581337951,23.821762286693318,True,mwMsIlO63Yi6qxis
30.99601230866787,33.270979019200844,0.0,13.750602608779495,41.373167700441236,23.81645560876162,True,4wXSHorPPXrobi0L
39.09847548033972,19.24511111582664,0.0,12.337423156679746,53.99091333441305,23.790525230001844,True,7gsNzoZwubfLnxn5
38.72719047199826,19.37730796408961,0.0,11.714947523349908,55.66751832598954,23.78647809372332,True,Msau6OaqEiWAbNE3
36.324945200655876,42.51523363530079,0.0,15.052219471472164,0.0,23.784124889742785,True,WYYOoWYNXmpGmUmH
34.26994334888154,13.044039797074426,0.0,10.891727111842268,86.06716798390312,23.78246881909972,True,YIR8LOsatnLpXxhz
37.60473155961954,23.23333542341638,0.0,12.950095935867171,47.471190120706595,23.77938672619069,True,kGAO73ocDQVbDHfV
33.5995331556735,16.43434687748053,0.0,10.562632863244673,79.79976811455256,23.75281840701414,True,5JewYPldGL3Rwih2
35.541359662013654,10.159336717055497,0.0,10.3206062978049,90.00663958274504,23.75099698081321,True,8CcsjqeAUKQGhsj3
33.94679486482036,24.119219212387414,0.0,14.670619713275883,53.360729119768806,23.750509131511226,True,s2MsNg2IwhtVDwB8
41.42308426835586,3.398802288841149,43.21813102300907,12.16376986708802,0.0,23.74481753738206,True,cNVpvVWGlEVRh64F
32.110500080086766,19.52827061854126,5.52975078045468,10.295980476580995,65.43841956844128,23.709406863083558,True,zv90WTRrFyoZeBMf
48.39609951983854,29.53662358010184,0.0,11.983645300520376,0.0,23.70053254605508,True,3aNjJcp5oCZfqjRh
42.05990022691798,34.359119824668404,0.0,16.61679667792137,0.0,23.7002695259307,True,XPY28ckUybV2lHPt
32.94040291831149,8.296941786789544,0.0,12.96200980119215,97.89217536613594,23.689875328983252,True,xdQAW32IaMImGVne
32.254259379006456,13.661353466953669,0.0,3.755429353864802,100.0,23.654930583520077,True,uAH8MMShR5bJPPxI
32.0865738397041,17.2600193143587,0.006238022995847972,9.718975804160364,82.51315087372977,23.651386043097105,True,UBCsB4Nv6GYG3hLO
35.03964840118876,44.15312875913516,0.0,13.925375427276567,0.0,23.6389830242319,True,lZoOTKZwgbI3P92U
34.57280031711033,16.287689112193362,0.0,12.997354024785084,72.16873866592931,23.610239343492132,True,b6oqCngDugcQlL7x
32.509579473688184,25.835953967470743,0.0,11.584643771742302,56.31596101242339,23.581155000977823,True,oEmdHRDf7rWmLbmN
31.61244764173118,13.167395709737754,0.0,10.469513384600265,92.3280422977692,23.57881445742075,True,UjaMqlcCMp5EqhxP
30.358075387306773,33.77824168923738,0.0,14.621068255061259,38.32912235638744,23.57805551239931,True,U6l8avRSbQ01uEI9
45.03764052361625,30.836138622572527,0.0,15.649824032176973,0.0,23.56780041755455,True,Cq6Gl8Soa3X8cKTC
32.64227307789695,28.658439939385705,0.0,7.580707200521305,54.671361562121476,23.561534144505856,True,XcwLLZrZsSDO4XzL
33.01957051510713,15.343524305742324,0.0,12.925384132929949,78.78276884408189,23.558836735315403,True,Zm0oK05VdxM8yBRB
32.85306731766858,27.39910857944102,0.0,14.699776515376566,46.301426029991006,23.540806420466417,True,beFmgX7qgjEl9wLl
32.960512281480575,17.5095419511048,0.0,11.39143439535605,75.65254300282814,23.539508631806594,True,xZThV64P8tnr3s7j
32.549130568394425,47.299706474180184,0.0,12.96694096747187,0.0,23.534706934184154,True,fxvhF26uHWz5n576
32.99983446068527,11.158990174646254,0.0,11.880439266176639,90.34401686662113,23.506165458455754,True,7QUTqAN28hrkTGta
28.989038200061074,20.251723747639275,0.0,9.886966677927823,82.37571821058359,23.480259219675673,True,MwUzVCGmj8nKSPVY
33.05525058665757,16.25023305021145,0.0,9.903424147068566,80.06321258698114,23.470968319308533,True,OHnq7mr0KnApuBHd
27.4732178920027,17.154144470635337,10.256966651439013,8.768495397995459,75.68447055043748,23.465616180290517,True,Gk4aEhw7tJfJuhoo
36.083607389612695,28.009189688087268,0.0,14.440377526823656,34.65443137335358,23.458879405264533,True,PsbTrCQPwccc31tv
35.63594982357418,15.672393630796691,0.0,13.736729593007592,67.89062755801342,23.458455549523908,True,1bga6jWiiUhkSzJ1
31.291285100225963,17.491579939262508,0.014067251014965431,10.263057478364166,81.43199016320713,23.445751603161746,True,Kbh2SJ6piaxgfWke
35.99479320393264,21.552655392228132,0.0,14.521743193443928,50.61481544047764,23.426344832301183,True,ipLd6mFhuPx77Hza
32.63871880964517,9.09262179388998,0.0,9.07491233820709,100.0,23.426007942097108,True,bGXbA2Pne8UpLvNP
36.41604525935913,15.778788087836745,0.0,10.55948755195586,69.35313145293466,23.38874687785377,True,q7i5BfOXzAQArEeb
34.5224224973915,17.30107041100948,0.0,11.489632462971002,69.81137659819751,23.38657688123522,True,yAaXBC9ZwPhrhqHo
37.99386157765839,19.19349147627552,0.023122927029591796,13.176397579797223,51.966138347964794,23.37422939953838,True,kQKse0luKCNNV0Lc
35.49990270543047,19.15715098761904,0.0,12.142101482167174,61.10302472046821,23.3708762529058,True,TXxdUAseaneIteOP
49.539781896343634,24.418118193012933,0.0,16.01148600143575,0.0,23.368187017371685,True,XqV5OM8HpKeb9nla
35.96714992143628,41.29029931882225,0.0,14.911878718672998,0.0,23.349501613937395,True,XRiZ1QYwCM4upYwB
31.82871096813698,26.923042333796396,0.0,7.798437117856464,58.798726286555905,23.329012070224252,True,sC2ZI1VF9gxPvVom
39.90513133099655,37.89094972219754,0.0,12.564400909189306,0.0,23.328936966226745,True,XV6n8iWFQH9zzH2B
32.486412992286326,13.504655803904125,0.0,8.440785099068496,89.40459278039958,23.32866489156216,True,67aCyQIfCPacBIe5
30.436694778671804,14.946592957051974,0.0,11.053449634230024,87.97689576286722,23.32336369428576,True,ZBVJjAhegVsDy75k
45.574053652385146,30.815041549869104,0.0,12.899938106044978,0.0,23.310967199089564,True,BdpTOWKA3SebIrY8
32.412860719819406,18.36779558963086,0.0,12.719833442727124,70.8540887892631,23.309191008688913,True,09ZWIIhy3aQm4xZp
31.395424250927558,16.126260052202028,5.095039588904619,10.485913423475438,72.66552957542729,23.308640177173743,True,R65XbBlJVWGfuUSU
36.5356215348946,17.60455920910723,10.420331072704732,11.340986293299572,41.59332635789686,23.306373057070758,True,LAEuvXCLhZib1Mtv
32.230858751669,27.886302623524536,0.0,9.699843216479001,52.038772206302355,23.299686984483916,True,vbmmszaTEtLA2O9G
38.264308022014085,37.28871504875206,0.0,16.48638310893513,0.0,23.27442863513251,True,p8C0lWrzQrXuZzas
44.91699952124956,32.52808333821859,0.0,11.105300917505357,0.0,23.272915828555316,True,wh4zzfKbF4zqtr5M
36.93360753591657,12.401185161968284,9.232739091894022,12.571908984591854,53.41121023902643,23.25383374123727,True,fHfmC6iWjLVmHVat
34.615671070756925,16.83171491208222,0.0,8.476758210950091,73.84925133693294,23.24906891458344,True,K3LdBxXEseSALJqP
29.705562550764405,17.36542683126962,0.0,11.53041971038852,82.59349851253882,23.241938280858886,True,9hPjXosn6qrdT3DS
29.938177912415917,12.858668065088608,0.0,12.144974224098473,92.0080062004152,23.218667143653217,True,BvTl2Xitz2NzHZv8
30.33349676921707,10.908543484632121,0.0,9.153224081453052,100.0,23.200168514141108,True,FEDa5UEwbgmKPRNn
33.33068127184942,10.850258013595525,5.08751780149324,10.391016693315617,79.11731153054953,23.19965610230465,True,vekk8v80VJ1sADYL
32.775698712179384,14.103654594270338,0.0,10.70393983337336,82.32434798036316,23.196649035263718,True,h5xekNhh6ArWFPNl
34.60695979012404,26.502384347347103,0.0,14.966000104473881,39.183436231000584,23.170927662645127,True,jge53Fb3Yj0uq2tY
35.417824581381254,42.049186602827454,0.0,13.363496071829406,0.0,23.142168435895652,True,mTy0VKTmfc442vCf
33.509248591517654,16.03735814390885,0.0,10.401636263946132,75.0791007913002,23.130269632154448,True,VvrB5JPIFV9pTQdW
35.391256831257586,19.015894838946934,0.0,11.960897129403367,59.5971294888612,23.125198277410636,True,jJ2QpgzFini2ty1V
31.972449024616875,9.651742556189673,0.0,9.096186409257058,97.34702918201447,23.103801226022487,True,TYxkNBqpOuiigEmi
34.930040837365155,10.132889240074874,0.0,10.268760848333818,85.38403999069371,23.09095268754771,True,YT9l79SoiGWSa38W
38.10130669984145,37.20040954415954,0.0,15.732146114178647,0.0,23.090316313119118,True,Jr3DGXRYD9fIe2Nm
34.443212380595035,28.867713463496663,0.0,13.884875471003138,34.11497463697288,23.044120864400433,True,pw8jI2CHNFgxU5mw
33.915191328905195,25.38346650014366,0.0,13.611079977800074,44.65641325277967,23.027727345655453,True,4EivAd0syZD5GkPc
33.94528803800226,9.294113654356709,0.0,12.634842629054525,86.12478790112326,23.014820009460358,True,6BG8YK5KoncxnSFr
32.884390951576314,16.16489609902507,0.0,13.256286572829353,71.07625533480946,23.002609829634512,True,qQmJra9K87T1jXFC
34.75983917146468,22.536152522855097,0.0,12.604601361236796,50.4472283857487,22.997402924913565,True,EO27lyMGATma5YfS
31.808050532108524,9.985278331425128,0.0,9.145511063967707,95.83956957876582,22.994518359960576,True,Okd2gABmprXdhqS4
31.77436354289707,7.276064752758888,10.207499062042984,9.217210863167619,82.19031381288113,22.994438074230693,True,PuQrT7KQ0b429iKt
30.005036612304806,40.52163852760588,0.0,25.45772806262759,0.0,22.95057982498705,True,uTHBjqhuciF31rVx
35.820115759131895,3.0928727320595026,23.680538041193778,10.205346059498133,51.627725736424544,22.948935001560372,True,txyZ63mYz3ENGGRZ
32.80059028953448,9.837367282932636,0.0,13.201422176761524,86.506503918595,22.930382625967233,True,iFSqEaAMW62x9pZe
31.431954607527874,13.686091332521958,0.0,9.643666434853232,86.26799108027825,22.92445828864466,True,3vvacXumVuEY62OO
34.350434443060934,24.41974239827531,0.0,10.769163451406992,48.888143344184556,22.914254784616613,True,YCP9HgrBKwpLup0X
35.93558315108437,17.059310861518114,0.0,10.8166569300679,62.44850921779663,22.912852121994685,True,nkJAR26WhraTXiOs
33.08123935753288,23.77183042471362,0.0,15.576352455262526,47.049810445187944,22.908763326246444,True,marjZ0np0oSHHOWp
34.67342186386281,15.862281860661364,0.0,11.359190527234501,68.05581120729452,22.87705672413881,True,lX9s1LYu4gomLBB0
36.33355101187584,3.7069149354757642,16.541965231819812,10.281671045692509,61.884017994103075,22.865839540059838,True,p6OtVV5wymSp2nXI
34.019110678646086,15.44744862996091,0.055379333048232324,10.605512317926548,71.95502156552317,22.865000231935,True,DZmrW3qZ3vHPbQeN
36.530034858239105,17.084251175315035,0.008743742759088027,13.83727080290149,55.529418671327306,22.86035448742026,True,QuRVyODa5n6kCg8I
31.304763632767376,13.33384570024975,16.10436199885741,10.472105237530112,53.20201282153145,22.836779982446796,True,9mkgAzx0X5zK4gcV
31.840292728035966,12.441084931964,0.0,9.916237137096033,86.84423009823124,22.83421763178932,True,yxCgB1YGLTBPifmj
35.48618575810869,13.601752606652006,0.0,12.076136939386748,69.76298828988229,22.834013248991848,True,Y8q5eGRNcW8Qiss8
36.56206249965142,39.20133038443403,0.0,13.657060474296113,0.0,22.81751041714835,True,TOrixRp7KSS0UZ2z
29.671475886930928,8.987771761658864,0.0,11.00631206081113,100.0,22.799332515615664,True,ektv7klLjqZxyCRb
33.0113384525637,13.085909787297664,0.0,10.168786591449601,80.97546261213265,22.797743232524233,True,JNP2IGx6PkqK9RLe
33.066710526006574,17.838136364585782,0.0,13.285488277919091,64.13125484375864,22.785495975012143,True,neyVriWyz17oohyg
33.44210926656381,17.0081518982018,0.0,9.428073427885764,70.8308172324023,22.781963491942687,True,0Ygydx9Jb8eKFQY3
35.57396761740759,4.788658416325229,0.02441757396350743,10.816513591757078,92.73153675425183,22.76986911828503,True,ZNIAY93G9oOih7ld
33.4986034919446,10.756774133090875,6.4881810418914725,11.848634353436458,69.3683794842196,22.75054389067182,True,TGpukDGd2OG546C6
31.365826458567398,7.2507540460156905,0.0,10.143215660473963,100.0,22.743918798145238,True,dTlQQMrb1oFxnwOS
34.54018023928341,10.702611851324423,0.0,10.020110579247326,81.69897598509814,22.710621220013046,True,PPMTvjiJTEPRufia
29.322004714964013,23.168018925946555,0.0,11.516776514411692,63.73537186690947,22.68965980982854,True,ALw5QuRFFUauhJA3
30.97639900227081,5.0991894255661085,30.449851574395794,12.739832319558218,41.14826263484697,22.68348848337036,True,JlzbYfPICETEYNWw
33.88419214406565,8.919057490837746,0.0,14.102112997361033,81.70616780317309,22.680955745850596,True,CduRh5IjwfP6hYb8
33.05277444819022,14.520742293358836,0.0,11.106194719430615,74.55617340583464,22.667564456294834,True,5W5FSWMGkLobvuFE
33.83295700855026,20.108211652866007,0.0,9.77078492995487,60.025792954313914,22.6451370507062,True,UqjctOv1FHWhpgsx
31.239650917227788,7.18722181064105,15.754685837020265,10.576417329845082,67.36457597935595,22.64255809264501,True,jlLJjhbNXmxOWjt5
34.423407107222786,22.17128953720713,0.0,11.259689220615172,50.7708496628385,22.635882865844742,True,ZVy4yTSrn8cJybZs
33.50852789951709,14.619754460157832,0.0,4.028517185728628,83.04455908393889,22.61623047114777,True,OSYQZaQGaaTqO8wG
33.44506488701956,20.849331160898178,0.0,14.08820296757648,52.43388472305266,22.60247117377215,True,7QaVlv0iRRxZZOQT
28.764453546366575,17.839065841634692,0.0,9.707241533149206,80.54665846808925,22.599854601099953,True,gWRa8FIM2RcOEIBK
33.641369628514546,12.852781653692594,0.0,12.286548040424748,74.17486691584588,22.566075199625814,True,AVgRduqh3DYfucbY
35.39196314149748,10.791093368703182,5.30627171755501,9.143757062485493,68.16699841646249,22.564880029155113,True,STTTEll5jgZuwpju
47.818039430183035,24.3066154167164,0.0,14.186657566968094,0.0,22.550064318279222,True,h6K4p3CNd3kkPV5M
31.082120053235133,12.373646365186094,0.0,10.783660917739637,85.10940143291973,22.546536888219983,True,4BOXvhynMhDkEgXv
43.44527188840962,30.364062236000624,0.0,12.804947658639556,0.0,22.545339274318977,True,f7JWK1HEvxFL3QI2
34.83984566873375,8.992714306455337,0.0,8.463225530745868,85.73987342663568,22.54360344950941,True,QKMcE1qzz4TAMWF1
32.42490005950388,22.731010788050007,0.0,13.935841925635689,50.420009801673984,22.542599983876414,True,WwlTCykxjP3c4kfo
33.8995126549264,20.924658703019098,0.0,13.575484619799077,50.986992802103885,22.536040445412944,True,Q7pgXKzl396CvzSt
34.56908413429922,15.975269705483637,0.0,14.022031586087598,60.654407501525625,22.533288154726378,True,R2KvElU31GpMCHma
45.303522607338834,26.598448394382793,0.0,15.256521739130434,0.0,22.52914714166691,True,9Vlswu1Fe6gXylZS
31.182855246124163,19.013776988868166,0.0,9.624149480535078,69.69648348704489,22.52157159183904,True,KuHdta2fXsyh1uMY
33.01953489209722,15.591199155147404,0.0,11.175815521841967,70.2627827852262,22.50631086321493,True,js22NsYIMeGwkZUM
35.66371872395246,20.055307640489566,0.0,16.767299320482937,42.67813150603694,22.49585057598426,True,259Ksw56mJJlnipt
32.0038129978001,11.620784151259281,0.0,7.858073551256193,88.0992965779001,22.49498062763329,True,mTqwzHR4GSr68Hzv
32.51147861191966,16.13454579038285,0.0,12.340941828254849,68.15345721333131,22.453567026742967,True,3duQasRWuMWyO2gN
31.644720791036946,10.082940434828934,0.0,10.721781459027417,88.29391249418225,22.451809814290655,True,pCLLIEaHb3ZS2vpG
44.07991809391495,27.848158330784816,0.0,15.10318566620202,0.0,22.45149286080099,True,p7eThK8uN965960O
35.857230279033324,16.917010773959852,0.0,10.37973351586448,58.93356814844216,22.43673861942385,True,sp2zWKo0KOcJMrgn
35.99314619033416,19.93489793110747,0.0,11.19901093628222,49.6551346682731,22.42703344714676,True,6yURfWu7pp8cajFa
30.490710672278787,19.312423996801165,0.0,11.672043366166458,66.9980002026087,22.425925726069764,True,fZm2cAMACleXiIgu
30.56218783143425,28.271066661185333,0.0,13.466260014914813,41.5539956170841,22.41176157867224,True,NWgPy4CJ74OCuVS7
32.92744601473395,11.302733901074967,0.0,11.346710000948343,79.9374157930896,22.399665359140137,True,6uyPGvm01Ma1LgRC
32.98293419611944,10.671093686406381,0.0,10.503190520169294,82.42567287066859,22.38069954552968,True,mMd6IDI7nQQsWFzD
32.69569656180151,11.98677729702028,5.106425706032947,10.283664569794382,70.02270973069224,22.371509092540496,True,XIFI1G3tlZYbWVYQ
30.969382387599154,8.943820462979321,0.003355571075693183,12.187735604680771,90.05323910784786,22.36092519772662,True,nq4AeeHMFHFmCjHl
30.745513366825897,18.03665942932265,0.0,12.182333597519433,67.85500688875213,22.34566959588156,True,Q3W4miBvCja9XFMH
34.963659494352314,24.41136337458514,0.0,12.6499602697119,38.44170623578092,22.333603355986853,True,Vf0sgib9T70aFqO7
46.22346853727689,23.028660164217705,0.0,18.04331700822595,0.0,22.330703153471383,True,pC3ngYHSSpwL6tgk
35.07195308874762,6.917791658687593,18.85383620241315,13.28987198032149,42.9996665466598,22.315248533493016,True,KkjuePEr3FulMrNC
33.552846537680054,18.32373044538096,0.007629506636540476,4.915887079306468,69.26134581251243,22.31183011712378,True,2YTTFF2An3JY8oX8
33.89397579378518,28.146463516417526,0.0,11.425277031637314,33.655296666202055,22.284129838605736,True,zFqR3L87KNdjd0oQ
30.1183712319288,29.403869064650458,0.0,11.672757452620335,41.400043042805414,22.277396557914848,True,3HolfvkK7cd19Fse
30.406966502947824,13.205591217178979,10.243112035811109,9.736975687122078,63.406740600400184,22.27333057544964,True,qLwEhZWcZsjQ3vNL
29.15074695746267,7.15797774881392,20.915234113038284,10.877329271777288,59.22343980136792,22.27170871795332,True,dUkR6ecLp7AFUU7A
32.447240120722675,13.622216681037717,0.0,12.816604076413544,71.48323166587969,22.210539984526232,True,KPUBE47zl7VeGilt
33.25415736646144,5.9962337839894,0.0,11.809425560807183,89.63026012738277,22.209745502795137,True,m451q8QlFktCZDgh
33.13577140594586,10.330299452387484,5.122232641973764,10.557380441380563,70.4427747821976,22.17563735770223,True,ifxzSmq4Svl3Anzk
29.796781389773336,20.897646738696814,0.0,12.791665986156795,60.873436552987485,22.169539654828473,True,gZTYL1EmGfQU3ZRK
31.32832447423552,16.92367465421768,0.0,9.805250651180188,70.66039824244524,22.166243427746625,True,jVzFYObHIdSw2cev
45.0935934151979,27.924365843946262,0.0,10.999187263947984,0.0,22.159047575138132,True,ly9oRp3bIX6dY8V6
42.076004984303324,29.854319086125017,0.0,13.751696809997204,0.0,22.149135788321832,True,GjqXnDwNzHVzIRBl
33.595125059425484,20.025985392276795,0.0,13.638159122483255,49.86637264654343,22.117394998923675,True,xwp4hCvuZaqz1gBh
29.72931675102442,35.939652243176155,0.0,27.981211500641994,0.0,22.100889811197664,True,Nm5HMMlasx2ESS15
35.42193125891827,17.812283118984816,0.0,13.956156829936113,49.27411652782551,22.100485334694653,True,maYQjXjJX3TlM7oZ
30.219725649639006,13.987635917620848,0.0,11.371939705082818,78.30187267754197,22.098804897813533,True,eVTSLru10zQstBqX
31.439529248490853,12.366125724089398,0.0,13.15727062032555,75.97889758064309,22.094870556682746,True,yuAlAcaJaxLIbQ3h
34.68575238093351,8.927979930667588,0.0,11.430702500157441,77.30649837071621,22.082975909042187,True,PC5itSrXBdN8xZ9E
44.330619063022,27.739893046359057,0.0,12.16818671047414,0.0,22.059386987067484,True,dPbGExFXvDvg8Snh
32.84183430378796,10.505262242804939,0.0,11.122930534754046,79.06984311508177,22.054289743558908,True,6LAuYAacY7O6X67o
30.001805251705985,26.135410008300266,0.0,13.030673340466382,45.52864378399308,22.041859457056127,True,dr2pGIv5Uj33HCe2
33.663880598475515,4.182132578425447,15.66253698532298,12.646358478366636,58.671839115142085,22.04134240448282,True,HA1JbHZGpvHTVx5w
29.777969060201,18.212101899305132,0.0,13.497707810921582,65.26508241968571,22.03758060649339,True,jYXRd00TByCBzusP
34.10660820892042,20.032516334401713,0.0,11.525194597113684,50.56616132470162,22.025506868313766,True,whOi8uoG5Pd3PYAm
40.62794949788773,19.781571543451133,12.459854360871937,15.76069719846573,0.0,21.989853187173345,True,35qNjZwqOmtTv0cj
39.506120798892965,32.30051120102535,0.0,13.740438344273858,0.0,21.988029791565307,True,KDplmTJgwsvviD98
33.196297226591916,22.96553464011511,0.0,8.910677488130895,49.451194388937544,21.981993890119742,True,rTe2jJ4aqsCg43kc
32.96456003698495,8.82275153758739,0.0,10.496874237680775,83.0836961168524,21.97795664282969,True,vSAFYSzDCA5eL3vi
42.981403167733,27.942864292242646,0.0,13.865062070787111,0.0,21.95989633399863,True,29IotFQ5CVcwfaP0
37.549378238202266,18.28896582497064,0.0,11.61245024367962,43.77670913755473,21.956593378010755,True,9QqpCXY8tJQW63PU
39.19751352411956,32.51842388660951,0.0,13.760170919595572,0.0,21.95288566682758,True,KU77yZ2bLhbiDB6Y
44.60845133369088,25.552256919890766,0.0,14.541208711678937,0.0,21.951780936831796,True,bGQWFIHtTEC2KIG6
30.624418137518273,15.133541436325906,0.0,9.443558799007262,75.57549238275601,21.944793858463647,True,LVSjwPTLdYBSZFDh
34.38745118536294,8.574084156494298,0.032966806962105716,10.302734367866886,78.76595067345939,21.888354978650845,True,Wu4T3ZEd8XWWUKtn
36.80341103830459,12.719790171385707,0.0,12.467657062216249,57.93779907258987,21.88489932092923,True,i5o3HO09xOK1vS30
30.71111008512296,15.651491883992165,0.0,6.6677608618190165,77.58012580473438,21.88438270628122,True,OgnbsKNw2dtp7GKR
38.04608505982583,10.877492129739075,0.012881175450197083,11.103573633019186,60.766674569742094,21.877978287399642,True,wFDxzNUskXMHtZea
29.79507119346025,12.031213981224209,0.0,9.388171062437173,85.19371040408734,21.873921553118436,True,UW4zAGqT0M94a6Rv
36.31515774770983,35.6235579501708,0.0,13.747225062981716,0.0,21.862520571302905,True,Pg8vHX272R3vRh1g
39.500180766675726,30.204497139943108,0.0,16.208549343021176,0.0,21.832460916441672,True,gLu3GbSabYJtgzjR
41.04116482473477,27.158073812687725,0.0,18.199365415124273,0.0,21.831772712861,True,ObmAo8tHCqvgiZVy
33.04569017850841,10.068467573350318,5.023531002895912,10.55441627735381,68.02359006404126,21.821051595476483,True,yFRbgVWfzCGhhZB7
33.21060985870186,15.075260363369164,0.0,10.85826950594839,64.4115336181836,21.801891836163467,True,luDC7yIL1KOSFTEZ
27.845895650935443,31.112092320328617,0.0,14.42523666608132,35.05314214967095,21.80089149024208,True,SbthGBN0yaNxyz31
28.987051750973528,25.93281486779683,0.0,13.26621226265039,46.18012538528778,21.7872636201676,True,T8SgyApXyBlWjHrx
33.15055298815272,6.293692633695791,0.0,12.720411137157813,83.58204868529681,21.784855593973113,True,HAeGBRWQSOHV9mWa
32.048252633254066,19.092222603915655,0.0,12.57848826464609,55.02268769110722,21.776573449762772,True,aEtfO1mvKORAAvpp
41.00354684846759,31.613181653661755,0.0,10.452322495353021,0.0,21.772207842258673,True,0ZEKS9pLg7MtFroD
39.92870971036341,28.692900983541378,0.6270412674353562,16.622583251920734,0.0,21.770633900269544,True,ANK6BSVoIFYrsE4F
34.67634433366109,17.16606178110538,0.0,14.140283345632476,49.45637531863705,21.76109877908325,True,gHqA1DLdJDEZSoEn
35.16384480505772,35.32440818590564,0.0,15.847578031345735,0.0,21.757392192695587,True,uKAotL71WbWb7fLC
30.522731755969637,13.163009143396827,0.0,9.725351366981482,78.40015165056019,21.74638968274334,True,tpY19KLKjwD4a4LL
33.254372366462896,12.684004759581729,25.96257666458555,22.70645604395604,0.0,21.745796639344817,True,YSgy3c2Eom06Dwt0
33.008433257975895,32.266359600708014,5.6462545955882355,17.644336353029992,0.0,21.745021249641923,True,QaYo1SNJahmoZODO
32.86257427489228,10.687903191507333,0.0,11.028307081604565,75.58399056738827,21.74339319932403,True,ujq1PJepvpFy4rkN
30.405132691074986,6.475808291270808,38.176797684338815,22.443580504456662,0.0,21.74238849267646,True,PPgdzUvZ3gpmmICi
33.67473861585061,38.943786432266855,0.0,12.683982953695859,0.0,21.740965635876275,True,lHzpLKSzktZbQkoG
32.69573103543391,8.383119542746966,0.0,10.267224934527466,82.91965518016387,21.736548454512423,True,343vUE2H88OizmII
36.59002027341691,34.437715780648226,0.0,14.201323178706053,0.0,21.716633503993037,True,NkSnbEIhrhi7XXvD
43.67441934001123,24.362838553232006,0.0,16.703838998048738,0.0,21.69861129001868,True,RAalP94Vy9npUxzr
33.63744946331778,10.809718328623227,0.0,10.463667415371937,73.24984763171646,21.68819929662858,True,t9DPbpsrZAOnolTs
37.905460560027706,33.64951976545357,0.0,12.657173518243354,0.0,21.682594137108207,True,UxaESJBF8KzKKMKn
30.976640454767846,12.229734674388212,0.10126509337150053,6.401766015544648,83.45259366873981,21.676203092907386,True,JMBlXjRtNtO7DAqP
40.96302589402678,30.084423789059723,0.0,12.394491839529596,0.0,21.6691874914024,True,ZQqFCBamJjZR9GdE
38.26338807734713,11.266272347231347,0.0,11.531565684644765,56.398534930083756,21.665172855717067,True,Kz5iJqbDZBRPQLZv
31.62571124726482,32.52489405068467,0.0,26.943203531659748,0.0,21.660417416599575,True,y9ZeBn5riflvsxbI
29.29704180730237,9.774995541692716,0.006156246521720715,10.373237983110219,88.689550246784,21.65903339906317,True,wtvN4dnq59GhNvZ3
34.49901244567906,20.516980801234237,0.0,11.064189489695169,44.91965941056826,21.630543298523378,True,FU6KMOCDjjkjSBt3
34.42793177340006,11.071497301769377,5.103240861749835,12.20378136872996,56.80190864628053,21.627660099749875,True,KXUojTUXXUH5Lrce
32.20556075207264,23.303586578905936,0.0,13.614482254518121,40.94801998992786,21.62453920751878,True,AG4l1kGDKuTzetXf
29.09142342044233,17.659944293784136,0.0,13.143344405776151,64.83262028493832,21.597176788938988,True,rg41PsSpNebVnl8p
32.723183227406864,18.656893411639754,0.02807316035729477,10.633886779780244,55.10000832447297,21.59187680261779,True,JY5Qoovx8wzpGxLJ
33.19895668336222,13.131345525778515,5.070358890998308,10.233277057857272,57.964586433397606,21.58804536667131,True,D6VOiydlgneQGSbB
31.152591772713308,11.81129629556024,0.0,11.024680093950609,76.244325195072,21.576736139303843,True,8xe3LmE4HqLvne1l
30.254982193228535,20.53108947362959,0.0,10.16998886309153,58.332881125231516,21.56805346836284,True,epPndgbEvmx8WRcl
35.54331159437596,35.91707841296507,0.0,12.835073264360284,0.0,21.567524071208098,True,2Y7Ud1xzaLPtrOz3
30.643723571972856,14.546464335793818,0.0,10.699125444490122,71.3101931840809,21.56562129062192,True,J5TaRgiDEei4CFSg
35.03621792746946,35.71348206249196,0.11968229790011968,13.898237141248222,0.0,21.547907924631087,True,mh9qL38iGOLALgHR
32.25997332598043,22.96472150087886,0.0,13.582923696073646,40.87125209012758,21.543736136437648,True,mg6tupUAvgmn6H9B
40.47765151642551,17.25206634649273,13.26012354152368,16.189050716711762,0.0,21.536694357362336,True,gASAKtAb4i9Oek69
30.721908190787886,7.313966579203489,0.0,12.297075435752227,86.3375571608232,21.52338113348239,True,DPsYv0RW59CVFE6s
37.13102829617669,12.333233276381026,5.197875116028198,11.500540687242314,45.23348776662885,21.510621710903134,True,YP6Oku21gFEsOIwB
31.498289424033025,17.48449947698909,0.0,9.85107073872412,61.9506150944116,21.493333816706958,True,IHqrQwinzqL6qeg5
31.55926440109237,13.27875688046998,0.0,11.42600288006583,69.91068443076131,21.49243741553121,True,llVd1G8jl4dtsHsQ
34.022844155077536,9.234453959857397,0.0,11.652920755925047,72.16725753228148,21.480130603104516,True,3iWJWzFR5Gv6f9wR
30.802308079992308,17.173596587550243,0.0,12.488590358370669,60.670997722076265,21.47447989684848,True,9RY5eiLjfpuggQ4O
36.68418948713318,33.75009585567817,0.0,13.244384216087097,0.0,21.42943844247256,True,fq16XqCf5Avc2qqX
30.059238693447384,0.6970274179531439,33.34096801603556,8.931854522239274,42.28100300580423,21.428100544645925,True,98xFqctb8XxkVQSF
31.280953574979613,10.741872798645087,0.0,12.506444285902678,74.76906936821922,21.42262785186248,True,0ItHi2DTkmP4b0MM
33.46682411076276,15.88712822061942,0.0,9.709734412561183,59.37545561695417,21.405835011963276,True,GZz5q3NK5n2mQLCr
30.592691697014555,17.808089810315252,0.025625501108845837,9.81959965773848,62.96283144734037,21.404178155299757,True,Nh7qyZapCIkJ84bo
36.703667565911516,15.441058466259,0.0,15.167929257763541,42.20225137316175,21.366779412318913,True,bZwxYanfxUHGDJuc
35.16104466078039,16.005356116454763,0.0,10.817647863446258,51.888150961497914,21.361114703014536,True,5snfYRc7DDkkjJDq
31.89299327677078,9.582760366366275,0.04484465810432661,10.999033502182115,77.35637608650893,21.35804964022188,True,Z3HJAl4nmxDcsrrx
28.52943600397645,13.112782632849331,0.0,9.837281846433893,80.39662073237447,21.352280809607798,True,ozPB5CPGnWlcmezh
34.98306165996812,19.32620598016343,0.0,15.787012452005548,36.50497612277703,21.34501947310983,True,BUwcz5Ky6OhRUXv6
37.74173407807139,28.109882356923436,0.0,19.90534284203603,0.0,21.335792238957676,True,TQTPEL8sAVCPCHQY
29.853704353368006,11.245432688483364,0.0,11.904146498957664,77.82193537984617,21.335284990959508,True,GD1NmcK7jRxl2nMd
27.68543846340039,8.550910210550784,0.0,10.213531869393897,93.56899420505351,21.33228829257225,True,0mqbB5m2yIbe4NMc
31.302912102331536,11.041623025942185,0.0023912613744332713,12.965599945892233,72.21511893513855,21.318109524857583,True,F4RHudZS46CH3P3B
44.41088094550276,24.566105876794808,0.0,12.308308193814963,0.0,21.311036981921774,True,kZLBPQwB8giZdY18
30.925582221788662,19.71215907453388,0.0,9.987158130076674,56.03554688689391,21.30734284337096,True,WoR1KxfyO5ycoUkQ
39.517038203486756,26.581122941345214,0.0,18.71005059622181,0.0,21.3068997858156,True,FMEaIydt5PpDWE6w
40.56280313726193,28.06136462056148,0.0,14.089578684866781,0.0,21.297618899048967,True,BaYTvwbHPbPcv16d
32.60128037023007,37.99428234208505,0.0,13.374785041451709,0.0,21.28517245280804,True,2m8vSp7Wvl9eweFm
27.776044447559975,17.162521661173123,0.0,11.41732910372734,69.13069756129934,21.249112871250308,True,HSFHB8bewdGTWOZo
33.14623490869202,37.74120861855414,0.0,12.409781367986653,0.0,21.24063983244414,True,yy3Iun1lrh9WsGsj
44.874683841549604,21.640444615392543,0.0,15.780688430600717,0.0,21.239619570903123,True,HTQfHh6gZ9MNrlJh
32.671238331939506,36.96286710437059,0.0,14.64063956658634,0.0,21.23818421066245,True,HCtCrb3CmNEjKOAg
36.34409864939753,9.697410500397977,0.0,13.447755487419567,58.70028211387802,21.21477375441949,True,BBCgqIvo7oQmXhFW
32.48718504641582,17.700117317536535,0.007226484144655818,6.494458845579118,60.61346532188487,21.208145499163166,True,7G2Eyw9CxUwwivGA
34.16466568253289,36.4117725644053,0.0,12.274058084285484,0.0,21.193451558504012,True,bQAC5dDF1NTRUUP0
29.633246434812143,8.945712064726283,0.0315987422159196,10.135741414804338,85.38071635393307,21.191154542682355,True,qrPO3YNO1TAzSpQM
31.115727193991464,22.09959987132345,0.0,11.919041804001626,45.389921596077826,21.18646655623633,True,aI94QnYrXA1qRrZi
30.002466103183018,10.017322544924113,0.0,12.482371262095151,78.02106171794347,21.179532328294552,True,bCnqDIE4YWoUwthr
33.546514436086646,12.054712359595744,5.057893240704148,11.678722816461221,53.36432952136062,21.177452443471005,True,yatSlFGxSFYZgWdp
28.116927130306404,23.191457452700377,0.0,12.951045812124015,49.87495028241213,21.16309440232683,True,pVGFW0NPc1GUemR8
42.011524476911305,25.025340768574665,0.0,15.109605592474324,0.0,21.126233374088205,True,gxUU4frRO9Uo8w23
30.263662232987464,21.25492375952993,0.0,15.37779718617917,44.21137843460229,21.120637031165824,True,KyqXi66L7vGOyhBC
47.63582804103553,18.183229813664596,0.0,14.995450554713067,0.0,21.085873448933768,True,e4upqQSFsmM7iFaH
33.28576783658782,18.4884887770037,0.0,15.293864774257681,41.81787813838582,21.083720075204504,True,mfPIBCibEwLgrr1V
31.355093236805534,20.393999044798917,0.0,14.474917158535035,43.904137007933855,21.06667900681503,True,Kc1DJCluvcTxthv4
34.72510215581807,13.552245571916698,0.0,9.488962456409478,58.3342553915316,21.062361947339177,True,lpR1anAayCFHEhM3
35.37584208204311,8.855182893654412,5.0670274980310674,11.468778035092111,54.980047842166684,21.058275337113233,True,Mz0jYpJoG9ssdW67
29.306918552224914,12.578783358740578,0.003635206979597401,10.64909783508256,75.23186206528806,21.058049328539727,True,KbuUYQ8wcMwE6KjG
30.925588417496403,10.554171037251107,5.074083273024696,7.1485168985765775,70.4902288765771,21.052336361610834,True,Rz2FDwjEXaChj4CK
32.438671281111965,37.44434929772093,0.0,13.051226342823414,0.0,21.050372660187335,True,pVsqjvhfGcMuqvue
30.85044945819573,9.045292843009609,0.0,11.622801104046566,77.73539145923291,21.033417359741396,True,rNbtGWDVowUMFxro
43.28660167130959,24.790913760117988,0.0,12.014998421218818,0.0,20.985958704605196,True,zBqPlEpI7TBOM2z1
37.06450376636327,31.249410538192215,0.0,13.643631115470916,0.0,20.978248431777672,True,6f5M1W5lCUk7C28Z
35.2496227535999,31.804143183860166,0.0,16.310397951221464,0.0,20.972482314728232,True,0rQmhnOTWuSRRFta
32.93932989965268,4.834666462849373,0.0,11.495957809268171,81.53950433094539,20.96880969009291,True,24pmw30MZOGPqId1
33.37116291070151,6.722008766437632,0.0,12.75892499597678,73.52506853862667,20.958196668079044,True,dUX2tnyHkZEuzGqL
33.03255148773333,22.06357852253113,0.0,13.717925588812708,34.29529524007012,20.912878439281698,True,ATePrG4XYYSk9SqP
29.302813318130966,7.3314529454073565,0.0,12.164382945585977,84.61272346637082,20.909637020266107,True,NOr4ncE2T6kZg5RG
40.063027582881844,25.100285637496643,0.0,17.408909000549293,0.0,20.905316034321107,True,Qors7XZio5ZJg1Bl
32.64192498861977,10.462195350255051,0.0,11.097883501131134,68.0633075481222,20.879139614131585,True,qJ710OOaI4SGTB4S
33.45131893067704,33.86325104862382,0.0,15.835699909013208,0.0,20.876563427711048,True,cUWIqCRu02vxCRFp
28.235397667254098,11.075963995987696,0.0,10.19989531224029,81.04765327264266,20.874359923273467,True,lI7LJVeZlTjPYXoQ
29.96458726415311,4.515197047373906,26.300512586083563,9.177959274221797,41.19362229170994,20.874334078610385,True,IWAv1KhIW9h31KY2
27.635109030266506,36.47693244779348,0.0,22.964065324440565,0.0,20.85437561969441,True,RZzUk1D6iNIb6zLK
33.973714769102465,6.18052839648055,5.753438188587493,10.108791429203785,64.4801887188609,20.85227175383503,True,yuGDloAptWehcqI2
30.583017685515024,9.16920996968371,0.0,12.776124183854073,74.65835736365938,20.849462162019485,True,wrWfGnmXFJHgtPFW
30.705372532286827,9.501662430280325,0.0,10.143579189491842,77.18910310269982,20.827474555949888,True,laBNyxyNmlxQ6MAZ
31.513059176842045,11.024571217697577,0.0,8.908611771335934,72.61808899858568,20.808161223035967,True,kKylVAokTEnk9q8o
32.129876631468164,8.917350920573986,0.0,9.904847091744953,74.2801174886801,20.7820395322137,True,GDeNTNsjvd3QvKiQ
30.683063587964874,15.382851251687798,0.0,10.438867178892007,61.51595633491807,20.76805759963702,True,UYN9Yx3NPymueZXJ
40.38225226569616,27.15892050836412,0.0,12.382775323513117,0.0,20.761822105326846,True,T166DhJU0j1gO2Ik
33.66380368235657,34.095891165454944,0.0,14.209612044006949,0.0,20.754555702671748,True,klGWOini4uRn1tGQ
30.97823498903233,11.369899315405029,5.1052897574123985,12.08289664757109,57.652633384788324,20.73470111265793,True,tbykGkGuYaCkwuol
35.53849108523395,6.244226574311281,0.0,8.806419231346842,71.89807194888468,20.733374048738497,True,10gOcS95oX0kSphL
45.003529045755286,19.776113790013312,0.0,15.226503420957869,0.0,20.729062674373594,True,TB94EpdVwJvIleNB
38.968500578212385,28.34808230731775,0.0,12.900182030205638,0.0,20.712598054823996,True,NQJ8xfzwjlQHF4nu
39.49954931150411,26.820709912409633,0.0,14.358333544769494,0.0,20.708792303269068,True,HoNnFFE5iVXCVhxq
33.38498786426828,12.127354917091246,0.0,13.268292593045274,56.588651777106634,20.69644415522075,True,9W3yiUxodnd4ir2e
32.342629309334924,9.093669663913738,0.0,10.045157970686489,72.05809861624837,20.68878976600672,True,1ZMOluz98C1N7ESX
30.74841044446082,17.53187038756339,0.0,10.608864064930438,54.868813291156215,20.68570166908428,True,MFkLAHVklUJGQ5vV
35.98174773577607,9.362036156331556,5.340351490266311,8.703787381707738,51.761393850255736,20.684811150150708,True,QYlFnDLwDjoHUOgB
28.10598876660785,4.713374629107257,0.0,11.424576137773988,93.40252067254504,20.66407877517977,True,2z9CHRX74Mqxgg29
33.70334742655986,32.579152540580466,0.0,16.049354167354895,0.0,20.663195488216306,True,1vRG2yH4TcqSmMqj
35.78473425776922,9.529234831119773,0.05678784529351705,11.44126737909539,58.106140237369594,20.655890684770682,True,OAGbSSJrB0MUaagv
29.511118362055523,24.245682474044614,0.0,14.492709006631427,35.53902863558833,20.642565341681355,True,yEvswCA0LOdLsfqi
33.58107201139308,6.777762019448977,0.0,11.48815269142334,71.50499971609307,20.642484983602976,True,Z5MPAtF8kAHQt2VF
30.882205600802422,14.043809403008424,0.0,10.167675406587762,63.23584163093298,20.624349505074296,True,1RVuCVydhJZXHoar
35.65856539636258,14.423352630920885,0.004227602864623701,13.752310588739721,42.54333714461035,20.621433599983916,True,1IQ3BZVPaFSGf1Wp
30.33225308558488,14.070336508003631,0.0,11.46772779318177,62.606160002445264,20.598035221898165,True,MtCzWngHTnPqlTKb
27.354900189404088,32.39128373823779,0.0,12.922049237954411,23.408013511042277,20.583399728178065,True,xAB86eNAZzUDRyYa
46.02199413577424,0.41700465234957873,22.942884801548885,13.841082943894733,0.0,20.575588805713654,True,iAVVihsqum6EgvPc
32.36299884445773,14.291083266581822,0.0,11.69138177745146,55.13525605262643,20.548903341863134,True,3JyPMRah7BH53ejW
29.33031833157721,6.945170223175269,10.32836739005652,10.907578901165778,63.03155498337503,20.540353866790653,True,vsVAVmvhDuFnuWe0
31.177145478010193,15.796546364092043,0.0,12.396438518841485,53.71440635307302,20.533186647559596,True,yNyf3Tp0zc7DFj5F
46.7540122429437,17.577124905789503,0.0,13.86902436642414,0.0,20.500838554294106,True,ZhAsYXrTBA0GrZEg
28.502235951616463,8.112119727694855,10.157113669117244,10.519973112121622,62.997013986079494,20.487820816658292,True,ToCVujlK1zVrHqOi
33.142266515703795,10.209548977342406,5.651904415850895,8.778532113854084,55.32992666050111,20.475220565345143,True,rMNmYemAFwO4Fk31
31.27210745808752,7.510462171887141,0.0,11.909746554718819,73.91449532141152,20.437159295747016,True,mQVgQmjTqVvi2SC8
29.05232975582732,30.49312133649483,0.0,27.316519260482714,0.0,20.43645714994431,True,peaK10AjWlEViVHS
34.162971273921805,12.167824740979079,0.1957425517571952,11.074288361208344,54.22809626257816,20.41394895821182,True,JumTzaXOgEs7oSbq
39.82577902287619,23.969637626520715,0.0,16.46275880613068,0.0,20.409556934412638,True,svwSsbUP8rjhbaht
31.346670696051817,13.48595098590221,0.0,10.654997459804695,60.1995697271065,20.393695546972452,True,srFK68qa6HaQmbYZ
31.48787767613029,9.135763615302048,0.0,9.976993572270779,71.66148405392332,20.39300164789755,True,7sHtBcoTymHoL0zT
35.729641939756455,30.18046190783939,0.0,14.189209792646801,0.0,20.392389527783806,True,d0ZninoI7QZwZqpC
38.24285162706495,6.620754368156496,25.93763480618722,13.768317263169363,0.0,20.38081863087146,True,M9UWA0xXEQxtM5Oj
40.686111326004614,23.98133839142946,0.0,14.40554726681167,0.0,20.3620000856805,True,fZyQb4BQmKk9oeH7
32.29687360122701,9.655727340213799,0.0,11.464229935072021,65.33283085322415,20.355911491004772,True,nV9uf9nuPBUmRTso
30.294063905742675,12.134700028366481,0.0,11.843398368433093,64.56526959693923,20.35493089377331,True,og37lvHgiQX81J6D
28.594754224249616,24.448700947938505,0.0,12.97577062161637,37.00901128417807,20.337868225919774,True,PukGWHlmh8njNNBF
31.83134311491913,36.092797683376325,0.0,11.748058078955783,0.0,20.334811067163187,True,2BszUvG5I7KLJFlr
34.863379822330145,31.170313900821917,0.0,13.877436131142266,0.0,20.333207841575863,True,OuEGYmMT09IcmEbn
32.03194712833431,8.594149483445664,0.0,8.458567576505304,72.94343778460993,20.321250424298498,True,2ooZXGXsfzi7WR0L
31.49527177588397,8.59497499650648,0.0,11.699477433739885,69.64678704287057,20.316925601239852,True,LPgcPgsRXD3oKPQR
32.75148991533412,13.70930722642733,12.100413864743222,13.52990499266722,26.106416343996507,20.312983937455446,True,UDTjHvuSOrhCLnS1
38.349372211797544,24.878826149135364,0.0,17.202909455731124,0.0,20.304954619182773,True,51AjLmd7KZPyhw3d
28.616286282933725,12.932659277569169,0.04021180361198504,9.806348221475814,69.13160324377785,20.21020562259396,True,t3WPSkZ0a6Pul0Ti
42.60684824263507,21.139060829231916,0.0,14.054621001250556,0.0,20.17501283028608,True,vhlwMTkRDlY9LezM
32.64371859241906,3.5083744234114453,10.908407698209988,10.139488901990912,57.93057501508214,20.16587156002743,True,CRvdkgQZHH4wlfg7
43.43122025466368,12.774270291511671,10.208926875593543,12.617769684190348,0.0,20.157384477024284,True,4Znn0LMPwczzSzPF
32.645676541432124,14.441230680372218,0.0,13.160606210664003,47.69225796918066,20.14732736104036,True,3LoqBuSdlWFuG8Bd
31.616714979897115,10.57907500958186,10.285128616124409,12.120956115175769,41.2522411681457,20.130176503680417,True,h62ysfYeMN2fSmBx
36.49433973547214,27.31519631989258,0.0,15.580294951241774,0.0,20.11414524330105,True,2eWEY4EM27Q0UU8s
30.648100896606472,5.012022255763649,0.0,11.520967229028587,79.37110704417803,20.112691621694946,True,RoG6xCT4KjHkzZjV
35.7074112720837,7.1999062278295405,0.0,9.82612799219606,61.22275018101452,20.108394155513356,True,MmZJZmCpMz7uVkt5
31.06593347303507,6.485778840606421,0.0,10.409033626860829,75.96932315419775,20.099512111511025,True,9acI3ilidwpiVkcI
28.75482639085155,8.4044916221414,27.48146372818428,6.080964833803593,29.57200627304998,20.09320892080321,True,hxcWILug6sySoYP7
35.835195715393425,7.370696458867628,0.0,11.005550194295504,58.202822810774606,20.064347639556722,True,Jtc8PJLiiOEbz35K
32.354835942457086,8.399756773590246,0.0,11.343084305613921,65.49986758715578,20.057839380692354,True,WyrZsvhkOu7yj8kj
31.53063501288623,32.54132071354757,0.0,16.395785369091325,0.0,20.053888487616458,True,QFCtC8AXmLCQUe9b
32.3308230223259,16.454553994762367,0.0,10.339962141505055,46.86547794510304,20.050427521124423,True,unX43skIMa8FTHeO
31.55215281904691,9.85003220967511,0.0,12.45167398526986,62.445413799148554,20.040446375838187,True,9d3AQIGYHQyCQTYs
33.33011620881277,27.972212159153266,0.0,20.289775269298275,0.0,20.035554192826886,True,QfmOcnbCXy2yeEay
30.44259382190077,25.815291210263517,0.0,29.644365205967908,0.0,20.033255730031296,True,tT9TPrB5y2wDqnDt
31.637034756022988,16.985718980667603,0.0,8.576097434983321,50.09202941928986,20.033157729150282,True,z73Vmy2diXxp3yGF
35.14958141745346,3.6767011914881804,5.077071974948338,10.42498962045929,59.78229053352695,20.02144161451934,True,BpxlqhpP8bjTlZ7H
32.30717981948811,14.276919058437933,0.0,9.9675341393129,52.567743059354584,20.01328813728831,True,3COir8VRRrXF7TM0
32.148508488428114,10.82821512612503,0.0,11.46278431832075,59.38590276470137,20.00961425227794,True,spdp09SWkxcVWkFq
45.60475117079684,16.61723489551921,0.0,14.490982425813888,0.0,20.009381438990935,True,u66mQQfmqVfCAllI
27.554760255785528,7.759187094669766,0.0,9.553209840667256,83.69322893216423,20.008529219719613,True,QtaVFLNiZRVfy4rw
29.12396277459745,9.389496685325362,0.024671465790096964,9.099808850824797,75.43124377682079,19.997593002174394,True,WHjio81dPB54siVe
29.426941029052234,4.184580817072749,0.0019419285680995512,10.704105496342324,85.0574743477169,19.985979157920518,True,iFPHKbk2DBqxhmaR
31.47690432634042,6.7192103302405926,0.0,11.604902789689564,71.14367362411238,19.97797666132695,True,GEondblFO0ypTiZD
31.267778890704577,19.27413082266615,0.0,14.862624777941507,35.45570232219249,19.973830321788384,True,OkjmIPbenQC9clb2
28.61917342585507,22.436901875098417,0.0,9.959482038680553,42.84261213865351,19.97316101619856,True,C0BJGnJUYzHLYHjw
38.09566727433177,27.886016242862716,0.0,10.46902599825849,0.0,19.970558142753983,True,75rzCAeDbMKxhfWc
29.68267865881225,27.355379902748325,0.0,28.057086269384676,0.0,19.952211513738458,True,gYNNY28g0JcGgkOh
44.7103531086046,18.376119249220842,0.0,12.916244589741229,0.0,19.944572433347773,True,ysyrUA18EyqDJ0wy
32.242042345530024,7.849769123926807,0.0,10.66672341078506,67.00890941649763,19.93595443790823,True,FGqBCNFdUaJPUobP
39.371051065364526,24.051028239975984,0.0,14.01127440496196,0.0,19.92576354034765,True,8MP11YZ0hPpCfAYu
33.44594681506078,12.340707486537347,0.0,13.427970441908105,47.67760112616237,19.900916595055023,True,Rjcz7IiK8PL5UqvX
36.31979980938559,18.06845769107023,0.0,29.82757678061315,0.0,19.887190882675206,True,wwU90P0jpgjqmlMj
30.546279785593587,7.694847981276746,0.0,9.33925706785558,73.97322805179232,19.885807296354834,True,3d7lglLZeIkmAm2E
36.7877196463933,22.5892797057867,0.2453190473664669,20.648740710156893,0.0,19.83001073636149,True,8Z3V3UIIQ06yCH9L
31.05186519825097,7.9921636561446086,0.0,10.214328952858242,69.67951388430879,19.81370120487106,True,vVClo8Ov9OdfNrDn
38.33452077062856,25.30592105263158,0.0,13.234360757570641,0.0,19.811990607982057,True,NQAD74cvanuAX01k
31.739947498976917,13.38497075769233,0.0,13.331077616717765,49.374687900551315,19.80535737167895,True,eSC9eMR9O9e5yo7Z
29.93577919962917,7.19283473714005,0.0,7.326483076434565,78.69329065905238,19.747243971544183,True,SqmwXVUhg5diyNnK
43.44731510426051,17.883650703185246,0.0,14.940383590256852,0.0,19.746164745612994,True,iNpUUWp8zUK39Gnj
33.41263316779818,9.792966380330796,0.0,10.8121837029671,56.34161443913605,19.728020544780822,True,NSQD5TpJutr32lZr
30.444613075553068,14.066271439149299,0.0,11.462954676023303,53.54361795700626,19.723756779557366,True,JalL0RUsqS0y41i5
33.74715983945015,15.307708747687304,0.0,13.801187124759416,37.00038823463281,19.721292030934062,True,sTyVL2nCeZrDPJFw
37.10081870875383,26.182565274647118,0.0,13.606175794829847,0.0,19.716813300512403,True,82mvtOuzWerUo2hw
34.82057431209885,6.436398862534328,0.031449024787682515,8.81495862848581,63.241736795915884,19.707979288085234,True,KSoKgSeEhF8q2Tab
42.65212450598256,19.89763540574241,0.0,12.917205508263816,0.0,19.707627029469943,True,VmfbvwCFeQc7nRdQ
30.421399771315315,6.852223270778562,5.12463796792585,10.316243051138091,62.84721106677048,19.696560907022164,True,6Yqpt1KPtWQAvi6B
32.87050618674021,7.981254439682912,5.1673278913117935,14.200095973159774,46.582183681591246,19.67816380833824,True,9EM1zZgBwoEF3XDR
32.6620945562296,12.323623466940251,0.0,10.584798583205624,52.09682319603552,19.676936340688336,True,W0fOJITtl2OXtypG
31.36514644342736,5.853670527334703,10.28850649802854,7.640740002735939,55.888265762757385,19.66560044115372,True,uMfcaTr1qmzq4nzr
29.19845896042412,29.14005041607242,0.0,24.08825834061662,0.0,19.65778904323783,True,hz044m8fJ2FmiHcE
31.334938431266153,4.878063985879512,0.0,7.80256469557772,78.59896172253195,19.65027840243958,True,pw3M1tBJKvmODslv
35.735374397663996,26.694559050383038,0.0,14.988967906637491,0.0,19.642597267890583,True,VruDceE3Z999Cpo1
31.837134632876968,20.672757034219366,0.0,9.602277805584356,34.828428055498,19.642514124805384,True,mesbSOn5eKS1hzBA
32.875171016223966,2.7824979021009626,10.539228174189613,9.17878850588563,55.96093661015597,19.638933352128795,True,BEmuQt3NatCL0WI8
36.47192941093429,28.863826913428568,0.0,9.869750980454675,0.0,19.63799819870563,True,9Gf8JfyQEf5FCQgh
35.42192121287793,10.388416341538328,0.0,8.86757915365301,50.77349080071414,19.631166402367327,True,KuNTsXOuYLiTehTJ
30.4332807742699,10.582027765903476,0.0,13.646843560328094,57.966719021947426,19.619189610000795,True,XDODdFdx2bCbNx8P
42.86806908011665,19.92175949302026,0.0,11.850786128037313,0.0,19.618478516495657,True,Rfjicl9WevPgiPRG
32.39964623176015,14.375586876494948,0.0,12.645449490604987,43.69030291434683,19.579638303677214,True,LOPjEfKgGLKZoJ12
40.66708064536634,22.597335395058828,0.0,11.374003198968964,0.0,19.55555852221995,True,OukUe5SC1KVcOYb3
32.45383403674129,5.708383002812371,0.0,12.66341689779247,64.83969456056487,19.546727952450837,True,5M5oR52kZsAEePTP
28.33275451455747,10.818232993940443,0.0,10.583094905747197,67.51265157063656,19.543113995778086,True,CzrQs1cv7GouuT5a
28.783273656042873,8.882229460441426,0.0,13.916480935430975,65.91867777985746,19.53487938022361,True,JmWAisJCtGvzln0C
34.85227907665544,26.333775330945222,0.0,16.611651393304655,0.0,19.53087526472864,True,aQHPYQFW9ktqEGp1
28.46601346030361,1.2482691156417745,25.470440202810202,9.911062301834878,40.89038721762241,19.521657424601038,True,eHXjJq4nNKXCtHYy
45.14738157836377,13.999624806035047,0.0,16.405725498789757,0.0,19.504979499836356,True,vxbSQYcrm0FvP3mV
35.80459015912532,27.15583319347097,0.0,13.156510961150827,0.0,19.503811990277963,True,umDbhVoPETzSVb98
42.96619199737259,19.041576337494703,0.0,12.184301732925586,0.0,19.47789694352429,True,rWty69pfjUHRrYiR
35.496081991785246,25.239170707368352,0.0,16.77933852295942,0.0,19.475518052821574,True,amRikgUPCDvNNdiw
31.582781960139126,17.46684703916447,0.0,14.590010590788236,34.409725578254054,19.471020494276495,True,gQKyaXjubNUTQjFb
34.16794016929857,10.023254029268184,0.0,11.9341880982373,49.190248069798855,19.4653485798221,True,MfT9S5oghk9ywNSC
46.038941985692624,13.268833255179034,0.0,15.418736617831641,0.0,19.44170140217729,True,NlKMdDkiTAENrcBQ
30.325513104556848,2.921120239515716,5.0826411256145105,8.990350654352653,72.45387924405803,19.438402738927586,True,9E7C4vszxJAhEkJQ
40.52478872702741,22.158655099789392,0.0,11.58471264872459,0.0,19.434807290364258,True,Xhf29bJraRpNbVKl
28.27300598570479,20.05373960649127,0.0,14.81922831526963,36.96986250043064,19.41520719466776,True,JySqF9qa4X4hM0jO
38.34952640612339,23.31178588618453,0.0,13.73723795974727,0.0,19.39339008734524,True,Yvzd34vuEnHTOW91
32.8846459016796,29.17627690640403,0.0,14.885005577096724,0.0,19.392213833669395,True,IQUTEJsjQSEEvguo
43.44456483470886,17.929515206193514,0.0,12.221280042524647,0.0,19.34894025833973,True,joPD57E6xAFEN7r7
28.185277688798593,18.74197965705198,0.0,14.438681599800336,40.37575514855067,19.344455975727687,True,HfOYQS2TRfhUooYE
28.437755161210845,23.807146259181415,0.0,11.63108042724659,30.955378215891876,19.323312998834787,True,bYlkwgDyBB1INNlh
31.770504011028073,6.021420508686009,0.0,11.184341963624036,65.92678018067639,19.30683564309117,True,ffuyWOTIut9bkyV1
36.14694240242697,4.792980361015379,0.16067284094568635,11.723040303157433,54.72476812298356,19.305395236943045,True,4fOk1KG0Pp8ZuHqs
29.71161342066406,10.991612323354765,0.0,12.04646180244491,57.962445593626335,19.26460093676728,True,5Ttj4wbDZ6toH2ic
33.95543116103927,8.514524675876181,0.0,12.02495912261237,51.442851551561915,19.263289540828872,True,0lz6epqbSN3Eof3i
29.45130352348676,26.372124207464736,0.0,25.434554363042462,0.0,19.243605263368583,True,ZMTVZcaqGNytzQxi
31.388382395168342,27.73933139923992,0.0,19.18006989889624,0.0,19.228358053194917,True,R8xqGDtHEcvzyjob
26.386824834690472,3.3425687983798085,33.10274755514161,25.37797569303503,0.0,19.17893551498567,True,Ih7yfJs1ON43xKmT
29.26295426044952,25.32675353209478,0.0,26.984944315841275,0.0,19.158316308534744,True,8l8WnrYo0XH6JH9c
35.13439729968879,19.191865208455972,0.0,25.36208706082263,0.0,19.142598551144026,True,MRBwBI4V3OJ1WOFY
32.3237889127529,9.187960388823285,0.0,14.811641141144667,48.89373878622848,19.10524682082624,True,GBuYg6OqB1AZdYYg
28.370837986189887,13.239548473739543,0.0,11.254333509765948,55.91220968751725,19.10050950950847,True,muPFoSF3ql6YgR5t
27.769576702767573,24.757722539965087,0.0,12.765577582504243,26.449004184755886,19.08004070167277,True,CZZoOwkZAoxMxfEZ
32.454184937989055,26.37304092223405,0.0,18.173822551948707,0.0,19.055589094747532,True,4s5B9C1BXqjGhjTR
31.467775587889356,7.3814093888657,0.0,6.108662792230955,68.45197442669979,19.047181885087852,True,I3PH4MroJmchtJQx
28.77953129705245,15.475071921578696,0.0,12.526695860135435,46.539425244169124,19.035574272947635,True,A2lpTywdszc8jA6P
33.41180523067853,25.381095429041782,0.0,17.67191377171216,0.0,19.019602492220827,True,GhoijlwDxbqeikAz
40.203834448044546,20.55893532579329,0.0,11.748333622419903,0.0,18.963134209224673,True,spkBD9q4ItBrOoeX
29.095002982920814,8.110916174034987,0.0,7.530513729491114,70.7178373828821,18.95759073609687,True,iv0hfiMQH7cV3n9W
31.342688244652802,25.182281787425147,0.0,21.71188732919834,0.0,18.955160019631876,True,wsD1jQ5WdsFqY1ti
28.937126129902445,7.752122082663379,0.0,10.607232086674399,67.42560517503972,18.95281369014171,True,2qdcNpQUUHa33I7U
30.60915324921988,7.573717027011828,0.0,13.103990914343782,59.08827460272481,18.95060132894297,True,tgFBS1wtAgZqggPX
31.30936049000021,9.90432786745661,0.0,8.247636483626282,58.37339082573929,18.943374668982088,True,MwFs6Wtw7Trb2BL8
39.86183759826174,20.104526295437978,0.0,12.995831477908071,0.0,18.934057575024227,True,fdoxzxFrPJdJ6tmF
28.8372849740544,6.2494330263957085,0.0,11.806096484012167,69.45865760936682,18.930323982353755,True,TKYZwRg2spCQaVrm
32.929725490229366,28.410093661405433,0.0,12.791290293147721,0.0,18.900134606392324,True,y0fN5ASPOufNzzkE
32.410513334294286,19.983682931401024,0.0,27.81121618008119,0.0,18.89075716015072,True,w9A4Qhj5SKNBvbJZ
28.806698422067935,14.591337472356237,0.0,13.64391874452509,45.44838069944996,18.881269776333202,True,g9NIE4MigAvag2H9
26.48787912414687,19.703527579476432,0.0,11.107680975847288,43.40383868987707,18.878781647477968,True,VjpvcFZ0OM1TONpE
30.409557145744948,10.053836908522898,0.0,12.307242370789531,53.74739075575665,18.857151802048303,True,gzpmWl4xo2Y84pTB
36.83765957112318,21.97866463491244,0.0,15.194058008583195,0.0,18.825072731352545,True,KdoYyoQH98xErmoM
32.86025391831786,9.951451434188703,0.00836344172353807,13.62421569972682,44.32342675186632,18.823586752532897,True,EASNjYXyJK56LqCo
36.710325388314466,20.940401359882475,0.0,17.169058737352927,0.0,18.8235567670679,True,TBVUAtdu7OM4KEOR
30.586175218266817,23.13535712111571,0.0,13.854652130018527,17.805786925104254,18.818468357772176,True,ycsirrualw12yFOd
40.32480246667061,10.661004578630038,9.610786224821311,14.210690131438168,0.0,18.81645264933868,True,scTZGPheD0mbRyKY
43.253232468557094,16.757866646823057,0.0,10.959039109348495,0.0,18.809292268675165,True,6wrKvNOVPPNiKfWR
36.02006047958222,23.99173796554878,0.0,13.322665867741584,0.0,18.802352515423095,True,VukuiT4GWGIQZzty
29.184064134523524,8.5053209175278,0.00393668412221567,10.412616885284285,63.295027899022756,18.773732129258367,True,OvbXV946cT5L2fSx
35.48406275858664,23.180247116160363,0.0,15.43626415818775,0.0,18.755720230344245,True,LobYyQZqUy4hs8mG
30.440128059003335,22.117473868208855,0.0,27.27420351502436,0.0,18.752537412006866,True,vHHSSNgBQUpEwQRP
31.24794541491644,12.437421784337186,0.0,13.226600893062265,42.72977523327343,18.74070672784591,True,br16vIpIFxca3VFV
33.82164089355053,27.139120708939174,0.0,11.998131897844308,0.0,18.7309922299766,True,S3UKNP7OPY10G2Z0
29.103256018882707,15.12745681030432,0.0,10.95450378338763,45.688289199192596,18.724845495668294,True,yKZgZHtxrrg3RZLI
39.91763377274193,19.121821548648853,0.0,13.09829845259975,0.0,18.720490286874753,True,6LVP5uvmZtmmsKRD
40.86271040429651,15.408065564452066,0.0,17.382735880960432,0.0,18.718239894546034,True,EMV9gMy14NZQdM3e
40.81977102843866,3.113534721116401,17.737969695287784,14.25522036753115,0.0,18.710191982997927,True,RsYyA82b8YB8IUKO
29.468534297106938,24.804133526466536,0.0,24.39799996383298,0.0,18.70129366532366,True,yaIYUvtI18f8236J
30.69986791725786,15.797491983687197,0.0,13.47019342117785,34.96932601432552,18.676794985708383,True,asclvS0ZVIPNVGJe
32.276918133449286,4.869071003086082,0.0,10.087556984568735,62.6288175215697,18.67635849064859,True,eTLeR7GdZtoG5tSp
29.829814084794478,5.1741731435265645,0.0,10.069586882525698,68.99540604392143,18.65246614809098,True,EjBHn3N8xcXDVSbw
29.63294810426438,0.06287316494728594,20.862965009080394,11.557862090441605,38.20945824371398,18.632820862269853,True,2FwCdxn0lcKTpyeo
32.84464961083432,7.110177795205219,0.0,11.760942712707568,52.3293331021586,18.628014049173593,True,EFmywgHIrXMhNI0A
33.561265328922836,6.072152759152441,0.0,8.997590347114908,56.88039702227566,18.624096042759763,True,mNop846dXWAvpmx4
29.649811294270393,27.072172507277493,0.0,19.710702687763423,0.0,18.619591918265005,True,bVoSB9e6pmkvteOO
35.11664955121499,9.072099198320124,0.021415318961707463,13.60410372807067,37.62637086554884,18.610555374502354,True,c6UBKLZPmMMqvec8
26.61273968435451,18.730634578898975,0.0,12.776251660580032,40.25976228598053,18.608894527716153,True,lPtejBQACA5PGbYP
30.845957847256752,8.383762643954181,0.0,14.400822505245518,50.96060078524569,18.60591146947697,True,94cFv3adbzN2X5NR
31.80235914014342,4.479061930470646,0.0,8.728781989829944,66.28488905141883,18.598279428277063,True,CdOIRQzW6e3h0Ffn
28.432337244620598,6.356799423725197,0.0,11.503236051184238,67.4217529617776,18.586561733172875,True,EGV4gzx5BaHH9d4R
31.409738096967562,14.980442922087569,0.0,13.818086203514618,33.05429738346628,18.54617482848598,True,myFAGP8XEN9BEQty
30.60581370977515,13.390177001392992,0.0,12.5944855891982,41.216926944520594,18.54015389611258,True,5SBSKp2ISc5ugqwp
30.932417549822077,26.23962336641481,0.0,17.836427880929364,0.0,18.51509528868973,True,avXiOqkVCJTBJahe
31.603754997386485,6.435824919663211,0.0,9.722337128308087,59.497166635588286,18.49814996193679,True,4GtMFxyYwU7CISo1
29.408467797677464,21.35545797022117,0.0,28.802564359410997,0.0,18.48178948577018,True,AljEeatSmmSgIDvg
31.18798640400003,4.99560796366545,0.023134096326675648,12.477196784320967,59.96430822209464,18.477935071239315,True,XJgJexw5nQLlxSGI
28.90007463636627,5.59048457269455,0.0,12.61102112259428,65.13087431882371,18.472384134355032,True,69p7rZuelMHjMPVq
31.62899131192483,18.22024408304572,0.0,29.502099186565207,0.0,18.46907329232366,True,YOB1qMVWwkwqKYlb
32.98611495271181,6.419384706601001,0.0,10.719337225683907,53.59017944215741,18.46759919053212,True,yLAsxW8PGM5WlqRt
43.39628786626116,13.376682560613698,0.0,14.02542372881356,0.0,18.466870559353808,True,PM9Cego1hxZWSAZH
42.18964394677297,12.921928944252606,0.0,16.820025679775473,0.0,18.410379272061363,True,MIJUdqbNnozUlCjr
30.89238363259025,9.317064849582803,5.2543854361323765,14.087822607152543,36.446383339780596,18.40567011445019,True,nq6RswMVrkfbTtkb
37.19763326720894,16.037557000618555,1.6230838593327321,19.37207456432165,0.0,18.399107186832115,True,S40LubLi0Kf10HsG
34.064985179621324,21.69198705259753,0.07914871163486062,18.250854715612807,0.0,18.39595026670467,True,Eh21dBzhzMdoB23D
32.77446254128772,17.594503356315464,0.0,27.761020881670536,0.0,18.39511773371576,True,bN5LAkx2qmGrH56b
35.24780108519996,20.245442605726293,0.0,18.347563824816277,0.0,18.387835550714,True,C5akFGsEmttD1KYm
38.491147513626615,18.87768089511046,0.0,14.06383155331747,0.0,18.37633921086322,True,s8iWji42Mj7wpIqe
29.968271009480986,22.827029448404463,0.0,24.452554021668085,0.0,18.365121768195625,True,TBQu96WK3Sla3Yk9
36.42126214020102,21.792495826581003,0.0,13.256151346332405,0.0,18.36292530065542,True,iPWaWN5GgJcRrdPK
29.689940645938773,5.177604434098577,0.0,11.045984153987323,64.90038706646914,18.348319632051286,True,ni0Uilo2k6cJEYpH
29.866017167018953,11.773519193745667,0.0,5.047098027699668,56.772894849017106,18.337539137598764,True,xdYDV87WtLphzyaH
32.28540289869254,19.620929953141896,0.0,24.841573214820272,0.0,18.317089340116276,True,km5oTMjgRI2GUow5
41.80050501413649,14.62483926873686,0.0,13.993215445006417,0.0,18.295343638176124,True,FSdjngDqO59ciHVe
28.681111743060455,15.849510641872895,0.0,12.245374936745774,38.73054915592258,18.276572339490485,True,baTY3OlGskirWgFc
31.922379975673724,15.403603207547075,0.0,8.051003465369785,35.833657499703136,18.21863106436467,True,9nTzbpXAGbGPvJQG
33.109075473804104,19.593549090116596,0.0,22.51487363006039,0.0,18.208340959179438,True,PpgsNe5muFCvNQtS
31.334167183483956,19.74505188543325,0.0,25.782441564883133,0.0,18.203879361135968,True,STzzzgoU04SrFnkY
32.83408471071376,15.055620303663378,0.0,30.576697051218428,0.0,18.200635046812735,True,fkgRJlc0SMFblme6
26.56031787519911,7.415723808309438,0.0,10.828273044070942,67.53579970746247,18.199847241993982,True,6XmBlLjsuZMQIKET
31.874540169350563,18.83631402339072,0.0,26.189250939528527,0.0,18.19982819758213,True,2jqpwJ9AfFAIkk8u
27.46531663267076,6.732674286948071,0.0,10.854444500328208,66.48582750343846,18.19951298693132,True,pUIuo5O3ovG3QsKM
29.4244113126308,20.454793185475857,0.0,28.376719493181234,0.0,18.197529614135387,True,RtN0sw4gr6FQx7qZ
33.82808685636857,5.259212949597654,0.0,12.962471516333157,47.79089439105407,18.186689460865367,True,cAiIWPKQlkmHqnx2
28.295174302370807,24.82455131667455,0.0,23.267162151362584,0.0,18.184764442584267,True,tXVhMBUinsQlhNjT
30.47988968132676,4.979743210610048,5.050102795173018,9.868189651139708,52.980738079445956,18.177225521700695,True,fegDvq4KqsKvEPsk
30.2590278663517,4.070138680513682,0.08419498159783648,9.671113896784144,66.06719311160403,18.16946842203152,True,FBSkhm8rAWfzrRye
26.334959255602826,7.237549555902989,0.0,10.291327005753505,69.069201133695,18.160494329889122,True,EHkQzt3GEhocddlv
26.680995698794387,21.99088485684881,0.0,14.059657491352105,25.408273104747927,18.151795858028127,True,oFBwvqCzeCiCwE8o
29.90535114613932,5.107318528790572,0.0,7.789231776838205,67.25930795426405,18.142750537991574,True,hP4s5A01V0Yw3gGn
28.147904153209844,6.020302282724536,0.0,9.949839936223615,66.5997998863569,18.101902795713322,True,J2qLXsmQ2V0qV2uD
30.395168643147258,21.268935271687052,0.0,24.39568234978335,0.0,18.095136763333443,True,clfk04xtmQVrfZUl
30.94920678923236,12.992304583060708,0.0,14.202572802393652,34.26740877018935,18.089964979912867,True,8wN1va4ksj9qPXiA
32.2125508172884,1.1588317147128167,6.604962795969152,11.152467830808812,51.37595703457679,18.084931611137556,True,gK3m6hYNjlUK8rfX
30.282845096869423,8.511975477885986,0.0,13.86093186986897,47.88645267502806,18.080632446515473,True,OgKEf6IPNVRaheld
27.154692591507477,21.621750655670645,0.0,30.147966153981756,0.0,18.074040364467166,True,4TkFBitTyFWhKRFQ
28.236926264327035,6.878362244772735,6.357069562303439,2.6817998049131093,61.888965732649226,18.05324889695387,True,GP88oBquqOJCxWNC
33.315950026507664,8.429624308216262,0.0,16.828962536023056,34.150121106248726,18.041547576034695,True,fIuNZkbAnb2qhywi
28.983635994422105,2.7120889641120454,10.49093780111157,8.996966447544787,52.200340252486015,18.040879591957278,True,sehA3rnrWSlt9QT1
31.964073371792566,17.81011977204754,0.0,26.433535430995228,0.0,18.006782269198936,True,fiPZA3D5YSM7BNlD
30.910738710797954,8.930515695895702,0.0,8.827656085088538,51.70627553512951,18.000626503489542,True,udnQeatTPLCMfqaE
30.565266434274385,5.907323314314236,0.0,11.678976033175923,55.881032606946064,17.98636042453187,True,igHczTSQYaTpWApk
28.589179303114825,22.363227471719476,0.0,25.428328832146654,0.0,17.981809983686315,True,bkGk7t4M9S8Hm8KW
28.964860282868926,2.615231851879857,5.109061825937326,11.15616365074551,59.31403952770599,17.969906913400532,True,WIrVADRlBqtRde3M
45.62883083839284,8.44566021535873,0.0,14.399805988335642,0.0,17.960035203607877,True,pEA7klA2UvMrhTui
31.767787048084823,9.691395845999361,0.0,12.39965562028436,41.42883528090914,17.956016947058856,True,gOlKOJwyCSiqdxxv
32.74114070616614,16.714435951497894,0.0,26.31490238307037,0.0,17.948186557184872,True,Qkew66HYhHK6FUaR
29.445105157236423,6.044180071856128,0.0,10.804871660196078,59.45597242855136,17.910904557019506,True,dPesfr1riqzaPEo1
29.009639173505583,20.985711753138986,0.0,26.279757045358064,0.0,17.89128324714013,True,w8ny1LcQUjyWPf9e
30.71218953601936,20.264484984792514,0.0,24.03138591747972,0.0,17.884485994625894,True,JesQeqgmULF8vwiQ
30.553721273001127,14.379311394695407,6.097149368894456,9.51362766251993,24.72555062816037,17.879973316547108,True,SSRwj26r6fQ8BM0q
32.43768935001138,6.353191908597363,0.0,11.879237555174793,47.75945758092477,17.87743617352145,True,JNTDkDq4aSufqPSp
33.18863050173377,6.021946418813634,5.197838213581971,11.69366313750568,36.159835004062785,17.871676368972064,True,yXPPcN2dGvCvoXVD
30.268246689110143,19.676339455214084,0.0,25.781097665882893,0.0,17.866723520418997,True,t78qy0NnYKNTvpfZ
38.12196454981814,15.994239400491061,0.03169907016060862,15.950732613572631,0.0,17.834098921136224,True,2KulvEqEEErpCOkf
41.19634032090306,13.46595901521638,0.0,13.960403517289745,0.0,17.819452377668476,True,b0LWNTNL1OnV08EH
31.76779952756767,17.150780100522525,0.0,26.470318354446512,0.0,17.78858263656791,True,pFjgTUP3GyddmkdS
28.0428088746962,21.406001912597336,0.0,26.77778072666472,0.0,17.7810102495579,True,pRlbKgqSaeBNmoWZ
27.269466009000105,8.27436570166435,0.0,12.6255165457326,56.32388107428615,17.775646817404624,True,RG5s0f4GlIO78Aur
27.535545980063006,22.80315588097423,0.0,25.40126889078985,0.0,17.771643097880936,True,e00ghFMZNoeZmBvZ
31.021693806554918,5.443492311082205,0.0,10.256214591813045,55.604440365907436,17.766257445099725,True,NB4HmJSixjx3sncN
28.663206599886013,18.191526607599855,0.0,11.797503133744414,28.469678987268008,17.76343700065423,True,ywlRQxdJRhxKvMbt
34.35052518098996,22.009249341882906,0.0,13.033165576245596,0.0,17.762444726204553,True,0pAcgRa77LVPNKpY
27.44275979741531,22.486056086958133,0.0,25.68852738752062,0.0,17.707621069092216,True,0XFqMaOSzcSXCiQS
29.387588696502302,11.084111284898933,0.0,12.253443492895595,42.74839523429285,17.700160477539047,True,RwbG7xTjBf8dAGNA
25.847710116202144,23.92866175227642,0.0,14.449253907694837,17.875909273194928,17.691457486403465,True,cb50eDMQ1lWueoz3
30.047170339074803,20.535888077027046,0.0,23.618617937789065,0.0,17.69091581164756,True,GjteTqbIfCciHqBe
29.654837465923524,19.04670815611515,0.0,26.861671897007582,0.0,17.687379063356982,True,2A1FnBz1tHupjb3Q
29.40847228648111,21.049298045627353,0.0,23.987741640673118,0.0,17.68302744345214,True,uF4YSfZPWrtz8Q9M
29.025492081692633,18.75065803761456,0.0,28.565332249542777,0.0,17.680111971342846,True,6LbgMnZuGTXVGYLT
31.38593929399895,4.254161745440363,0.0,11.137269498551309,54.94990322434484,17.644902971776958,True,ZbeyngGWxlbaOjpL
34.8677181386923,17.677177220518033,0.0,18.42235029624017,0.0,17.642962291173223,True,Y9vUpnwyAGZkiXWH
28.020427999665756,4.383036123004039,5.063451180191952,11.765144628986627,53.607055587462284,17.64005491978335,True,8pVEIOR0y8ktnVd0
31.70359586082001,9.80974274855416,0.0,12.634050170300576,37.77880912749043,17.636502883678673,True,icFv4Q6icqzY5L6d
43.475092218866955,8.615575388407315,0.0,16.23669241495319,0.0,17.631925375004894,True,mAaCshFdYBaklxkv
27.286652777408687,19.390310297691357,0.0,30.64657112845138,0.0,17.63055907691315,True,zpB1axciUH4PfPOB
29.532484704396133,19.578370462412355,0.0,25.80715668519328,0.0,17.62541152970092,True,sWbo2UvvpnId66Qp
34.897743650060654,22.67313652027105,0.0,9.84747053960741,0.0,17.61472780602707,True,sXe2iqnAezdxaSlM
30.87046823944534,7.423030120431207,0.015989652917933996,10.237745639323778,49.54919718043797,17.610677496467353,True,f8QIolG5Xe3f2ZYp
31.232585209235616,20.1726048931069,0.0,21.252941543972177,0.0,17.600868017643236,True,kPNcKPRPz9Wv9YBg
30.416048866403525,2.6442810161652646,5.146724521775876,9.374892569559833,53.779055521052214,17.599369255856747,True,j53xhZ2P6MESmZAA
29.794819793080705,7.0718692213348815,0.0,10.290656403857827,53.47989877721686,17.598001581558293,True,1o7U0DJcqMGF1Bib
30.67300275058518,4.616106059063076,0.0,11.103241580299946,55.7441162384481,17.595825200831122,True,Od5TSJCaiEjI9l5c
35.97925272137849,13.632538192602265,6.055295950155763,14.513297383418102,0.0,17.58996416210798,True,qOOGssDas0hSStxc
28.917780613026306,19.709060183725484,0.0,26.498829968666957,0.0,17.577423725139305,True,ik2J2jh39lYRPIih
29.898559101032276,19.807271565652457,0.0,24.3623153926395,0.0,17.57573293061872,True,PABzZFZd1Hd6GxbK
27.24717980462593,20.795355546967492,0.0,27.976755573085974,0.0,17.569506164092548,True,sT9Md8X0lOFCam2Q
30.88077679245633,8.501191739438653,0.0,14.106062378992672,40.631175148486925,17.568557844294155,True,6Py4cvLdqDownu1j
30.158732120093855,10.663070344343847,0.0,13.215525592924289,38.71597630544331,17.567313691597093,True,Pom37V7sjiunLo8N
31.236519298522097,15.651586415678576,0.0,28.548126064735943,0.0,17.566071303186664,True,dqP2JBWSWeI3zRUC
29.62767124255471,26.249379290498403,0.0,14.048697846145718,0.0,17.557950872312873,True,ptuXstzPGsZ5p9Wl
32.784734599208704,21.041793620641805,0.0,16.374166931132976,0.0,17.55199382459301,True,bWa40fopd11ROkUh
33.282961653305755,13.558197824986163,0.0,27.84522676815731,0.0,17.551221967461863,True,WvicwIv0Pl1XRDSE
28.510036160709728,2.754811411353341,0.0,11.924763283515462,65.1401091927003,17.5444391128486,True,3KGV1V4fxvvfJtLw
28.907632221328683,8.088183058678242,0.0,8.779523970803183,55.246402033497645,17.53590423003841,True,0hoCQGQAX4lAGq4N
35.71963291980928,6.26295686443313,13.459507509419943,17.075325814343525,0.0,17.534829466086585,True,D3UuOLWU6rXF7Mf1
36.26525338678154,17.07101071705341,0.0,15.848427942912329,0.0,17.524592886734663,True,Pl11tq5T0vtV08Eu
28.381334213934966,20.490633907423017,0.0,25.847745118971368,0.0,17.514220508881948,True,zhrsbNknpX2weDt2
28.792300373624176,5.380382923304163,0.0,11.884872136992675,57.4499853506598,17.510515198528175,True,cQBkqiyhdTppjrJS
30.791261690821294,19.691947890592168,0.0,22.259891766380164,0.0,17.499349244851455,True,K3wkW2JO57HZNxMr
29.4172762151213,6.155287833649663,0.0,10.751445255645118,54.95209187367044,17.47193079866262,True,QpO9iM9FDTrsPXso
33.21476313034458,21.509676451726346,0.0,13.985011832763607,0.0,17.4395998269495,True,BIJxs2YuQvpX3ORz
33.00749010560627,21.59990109045327,0.0,14.220611637016486,0.0,17.435314049847673,True,GBtoxJZpbLFuomSy
31.13200986836701,17.907878124365414,0.0,24.07875866933114,0.0,17.428386292001125,True,lu14jUbWu4A9AtCV
30.37907365625575,7.230667594835173,0.0,12.278131220109024,46.62245814595044,17.425354493196917,True,m5xky1qivKQPNnhC
34.07561695272287,22.15715148574058,0.0,11.015439368314016,0.0,17.41428886249911,True,jep8MgoXBSMN8Fvq
28.631429911703496,20.859100196306237,0.0,24.06135114169112,0.0,17.413406693841274,True,zLT5UZrUX856Ov8m
27.017630718723186,22.685585649059902,0.0,24.12327525430557,0.0,17.39517691602777,True,lVZvveUUn17Y9rXs
39.17930760097757,14.696807232764137,0.0,13.113594160210027,0.0,17.39503321251581,True,rFe6WX3tlqRPokfg
35.70651827189499,10.984264184397164,0.0,26.16244819226859,0.0,17.382388756508075,True,oABRWzWXSItuLbKY
33.638715407429764,22.142890920161992,0.0,11.668153487486917,0.0,17.377560375392466,True,HPvWOlCY08BG2lbK
26.054605857981237,22.989916647665375,0.0,25.29984927741821,0.0,17.358838310923446,True,9l5hSlqsDQ7eOD7r
28.016052717788824,29.240107196394458,0.0,10.943129035912541,0.0,17.356311969822144,True,mfQxfOmeRmwBh0g8
32.76613854408166,21.93555077850153,0.44633799959423814,13.017596992324162,0.0,17.355636406617354,True,JTsliLXyZ3W21Avg
31.633198566162697,11.66000108558644,0.0,12.688377444620372,30.450088332077854,17.35322529114626,True,g3MD4XDApGxG7zTZ
27.419391867577207,10.121821371114411,0.005851621601378174,10.251812810950874,50.46179263670454,17.341394412685126,True,TVSDgCBnV9uaA3YW
32.41370826576388,8.021890736931844,0.0,12.84357545856694,36.82346217852372,17.338467700599537,True,QiKpnXS0gnizGKmE
37.87814578709055,18.95023426061736,0.0,8.214840080062089,0.0,17.333228313290817,True,1v5WO5CWYR9Ysgf6
34.103322033447995,20.084097382991537,0.0,13.855048632006158,0.0,17.330278250583206,True,c86xUC5kFxBjZ453
30.386926111201632,18.88895117922799,0.0,23.259116409537167,0.0,17.327183089598062,True,rh8o7bdCGOIBFPwH
30.8519474719132,4.6837122920443255,0.0,12.14645707747019,50.666780426634055,17.315158918868974,True,77uJzMj3zpuBbcyP
33.424765360046855,19.517798120864562,0.0,16.027958387516254,0.0,17.311072896357636,True,7I5YYlA8ok8fHMrZ
29.882144272967693,25.82857161367786,0.0,12.574074074074073,0.0,17.307897296420883,True,ORKkWTLEdtXunH9B
31.430738272789807,8.651840144417598,0.061207609594706364,13.13462109744512,37.2185763433629,17.29647383881334,True,uj7Pzt6jW4VrnCtj
29.085610789393645,19.82012684746374,0.0,24.04450190280231,0.0,17.28739023410437,True,UkcAGg0uuJOmNn7I
29.20132659374832,18.32920740641832,0.0,26.27013291634089,0.0,17.28321976718021,True,0FDQ9zYT3uCi0uV9
31.93460436830658,16.626716038433752,0.0,23.59070166624801,0.0,17.275665570037614,True,sED1fQkLdOnxacA7
29.698290748047707,3.0524724785987165,0.0,11.160348206749546,59.27490541919836,17.27414811699626,True,IpUJuaGVnpkEgbtu
31.632982272029494,15.971159372196757,0.0,25.15191465894599,0.0,17.255471723499937,True,JBBP5cmkribqYZrQ
28.56044569866287,6.989724825673965,0.0,10.970657586677932,52.93027211107783,17.254190765126825,True,Vi6GSbdZStQeDE5T
28.554897540254046,4.739130732110715,0.015898268328278224,10.947404938234362,58.573769412620095,17.253919280766713,True,Gl5sZCEmnT41Ke1i
30.390890599494394,7.6702942987733245,0.0,7.381081894767879,50.959153787386256,17.237918417495457,True,R6iYPb7MHFiHtXH6
29.911021870684145,17.57809578588077,0.0,25.78076161700354,0.0,17.234944750225967,True,t9RgSV9n66pFA7GC
29.120930795207066,17.413397309248282,0.0,27.597167020981605,0.0,17.22920361902143,True,3Q3jk3jlXTdAttUX
42.56935262035456,8.464473537654769,0.0,15.600002024127601,0.0,17.2269244741392,True,gkdDIcW0TbnFIf2a
30.89363741478949,17.411025034966553,0.0,24.00739186894416,0.0,17.221956263520113,True,J4x1A16zD9W45cyo
29.172009884800417,18.839516824849007,0.0,25.05616386633944,0.0,17.21990675160329,True,4IKJm3QZcvEtQ0IJ
31.818623074895694,8.504586892339374,0.0,12.502778470729709,36.70256151623036,17.217406567786043,True,Bwd3l6Rrj5nXHKmw
29.07181875236324,20.2216499503027,0.0,22.925519709972008,0.0,17.215786069780446,True,iG8KbQvyBw6fJmCI
34.56625572270997,14.944231450912415,0.0,20.653505091511125,0.0,17.203960343267763,True,3gTSyCSYDs80myd1
29.62501178121507,19.346788236834662,0.0,23.166983017822048,0.0,17.199248046246492,True,bGnOHxbCzvZNDwNu
36.01269245064677,6.9460117602977425,0.0,31.03708979345861,0.0,17.195874144287256,True,uCE3ViqlRL0uZsmf
26.70567863826735,21.70876371671809,0.0,25.005454669424303,0.0,17.18971272107337,True,CjqMSdmi9iprEFes
27.585744835562505,14.385223851033945,0.0,15.298225949505046,30.205127878579827,17.187276093710977,True,66nula27BklZydRK
27.634814716915855,20.974468443658587,0.0,24.256292485761527,0.0,17.17250539885363,True,C2rgepkuUE8ULE88
32.930300584956036,19.594287742280677,0.0,15.948329278060722,0.0,17.169911502766087,True,XKA2mP9zjbTLeAa8
27.558185777067948,17.837476720169576,0.00981028364800121,13.452919095018544,24.117253888836423,17.1584502230288,True,wZNLBsjAdOy0dTbN
38.27177847016948,13.252446261026153,0.0,15.713814487399393,0.0,17.15171727941729,True,YtjD7nVrqLTFK0VM
29.99337492662948,16.98775968476397,0.0,26.042786722710197,0.0,17.151370407586363,True,TimFlG8hCK0nlmdV
30.774109422660985,12.701322017445223,0.0,7.17741637228084,36.654204494110715,17.149596236412798,True,yWbHef45aDgsMVl6
28.35765815894355,18.610218094856226,0.0,26.453610632123482,0.0,17.127893566215644,True,twBcwQMYx0zntp7W
28.618776967314766,19.73936168356406,0.0,24.03623739590038,0.0,17.125909120470503,True,1NYoYYtirPO2jsay
26.769059982995575,18.085144927536234,0.0,30.479628921193573,0.0,17.12394856496177,True,vKzcNrxrQqYPZXMa
31.20212573650477,15.814375210825265,0.0,25.344626858116655,0.0,17.115925552375245,True,RPZSqNEm9prJto8t
28.59421789417455,18.513459919709916,0.0,26.04296858164893,0.0,17.113075635427183,True,zu7WyNEAqHCGsLBk
29.280826687894265,17.057717005845628,0.0,27.093128495509504,0.0,17.112646532156113,True,urBljT2akekmVUFR
42.75746803808085,10.507383685556643,0.0,10.962231228188674,0.0,17.098421017041716,True,hBYdzQXYqQ2VqZLc
28.703762703670375,8.507353075651773,0.0,12.900840052605965,44.24280878482533,17.097373966387483,True,DM6NmIPMu7Ktx45J
29.284444110679985,18.576700342474112,0.0,24.426618824407846,0.0,17.0935011424837,True,8fqY9qoaO0haZyfr
26.272024368055135,7.244450776333008,0.0,11.580005604427976,56.51710944972087,17.081431790136076,True,PEDuA2X7UMMTNVaB
29.541931505415164,7.318751525281272,0.0,12.673820406731394,44.81954183051537,17.075294577006115,True,tyandiRngieFHhCY
26.190549194065177,22.93919063356694,0.0,23.198741740592183,0.0,17.071773677700115,True,HoaT5mQrRj40OrmD
30.71966959576628,16.953757571002082,0.0,24.07737645458667,0.0,17.065946739668405,True,7npGfBUDtkUmpBlM
26.338826043785673,0.23470732158764715,10.16281608409148,11.553774948872249,53.355907821442074,17.061544884825953,True,A6kS9NSmmP9Drhw7
29.71909188718515,18.38741770580278,0.0,23.65882921608231,0.0,17.061406375018585,True,n7v7VU27ikHT1Eau
31.2251393698685,15.23418100724121,0.0,25.79966164860491,0.0,17.046036310061588,True,OuwKbsQ35zh4cdDM
29.379438960344622,17.319384874423676,0.0,26.006658507747517,0.0,17.044676682871433,True,BSeyiWakHVhkmC3h
31.557016257010304,7.7194639753233165,0.0,12.241598282782968,38.10645637005272,17.043856250356637,True,D4NdO18uVJ0pdqEa
27.640744943309702,20.814818222985295,0.0,23.64818038101017,0.0,17.04315509589076,True,tdtUA4VWyJj8hjfv
32.1781611575895,6.1116211070641295,0.0,12.488562951270135,39.85913903466495,17.0405519701999,True,o94Az7TpRpEV11xA
29.574301314083073,16.65598583384278,0.0,26.694415116814206,0.0,17.040449120207747,True,cQKL6J1nK2FzODpH
38.21088536238644,13.732252313575165,0.0,14.286499939411453,0.0,17.03930367802144,True,gO6QA6eQGbLZG0Wb
28.845998834185522,15.482445283330238,0.0,30.031001836262607,0.0,17.029061246527608,True,CV4viruPYWcHYAP0
30.082855259936586,16.274438640156916,0.0,26.217221916987164,0.0,17.02604952556828,True,4CX8r7WzBUuQovnJ
29.519364632410316,17.67359710199128,0.0,24.983125944636534,0.0,17.021677556916394,True,JlP2c9UFYbd35fuM
29.329955545372005,16.129943953440673,0.0,27.80196906937535,0.0,17.001768012378072,True,Fe9mdOj8niflLJ1Y
27.210428509524792,17.600232710237727,0.0,29.578765628610306,0.0,17.000001574708413,True,riOtNIfGPkL8LjkQ
29.89904297869424,17.236357837378065,0.0,24.782921338947016,0.0,16.99624055379484,True,AoupA6Uur0eKxhGR
32.22290060006938,15.844620026694672,5.593542260208927,14.929907861159412,0.0,16.98621981791018,True,T7RKTt7RYlSyNgw2
37.68760921570569,1.3695353726028574,13.615702479338843,17.41322934131182,0.0,16.983791504926963,True,KZTVjVqEg9wEXuA5
28.395996150734252,19.717400084319834,0.0,23.433737411031114,0.0,16.9632094779549,True,r7ir3YdPp0nIhaPw
30.181297016419236,15.604430935732106,0.0,26.67847332658667,0.0,16.957267837846796,True,FuN7WNHVO4cRgYef
30.793530886425984,5.906368586041907,14.81060606060606,21.850091641447506,0.0,16.95428637077661,True,OhbVrpoiVgRV5IfL
27.30487267920838,13.747894263384278,0.0,11.956998810669464,35.26545864675647,16.94853105588465,True,fgkXxGbttS4odzuR
31.809110827156438,16.450275617858576,0.0,21.855822676126348,0.0,16.93367555403053,True,w4Aq5A2DiR4yWozJ
32.4576565272711,19.453683256314836,0.0,15.552798895312666,0.0,16.933637606556935,True,GoNsIWYStkjAPBmf
29.370009668192658,18.51032885774471,0.0,23.220852752694437,0.0,16.92171302779814,True,xEqGh8DbayZAz92g
25.354149025543208,15.130062023676524,0.0,11.460135661548357,38.09439641917274,16.91722020473162,True,qM6httunpFS9w1lb
30.849701358034753,14.068142309748344,0.0,27.62588369132425,0.0,16.91582853854615,True,vnzULIZIgysXLIbq
30.912776977909388,14.833563367703174,0.0,26.222439611708932,0.0,16.91558987705495,True,GgFMoSscz2vQkSEZ
29.753566123550762,18.64470435719256,0.0,22.144628099173556,0.0,16.908940141239402,True,xb5vu5PpSOyiKTOf
32.54910308064656,20.242895488327843,0.0,13.83522583901085,0.0,16.900738672127556,True,Dqt2gc3V5RJqmLE5
29.66470543777145,6.327210432178539,5.156010373218023,12.804680416266532,34.663317726531346,16.899450149112788,True,DcNLdUmhCYjgO4eY
26.813793474921546,7.689254011820431,0.0,10.750435068745949,53.12010224000119,16.891027029743583,True,7h9d18xLf696wVD5
28.034520751091584,5.197716918380682,0.0,10.792853370388638,55.61510943710363,16.890224404191304,True,98elRyfqNSOYMnQz
31.030131137495022,3.0726929529505425,0.0,14.832531665719982,45.778259834698474,16.879918312813988,True,G6SmCstI4K5kmWN4
27.153027451030397,19.179863426142717,0.0,26.250991023247487,0.0,16.87852274533192,True,eWB1JesEihS3rvHA
28.126056873416402,18.35786898236893,0.0,25.67011549566891,0.0,16.87780163196749,True,oyyigbmH36GRA0jM
26.952451209185597,21.25234280406694,0.0,23.11609229741841,0.0,16.866234908385177,True,sggAEJI29exYLAOY
27.175463950462415,20.024257276825853,0.0,24.662698412698415,0.0,16.85810826624995,True,BuakYrLhzYpacLYS
30.341109672258533,1.502896008207931,0.0,11.180458903035884,57.01912112330629,16.857037851515557,True,OgAZKYjCwNkFtA7d
29.539138790311213,17.92044132183836,0.0,23.41127691368678,0.0,16.85354350460597,True,y0Koco40Qky2tPvY
26.700347748779993,21.269480534231676,0.0,23.502490660024907,0.0,16.852848057195654,True,xXcaTMlqrMTOlH8C
28.160940811589697,19.58602726198624,0.0,23.3650458751113,0.0,16.849545940240162,True,GvOh4O9I6ZW0Xzlz
35.76825730468421,9.623895970730118,0.0,24.736989732684506,0.0,16.84699964399047,True,tlFcfdoMobHEav6N
29.6084642754711,18.735859536370064,0.0,21.814839025984636,0.0,16.83873002063154,True,ChtGx4491s5eJoNw
26.392158001476883,20.863996592893784,0.0,24.66519695721692,0.0,16.83342609224905,True,aW5IagELHzETFJim
27.321054415561235,19.77607666711496,0.0,24.524645288280162,0.0,16.819032284689136,True,2poSTDlcMrJrfVmU
42.749786893782954,9.680596635899029,0.37790232185748596,9.970013676688925,0.0,16.81616774298448,True,gwDKldJlQpYByf1T
27.528552845803517,20.103546268412543,0.0,23.537465204794636,0.0,16.815072201563385,True,E2wmO30KzCnDNqIC
36.88927599001602,14.832318888824414,0.0,13.584093478089429,0.0,16.812476540924322,True,G0JY1qL5SUuMe2ly
29.51133144629573,17.316724047532624,0.0,24.115769724901604,0.0,16.799945904507116,True,Pcxkzmwedc12Zqyl
28.493494536105565,16.64509089008246,0.0,27.254368977344313,0.0,16.79747642995393,True,0SDEuPPz0ykdZxPB
29.362769546587746,17.36422742777453,0.0,24.310440577563863,0.0,16.796453807554535,True,58xuUAeMiieXHJi4
31.947708290227958,17.307555032271285,0.0,19.22702084163699,0.0,16.795254371381755,True,ULr8XgotFvdKH5HL
27.574810233578155,19.227502974295106,0.0,24.712902702410354,0.0,16.786254219008775,True,bJEjzOhDWA5bPClV
31.72403824973909,13.946986222132399,0.0,25.112857863993657,0.0,16.770886710053873,True,ZSPjdaElcis1xRR6
24.80441373729435,21.488986714283314,0.0,15.9524028979281,15.548504737705944,16.761281708218945,True,gICNJLE4AXopRWci
29.679888982229357,16.90189827953744,0.0,24.173979705057597,0.0,16.755538220311806,True,jL5kxXQ8QIQl34kH
28.846796873325367,15.74969598876564,0.0,27.73233129378381,0.0,16.75131275325659,True,nwOsTMsUaglG6SNE
26.45139150924623,21.887092487593943,0.0,22.28884976325191,0.0,16.75051803916014,True,tXu9omYGZMbBip2Y
29.40440953899483,8.85231231755245,0.0,10.667094117276585,41.13162584863253,16.7476276435413,True,8Xdu6OYd52h5NI78
27.975608015225372,21.459237896226604,0.0,19.918540268456375,0.0,16.74527291889272,True,hzLcYyMQWyJw2Dqz
29.637627787283098,7.597241276778702,0.0,13.389208622388582,39.42743968656841,16.741723917394733,True,sji9Sx7KUopPT6in
29.148730150763477,18.200196470309272,0.0,22.894183213995717,0.0,16.728795644905716,True,dzgSkdn0qE1OgCVv
29.45835107001881,6.509746754253964,0.01500644026394661,9.53680891598758,48.28747442051523,16.727212077071584,True,E7Pg7oPRsPBV4YpO
27.382007282374083,17.502961294234822,0.0,27.46806536787269,0.0,16.710552313451835,True,2YjzLWwIRjBQrfYJ
28.40308941565439,18.04360895301517,0.0,24.483291607706544,0.0,16.70432280410609,True,RdhJeV3xJKgmzIjL
30.155388684573303,5.391867812829627,0.0,13.03906171699383,43.51758632859398,16.70220144898787,True,JScl7G7twDhRJAK9
24.941541706867802,21.333504321032763,0.0,25.895425308954252,0.0,16.70015238866167,True,mTTGusap5mALLMvi
28.63969185562304,7.333396543382308,0.0,9.889292223084233,47.88563819783836,16.69721434577896,True,EnSU1hjHkeOgYelz
29.267729585309162,3.432724853223521,0.0,8.662692268211897,57.57207103821126,16.695111032951537,True,slw5ce48zxCxxuEt
29.271637010293038,16.476659208287344,0.0,25.269738254873424,0.0,16.69111664339076,True,3wK1giuCntNGLK58
32.68568829772674,18.045629293502238,0.0,15.75622916997302,0.0,16.680548188189533,True,r9dIh2iSpvBoZfzF
27.158559419868517,18.775441243957367,0.0,25.586870294919187,0.0,16.679458681187775,True,5zRUeTPWyqhCbavm
31.246273941977687,3.828220913389581,0.0,14.591525443388896,41.59028997703169,16.678695225152204,True,50yTdPoz2Cnnyerl
28.237161344719976,15.877769252114144,0.0,28.234386713569,0.0,16.675748723479877,True,9CsOlh5i9maNWqaD
31.013108649385945,5.097074448800556,0.0,10.824246330616798,44.68575350946138,16.67041350755458,True,H4klGVFJaF6mNdc6
26.094490265813423,18.799026177074957,0.0,27.543004111432733,0.0,16.659554240727672,True,d6XfPKoIVU27c66l
32.47323670879428,9.849098988471942,0.0,29.696464086922862,0.0,16.6587153727947,True,GNlm2LOOjohizcrm
28.881452133945626,17.555916305916305,0.0,23.980709518104693,0.0,16.650521144378466,True,daVpziQl8f73e7TX
30.73429350220513,15.114594848833313,0.0,24.285636797569975,0.0,16.641782282505364,True,J3JjhcaKMzIJ8ftn
28.575829627568204,7.437417654808959,0.0,10.286455349273304,46.58947452263507,16.634019056627203,True,b5vRxXTxTw87Uy0j
27.27639376184998,20.005374731263437,0.0,22.981814420581486,0.0,16.631533974458076,True,lmdl9GB3vPS8v6Sb
27.020163871834452,15.155758422257126,0.0,13.983396440830319,26.33991975565148,16.62649020880431,True,LwYAWfEBQ6xvJMkj
28.634867331840223,17.65045078005804,0.0,24.075404097941124,0.0,16.614383509257742,True,Wnh8FVMwVuAmnfZG
29.0103356366848,16.78926492664334,0.0,24.738164532402017,0.0,16.61114160252658,True,qomJvZp4iU99s8D9
25.714610969722756,22.488245157321913,0.0,21.83047774776056,0.0,16.611016242411388,True,l9DVLx7cfXtux5y0
32.84805660351657,16.131497467559804,0.05913485704148311,18.077358316775662,0.0,16.610722066869567,True,rTIOND7IIUfQOqgS
33.076405111833424,5.8145467115898555,0.0,12.717468895180717,33.151810556070295,16.599359601331628,True,msWeoXCpqvrisE13
26.083833667004022,19.98228508634882,0.0,25.15787736919174,0.0,16.594402977067173,True,odr6AICuazmvf4KZ
27.51521353272698,3.857148627148611,5.027951353893704,9.75648056287622,49.00032366824192,16.587945938639614,True,XysIsriRDpLJouUW
27.92146671533108,7.6062773264425925,0.0,9.428982054726095,48.933846807783794,16.585741335197266,True,WFsBqumW7og8BW3r
27.87490938703256,7.775704377307392,0.0,11.266596312983738,45.841534026841124,16.580541760068286,True,BZDBBS8zWdSNfLhM
28.40963432658621,16.944134103128462,0.0,25.46881881441029,0.0,16.579246645919522,True,cXQyS96TFprMLydg
35.79343371588472,13.21898276432022,0.0,16.879771368504038,0.0,16.574741511121076,True,Opq31fbBxXD05iNU
28.71480509048498,15.908855387466398,0.0,26.52326950645095,0.0,16.570145799979734,True,IIFtuTS0GCfUQidO
35.35281218285477,7.698563390631992,0.0,26.929024202842875,0.0,16.56983813294086,True,6rlLBO0FfEwAvuQg
30.526859463283056,14.964906051999126,0.0,24.466846349834704,0.0,16.5693113044599,True,jA2oQjwFbpKVSBxn
25.339480920983775,19.233939028407907,0.0,27.714063577285863,0.0,16.56743856998999,True,9wdssHO7eGmXOlWg
28.90417630813043,16.407434547847732,0.0,25.294548915699842,0.0,16.56729386675604,True,atIr5I2cLtS3CUZn
30.39708757771127,14.799778941009954,0.0,24.860737235151092,0.0,16.54818159383853,True,xC7aIldZbqIcAEuE
29.150463528308457,6.91332944013152,0.0,8.676327420839225,47.634949820214075,16.53841551367271,True,gEkVz95jGXap8nS4
28.994155337695226,17.403282064176775,0.0,23.165677042260057,0.0,16.523918673691767,True,SVluJ44eOV1581q1
28.897543237398356,17.624342507821652,0.0,22.9502757760825,0.0,16.517889964587294,True,VuSbNCLXnqR4r3ie
32.956320905986196,10.398297274507158,0.0,26.873446012012852,0.0,16.517487492224575,True,tQAuzSsJimAQ8yRV
30.064956025954892,5.235290646700795,0.0,13.46191982785738,41.65602335203783,16.513199778844054,True,GViYjblidreaAs5K
29.802296126773438,14.82422505319469,0.0,25.702145897375267,0.0,16.50206698593699,True,ppPtLf6Se3thvkbI
33.06035298777545,16.154205026893642,0.0,16.941033788992723,0.0,16.497812221404953,True,qduxCj27tFWDkfYo
44.1176759352179,4.394185612888417,0.0,14.418962203715566,0.0,16.49669351434481,True,JBC2x4zE8x2nXYu8
27.691202573623922,18.123311603158307,0.0,24.3278807920948,0.0,16.48737079169097,True,5QXHPGkXWezPug3e
38.52320128900145,12.39530613576415,0.0,12.166566718219023,0.0,16.480771928374324,True,WKQjvXvHXpdamZ1w
32.427933506024374,11.710859396899664,0.06004082776287876,25.37102881714909,0.0,16.473757389157168,True,IgKMWZY92AI3Z87V
28.261221074723768,16.61070560978347,0.0,25.572729451234125,0.0,16.466952142548116,True,jQHoAtrdJ8L4V6lO
27.801962703065556,18.47851512510938,0.0,23.364488432685746,0.0,16.464890857099874,True,BzslBC3Y4o34xeZj
29.467279303014166,13.002815415004669,0.238841618151963,28.841215695013457,0.0,16.46483832253783,True,O2qGFq562dfOB1rc
28.182870128969302,17.454315204495018,0.0,24.194852864934365,0.0,16.4476677695547,True,iS3ipjTu1pW1RzFj
29.247141113100056,16.260411460191012,0.0,24.029361093801548,0.0,16.443649363048003,True,yiB41hfs9jqnYAQi
31.65849216471036,5.324698942657932,0.0,12.5988297372587,37.22557448487491,16.441104294153888,True,Xmv7RLL129SILBPl
28.54782427643812,15.953226238884668,0.0,25.88031452405555,0.0,16.434701021260935,True,khog99sweNvhx776
28.13372490686974,17.299320232196553,0.0,24.457587955764172,0.0,16.433585723474685,True,Dh6qcbVPqLpIX8Je
28.50379506234723,16.55017447463164,0.0,24.917566258390423,0.0,16.426317076120643,True,6o0C4w7bAdzGxpyf
28.55707264757823,18.242871898544003,0.0,21.950971322849213,0.0,16.420485467336853,True,CHi1Ds6hTT62hC4B
32.81758383210541,7.446582211746243,0.0,31.414393312198374,0.0,16.41907969939794,True,m0Nv002bd8eyHdNP
27.356298606782957,16.77429659382841,0.0,26.787170235696543,0.0,16.41853926584647,True,dBKofM1BpbY2p7NM
30.09912708010501,0.09472588248296059,19.55388146665882,10.800665118317884,18.24637975384076,16.408933631115765,True,8kn3TLDy8Pzkhxre
27.294587457850504,18.91735864559928,0.0,23.25663600030164,0.0,16.406211298800216,True,D7zlLklBBBCG1SGa
30.24604675974661,17.153970432886492,0.0,20.279697918084093,0.0,16.40426132385822,True,DIgJOd9EDN96TZrN
26.075799329633796,15.51574625002856,0.0,10.800503059113321,30.776749023258137,16.399426722590093,True,MiEx2OkmrdGFcWxA
35.95025691410608,6.669019530293737,0.0,26.296565187228754,0.0,16.396816734889573,True,TcQuwjxCIkIth6bz
25.769825977488782,19.494604787521464,0.0,25.24562657303545,0.0,16.391442976082317,True,lbTdtygujA5uqy80
28.02784078349596,15.74088350936705,0.0,26.91960939910946,0.0,16.38151452225697,True,i6m0LHT6t8Ftl047
29.046590624090154,16.825843798671308,0.0,23.07206863679695,0.0,16.381248432414417,True,oLRXuIDPQmX0K7w5
37.74649306674125,12.38565963771464,0.25999187970567494,12.714175768109925,0.0,16.37948757060866,True,fotfkvVpPZH1S75X
34.014695983740296,16.349234551878446,0.0,13.915151515151516,0.0,16.378990160364427,True,G7WoVUJi8mFdQVIr
28.931716699201836,11.662845599087223,0.0,13.116762653826173,28.08841444974073,16.371582252580353,True,GAg3RfvBZ4R1YXWk
28.408884219594142,15.985848978527772,0.0,25.665411707554043,0.0,16.36893926664329,True,j2LurOY7wQORapJ7
28.5113982502811,16.52051083168555,0.0,24.551430385190343,0.0,16.366261740784267,True,uSKMA3arSnWJYFIF
27.682465584525993,17.68281001649709,0.0,24.260915723611394,0.0,16.36457953802378,True,U0Atr2bqDPJmXRWk
28.544915744419196,17.117846364688027,0.0,23.458744290726155,0.0,16.361747958106687,True,bvBlAb3HuyqfhgIk
26.545261892867547,19.203001874505834,0.0,23.97801414551236,0.0,16.361031158313576,True,iuW7izXu5s0RU3BM
27.727505666450725,19.630150027024193,0.0,20.84920985256467,0.0,16.353170684575964,True,FWiyneKLYWwV5Py5
29.53868687139215,17.01714996693723,0.0,21.56700965581356,0.0,16.350945001523986,True,Kq6naek2cqUEYeoD
29.551267472586417,14.413669442957454,0.0,25.862348365589405,0.0,16.3481498573537,True,Ah7PQ8QJULt7Tn5E
29.75123689724487,15.69252728589501,0.0,23.297653852659046,0.0,16.34315096854607,True,pcV8GSjK9kOqOJiG
30.23107125155371,5.123290194661655,0.0,10.788231011122132,43.70992645017178,16.339371220817025,True,qErfwW1f1BVojNuB
26.032986218790143,15.871523141176805,0.0,30.392308703847107,0.0,16.33662295650831,True,xcbmmslo4qUlv2Jp
28.674217935928045,17.412727410011286,0.0,22.504010427110487,0.0,16.33104879734781,True,rs063BLUtxNXz7qJ
28.69005697445065,15.761174719166435,0.0,25.16380560928433,0.0,16.32188161351945,True,zD9aDrlh9v7peMpO
27.832370410391423,17.667032405915336,0.0,23.700000000000003,0.0,16.32146922459626,True,qQqHhFR48D8OpOA2
33.05430930104073,8.08579928491498,0.0,29.17448778315093,0.0,16.313915779013605,True,O7jjWrI8DbLUVJEj
26.543253530816354,19.002959213611238,0.0,23.88623755604529,0.0,16.29665149605451,True,ZfpxRSWNKGMG4XLC
27.074300517352317,13.766233766233766,0.0,31.547350384486794,0.0,16.295951154437155,True,EgRt7NnKRjukmXzY
27.14958940322205,18.210281188140378,0.0,23.96290789874962,0.0,16.291883302814153,True,fGd6OPCnL7jbUciw
27.227692045351503,21.293914413258243,0.0,18.650915685926627,0.0,16.289423569809006,True,YqJeK0o6qAyCOzBu
27.99894892257464,17.811724125700504,0.0,22.898757150405476,0.0,16.28742928075834,True,TBkSCwCcU36wNBrO
29.69499620814144,15.46513472526641,0.0,23.332734064441382,0.0,16.27469265342524,True,1He1NsieDM2qkPXS
34.18656048007449,2.372230422697121,0.0,15.07552014940617,31.571840440381976,16.26753781614575,True,sRPnjJlo4MemiQTe
27.03322457613994,19.768458500086957,0.0,21.409477878578468,0.0,16.26350367965049,True,bTSw8KKjK8m1Z4FI
35.036636358270115,14.443544549027017,0.0,14.24723665947337,0.0,16.258962543658793,True,c9yaXO2Fyo1srnnr
29.856279093382582,13.852414851582145,0.0,25.49673613671358,0.0,16.244497861417347,True,zQSrZsP0fXhgQTNF
27.494008096853012,20.142586791156234,0.0,19.71329049905261,0.0,16.240842701702853,True,P5QNCc66w9iD4UDr
28.87337813045529,16.565729252163532,0.0,22.906947162426615,0.0,16.239487826541463,True,FHG7GCU4ywBS6NN1
34.55829100285163,13.97818153927075,0.0,15.84434256980044,0.0,16.238684071143243,True,y9CQ9E4eD6TDulMA
26.74272053304962,17.28700230019963,0.0,25.942398328037363,0.0,16.2359264841704,True,NOTlft16xFsTsujd
25.614053413999827,18.450440510321194,0.0,26.2584652457518,0.0,16.235595938643016,True,0AVFWH3x0dGYketT
28.25718808763517,17.485948829992715,0.0,22.49147012212175,0.0,16.22236415210699,True,ntJ8UoHMouQQM6xP
29.561883047422782,13.98543837989415,0.0,25.71583757027348,0.0,16.222300144741393,True,Pzi0V4r3feeGUTWU
26.26670021030396,17.688439665561205,0.0,26.1229219063889,0.0,16.220558265439823,True,yHtAd32jimvAK56D
27.751428573626356,17.60667844309749,0.0,23.27371418401851,0.0,16.218155310465054,True,46E1O3apKBZ5M39B
30.91449839968285,13.05935727978759,0.0,24.511136013447263,0.0,16.21585924186884,True,mnXyL0hflG6LUHhk
28.2318283327209,15.932423285198556,0.0,25.068647878056805,0.0,16.212951502824428,True,PcMWlGkaz1BR84DJ
26.917058159643307,18.626921482040157,0.0,23.073646916930496,0.0,16.19289485594261,True,eGVxwMtaUCLNZ5jo
25.897816823148066,18.252865539193728,0.0,25.678428992543783,0.0,16.18432578062442,True,OupQzUicx5r0tMmX
28.630581136787566,3.7085593929655185,0.0,9.947498729883574,51.738104622654205,16.182249461025606,True,uHagaJ5PJ4R0AFMF
26.909722601093375,6.784509945079491,0.0,12.867062172303624,44.78591733502326,16.177695325945756,True,0MyuuckTr7Vk5Tf2
28.503954920772156,16.930050505625612,0.0,22.612012524907485,0.0,16.17550098137417,True,ekNUUuwvfRTbb9x4
28.562318799769415,17.378386182213863,0.0,21.733508656585578,0.0,16.17331848397213,True,AbaV1IM6jgVLYzm1
28.88284496370522,15.269725557461408,0.0,24.596532561653305,0.0,16.171764762724912,True,gIsgG41Aja6oboBy
27.76864901087152,3.3392596369517227,0.0,9.175525808229244,56.25397869604784,16.167136353338556,True,IFoUOxihLMHby8Hq
31.60756196628809,17.779800716902834,0.0,14.924863002090278,0.0,16.165948219425676,True,hDfca31A6xA1j6zz
29.634447892046126,13.28337171107594,0.0,26.244046386415405,0.0,16.147784253345133,True,Up8ac2bW8HgGzYFc
29.17866938401906,7.7872202744908545,0.0,11.323959943977375,37.4829268446317,16.147292559888207,True,cYe2z3PkTdVPzTpD
28.15612915448316,16.759499491616392,0.0,23.38755575289108,0.0,16.14484698218271,True,t99rGQ75qVQBFVon
28.360174147826378,15.875179989761953,0.0,24.45150240284683,0.0,16.144572602215426,True,2q4XL6UQj52PGfva
35.81850696329345,12.032528208370058,0.0,15.926197720260543,0.0,16.14261379911963,True,MazVb1Mh2FXwcDvh
27.890122617407517,16.603826057074066,0.0,24.14334436753937,0.0,16.139494954621675,True,p3bhTzdtNV8HBa08
27.118302856555047,15.55449159135795,0.0,27.396881644223953,0.0,16.133646001439594,True,l5TCfZR92uQwTeJI
28.62971238233013,15.282732762382587,0.0,24.81554828904343,0.0,16.1319291486512,True,PAXZNJnQ1Pqtp3UB
27.53524333165289,15.927870345510753,0.0,25.873645786239344,0.0,16.123587453809456,True,T3gCkSt5bcuYdswx
27.760646966975635,17.504477863139957,0.0,22.789587808535646,0.0,16.122751727158025,True,5kTI5aWWhHnjpxnc
28.629683710872992,15.142253516340876,0.0,24.92653096503738,0.0,16.113448137102722,True,SGoNc4BiqzEjWHCM
27.248694610018564,16.518138740848553,0.0,25.38171047760089,0.0,16.111399639857844,True,OddwPjSIYgiFouJY
28.6147243074149,13.976184049281386,0.0,26.881960709335118,0.0,16.110757410945084,True,DAixK7a17B1ka1cp
26.089911909906522,17.602983818296913,0.0,25.886099662795054,0.0,16.110634476965444,True,z6PLTV0idHlI4oZi
27.06847886182659,15.968044316256222,0.0,26.620699696326803,0.0,16.105659692061053,True,AlJDTKW6iml1ysJF
29.956051137305057,12.325038137281258,0.0,26.910933705244425,0.0,16.104714931298492,True,0osXjXBzKJ98dANS
27.652877423388865,17.475467640502924,0.0,22.895699735948696,0.0,16.099085097534694,True,kt1Dff8Loy2aScA9
33.28658562071697,6.5901160155895955,0.0,29.761947938475743,0.0,16.09779688088385,True,AtYZFxDSYcvf1W8j
29.212179669663794,14.474945454700714,0.0,24.733079647185626,0.0,16.092352211652162,True,gJkn38FLpfjzN1EH
31.978443833430195,16.560171360404865,0.0,15.685108212698868,0.0,16.086342222035103,True,L6cEawVQRWBMxTea
30.092846939519223,14.50032132544033,0.0,22.879609090528604,0.0,16.08487577679514,True,JP5jNnH1qsV9chpt
27.542717798557028,17.650608668654208,0.0,22.70552283777306,0.0,16.08129593239662,True,P08eVRjbDTvcfedl
29.127140358929275,3.5733314836451613,5.2378129675106555,12.539202336980708,35.07414877933796,16.067332800573105,True,yOFIIsuE37o20j6e
34.143011306962066,13.837058044236379,0.0,15.720990030287734,0.0,16.060316407690873,True,m2hBfXjaPMNj7JAQ
27.726758949867445,16.549156860108916,0.0,24.029914947697723,0.0,16.05980414214212,True,nzB2pspNZkvkMuLy
27.943844568537703,15.799237692458197,0.0,24.83414471893804,0.0,16.058084501516564,True,XjbjE7dBhxNkEoJF
29.17054362122083,15.888237758040969,0.0,22.210335082761404,0.0,16.054772788290702,True,z5ls99egkrhSjFj3
29.294353924345227,14.286092136613874,0.0,24.627779014018977,0.0,16.053996063559882,True,6bPvYAA2TKY8oFvt
32.69049100141079,13.612484562856416,0.0,18.9529084673886,0.0,16.05320471124563,True,x7SQuAEZraKYldhU
27.434865215158982,16.5267624249208,0.0,24.59119496855346,0.0,16.050829416060914,True,McI7v5XugcFOStUb
26.855598398992605,16.39734079961784,0.0,25.921418777222133,0.0,16.04422753618556,True,yUYGN8kyJycXk6vK
29.197060369467494,2.6148185443096077,5.036212347088739,10.840754866568878,39.96242537283556,16.042420983604284,True,F8DYDDp2AvW9Dytw
29.144768261501447,2.401289078351762,0.0,11.953280130287006,49.04359966757271,16.041104734338695,True,sNNyCkSCTzmnKAGb
28.016120319017126,16.840920055706256,0.0,22.839550700741963,0.0,16.040998714742997,True,euYlcqNMGcZLtP1M
33.705400917509635,14.317101265604702,0.24249252927056286,15.246620614253057,0.0,16.026387189646137,True,DMkCJDyC8I0kpzaO
28.721688112869394,15.339299745566114,0.0,23.831100574776908,0.0,16.025996456468885,True,EuneR10nT6yJxMmg
28.5008935636222,18.764787428074513,0.0,18.509016227653913,0.0,16.017817360253375,True,WIRPtCHUrGmZaoqH
28.806811192906437,14.11736530327364,0.0,25.591385700081354,0.0,16.010092538702544,True,PzKYZmjAuDp3ViW7
28.237022884851374,16.250626482952114,0.0,23.16570418627592,0.0,16.008619114134827,True,MpDLqM2NKu23k7lu
29.782499136921643,2.7665706122683313,0.0,12.031830066919163,45.686660564651504,15.9998329606466,True,OJtuqPDbTO1uaObw
28.02562993752016,13.74333370803058,0.0,27.699607901900553,0.0,15.998463593548774,True,tym5EyycSRrSyvxZ
33.669695979107246,15.045305951076443,0.0,14.234777638603447,0.0,15.997451927291802,True,243Efrgr29lBU5si
27.8505307432877,14.248179488597607,0.0,27.0827587167593,0.0,15.979617902649606,True,NJGgnIwJurj8TZsK
28.93404178225252,14.70495368018941,0.0,24.13719660367649,0.0,15.977030445274583,True,l8CbSnyKQlrVRKXj
29.269518090514403,13.854929579571273,0.0,24.871558056617552,0.0,15.97532153053977,True,ZOu2b2QOtKii1hSD
25.80626621297127,18.57633886149677,0.0,23.922235453206046,0.0,15.974299897246478,True,AzGee4nn9NEm7BCb
26.127376367267768,1.949713100591223,10.417081268075847,10.348113904045292,40.118495730671036,15.973124097617202,True,8mnOUvSE5RObkS5q
29.123307134554054,13.972916556103947,0.0,24.914169629253426,0.0,15.967346723780215,True,wfibP5q8ITxaFVBB
27.664921699897437,16.903259549413526,0.0,22.900553002279267,0.0,15.960374347664503,True,EQHCwqh7JfwBnjzG
29.22936507190297,14.328971182959988,0.0,24.056146338418,0.0,15.959474268073588,True,45hJ7ilVlAA42E6K
27.394513200359565,15.679707067414721,0.0,25.467677614801374,0.0,15.958432369181757,True,sMkYYO8N5kKJ2ofA
27.46048164708916,16.016613729127396,0.0,24.734800108363327,0.0,15.952517942663096,True,CZaeT06qk4B29Qib
25.090019787992276,16.22617857611079,0.0,29.11963413366594,0.0,15.95149570047527,True,2z3wHTMzmvLvOR1E
28.101016149938413,17.107829110502035,0.0,21.58710761475598,0.0,15.94532826482043,True,2InsqdtKzZoNV9fT
30.142465355445985,13.985442462516158,0.0,22.688843859056625,0.0,15.942426801121329,True,1hIfwyb2v2skEdDM
27.44665358175623,12.17175855106235,0.0,31.090177815410666,0.0,15.940462384604055,True,wTJFDFh2U3jhwfn3
28.842677771676524,14.910272787614096,0.0,23.68572249353634,0.0,15.933229902436931,True,kstboOXSpcrVh0Yy
34.78879137543145,12.249374203167708,1.0916279869348462,14.739079745607116,0.0,15.928168522649399,True,eventWQyxdITQAuS
24.976218852129914,21.67604537729179,0.0,20.09098560826991,0.0,15.925524841202408,True,Dr31M63JkeHjCs0q
28.177867871849617,15.660850877347638,0.0,23.681757656458057,0.0,15.920836729360504,True,e6T87shXCg58XyvE
28.546072073392608,11.829664017779677,0.0,29.30570274682783,0.0,15.917093038486875,True,6TYkTUhfhTCOxfHT
33.511699817761254,9.733663196532419,0.0,22.83849852519294,0.0,15.91270052324042,True,QEDO9rMQavcPN8Cu
27.73810111309027,2.963810207518952,0.0,9.697399041333881,53.93498484089844,15.910491226096745,True,H9jmm42cKDbfMZLI
27.671417186554194,14.031093794198272,0.0,27.317931034482758,0.0,15.90688825968824,True,Pxm5ccCmaKwbQ7xP
33.08000556099842,5.795574941953517,0.0,30.20924534760129,0.0,15.904282205928098,True,U7aZFNSmheajM4hH
26.111135391722364,3.2304700844846495,0.0,10.476329217395982,56.913662029954,15.903773724242669,True,Gk4RVw5UbHuvLlvY
30.19935687764519,7.210708204317669,0.0,10.99818117896912,33.88954854717051,15.901166145935392,True,3qzKr9H1X0sTU4gk
28.503735142315595,15.849759704947648,0.0,22.57987887088835,0.0,15.900542299564844,True,XqBPSd9fZO3GcraY
31.332199004409073,17.32742272119686,0.0,14.442339392829343,0.0,15.89786629054634,True,oF7ZFBBxMN4wNMck
28.203686180339414,14.111803348858363,0.0,26.054005400540056,0.0,15.897157501397421,True,RrjCwlnTc5RInCSd
28.620995150326944,21.071569662471802,0.0,13.617615919673046,0.0,15.896833348666991,True,bRwiy8MOzm07A7tk
26.57142028068153,16.03375165418576,0.0,26.08841810204745,0.0,15.893126713058017,True,FDyW22kvuankOw1a
27.188588265631513,13.234167895637608,0.0,29.507550960518294,0.0,15.891251097676598,True,xpPakfrXzwQzzLmH
28.570557045272114,12.898688036067353,0.0,27.291415189995654,0.0,15.88955140109782,True,EmgbnkOsfE2htYzE
26.704135683006555,17.11220837285537,0.0,24.00058980567455,0.0,15.889381268966993,True,Gfj5aLLxRPDyuClG
26.35070815905353,15.902789980280755,0.0,26.714355804140908,0.0,15.888063313407383,True,sb6H0XxGZGCFcs5P
26.899425951572216,13.978625034355069,0.0,28.75135452010019,0.0,15.87718722207546,True,iZDQHJMu8W5CN0U5
30.504188936844002,13.301813664117374,0.0,22.663529356261648,0.0,15.876239500521791,True,18UjwtvDYnHEwEgC
29.33302592603584,13.754399783955076,0.0,24.22675711743772,0.0,15.872521291415179,True,wVsxHXvGovSA5903
29.073141719702395,7.763683308595692,0.0,8.869189313042035,38.77563196987521,15.870804937003467,True,XRqbvEn65zI52ULg
27.606116267702756,15.807397215452186,0.0,24.229096659418857,0.0,15.868048683086702,True,QQQbOZQOqg2757I8
27.575700549677318,13.400742517521362,0.0,28.240521638533945,0.0,15.858974040063629,True,RH0NzLgaGQ911xJP
27.402442009955255,15.267826643038868,0.0,25.461593076583576,0.0,15.85692822523383,True,MmKKPPIlXswuRGFX
24.655325384486236,17.031843024710525,0.0,28.00075656017308,0.0,15.854671855549462,True,RSvcsROd2spn6nnW
25.10164038486036,15.137549631310268,0.0,30.258368508883873,0.0,15.853634799618256,True,qEjF0lUFsimO4f8H
28.824221627552497,14.348371640693564,0.0,24.097954436268935,0.0,15.849052563879479,True,qCjSOq60vlxDnCJD
26.397035746643496,19.17584510169548,0.0,20.810649004213527,0.0,15.834669350048948,True,kBogTZiGhOKYz1WO
28.713209204118606,13.785145882212285,0.0,25.118103573328177,0.0,15.82796476778788,True,DMqXRRRRo0oWFN21
33.402808827629286,7.492128571566804,0.0,26.2078957981687,0.0,15.825059160905791,True,bNjpiEQhK8nDSqXx
28.02325500479148,15.98221622466554,0.0,22.800197676370214,0.0,15.822560209059361,True,lodqBAbdfiJpHjDf
27.731623651355026,14.807423902745313,0.0,25.32617077593214,0.0,15.820268687482658,True,zo5XLU2siDGGfzxG
27.573597739822073,17.564171931960768,0.0,21.043255076621122,0.0,15.819610566429981,True,ibAnWfHUz0shEyeO
28.667827010635655,16.32230252738183,0.0,20.794107622978757,0.0,15.800039878482966,True,otCiJpLw4f9VAEnO
28.871670465134734,13.146299836242282,0.0,25.653175185456917,0.0,15.796052376419526,True,yKywAOe71naJEZBg
27.905989103972868,15.434189221058107,0.0,23.685417178416444,0.0,15.783156613218853,True,MHvB4Riv5FwWmk86
33.27240818748384,1.1859883928269743,0.9113177913793215,14.373123856230425,31.573809418187523,15.773832632981074,True,tbsyltEIBRUmYw1C
27.419053673593115,15.847409909909912,0.0,23.861623813080122,0.0,15.766812151517431,True,nWVWouw5rGRBrdex
28.8713671170563,11.352610918547255,0.0,28.442539884761267,0.0,15.765943847467895,True,blV7vY7AZQ3VZprk
25.457539438257417,14.474815448639523,0.0,10.722361627150661,29.01494046777018,15.765813984486723,True,cWz5e9hoNbarxPH6
35.7497439611385,10.81275816432953,0.0,15.536736528362587,0.0,15.75862320867832,True,sIT2zuknXcIasu1n
26.585366417755708,16.732587501962424,0.0,23.902559371849055,0.0,15.744140706594678,True,CfMMap4JrNOJ00nd
27.659747188225985,14.22228587416171,0.0,25.921362339514978,0.0,15.741699975935468,True,sEIaS7F8WEtaXBZs
26.084014943184922,15.690258591897765,0.0,26.624522595032424,0.0,15.741447520184781,True,pcDd6xTmrx0DGzO7
27.505368311165768,0.11762072325040508,20.146991482736514,9.859421615928314,19.458598834939817,15.735187096592863,True,Nkho8hB08VJliyPd
28.676780960232556,13.29881790175435,0.0,25.378784602076124,0.0,15.734556453819774,True,BGvdCrxgdPyU7Bms
29.80954885327506,12.224528498624924,0.0,24.901103258461035,0.0,15.734162269407904,True,aO980ubOx3cZVuRC
29.413315200432763,12.045289120966187,0.0,25.900285412499716,0.0,15.720359652246332,True,h14ckzi9DczzsJM5
27.153585284067205,16.56797286662993,0.0,22.872941123956615,0.0,15.719009970471136,True,eJDgcNQzOHuBtivW
29.935754663798846,13.186744290192566,0.0,22.934350720016198,0.0,15.717565079690225,True,6kksOgFvzeyGc5Mv
28.084738329478462,14.290172080468656,0.0,24.78134990721903,0.0,15.715167005043558,True,ktvEjpdISrOIhb0c
24.150443728950762,17.132812745197395,0.0,27.91191220804102,0.0,15.71512313619073,True,8UV0VUuaj5D7jF3u
27.526692466075783,16.37446194546015,0.0,22.4148862545487,0.0,15.713856164370078,True,cTdWXv6pEIWZSM2n
23.23295795018616,16.26912716306808,0.0,4.469276028596132,40.012927884803176,15.708853368592607,True,76MzbQm7n7slM61X
28.778945530740458,13.765952289654148,0.0,24.217387455181267,0.0,15.707779849912864,True,n6FAWJhxeWgGXXuA
26.99936530078417,17.4417982541594,0.0,21.621206202550994,0.0,15.703440084157751,True,dp8j5O7gsxdwD6y4
30.316813701013707,12.78241857394594,0.0,22.66698282747604,0.0,15.690696177912002,True,eKfJXhIkZG22fK7D
28.61874620879034,13.625428407876871,0.0,24.654087431908913,0.0,15.690094079392656,True,17MomXxIoWG0tmR1
28.20714247176138,13.420062001771479,0.0,25.79710144927536,0.0,15.686723459362586,True,Qf7kG5FR0LrYkMQB
29.436936277574922,13.470830987886131,0.0,23.23496733904182,0.0,15.684033731100282,True,ZiZWgpelxejKZpXf
29.419675952491836,14.102013337852934,0.0,22.19975733252444,0.0,15.68136972008945,True,QjCIsyNKCmnR4utK
28.341742569970545,12.45644502412714,0.0,27.06590494008642,0.0,15.676519768035911,True,NE87QeXu74dBz0Bj
26.008319258310017,16.376467941644094,0.0,25.154953785713033,0.0,15.669855830760982,True,9nt1exN6uL51CEvT
28.416720322513886,14.325158238716625,0.0,23.750396063593833,0.0,15.668865065972396,True,c1xObXYvpF7zBB9Y
26.519867158081286,13.004120062943592,0.0,29.745506901002877,0.0,15.668816198310715,True,sqkfI0jMQKIEsFH6
27.338720453215455,16.025342192810342,0.0,23.058944997184156,0.0,15.666793433744845,True,Bc9G3ZuYIFsKvOeV
31.979666591938106,10.273240065875264,0.0,23.342141863699585,0.0,15.663531273605185,True,EZAmggQBwBAD3UdR
29.909979175056915,12.829481707198877,0.0,23.209072264446856,0.0,15.661725018983821,True,5lZQwhSdHxFoHmJT
27.870127136852567,15.104632747177765,0.0,23.495520159283227,0.0,15.661524351742695,True,17EGzd8T7Z4ihxKL
28.571214381517347,14.635692900864406,0.0,22.872485416780243,0.0,15.661160352188341,True,T74IZPeQ36gvNsJ7
36.43828144114173,3.4624712589372892,0.0,25.75155298509746,0.0,15.659835194841463,True,1LsMAGOsnBq0wVpH
27.511037700835075,5.798431838470728,0.0,10.493415527716765,43.809120286748396,15.657843627700558,True,IUFvwMO5JF7uK7Vl
27.451083986312707,16.955045434736995,0.0,21.221976967370438,0.0,15.657383099683624,True,TLbq3fOGULGvBz9S
31.237076314164998,11.074153730890814,0.0,23.43970753655793,0.0,15.655617457455891,True,4tKNY2m9l4mgl1XZ
27.611987898556833,15.254406374328639,0.0,23.69519249465293,0.0,15.651476837347149,True,fbWcVnYOtostMMFx
28.310743055747682,15.644037036656766,0.0,21.592127896387737,0.0,15.643051360346655,True,otGSflslVXzBsErj
28.39419325669983,14.480346707678535,0.0,23.32404458598726,0.0,15.636951341827672,True,uW1HmbRaOUpoS4wt
27.962194895644117,13.551319483480663,0.0,25.66043456291056,0.0,15.625553523999983,True,CrpQuvnD9Mvb6SiP
27.892601109887618,13.311730393850965,0.0,26.163004327120653,0.0,15.620163580497124,True,ourn8QsAJvGVBpQK
28.670848588145606,12.779388231560292,0.0,25.49290895312331,0.0,15.62003797730225,True,0Uk8nMMGjepCrvvA
29.95501984590444,12.556265395697974,0.0,23.2450101061142,0.0,15.612323818612955,True,niiVoLq5ygigkTJL
27.421983623247314,15.11092075764224,0.0,23.986811695608846,0.0,15.602347030726081,True,H7nLSXKRFVK1ITr1
28.044593304971755,15.325515391954482,0.0,22.375719998532485,0.0,15.601114839260019,True,RFqJwRN2Kszre9Gm
29.4283198952851,19.3909593007668,0.0,12.801031824076844,0.0,15.596390567388758,True,gfJDEHzpqOersJ5E
30.475980729793932,16.877409642752603,0.055011174144748154,14.812804502071266,0.0,15.595069539765971,True,oBGBpAO21tQtUt5L
29.397252982852116,12.339975940573806,0.0,24.604872907321614,0.0,15.59490081609733,True,VC4fyNsDO9j3kOZ7
28.248189404841924,15.74207765520225,0.0,21.221524173723026,0.0,15.593204861311595,True,wuI2FdZL99rOSdrj
26.04660504353057,12.58163276984881,0.0,30.875888817065288,0.0,15.590773028081166,True,10QrhU8DPSyyasuA
25.430977258144114,15.738323955271044,0.0,26.842878442378527,0.0,15.590305932617774,True,KAoQXDog96R5bbIP
28.538758465110643,13.298807115373647,0.0,24.691376507827872,0.0,15.590035794550786,True,cta9imAKmAZ04jBJ
31.198712677574957,9.607894736842105,0.0,25.47652178313009,0.0,15.583065754952525,True,Kif0Z6SDgDtRPTXD
29.89153251699872,11.15579147856635,0.0,25.462775916436733,0.0,15.575824012206713,True,jRDeu8Vng8lXnq5v
28.598982755956165,11.85510482325278,0.0,26.815744989133062,0.0,15.565832780970002,True,1OZHPQTQ5gyStCdM
28.971299192499053,12.319073669866144,0.0,25.268242998838694,0.0,15.561394625042055,True,XN6E32VUdTiHnJuQ
27.727427012018833,15.26281169692093,0.0,22.770099715354736,0.0,15.549445985139092,True,opBh4gU1p8Cf7gH4
28.64087565159603,13.422498513126966,0.0,23.97132600986074,0.0,15.543586225239661,True,BbGqHhGYPCzkaLN7
25.27769596583846,17.27634986001322,0.0,24.262288135593224,0.0,15.541739475093825,True,beAivJwhwcRiSSOa
30.26768458825722,13.111049922095265,0.0,21.215678320614558,0.0,15.540419605093167,True,efq7cSV2UsiHIA8V
29.421295129353396,11.608013389646162,0.0,25.398900688403863,0.0,15.538226989478137,True,EkRIZETw3zQFKJhQ
24.80022482816096,15.94643173590542,0.0,27.40592842881278,0.0,15.53756464674656,True,rmAMD7qwDT9Hnue7
26.07803070483302,17.839469052802066,0.0,21.69503592709429,0.0,15.537531863714564,True,DD6YIXesvysCUs1p
34.64193928088389,6.406450774031695,0.0,23.611774118274553,0.0,15.535960595514274,True,DgI4YduYOemEhCfE
26.31010074060792,14.70405610649513,0.0,26.42860993799982,0.0,15.53333573950613,True,7i97uwT7kmw69zgD
26.520353284202795,16.499395649126882,0.0,22.99053913945049,0.0,15.529535768460132,True,paOW9IJ6AGqpaj45
26.638205280658592,13.252308253100232,0.0,28.131141803300757,0.0,15.524209917967749,True,XiXPUP9Ax5yC366y
33.9943083481436,11.721122214958022,0.0,15.959498553519769,0.0,15.522497841210551,True,zPFZuMVMRpc7beo4
26.637657300712757,14.181449618342821,0.0,26.55812657729999,0.0,15.520378581394528,True,Exy6jl792cJZ6TVP
25.991217739887944,16.654998064719678,0.0,23.691466638784746,0.0,15.514834833964013,True,PPYJ92BZooqhsfhf
27.345354876110697,14.058646919435725,0.0,25.307386066003144,0.0,15.51437610259261,True,hGPvLBjOUzpchpzF
26.28125207689096,14.695421201678666,0.0,26.35192096597146,0.0,15.511019068382673,True,R6HfPQBGxbxtl8nv
29.32557411091411,0.8101737209385933,5.2228896459665695,10.483766324172306,38.891998065022975,15.506558347830339,True,QckoVZX9xGNnDDXh
28.63219394877596,14.770605084164448,0.0,21.478348342594366,0.0,15.504061707063055,True,4UGS9c9zz7tUEb7Z
29.417646250637187,11.35529263327599,0.0,25.59434255517563,0.0,15.503268416786497,True,3qg0jJo2Yo49pD5j
30.841993445782563,7.280072755127197,0.0,29.447978577493306,0.0,15.489813009140565,True,xndf85l6oVLJXq0F
33.33656390195733,12.147513320812807,0.0,16.333610945865555,0.0,15.487889142670232,True,ufWSnNbalLSwceYV
30.516036311340365,11.6236725065985,0.0,22.81968585913453,0.0,15.483681898921914,True,EfkPD3PS7A8mVOJ7
28.711493784682787,13.04093665397002,0.0,24.037961518460737,0.0,15.479376526666451,True,EG5bhQ7Il9brYnp1
28.476426621821908,12.572081882530998,0.0,25.282984859408796,0.0,15.478396186090642,True,xCSSbM0dGxKLTeZs
32.95324347851478,8.404973723002522,6.643948215631208,14.378979382597983,0.0,15.472853024821001,True,mRU6i096dnfQaBzz
27.082243991723555,14.592697143976979,0.0,24.633563899868246,0.0,15.467882068491546,True,ageXSAHAPsUBklxl
29.171007093042768,11.620150243503515,0.0,25.409702278878537,0.0,15.46779503062049,True,KEysBfo9AJrEs6SI
26.722522146050842,14.724820143530845,0.0,25.128470608122385,0.0,15.467232270916323,True,PHC1OR1kc81LyjIK
29.74743712626045,12.445749227621958,0.0,22.865195399984902,0.0,15.46544775478136,True,ggKvBPPXVM6ztBb9
26.73286992279154,15.782443857628046,0.0,23.305334802108742,0.0,15.461272161560785,True,TD9rf9ReTOsHyR47
28.894799207877128,13.161726025670847,0.0,23.346058368275028,0.0,15.460780024022103,True,kjsHRnZN8TxHMqED
30.029982077126846,11.001499039289737,0.0,24.624180865006554,0.0,15.452996512711469,True,gOw35akAEvvP5gl6
28.49708795438986,12.286181739261089,0.0,25.536426198386334,0.0,15.451135750890177,True,J5GjDUWzL8Q72EQO
27.14982113012354,3.09474917066629,0.0,11.042850620325016,48.71379715192354,15.446440939944742,True,w43RV4s4kHGtypEU
26.828416989204317,14.924892389681123,0.0,24.434682739123605,0.0,15.444950605050117,True,XIMZRt7YnoPiFA2m
27.835096073870055,13.169769597713357,0.0,25.33803326102675,0.0,15.443676210743366,True,HnyADvkxtUuX8KMf
30.448487940187725,10.418129469675861,0.0,24.65899432813557,0.0,15.437927898695618,True,bXNXO8827HliedrZ
38.5800245608478,6.949378511093054,0.0,14.152838535670822,0.0,15.434277776378226,True,sAyihMNSFGQu1BvO
28.18634654510875,14.889300098020716,0.0,21.69829259208437,0.0,15.43297287685046,True,TyBLQ7BMlXkKwooI
27.72632998681415,12.947916666666668,0.0,25.82549128148353,0.0,15.42870185493344,True,bAYgzUIjsKELOpNM
29.916852999907025,10.926879106457088,0.0,24.808439628766056,0.0,15.428041620901286,True,wCFGH1hETIR0I5sC
26.513588283703317,15.244129866371782,0.0,24.344354313029623,0.0,15.416762098658383,True,1oHGkWjXggtZVvCF
26.81580934195624,12.700469155036814,0.0,27.954326807446247,0.0,15.413009112463012,True,bfI2CRQ9fGzmFuMM
27.367001917110073,13.169431389668048,0.0,26.052456101355858,0.0,15.410326837753411,True,PNOo6fDmqS2kdzNB
25.356573619159395,13.3773127085229,0.0,29.725557461406517,0.0,15.410133882089522,True,65jDI4xojsOUl99y
27.860375664215184,13.23093848159782,0.0,24.93765673705674,0.0,15.40649583022252,True,IsoozHEv1bLiWAmk
28.036223053021537,13.776586526604856,0.0,23.646604122621568,0.0,15.40200416595091,True,sKl7bTCqLZkzWMTK
26.384829322187134,2.6672902679018624,5.042578628534026,10.660191481787963,42.00700885922561,15.390516697529165,True,Kcfai33Zzonq7N1i
25.8887376097022,10.251270370742303,0.0,33.72463292891755,0.0,15.388133814933868,True,6SVyPySNfbd5W412
29.043968760532508,12.60941931357696,0.0,23.47502613186858,0.0,15.38679937633428,True,gCijUesXvSuLpTEB
30.21645349752734,11.210076933572637,0.0,23.461797980252356,0.0,15.386724979689214,True,BnqtRsnOMqzGXMyV
24.864352000867196,14.882071333684237,0.0,28.04226852160021,0.0,15.386163711921249,True,2e51ZE8RxlaRFRgz
26.467657108518964,14.782180470245025,0.0,24.987857341104633,0.0,15.384020851282639,True,UQtvTDQLHHK4rW5i
27.51056719550894,15.15650686797382,0.0,22.236228084853217,0.0,15.377731088374118,True,bnoPNHifsCJR1888
28.38640293153423,13.212407298692897,0.0,23.702429764616554,0.0,15.374387168825976,True,R9gl1wyBnGoAhWuh
25.508538619558433,8.279831831405026,5.056676169371064,11.18272418844938,29.614265346135625,15.372689940473968,True,qQb7kITN4Sr5tnJ7
27.845854153917024,13.362619414834155,0.0,24.513229904102026,0.0,15.37139558549895,True,ua3sMSZQnj0AX3Bs
26.289946158679243,17.693932875339602,0.0,20.36483383888321,0.0,15.365192142271153,True,FDefJQpT8CiE0r1k
28.3816161443917,13.279669860818027,0.0,23.523552933144778,0.0,15.362935248493732,True,YsJV2oQ87wPJ8BOk
26.95709013405418,14.09942728722633,0.0,24.94771106032274,0.0,15.354140521071246,True,xXWTizigQPcE1sT5
27.77081481879705,14.560148755852186,0.0,22.54530423999826,0.0,15.353077270601899,True,nd6iA4uyrOD8TEg0
27.977490715899002,13.607115399871773,0.0,23.708904879694174,0.0,15.35136179669177,True,Ojj6uX95vgCZre1M
27.84720439545589,11.18123789032342,0.0,27.997416240289652,0.0,15.349083227261069,True,9uQhwSzTiX4E1Z3F
27.321197412163183,2.5515690709339505,0.0,11.286051425127479,48.16552381704751,15.343711586856315,True,OG85kutgFZAIK9jS
32.053699983158225,5.935896152545779,0.0,28.25305673856299,0.0,15.33804254386836,True,aSv0h3BSiEeoyfUZ
26.556897071314662,15.804786279914248,0.0,22.73048356100348,0.0,15.327838225523482,True,n7rsVUNPzQyH9BBC
26.53585405504034,13.575612103449686,0.0,26.47452360854182,0.0,15.325837783655796,True,3OjzxaBY0Q5ljL8l
33.350709592735875,5.657976256258268,0.0,26.03481696861254,0.0,15.32492948717721,True,zqaHoco80CpzaBd9
26.948940527136386,14.56340766665171,0.0,23.994039802000202,0.0,15.324640045103873,True,FpfJWaSUA8niwspP
29.77665720898633,12.372551058423728,0.0,21.963229353972842,0.0,15.320619330397754,True,ZfIICfPh1tHBcd3P
28.23800527805132,13.586470290777667,0.0,22.986203703703705,0.0,15.315949711665368,True,jwPso64RyR4T05hF
27.93160000157658,13.375652514692595,0.0,23.949036847220995,0.0,15.315748656229271,True,XaDB8eucsjduMJQy
38.23882264456525,4.667321683343141,0.0,17.810851468241463,0.0,15.310104934441581,True,DrXnvg6YsMiG0Ami
28.525879806221653,8.667578682692104,0.0,30.53263554327358,0.0,15.304553944030559,True,78OwFiWiJODdTmkj
33.15110664235142,4.988173062244824,0.0,27.363876827868445,0.0,15.2969567824469,True,VitdyTslriKuAo1m
26.896349481937857,13.592173645511007,0.0,25.53083970907717,0.0,15.296574212320685,True,GEitygznamZYXspH
30.166496565056754,11.706431659045295,0.0,22.120766622311887,0.0,15.294671877625131,True,nm6tJae12v3oCVpx
29.608603819193483,12.198209495467495,0.0,22.384559721405637,0.0,15.289817477835763,True,WWAUg2dUnMjF1GHG
28.656551296514852,13.473904763502741,0.0,22.141904869506273,0.0,15.286727310256083,True,3J3dQymuGwobU1fb
27.237970374220495,11.828597551657385,0.0,27.71968843843844,0.0,15.286493765946261,True,rLcW2ctSM1dpERkM
26.296533040730615,13.42532440860533,0.0,26.93280956282836,0.0,15.28521244879477,True,vorNAwYueXwXPBt4
27.840603924583576,12.438539290415829,0.0,25.430666444888,0.0,15.27641596671223,True,i3TzlY3xODTOa3Oe
28.66816656048573,13.380374984822664,0.0,22.205027117684217,0.0,15.276297782004018,True,4T3KjmXjntlgbIM8
28.19274348292457,12.833653930017935,0.0,24.05725635907267,0.0,15.274824981242755,True,StN9q7WeNT3EhvSF
27.628259408871607,14.088075758706232,0.0,23.07310733239467,0.0,15.271462862197241,True,6jccAhEqemAtq77Y
29.72447737492321,11.448760640933482,0.0,23.260074512082582,0.0,15.26854454952272,True,GpybFUz8xWITgCoK
27.62001365870762,14.029487133215433,0.0,23.160413857139698,0.0,15.267437959487099,True,7nneMYN2EgZhR2xo
28.39229909078649,12.497165321494398,0.0,24.12151050654756,0.0,15.26020763359168,True,kH0SImE7WOwbv2yY
26.697344515080182,15.441961637175442,0.0,22.52136119844646,0.0,15.247897943584883,True,qsTf9Bti8mTgywr5
36.270700249758136,0.5594076434274128,11.146242554809277,13.287196166750459,0.0,15.243389921758718,True,RGhk1U3NC8ThYLiQ
27.442890396149217,12.892368071646143,0.0,25.21464488305925,0.0,15.238155869215186,True,7YTsBM2uqHKNw7iN
28.715583020504887,13.82495262262162,0.0,21.114227933981343,0.0,15.23804725190407,True,n9xN4OBKHub47ruW
27.317122778415705,13.886370676398188,0.0,23.806784764862257,0.0,15.237747217353595,True,UQdAdYYp7KH2edCK
32.46209722869913,7.8904088544752735,0.0,23.49461438209138,0.0,15.235423539542264,True,nPFz46PDjqipVJIq
27.387262007892673,0.13781627201600877,0.0,9.62301194054098,55.36970370836044,15.231054832288995,True,8R1oEPzwqnMLLrj1
26.917009646089305,16.79297180389986,0.0,19.717150938544613,0.0,15.230918485583448,True,rNLIce5nUCBJo5AF
26.12398971524359,12.75072677695839,0.0,28.000961393454986,0.0,15.225022817830922,True,ju3TlXfFvOluOdaC
29.380818758355737,13.606967129858916,0.0,20.057982144571373,0.0,15.224684731657154,True,ijmRFhIwLje3iy0O
27.56162712462104,13.333100549724712,0.0,24.134840755549426,0.0,15.221989388149904,True,7gSIGxAVzAKvtfpk
27.018676258887563,13.176724310076281,0.0,25.433894041817325,0.0,15.214868061457937,True,HnZzJDtDEU2FqaDb
27.284224105296232,2.590365430546808,0.0,12.293248851483744,45.3700393702361,15.213849853971745,True,cLOVrvJExKwdGSlw
28.058662479562127,12.870369660806901,0.0,23.786621646661587,0.0,15.203184406069601,True,eJyM8jG6LE5lZGrv
28.034217271192002,12.741835922723636,0.0,24.033370018896527,0.0,15.200729664872988,True,KIWQqJH0sSbiXXe3
26.623759649415007,15.128470361264124,0.0,22.833537227716043,0.0,15.19427606929794,True,YxLyO8KpjvKgsbXG
27.181361535542425,3.415085591593944,0.0,9.318542619007866,47.85200396793975,15.191161648206368,True,A43EdJbvVHVwJjrR
29.329534275035517,4.018405484168367,0.0,12.950970585822379,34.39846546564611,15.185953787990714,True,A7BZNIbYOlXDBR4t
25.794733259281493,11.926712883766996,0.0,29.74316296566936,0.0,15.181572643576601,True,oZSmA6hZ1peEN3Hv
26.596902044115105,5.509001949808954,0.0,10.566598837051933,42.37617479266202,15.17892840551076,True,wYuHMWNO9VcPzuI7
27.541931714855146,12.91251969071299,0.0,24.58320683523442,0.0,15.178190462419954,True,av6SGXaFLeWcOZWz
28.801070059908838,13.354477531980434,0.0,21.28772234476933,0.0,15.172098752683159,True,z2i2sdx5J9daTJ0w
29.241238419659968,11.302125734376641,0.0,23.78364491089975,0.0,15.165449696127112,True,LSSS7AiWO4XKJ4vV
29.115000245793745,12.307647550435327,0.0,22.306362773029438,0.0,15.157366377301372,True,jnFs8dFEKrpo1lWu
26.927053025303024,14.50299402274775,0.0,23.019006395374962,0.0,15.15671537258409,True,Izfwo4nQvvxsn8WN
25.35472983919731,15.915823191223026,0.0,23.765470231121526,0.0,15.150195284233178,True,hLiEFJJUWvhNZcY1
29.313527345152053,12.722669934448723,0.0,21.048612830131198,0.0,15.132017611677476,True,z0QbEkIoiVzYZ2Is
28.58292935147935,11.84362617853836,0.0,23.973727602506322,0.0,15.131844490454341,True,VVIZM5oForBFbyvQ
26.973519986480227,16.027650867403715,0.0,20.189926161359715,0.0,15.127457636998953,True,AxPtnzjEgIPCt519
28.602019827387032,11.39004505292649,0.0,24.65543363481934,0.0,15.12643225667063,True,5L3bEhqeyOYoRSoZ
26.719881896364928,12.020166497195936,0.0,27.36735531536462,0.0,15.126109490513155,True,UL4uKVDSEkTSgyJH
27.478312402459622,14.526546720266692,0.0,21.63515962325779,0.0,15.120404344293227,True,9EkaqCzEBy6yTcIi
27.429695860713366,12.95011337719226,0.0,24.358665876952692,0.0,15.120236984054978,True,CFw27iS4gpxTmc5X
29.303790692532033,10.466335517100877,0.0,24.715833677843296,0.0,15.115096138711323,True,Mqjf9xk8KhaTHBX6
27.575704496302315,13.08136404221135,0.0,23.719665271966527,0.0,15.101002150238509,True,lstgZJk54jkAhI6N
28.411348299261498,13.217015456790055,0.0,21.82066012116148,0.0,15.100757372150184,True,Qi23YZHBmahei4Y0
27.1185304131475,15.276787942065864,0.0,20.88519574438495,0.0,15.087535471118459,True,kIvmIzm3gauOcuZl
27.730796474262,14.591304638232767,0.0,20.796072038503336,0.0,15.086475907612291,True,FQJmZRFAvKe4v5n6
26.46069947995294,15.778124232650807,0.0,21.34483107424641,0.0,15.084465563285544,True,Z5tVCCfLH7WIGpCr
28.68513722759906,13.099624204310146,0.0,21.324002903351882,0.0,15.079047654860037,True,KJd5sqATAxGLuiV4
25.81348750010826,15.34340926071626,0.0,23.309115832762167,0.0,15.076265940125868,True,xQ8VS8IALVUj4APg
27.63433638982882,13.214826251716365,0.0,23.20569410726109,0.0,15.074861595966901,True,WFM0BApCMYPuHfRS
30.238526730567624,9.554049294901366,0.0,24.056360818633486,0.0,15.06852446569065,True,KOeFDGxdF2KkxkqX
26.40133633874367,13.68639075213152,0.0,24.815262370900996,0.0,15.06428794529113,True,9aQEBvblq4ekRW2a
26.073392503580678,14.0894316089297,0.0,24.755023597528343,0.0,15.05762919293588,True,BU7IrN4RM2C3UZC0
33.0742267439835,5.832731380711699,0.0,24.506769503013306,0.0,15.056466293824972,True,mdN0m6aKAEfnRLFf
24.501562762299027,14.348664185586713,0.0,27.394695787831512,0.0,15.046839243261113,True,kjcw3052hnxzp27U
29.402199333904612,8.65705931495405,0.06961849067112225,26.98411644399586,0.0,15.046465793643497,True,PGzR1Iv8bh4qlL9q
27.672365139872973,12.316790811333972,0.0,24.421784971429936,0.0,15.044174990509875,True,5FDJ2S72SQUSas6w
26.499965398828188,12.68320151854051,0.0,26.12301181204794,0.0,15.039241771090776,True,wYYpLublqdiVAHhV
26.401016907230705,2.242069961935818,5.082087822556856,10.374017302791138,39.805335095478924,15.0338762321311,True,HsbgVBOEDYzLjSS3
28.313606573052965,12.849649548765404,0.0,22.1466700967939,0.0,15.028494873626325,True,bGUXJjt8dm0UxR2p
27.31001078507149,11.818949457212343,0.0,25.82606977407952,0.0,15.02165106593646,True,W98g7gKXgYs3I4w4
27.63552623366418,12.509761214812585,0.0,23.970265396526717,0.0,15.013637983281408,True,KqdOELkKdQsZVNbs
25.890541752676775,12.279309693959224,0.0,27.83601676054825,0.0,15.012392463375075,True,ggux4tiyX0W3iPRj
26.49077765607923,14.656885381246239,0.0,22.661340490197823,0.0,15.010655715665001,True,udO0a0woU9rlqbIQ
25.746198185814222,13.468244442042558,0.0,26.12950719484416,0.0,15.010346645481528,True,6U6ZefyJzJu2rHD6
26.58582226779007,12.047164000144939,0.0,26.73725947354029,0.0,14.9981266014043,True,xe9HIGYGJby3EcOy
28.115553478372206,12.892146960141936,0.0,22.246263980403697,0.0,14.9946423806077,True,q8AUesKCruMFPLng
28.293335468008035,12.294668813057605,0.0,22.877472115949068,0.0,14.993288661059172,True,BlnVS9GQLMsLK6hN
31.963142200393445,6.502279076666031,0.0,25.13440100486733,0.0,14.984672580014639,True,nTLFf5GCZdDiGADK
29.059908501379976,9.704693876234675,0.0,25.60218331324874,0.0,14.984473516459971,True,n8zeIymEgvK9CO5t
27.628757394834782,5.3104677409455805,0.0,12.406099933186656,35.00968082887535,14.978127226552363,True,iapgXHACB1UY0Drt
24.68518445536197,14.508211426450929,0.0,26.29262119447201,0.0,14.976501372392125,True,cdPxsnBqvNZ4WDcg
26.07387627760638,14.58703052556552,0.0,23.3719585048076,0.0,14.974714290394433,True,iiQvY9dftYXjZwDz
27.154788261546454,10.180667776320288,0.0,28.55022252267478,0.0,14.974136800945226,True,Rz92ZJxfYzaqIhDx
26.369266737942247,9.611578063680867,0.0,31.04378313665127,0.0,14.970242007800582,True,ImvmRvqtV0XR2rmT
27.19091296776432,13.441061731710228,0.0,22.949994714028964,0.0,14.960038530361196,True,5IgPYtsrksWJ32rj
25.910815491149926,13.537520469344981,0.0,15.678408820176138,14.463518604628124,14.955737948170455,True,1Zs6KlbsKMnbT9As
25.884804974190867,14.469474210460534,0.0,23.81559395608982,0.0,14.955149138285865,True,n3UK573fbXjPKkX7
27.050670363931154,13.189805348471957,0.0,23.602242152466367,0.0,14.95298876916729,True,Y1oYwoioBBfGwcEz
28.999361507963552,9.001375408501358,0.0,26.66128119250908,0.0,14.949344483390767,True,tzQPxC5HChpoevbL
26.48350783440036,15.043774594858185,0.0,21.60664121587553,0.0,14.946992181415983,True,aD3SzU147ibMh3Hr
26.236940137646464,15.307263925294418,0.0,21.633246030446884,0.0,14.942884927184576,True,REsL1mjwfhqSYLDH
26.475678610857795,14.40024548853728,0.0,22.666972898484154,0.0,14.94281089016428,True,ysDMVtR1CoJAs2Bm
28.083235728847406,13.585475051177868,0.0,20.796590663885492,0.0,14.940828081031512,True,BOJEICPYOmlWesKM
31.452751254341425,6.420763526503708,0.0,25.996453274702702,0.0,14.940484249133759,True,7C2xfIU1mdryRMMc
26.48756520400878,13.843341913034255,0.0,23.528124209584217,0.0,14.93632367089883,True,l4xQdxIpopq8m80c
28.687623665962654,12.583153837372059,0.0,21.223987080420294,0.0,14.935673621194855,True,XmIJfHjDpa2QBoto
25.980682143357992,12.53775836626358,0.0,26.70227834368031,0.0,14.93398598612534,True,kJyoGf9h9bwa8iT3
25.86117435725353,13.683703524380157,0.0,25.02853455403416,0.0,14.933558371376222,True,0UjSzyxS90zIyWkN
29.00914072338432,14.455353104606836,0.0,17.441591751739548,0.0,14.932819255927937,True,CWGyJXyzMrnlakKn
26.124395401348245,13.90550805936687,0.0,24.108324547432648,0.0,14.929944317361088,True,DA0BjbsDhKyaLtcP
28.43375461647986,12.625025578901703,0.0,21.583299765419518,0.0,14.923877744482311,True,JWIyD7u3mSpKyo2X
28.41303953117106,12.175230654392832,0.0,22.316082474226807,0.0,14.915131894083547,True,JovUywgX7DLZ2ZQQ
27.4221670176625,11.189870125171444,0.0,25.930331854733495,0.0,14.913667414801633,True,xZZqBxx577puIwe9
25.794225461539714,15.076819683898371,0.0,22.668795888399412,0.0,14.90779194269642,True,fUVZgu51CqrTZNzQ
27.14492643975097,13.715047700122135,0.0,22.21486340189773,0.0,14.904469367240484,True,X3NAdmnvJ4kQy7HB
25.437672087238035,12.536827597814673,0.0,27.590102689095776,0.0,14.904023928989444,True,vn0SLBYBKYvISplQ
23.71652585983391,15.085098902167129,0.0,26.781125624382295,0.0,14.9034013271493,True,7oPYu2dmzIChuOWz
26.341413058110714,12.775146809955743,0.0,25.374392549650764,0.0,14.902369502369766,True,so06UKuKMXR0upt4
26.70109689145613,14.432844611983036,0.0,21.89106622450005,0.0,14.902200154107605,True,2cdfCaDJ98giRTNs
26.94770556950387,13.011603356573588,0.0,23.762057435361136,0.0,14.901521125298729,True,O6zqyg55jSb4NBhC
25.420763008147595,13.510576711796222,0.0,25.947661217075385,0.0,14.896022262954641,True,ZnAFa9tOkvOtRNBN
28.592408198890737,9.385609828959584,0.0,26.463502867249048,0.0,14.893650346994475,True,oCLrZ3aWZkSBvrjn
26.91954859481937,12.989535116068229,0.0,23.796439180587168,0.0,14.892714234550944,True,vYmG0yKqCKWakw3s
30.60053126533408,8.28969656183336,6.1775362318840585,16.008997378089113,0.0,14.889440373148743,True,4UvcO2ggprq7MyI6
29.035265113083245,10.869540391440317,0.0,23.075009214891264,0.0,14.889216014018741,True,6CgWci4yEyEkXbLS
25.44891590012391,14.461738287574011,0.0,24.2492112965145,0.0,14.887491036407852,True,GwhdWP8hCtKVaDvp
24.74800522394747,13.366941944955625,0.0,11.503175162813395,23.85777684611807,14.877391012456965,True,Ej4kqc5u7U7xZ05p
28.68424185568278,11.617583257482208,0.0,22.448121285383298,0.0,14.87688656388288,True,ZNQNAyo5zvIc9Q4C
28.494571233500068,15.861626291329475,0.0,15.7483538811739,0.0,14.876031025058474,True,f12FNNKmltSlc4ks
25.770066583223606,13.190319945427298,0.0,25.624487918469434,0.0,14.87227314909432,True,Pf0K2YKuhDew13k9
26.689513354619706,15.305480205276684,0.0,20.25972866833274,0.0,14.872183357954992,True,hfyzCoYiN7as5Rv9
27.205470708915353,16.162050260737402,0.0,17.78980600869182,0.0,14.870624679162729,True,0XlNQGqkURv7DMLe
27.462744481369274,11.978868956687473,0.0,24.24432688980076,0.0,14.870189617052764,True,KeBbN1eften1hL5W
24.744962254192387,16.40538120063486,0.0,22.289982000376114,0.0,14.868331276472848,True,FrkKWbzQPMwjlko2
27.887956674234676,13.459418742855414,0.0,20.89855334948269,0.0,14.866024690406658,True,0Z68C7q1B4zB0jfw
27.55362503131167,12.454361380434712,0.0,23.23212804464218,0.0,14.864497061198506,True,eA99xKMTmSaRiVOV
25.49835080413095,11.530231496833377,0.0,28.864177464401813,0.0,14.861689735107902,True,JJH5OKhEHRQPFYNe
24.57239890695833,12.689476014408092,0.0,28.725456335158096,0.0,14.852907125963236,True,964P0mmTC7ge8INv
25.781554246076094,12.594753638384061,0.0,26.455525606469003,0.0,14.851483524389193,True,xFHDluTxHSET9FEr
32.13274880956137,13.558184236823179,0.0945179584120983,11.965152352216226,0.0,14.84304714658906,True,yFxcfTtBHpPhrzxa
27.686253816874462,12.865593175858617,0.0,22.132878171987844,0.0,14.842206164825171,True,f5cMjlBHvMlRBj5Q
25.24528238211839,14.701704076655947,0.0,23.952742074416875,0.0,14.841922044962034,True,Szcz44vSpdVE6r5x
26.081795514748425,13.461989414076347,0.0,24.321279474013412,0.0,14.838227929045626,True,2V8r8Lwwk2GXUNpG
27.399523425972696,11.909159636432364,0.0,24.266959425460865,0.0,14.837190850719029,True,N8OAXNKZy3XQs1JP
27.294112979571736,10.881960335621663,0.0,26.15815708305794,0.0,14.832447540235627,True,N26CjmzZhd1IdK4j
32.680130824694594,11.712191341474384,0.0,13.986585918043922,0.0,14.830074970483562,True,jq6tz2NHrwKINUbM
27.249375360742242,12.282607944493586,0.0,23.88247418745348,0.0,14.827835722464089,True,WiGfAv4dAqzmaR0d
28.115127735880858,12.567443929818156,0.0,21.672678612985802,0.0,14.827301095166666,True,9OjtR469Y3UPx98a
29.42973572491845,9.596080609330372,0.0,23.957782272703696,0.0,14.821608210713682,True,xWrgiflBCJJGAgbf
27.477508048271055,12.820010754699336,0.0,22.463049966441517,0.0,14.817712598122377,True,gvtuikU8BYO9FPul
27.892879435452144,14.15990792668861,0.0,19.379334911887348,0.0,14.814741049090898,True,h9U6A6a4NRnzxNYw
35.09319838274365,2.6705924514163772,0.0,24.11890559134654,0.0,14.81344346637917,True,ZOatEE55qiuQIx9N
27.762379089969375,10.587986626544645,0.0,25.561725613877,0.0,14.809969225708524,True,rp4H5pJTa7wJSk7A
25.211046083479268,12.735024870521054,0.0,27.083626198083067,0.0,14.809613972386503,True,1xbuBYyuJJVmZnNG
31.668675037353367,3.945527101753025,0.0,28.743195741689263,0.0,14.798463647897655,True,JOeej3h27a9peXXY
24.771098813240553,14.492709374837341,0.0,24.91685406556989,0.0,14.792035097516983,True,16e55iHtdnopLWLE
25.29749708268848,12.760685669007035,0.0,26.74943146874151,0.0,14.791835262369528,True,RRxTIJunZDLHlhUU
28.536494682398132,10.610015582777455,0.0,23.83831707061169,0.0,14.789199861005558,True,suaYMkQOGZz4au9k
26.28155178023396,12.09995361781076,0.0,25.84702278757609,0.0,14.786507356659293,True,dWaAi1OoeTjanGDx
28.74049732584408,3.554590271261112,0.0,11.299815095688768,35.69037022346421,14.77480605226824,True,9fDe1m4cWp8TFbND
29.162526058002616,11.887126926297686,0.0,20.34544859201048,0.0,14.77235683777678,True,3flKM48wC7Y5a7Zr
27.54773236562769,10.595188026994684,0.0,25.700815886699505,0.0,14.768239099441903,True,8RljdKCx8vRbzgDX
25.134322905869205,13.800650695060632,0.0,25.183197663365654,0.0,14.767939195030767,True,eWCKNzFbJaJYMDtR
30.02705419592406,0.0,18.672978019458185,13.49695953625824,0.0,14.76725579310759,True,A0FOd3p5MonyC2RF
24.674231461140938,18.121781427023794,0.0,18.890899343251576,0.0,14.766349696585966,True,p43kr4OIsQ6eSUU5
28.51035424467679,10.728415531618149,0.0,23.540021119324184,0.0,14.766213324206202,True,R2pIu3TFBVlWy31t
29.03984509716878,12.31217515235328,0.0,19.830836721592124,0.0,14.764622825477772,True,o5CqFzDTDx4nDiA9
27.412112194199096,11.34094520380178,0.0,24.68204687936749,0.0,14.761176991115297,True,tQunpDjTjcfdL4hj
25.283075648405806,11.919831223628691,0.0,27.951127819548873,0.0,14.757549673361243,True,NRC3nf5giWhLUyw9
25.923536763996033,13.366517833965007,0.0,24.248836605484428,0.0,14.756015978512725,True,koeGPrnjlkxMT0hQ
28.035511629084382,10.467964126772666,0.0,24.844677637746067,0.0,14.75434616608039,True,c0r4BZeEu2vgGJCb
27.263976417767342,8.087121820804025,0.0,30.323983193856115,0.0,14.749570859609626,True,3sxH9rFtmZzlhTmb
27.103578790114582,12.942236753856472,0.0,22.52372705230343,0.0,14.745191883344006,True,OJhRQ83sCjOmDnwA
24.35652422633801,16.80976007352056,0.0,21.525476055224875,0.0,14.738218694565276,True,MzHQVvX9NcPLBSQt
25.663219668843507,10.435137327266375,0.0,29.503915560095336,0.0,14.733337566483947,True,Clt9zeMgR0MX0yuF
27.40671872533165,12.752666058261521,0.0,22.142811691341787,0.0,14.731603885866141,True,PvBgyjl1vyTTRrSF
27.452064758675547,12.458528775313647,0.0,22.52533213240261,0.0,14.729051441291467,True,eFnyuqi5zlsgDIql
24.192570501904527,13.450196925669694,0.0,27.382804901770083,0.0,14.727741117254293,True,MTpqQiES1gUIzz9V
32.74656720031388,4.178759659399228,0.0,25.704241109848876,0.0,14.724296241421303,True,h3qSpQ0BmETYZgSU
29.022476414489937,10.058675736127707,0.0,23.318089821433148,0.0,14.71912533159388,True,ykECBGNVBWj09YEb
26.472456510092268,10.968100637916693,0.0,26.89043495423482,0.0,14.717327355642077,True,xG4FDgZUEW1u6nxu
26.797186925923498,13.44452360740561,0.0,22.10510428100988,0.0,14.716052621779932,True,C9K4ImPGDT7fQpvw
26.14046161976752,13.976882874361866,0.0,22.531227192159314,0.0,14.716043283344618,True,AHMUYSRoLYC56DPc
26.966382179714667,13.998841693969778,0.0,20.818759484066767,0.0,14.712439000016861,True,jtylWIEp2ot2TjZD
27.431804590761395,12.450694277871058,0.0,22.452365521710952,0.0,14.710069774952826,True,sxdZHLh4CWFBWGcQ
26.52622565465556,14.426245178782901,0.0,20.96144863710673,0.0,14.708646286658402,True,D1dAPJP1aj3B0LQm
27.34584388664138,13.086738488332749,0.0,21.55429783675808,0.0,14.708582463589313,True,2kNnsSVfQEilmkMF
25.029686918811297,13.208917015724543,0.0,25.973316187108182,0.0,14.707132757640752,True,dw9ge8uTEMsjpH8F
26.68948799487249,11.553169011648837,0.0,25.401755992010653,0.0,14.705402050175554,True,vr8RbWnLaMGq9RyH
28.671017784795488,11.186093693494904,0.0,22.04520722778263,0.0,14.704609842979766,True,P0tGZtBQIumAzqNG
26.239974858214016,11.534068072684198,0.0,26.325510463441496,0.0,14.704336045151479,True,9Bb67GcVWLcgcf6s
27.05809833744341,13.080663203262826,0.0,22.10160948829889,0.0,14.702836725293563,True,z8BhongwulazPuay
26.906278473698034,11.988187903366473,0.0,24.199653961096836,0.0,14.698878612115553,True,2Pxh4b0BrcFc9DHn
28.19594449729307,10.94891689939832,0.0,23.338259678465864,0.0,14.696751525807379,True,qfrrFrPnUi7V3HVh
26.418544357999494,11.736428494814842,0.0,25.521514273893256,0.0,14.687897572187548,True,WLhHuqJIdyttWi11
23.480956176063103,14.515586999699437,0.0,26.764353233137218,0.0,14.687836587714372,True,aqypCWr9vtLUKaqP
24.6454215166651,7.965391975127365,10.722682632981638,21.04252762081471,0.0,14.685890118499906,True,43ANVj77p3kZZl4A
27.79756370999783,7.21200924489858,0.0,30.2749344021222,0.0,14.683511584542323,True,2zLG0JZJsSYnNmWX
25.674723819583345,12.310612440967478,0.0,25.986147469458988,0.0,14.67799237653572,True,7KvTQKv4ThtZlM9w
26.908675447404683,0.05578181139978893,10.521700521700522,11.040603524911505,28.290090973335396,14.675987817481722,True,RObestZArY9gN9Ek
26.93140326561659,2.59573637108062,0.0,12.249009499260108,41.07733775525762,14.673440272869911,True,mdWyeq36zbfFQqXf
22.508035936280976,16.70365628112107,0.0,24.961212179859366,0.0,14.672506678143465,True,8B5kpbZ9mMTeeXgr
26.682397877733163,14.332447635068984,0.0,20.537171046317447,0.0,14.66840692903481,True,dgUSIE9pftnLfuf8
26.05347982317823,10.811282434037484,0.0,27.597067061588486,0.0,14.658424614701111,True,AEDnvMju3TuU3wzi
26.74764591848096,14.544017897434736,0.0,19.9862322671601,0.0,14.658233089976985,True,3KPWRokCeZ2csbuq
26.401350985759905,12.87921332697135,0.0,23.42554644808743,0.0,14.654040594683924,True,M2tYuBGVbtrDmgqP
29.9302327405351,7.497783800486403,0.0,25.328758431843987,0.0,14.652829537058727,True,PgDdVwXzrDO3RBVv
30.392751439528595,7.455690487391715,0.0946073793755913,24.34551984967056,0.0,14.652497507032209,True,MeR3pzh84KpLMcNf
24.78043263417056,13.860660582848165,0.0,25.00522852123477,0.0,14.650079214148423,True,97oKGKOJUAIUh24H
25.840177149831675,10.315414699592367,0.0,28.78613115659135,0.0,14.648826493336298,True,asUt1LLQF3jCIEwv
27.658206872385858,10.724130682642123,0.0,24.45586876155268,0.0,14.646875046609189,True,9CAkl2biUpQq8VSV
28.63925397444828,5.949293155934392,0.0,30.4366708027107,0.0,14.644600101724688,True,2LeOtpJJjp5kuPxS
25.94671240584868,13.892261618790458,0.0,22.515691592406046,0.0,14.634432865313126,True,0F76zYMHFOoPemDL
25.782388807018165,11.876095984198235,0.0,26.20418848167539,0.0,14.634368910406316,True,qhNgBuPc3mSsrbYK
25.528339503725846,13.064013759514385,0.0,24.726787292767845,0.0,14.633523384911527,True,wd0BGJlBKgFO2FBW
27.658466000026266,10.47656299001331,0.0,24.724074251726783,0.0,14.625291685270223,True,DQWJl4bOTH3lKFnQ
24.760351329581297,15.683668302091286,0.0,21.808717068437943,0.0,14.620330034662903,True,2S5gUysMmTj3H4KY
24.5312567503481,13.232859597272657,0.0,26.348051375337633,0.0,14.619799630723238,True,lgsriTCUaofjaFnv
25.522126944482512,13.347127194521184,0.0,24.17161055923473,0.0,14.619161465860259,True,vu0p8xQzyNdw3vZg
29.305161885063846,8.443438014138238,0.0,24.77257194032665,0.0,14.61829386010271,True,ueT7zFzXUCazmAOo
27.412243689694506,11.100090116293263,0.0,24.122121754893286,0.0,14.617013899215662,True,LINLqDbASgDS22Pb
32.38533908463749,4.759105746234891,0.0,24.7415487714073,0.0,14.616610477661062,True,pDlThTpkOMWceyia
27.480643224329587,12.481536656183835,0.0,21.678722632151928,0.0,14.616385526167623,True,VeEty3Mc38kLV9Hn
27.116802475135756,13.796175563111863,0.0,20.207582095293045,0.0,14.61522194761265,True,r8fVtHvd5XkRSDQ6
26.329098572666343,13.546044279437497,0.0,22.187745004094293,0.0,14.613402392273422,True,Sz7jfKGZzxxdtLsX
29.211291631911767,11.966210745132107,0.0,19.04738164177101,0.0,14.61204742212221,True,JLmKe90iL983w3zw
24.62399300204568,13.776019697072329,0.0,25.205398321530282,0.0,14.612012573111327,True,huKYbaDS0hn3iQSa
26.809760475567945,12.117249820818557,0.0,23.589363955895806,0.0,14.610645191259394,True,SqEFJ5IqaCaZSSMr
33.65599928608466,10.05691442201104,0.1540801082580239,13.105148570737411,0.0,14.607616698590373,True,uGI8F9Er0c5XwdnX
24.113547201959367,13.55893593970157,0.0,26.540423019111014,0.0,14.604861598379854,True,iAmP4ZHpOZIYbyYT
27.01591489847254,12.510258438170476,0.0,22.452442323669132,0.0,14.600205427634751,True,QQbkSrpZ1WxaSMtC
33.707343660277026,4.616782989296035,0.0,22.20979513592166,0.0,14.597868115795364,True,o2LPHMHZm2cyxdWo
25.677991959303323,12.140839583535367,0.0,25.707907254963395,0.0,14.594793571919348,True,zrpTs5oyM4E9bR7K
26.47893259029397,4.733741677362274,0.0,10.825142334627706,38.40480119267254,14.591366665890169,True,Cnq5UY0iyZ1XvI2E
32.1873145224739,4.840609986838518,0.0,24.815454448197336,0.0,14.588665020681399,True,BlRLQyfXNsZpTefr
26.244004735169682,13.230116345529606,0.0,22.6028395717865,0.0,14.57115644270128,True,ZgfgTMDHDU4YhIdM
26.754612187441836,11.818029833903235,0.0,23.933198115676525,0.0,14.570870832059839,True,msrIuXCQhrjkrha9
24.075661858701526,11.754660746830712,0.0,29.39650319829424,0.0,14.570839224062272,True,SRrsPVIZrAm2elis
32.99979530495173,4.469737933256369,0.0,23.68242305613579,0.0,14.569736533219979,True,7iEAfPDM0tUJbRir
27.301784742285236,11.112309564837558,0.0,23.987266020484242,0.0,14.566702716967598,True,nH8ObsARI7iEwACV
27.078768931683122,10.736128361520938,0.0,25.042355033462815,0.0,14.564016024904593,True,nRXVpa3NBF7mMCNG
25.999049983543067,11.815795063310372,0.0,25.353354081006792,0.0,14.556666873041532,True,5JaYHCXmvtpE3Q6J
28.06728510459877,10.1670077257292,0.0,23.942529787088066,0.0,14.55331693087514,True,XMFgTIY72Kkq9gMu
26.628967730650288,11.059490731930119,0.0,25.286021853875358,0.0,14.546466280258919,True,NOfaAxCp4Zu2fEtv
24.138443395189984,13.609332806568139,0.0,26.01500514556983,0.0,14.546116992034504,True,HggUoIymmHQpKO8l
23.969916593241575,14.659234080405284,0.0,24.5816515691353,0.0,14.54303123344409,True,kpDU9eaVcRRA3HE3
24.38818354813983,14.617882808181317,0.0,23.799936496940308,0.0,14.540916241028324,True,noLFawSfL4xG51kz
27.15455999485473,9.908939204847362,0.0,26.10066529795473,0.0,14.538702594361467,True,7varDbZka3xNRyXG
27.313231722153912,11.85454602591799,0.0,22.528313365780605,0.0,14.536853027992763,True,95JcLlqkGF7v4Dif
28.37043357849937,10.515703750567415,0.0,22.64241130091984,0.0,14.53641770632964,True,k1Iz3TosZk6xvAnJ
29.46026085398183,14.560509079015699,0.0,13.708420034582808,0.0,14.534468531135893,True,0mkR6NdY5gXd4l1M
27.173570573739028,12.847093479105144,0.0,21.134461201568186,0.0,14.53401372213322,True,RMmejeBpD6PzgUHi
31.305989364914804,8.530452103085647,0.0,20.050631935032452,0.0,14.532004625500718,True,4KErc7eR7r5IKQcl
27.70498140986684,10.137782799167374,0.0,24.568798344046193,0.0,14.531259874358824,True,x9BUUW3VkWBq4glW
26.877138888700962,12.893248781045905,0.0,21.626170518048635,0.0,14.530379439579061,True,7AjOpUt60TfQMKRy
25.391005328320986,12.0132069429718,0.0,26.054143980641257,0.0,14.528724931335434,True,cSKdrih2DDAkWvo4
24.890052776209117,12.800547165352691,0.0,25.72242693544308,0.0,14.525516664517369,True,hYRAqHUaC812iOCO
27.5903498199457,9.914974117473005,0.0,25.127172727483696,0.0,14.524924384474515,True,cwheEfBRUdo1MIWX
28.19121740772352,10.348406451096618,0.0,23.161674086370382,0.0,14.518717948046767,True,o0p4rYL7CkNB1NDb
24.948383561053724,13.602207924748654,0.0,24.209021740723912,0.0,14.516420310611867,True,uRaa9Eq5S1Pf4GKY
27.378932399050438,11.625530182528166,0.0,22.632902298850578,0.0,14.51499761017476,True,dixFsmjynPcp7UM8
28.639371765290658,11.759872784194293,0.0,19.848990852330477,0.0,14.509128353485341,True,4fgZU3mJya7rE1Lr
25.870877560571003,13.659958816975069,0.0,22.212172638562116,0.0,14.508078868199384,True,VcJyHWO9dmsCz4tX
28.03065072371553,10.42765845322956,0.0,23.269597710287805,0.0,14.50654948696522,True,qncg5yvO1wBZioGJ
27.972287504554252,8.972595963593195,0.0,25.80931882498306,0.0,14.506233066012033,True,EBYdY0NQbMmFg6As
28.304773765574875,10.962030611742705,0.0,21.791175758553905,0.0,14.500616146391224,True,JoCtrXreXFkorwBX
28.792816261886834,10.406406228533116,0.0,21.735107646123172,0.0,14.499712582617803,True,VYFQGk6lea1kOf4F
26.709799427875332,11.750608902128747,0.0,23.633522777571216,0.0,14.495620470530469,True,XHtvcSDP11Jybspx
26.94212167620892,9.283251773829226,0.0,27.259252408737034,0.0,14.492337307630537,True,tJTuSsoZPjZKHDAL
27.10569960897178,12.136464238564882,0.0,22.174335709656514,0.0,14.491976298781232,True,UdLEkHOUNX1yj0Rp
26.34606871678758,11.388342797741936,0.0,24.89135521149112,0.0,14.484609596195426,True,lTlN2e9SksIMvwID
24.770093753340102,11.810370410822674,0.0,27.30788556880611,0.0,14.479803564028614,True,s5t2kTT7SOlYxGoh
27.573567796673437,11.815322828635999,0.0,21.69220825253852,0.0,14.479732284041809,True,EcguequVLKjbg3zB
25.28090889181041,9.995375164723864,0.0,29.261806472919417,0.0,14.472387429662,True,PiLIRZm3itST5H6i
25.05267581389906,10.017356875874503,0.0,29.67965164865776,0.0,14.472089710437007,True,jC3LYWViPYtzpjb5
24.95501834911121,12.6332294878741,0.0,25.50957895380103,0.0,14.471249719772043,True,1Uf9NYUG7jEmZtZI
27.485953979391333,11.44047446706328,0.0,22.418325197146075,0.0,14.468653590155132,True,p0qwcM0zGuNnGczk
26.099839831920985,7.728587962962963,0.0,31.351036302615736,0.0,14.464754385709398,True,PUdqLhSHFl5Cs2kc
27.45977731578757,11.531603790661952,0.0,22.288780009799115,0.0,14.464151143871625,True,AW4Bcv5coTpCr6BL
24.522210056362045,12.798813056388045,0.0,26.045182637845336,0.0,14.463143676682424,True,0aJY5MmeUQLNjuQ0
25.279846085654757,11.482856874891137,0.0,26.720986492843224,0.0,14.462816018345695,True,USsilUa8S8Kz2X9K
26.543422882521114,12.14443191140279,0.0,23.06966004435198,0.0,14.459583849259829,True,YVntXQMkEyAJdKOH
26.050856063812425,4.538533781806588,0.0,13.174253814568573,35.31626730740005,14.457655067520664,True,P8LxYNfU5Z7NbvpW
25.267910804631704,13.1711047093552,0.0,23.84949684019348,0.0,14.450573944757332,True,WoMRbyY6qYZKc9KU
25.585192283576944,8.464238053494558,0.0,31.0536978390462,0.0,14.449671874303654,True,hSFPDAAww1IBHWvh
27.392592696053637,12.698764936845302,0.0,20.374819798173952,0.0,14.44869201275351,True,y5SvHcsBWrS8NIKY
32.20760129112156,11.237888790357013,0.16750418760469013,12.919291862631999,0.0,14.443147201841459,True,ICzejSWKCAFyjh8O
26.410691202510858,12.215199347435151,0.0,23.09489243764023,0.0,14.44124106325808,True,XwgzmvieqOWVfVla
26.03965878716059,11.402561673809412,0.0,25.182648401826487,0.0,14.439935314874504,True,ZyAi3AlpuSWKy7ax
27.302168461285735,12.569261724191303,0.0,20.710949543289697,0.0,14.439608400927,True,HjhxtxtsFbYjjYLA
25.77449794741891,9.97750066470039,0.0,28.071022538395056,0.0,14.437377931160029,True,WfgqNjfP74ytopVs
27.899086818913915,8.591613608592192,0.0,26.127778168106982,0.0,14.436796173038267,True,7ZzS1VuuCroe8miX
27.063235561289325,11.268841022841501,0.0,23.295593361737627,0.0,14.430519928357816,True,MibJx6ArKT1dh3mj
25.1235825849539,11.65726625310846,0.0,26.524721056402907,0.0,14.430099497223722,True,kG2FiZcneMx1thM5
28.53380683664618,11.698548789486631,0.0,19.619794869760153,0.0,14.427748478829534,True,9WnZHqY88T78Cgvz
30.44001322375008,8.244423458480293,0.0,21.548264843575833,0.0,14.425349558281471,True,Fu5kdPpStqCBvcrV
24.912557748577697,13.990830918497565,0.0,23.004355417786584,0.0,14.422128366865689,True,7aMEa5aRlAJ5STFW
28.09892575956254,10.432573009779908,0.0,22.50954101363729,0.0,14.414252132359334,True,qrnDdzUyfIWC1P92
24.49092943559218,12.357797957892835,0.0,26.50521269309794,0.0,14.412510224115554,True,0G7ijRfOZFw7OzkP
25.805966680499814,11.972345146562414,0.0,24.490096889006065,0.0,14.408390824141458,True,fLLq60ebem5PCZif
26.130171668694103,13.843900846151794,0.0,20.697739652894658,0.0,14.404687660080377,True,AkJJOESrS25phQ8j
27.698628460207185,10.301002916575996,0.0,23.450369784065895,0.0,14.402394734816038,True,OSyR7XSivlOW4Su2
26.470997917077508,11.664710786242924,0.0,23.63209458215167,0.0,14.402291259006734,True,G4eFqSu5iDoY6wOm
27.156231044459744,12.677611710772968,0.0,20.560645370520515,0.0,14.400369046609242,True,B5GGvBIUtR81BF6A
28.514232929939148,10.676160003133571,0.0,21.177920744895342,0.0,14.399997991499436,True,AtgrEYxopz2LSxks
24.20327887618137,11.130745125673252,0.0,29.03709935897436,0.0,14.399234848118876,True,uquhXz3G0aQ3IDAd
26.15410634596632,9.452251346756885,0.0,27.915427702095293,0.0,14.39660889579341,True,rxXp1JPedNETNtg9
26.296579401967687,12.946115069121653,0.0,21.804442719953443,0.0,14.396168995863736,True,3X8XLgUVSy8Pq3OO
27.668962694557262,3.1708961404428537,0.0,10.818006974963428,36.77313323851962,14.39342721357437,True,RUoYv1AfhJGSWja9
26.111264437909988,10.646302668311368,0.0,25.9598652114872,0.0,14.388934780173916,True,MH9Wr7FEWvMBvxR4
28.16517480981622,11.349274096629175,0.0,20.62681851448564,0.0,14.380893744275005,True,xyssAJSwpQa7qxxu
23.181833995296593,14.557798015698705,0.0,25.222463374932175,0.0,14.377369208753478,True,zF6Y0Q8CW0z7x0EU
32.58037609458792,3.9382201383055966,0.0,24.09886074889007,0.0,14.373496975286285,True,6JCca0D91NsPkad7
24.446933810547264,13.558002382447642,0.0,24.331664562975988,0.0,14.373330423222487,True,UPDVV4FokZzsp8bK
28.449847106108432,9.613958127180988,0.0,22.888176994694163,0.0,14.371670212831901,True,cC6ZKPmuMEGj9dCg
26.770359708738432,3.4919586122554502,0.0,10.817818985711167,38.42796124850467,14.369566538392535,True,7gfQ3dsaJoGqpVD2
32.37471835452082,5.611109205652353,0.0,21.652754054991203,0.0,14.363105916018014,True,3SUBokfmU5Zx05Ia
25.815463782023613,9.990764743142755,0.0,27.465101239853716,0.0,14.36209550637083,True,ngbzEjrvmbFzkt19
27.144660418387517,10.513764183991434,0.0,23.920087359696392,0.0,14.359852275468572,True,eNsUTM0DLAOMvIyE
31.628655474192577,10.808659877194934,0.0,14.426424279891041,0.0,14.354725253540163,True,m5UbUbjPg2toyAuW
26.45112138454766,8.802255316286102,0.0,28.123391448733916,0.0,14.354408961745909,True,kaACSMEscosTsS3D
25.215836580645625,10.368944658792806,0.0,27.95118473659454,0.0,14.349664849381071,True,yfR9Q3IiP3whlIzH
27.344375993803506,11.496111146263436,0.0,21.803541692051503,0.0,14.347871838514637,True,IcNepOR6soVfBgWO
27.20779198464227,11.339102828036431,0.0,22.33741857127084,0.0,14.347726088092415,True,97N4C4A2ICG22rYN
26.505165394709532,12.929724596391262,0.0,21.088778146917683,0.0,14.347297489548328,True,tJBAEfHAq8rj9BiX
26.037095345733515,11.49106029575216,0.0,24.41023660745629,0.0,14.345429168776537,True,s9Tfw7CPqVEnm0Ir
26.3498358570079,12.688784096621543,0.0,21.768437523565343,0.0,14.342412409792558,True,JZznAupATPigGLqu
27.37633653348678,11.624469753680534,0.0,21.469220824424443,0.0,14.339401522129833,True,1XwDnB73vQsSRa3s
26.191953823056444,12.80922270216603,0.0,21.856680679594724,0.0,14.33839392439765,True,VSeVo1Q76XFJXDyu
26.11809565690842,11.776227190946873,0.0,23.708457272960963,0.0,14.335754085753388,True,8A56WcB2SnYqMslN
27.296388092511865,9.811090798293723,0.0,24.61920495179942,0.0,14.334569870096903,True,wwtC3JfnU4CVAZCs
26.672591730224482,12.639330490635224,0.0,21.106570195375216,0.0,14.327595671032434,True,MJnAD5fqyEqKc8By
28.478208104969507,9.827798715812017,0.0,22.18011215775391,0.0,14.327428934106942,True,ajJvgyjk7wLWp0OA
29.72423256794392,2.8010372399910533,0.0,31.37034128831431,0.0,14.323080273628085,True,WpIvFoB9JbSegK5i
24.759373938908446,12.323338426279603,0.0,25.407334016119695,0.0,14.319746890660387,True,h8AgBbJSGhXNE1ji
25.179708926931742,12.214515903040494,0.0,24.726177560799204,0.0,14.316468287959525,True,fvHJi4UUe1H39D9c
23.152123036181965,12.204984889072051,0.0,28.791996203732996,0.0,14.31568256368255,True,R3i1amI9QDkg6ihX
27.63920083880828,11.037407885345676,0.0,21.742664053863933,0.0,14.31251183105849,True,cipXfrj8OMaY9a9Y
26.40498412720543,10.784254230560503,0.0,24.601122043479187,0.0,14.307727102323634,True,uVFW8jJ27QOZCdmj
28.033336009792354,9.128920786815524,0.0,24.097081044998028,0.0,14.306793156391292,True,Aoii3sHP85gvuq83
26.7838096988999,13.081655749424666,0.0,19.99331190666394,0.0,14.304553633025726,True,ShpU8GFf3WyjIopw
27.873579837236477,9.714612138310523,0.0,23.421203307147927,0.0,14.303907481820762,True,BInQlEimJy17x1Aj
31.65437551911807,7.094174240847384,0.0,20.2073316641925,0.0,14.300955965576144,True,auSaTvnDKYu5oJey
25.865587275545824,11.567231822775746,0.0,24.323618028654003,0.0,14.300026842655784,True,VwIqQFqxDa0wtTv5
26.496868835213213,11.911854833366462,0.0,22.479054686309926,0.0,14.29888256185207,True,Mundfi8Tdo39pKGb
25.57501997088699,10.53398069117942,0.0,26.605463403146757,0.0,14.296820674532965,True,gllj5F8yVqpoJDlk
25.746973122848,11.855307237944105,0.0,24.04709351167043,0.0,14.29498277309099,True,IhAEG37ayOy9PrQo
26.892683710202462,10.80538169645245,0.0,23.49475603115604,0.0,14.293363941847256,True,drcLwoThq5YfYLBh
26.659092333339757,12.068501387604073,0.0,21.842012239577578,0.0,14.291154882839582,True,KsteLTWhqDZKUd9x
31.14102877345062,7.274207479212839,5.674445547831843,13.276796999225343,0.0,14.287269161288567,True,vTZOfFoop6wHhoAG
26.11107874259605,11.441937445632512,0.0,23.93493751718013,0.0,14.284048611763962,True,3vO4uEV8rlfzUrpu
25.39493171521812,9.805936863657278,0.0,28.084216455273697,0.0,14.282596198770811,True,sD9kN7kTIsll1TS5
27.991864708696284,11.400376393379336,0.0,20.20567408925743,0.0,14.278504624342332,True,EOJR7CbyO0EOBnvp
26.536279261939075,9.864171426783997,0.0,25.658503602594713,0.0,14.275702175666929,True,9uFuM4Im0ZPm97MM
27.433728317852626,10.5027952245537,0.0,22.78271850876881,0.0,14.273225077809535,True,USCuetcZThb2vPgR
25.709426655682904,13.047602837063799,0.0,21.962621724156016,0.0,14.269121964594223,True,NRsUkHKPQQUtAtkb
32.350316756278836,11.423052450922349,0.0,11.372426855405473,0.0,14.266722167925058,True,APJMGJUc4FCwE3O7
27.306243306618274,11.030887009181553,0.0,22.114158652266305,0.0,14.266718542120817,True,vCaqnpSewqYgUady
24.746454408099403,11.375629312325087,0.0,15.332948255154413,16.950096779988804,14.262795566783135,True,8Qe2wC27oQOAHvaP
25.688714050448535,11.30349701015385,0.0,24.86521078313735,0.0,14.262270085143625,True,dolcEqkTDBh57FcC
25.672539001066284,9.724930039315328,0.0,27.519632692067976,0.0,14.260939113958912,True,A1QQdem0WGjUrflC
24.30742282849745,14.19571482801149,0.0,22.776562324694268,0.0,14.257639904256246,True,NhigzxYvJ8xWjmMG
25.139278738157685,10.786886617124665,0.0,26.763187466410436,0.0,14.252983395690038,True,ESSDMSv2LK9vNtAv
26.908541300125606,10.748006639298133,0.0,23.25770985515195,0.0,14.248220528135008,True,Do9613kZhc4ERTHH
28.044134780934034,9.426682189314812,0.0,23.181706749037776,0.0,14.24716699396458,True,I1af7W2pkAFEn3z5
25.781315940676787,13.204524381356919,0.0,21.408346929108994,0.0,14.246777916908615,True,oTWJalmBS9kgPYMU
26.615337623480368,13.697553756726156,0.0,18.918328781045545,0.0,14.24673904338248,True,fufQMJPxSqvGjWK9
25.781177270745765,11.767257921515657,0.0,23.788068196930606,0.0,14.244377891142236,True,GpdWKDxZtlUXt36F
26.585345313435898,8.672873197725284,0.0,27.25424898263796,0.0,14.231959240857783,True,xqfxQ5PkdzOtUSWo
24.85508849778629,10.829373409054812,0.0,27.083364208966284,0.0,14.226374532944533,True,xOgQ4R9OWOuGIIzo
26.90762624973593,9.500995169939529,0.0,25.188902135038475,0.0,14.225871987661431,True,3HD1dfdr1PgvMg0s
30.2251134564989,0.10443946433163576,0.0,11.917956062704953,33.43165633718865,14.224502946157186,True,pc7lfmzFeAdPppGt
24.62913934605213,10.948548267136346,0.0,27.315543071161052,0.0,14.223210331273883,True,syVe0NKvUpKrA4YF
26.310377760285547,9.621101646766176,0.0,26.16307174946799,0.0,14.222849502197406,True,RVRqLy0O8xgRoEbN
24.89689976793001,13.780548134955971,0.0,22.02941573336932,0.0,14.218619324123392,True,gt9vOLbWeYhdCLFQ
25.84292443723751,10.244775756274613,0.0,26.001525669387444,0.0,14.214300120648023,True,hRbpxFMCl93ELJww
29.414821412312214,6.337429386756741,0.0,25.32719435736677,0.0,14.207882923987864,True,IZmaF10bxns88KBU
26.802047242929316,10.856418469156369,0.0,23.003960585021353,0.0,14.205312877921088,True,IlwUYQ7OzkW4tClJ
23.35447742253898,14.423782571419654,0.0,23.949934123847164,0.0,14.204778988193683,True,XDoVOQ0ikJw07ZC7
26.29003770297626,12.368700521110291,0.0,21.483150511000563,0.0,14.201659017820536,True,50LI0lgOmqH7AkKI
23.821219286956342,13.05906488231965,0.0,25.249161439766556,0.0,14.1985062226318,True,y4uO6CZklta5lQKO
25.70544253898658,11.162446302778786,0.0,24.639565434982064,0.0,14.19817915263798,True,fWxwvfAvWeFzIdHA
27.496463809202986,9.00139481133224,0.0,24.6439262472885,0.0,14.195876782687229,True,AEbv8xhtpF4F79zL
24.354958206636844,13.431063697961111,0.0,23.54038478476967,0.0,14.195311104196781,True,exmvmM2zho1BUFrW
24.380347198060196,13.917304288258313,0.0,22.670912857583637,0.0,14.194067160120182,True,TC9hPEleDRnmCYTU
26.36274409233096,12.875700992902917,0.0,20.434453670254015,0.0,14.192916526463119,True,kPkV28rgSNH4Y1Uo
26.162074780601657,11.123527844343343,0.0,23.75454827831026,0.0,14.192686637012871,True,iSq0yjrv2AeHxeFt
25.293584518400205,12.230947404101464,0.0,23.640014983767585,0.0,14.191814454110565,True,Ed3OLL8NeE4mGh3R
26.556040373460643,2.5894415279798917,0.0,9.646455769878457,41.2371419838122,14.184855057896156,True,DXUacbe6LQd947cC
25.544376900864656,14.274301020581337,0.0,19.684063083627308,0.0,14.184497787948827,True,ZmicBfRBm0Oj1Mqu
25.25049049227102,12.506990272211421,0.0,23.20925612682428,0.0,14.183283134757803,True,jXQqoEzxtxB5lIZr
27.091964974551544,7.798132658033122,0.0,27.349320132437562,0.0,14.17952067673938,True,cu7tGz0IEqcWPmsw
24.73181782090534,13.330297512155958,0.0,22.82823167008936,0.0,14.176354474823995,True,MCpYlDGPhZM1v366
23.693327671855542,12.542616740164675,0.0,26.21144361450751,0.0,14.175369028773957,True,KvjcxyecdA9FK8Ka
24.32185455510399,10.056606983882423,0.0,29.09427567160432,0.0,14.174849463242449,True,yaTnnrWTZYeKgZ3I
27.594998324076702,10.96577709785257,0.0,21.022419217602945,0.0,14.173306654326593,True,j69inCHPIPEdvQI2
24.58403668866015,2.845587102337723,0.0,10.80728688839059,44.650534972473764,14.17275431268844,True,kYjEpv3o1p2t5a8y
25.74828326981189,11.008727952235542,0.0,24.6285799337658,0.0,14.17095395906732,True,p6dG2MI4epIJfvHI
24.14373548147016,11.714570590347353,0.0,26.6588078959213,0.0,14.170584476416082,True,2G5R0gi9WYA6dr3P
26.858532015981066,11.547736659596854,0.0,21.489479512735326,0.0,14.167915696603831,True,G27BsuyuWl9jc08V
26.596531953888153,8.952662377252086,0.0,26.30028369826144,0.0,14.162167735218683,True,V4HcQv4XNiMyjkl1
26.337885355965856,12.358770247767069,0.0,21.138779388990567,0.0,14.161875077080108,True,s3QiiaePbjU4FQBi
24.14036782725467,11.798627194051683,0.0,26.429698103517847,0.0,14.156221862216999,True,cQyrjSv5zKaGT8XF
25.503395606711546,4.038584753207434,0.0,10.974036220923102,38.49119430393945,14.155889733847733,True,OZ9JEEEyvqaiot8E
33.59024503009424,7.5046436648656325,0.318362149189401,14.223100548814259,0.0,14.150371937404696,True,Tx3bgo4Kh6KmHDdC
26.423984996003764,11.284737227158843,0.0,22.67838021999416,0.0,14.150136838589964,True,i4detMeZh3HOXKsg
26.78830829519897,7.301422346133397,0.0,28.573940090607884,0.0,14.147939088684224,True,fk4LdCXvWMzu63NM
26.372955129622767,12.531015536198431,0.0,20.688523701052173,0.0,14.147918978094264,True,bJHypYsVTzDpLhNa
25.795532095237355,12.303316740501346,0.0,22.187835716056522,0.0,14.14266417110502,True,IoiXeRbPkMfAR40R
27.149081754113997,11.405509418247865,0.0,20.95276592075195,0.0,14.13901676890896,True,9Qm9OusTY8YfwMZF
25.949200101667238,10.734405659904734,0.0,24.46069114470842,0.0,14.137465117182618,True,URtapn2aqxr6qe8b
24.640134977706232,11.849142172592307,0.0,25.198419847131788,0.0,14.134089013529714,True,J1bJkWkzEKLdNAQz
25.89345283670683,12.57958785612474,0.0,21.450725402690466,0.0,14.130541625446805,True,ohbaT1zYspnRjlXW
25.064567506526213,9.17235371139232,0.0,28.75654585416943,0.0,14.125940557931358,True,rdkMNdCUU9fBB3Lb
27.513137631283506,11.55315730980896,0.0,19.876867963152506,0.0,14.123760811310168,True,C3NGmXzmerBkRt83
28.678047340687023,9.67778144744335,0.0,20.64425310278488,0.0,14.119497529484676,True,WKyEa8wtWy2591AI
27.17755115064604,10.01964463260528,0.0,23.071032808317252,0.0,14.118831424592718,True,2ozi1Own8zA4ADUC
26.80047710134967,10.096256400604227,0.0,23.692031693825687,0.0,14.118011984629812,True,wJfMMYu3yasAyXfU
28.40609500060089,8.23277441895123,0.0,23.552597458725906,0.0,14.11291172372696,True,lKaiHjiSEWcdMZn3
26.279516241178353,11.724696549177498,0.0,21.985092083766524,0.0,14.112792822212858,True,OOTo1bjmAqWhSOBM
26.169369760326394,10.955501363198652,0.0,23.48089854273169,0.0,14.111821050307334,True,WvRMZ0cyEWnKAntR
23.265084016313224,14.987888004274375,0.0,22.56711840752167,0.0,14.11156496709081,True,0pTrAB9K1tq6FYnS
26.639248606258572,11.473955165045602,0.0,21.66698517857901,0.0,14.110311149925824,True,PT3AenHi7AYJEcNX
26.325893348319635,11.885729551965252,0.0,21.5840951949013,0.0,14.106814671722397,True,90V8Dr7OIZN2X6B7
27.437223594782942,11.085646767310603,0.0,20.67826221663769,0.0,14.104318102758189,True,XUA0j3jLtKmJfCpu
31.913870486720874,7.679239655371193,0.0,17.31075407130549,0.0,14.090584170554884,True,hKEIOZXLyI4eiyzA
27.34504815515477,9.504378293303946,0.0,23.40116150197278,0.0,14.089783245168332,True,8kSuiV2Q5xjZ7d8D
25.58669367407877,12.982546260087343,0.0,21.115715415540762,0.0,14.089001979576581,True,H2hsfWkrC5Gj1Bf8
26.287091760339077,12.601803180114343,0.0,20.345528065771067,0.0,14.08840753299597,True,Mf9OjERUWYa1AubC
25.895470885334017,7.149967760597236,0.0,30.187009169481858,0.0,14.084184581171794,True,1iphKVG7hHQ1L8X7
28.195969667292957,10.112860802732706,0.0,20.597723728710587,0.0,14.076664660177652,True,48Ju6NoPeO0D6StP
31.102767726640728,5.211852304837381,0.0,22.92980529823856,0.0,14.073264188937348,True,Jb8UD8TnCZs1Se02
25.97303051179751,11.129409607434036,0.0,23.315064720462683,0.0,14.071521263467163,True,FUQEsJR1UFDadEJJ
25.55959838756992,12.310081226586673,0.0,22.162906580721845,0.0,14.069835810025921,True,vuSwMRQYSdXO6yS4
25.225795484945355,10.093328660680463,0.0,26.52174373306233,0.0,14.069332370613072,True,XLgjgkCDuAhIw9Xn
27.064147658565172,9.944718707119264,0.0,23.055242851587284,0.0,14.06371040208746,True,P9tEpZZRztDeSdkC
27.152810027484676,10.426721200457758,0.0,22.052995440122718,0.0,14.06047262437825,True,zUbnjmuGteIYalNu
26.071256020630315,12.621942819826565,0.0,20.551039807558006,0.0,14.059518482279437,True,k0DWB7p2ol2J4n43
24.820328846061475,12.029742398057133,0.0,24.018150358416612,0.0,14.056256807095217,True,hyCu2yCDcclJQ3Xt
27.13126341022921,10.817574173704147,0.0,21.386276814575375,0.0,14.051714088681106,True,HicggXrQ3b0yZwkS
33.14815586802753,8.678604860599354,0.0,12.90485055264387,0.0,14.049825558454677,True,FvcrsYHZbzPpOlqr
26.111330672602875,9.222321860117136,0.0,26.055943112618515,0.0,14.047371133702923,True,ZVVp7BnjglnrCAq3
28.175812732938432,8.296082665193174,0.0,23.457241082939404,0.0,14.045350648620733,True,yIpUq7NBbrCGtjeC
28.078503016648632,8.730965850255604,0.0,22.90267767539458,0.0,14.041694018867679,True,mQVKRRMKleLiVeiq
25.614279177474153,11.6205010058346,0.0,22.996975261963918,0.0,14.038955293995484,True,lmHBUTrePa9aMvoG
26.40051247676283,10.485430151422054,0.0,23.314500676284943,0.0,14.038686382327104,True,gSXt2RMZhYKYcwIB
26.677478193756762,11.134032500945624,0.0,21.679085445634577,0.0,14.03861440020862,True,eQQ3IQx58TBpuia3
24.862036576842335,13.027946738923717,0.0,22.138212183166246,0.0,14.036329485258566,True,lHrsin9tFQeMLHj4
26.25696082247373,10.362015455994229,0.0,23.74858663119388,0.0,14.029880105419757,True,Wuo90X5U6WqtyUc4
27.384586024884033,11.113064590746944,0.0,20.240905830515423,0.0,14.029777829729259,True,VOBXTUIBGh34hetY
26.287162449890594,10.079186548484312,0.0,24.156432314842284,0.0,14.029410219314599,True,XGeUUg5qPoDsqDdg
26.547166200740904,10.322591341165593,0.0,23.216446394723857,0.0,14.027264654722247,True,KSSmCPzf8z0uklJ6
24.916306319637478,13.079762647922493,0.0,21.871262100006167,0.0,14.025521872872792,True,IZoWOOJLunpCyJqh
27.09893300198995,10.202057410822752,0.0,22.29805332556882,0.0,14.024902252137997,True,OfLougfEQ57tw1wu
26.92894698336782,12.809044213218787,0.0,18.28989980771177,0.0,14.024430119471806,True,pRM6LJW1hjE2rUnM
35.55633540398272,4.782901386004294,0.8663768429846682,13.23483787473186,0.0,14.021127017502602,True,sdxjeGwduy3dJ7mV
27.02304717970387,10.535568712885205,0.0,21.862143848149117,0.0,14.020127909354828,True,h3s3bpBSLzOuTyzy
27.896230856443598,10.886986397451619,0.0,19.515116487633776,0.0,14.01788332944105,True,GYeOAWWpHPsKpWVA
27.03862033167658,11.497693889720466,0.0,20.177529104453544,0.0,14.012638937601121,True,ONac7yn5Sh7sa5pQ
27.317821801722193,9.463527010225683,0.0,22.994777625437123,0.0,14.010444936888646,True,VO8WpcESrIkQWSUa
25.186308057612194,13.063350844107022,0.0,21.24891249184369,0.0,14.009067002086967,True,x9pBxKE2rzy7UMXG
23.203749821079157,13.85256988386128,0.0,23.889149402957578,0.0,14.007639827732705,True,o7KX7MePvy6TVVUy
24.371440865576183,9.965770971375209,0.0,28.020346504272293,0.0,14.0059269781575,True,3NQ6EnkaYonf7ZNj
26.422340197645624,12.26663437764007,0.0,20.010161333452178,0.0,13.99488485372153,True,8fnCME3Eko1AMjYL
25.024199179393513,9.892851199055452,0.0,26.755198180636775,0.0,13.993752280677434,True,kpbnrT68YiciIsDe
27.137447452119112,13.20266697118338,0.0,17.00954229338509,0.0,13.993332322439343,True,u9PpuDTEGJ2VUf6g
26.124595588896263,7.893422197786016,0.0,27.860542027997628,0.0,13.989815530315028,True,c7ij8vKOZM6MK3zy
25.656815496120664,9.436091972034294,0.0,26.21528103593882,0.0,13.988359797235596,True,Ahic8ctFhgp4IiyD
24.21348321880471,9.951678949707174,0.0,28.227006456578444,0.0,13.986015671554973,True,33o5fNcUPwCDiarW
25.594857908456774,10.682408380018675,0.0,24.22568392711188,0.0,13.982912056608482,True,qxxJJ7ZqwbAhw3R9
24.579621807846422,12.408388090891826,0.0,23.367629136589482,0.0,13.981127935565304,True,ydadQfY9Y0hQXVdf
26.127951958713112,11.356053856908233,0.0,22.024854727466916,0.0,13.981127260961028,True,VcHSghViBX2b8c8m
25.140252195743358,12.14601521818948,0.0,22.668422697441848,0.0,13.978842867886653,True,vuzXkBdzWcQ7Pj5K
25.478954487596692,13.64574896143024,0.0,19.490906154746767,0.0,13.978759509848581,True,NJuFVII4CYk5J7jd
23.883951205452803,14.969923958688003,0.0,20.406834550576008,0.0,13.968691533894244,True,4CXPmLZONWDaqWAM
28.973650342934608,6.439822371668637,0.0,24.419923582747426,0.0,13.965039233209653,True,cLlvehrjWAkSxJkC
25.627764560741575,5.842132413392871,0.0,32.105099249871365,0.0,13.964627359051395,True,4Py29m6mVVaSI0mm
26.11243173768002,10.853818336212703,0.0,22.781173356172385,0.0,13.964360108783039,True,W8r9lhWCvhGX1XID
24.211388738261228,11.746685548199425,0.0,25.06295709869562,0.0,13.959531573332567,True,mWB9qX6WUwGTFOSx
25.448299885841042,11.563941002603785,0.0,22.88644799965268,0.0,13.95844241635116,True,SUHOikQqiZVhzIjA
26.721153642808183,13.005549591195244,0.0,17.936227508962112,0.0,13.958167616985582,True,pNMVEq12VgJwA3pa
25.43231800624303,10.471211353415956,0.0,24.722300352668817,0.0,13.955843293127218,True,tmbcb8VpD1vX6pKW
26.40205626701781,11.006526940320827,0.0,21.880340309806876,0.0,13.954299661656579,True,UDOQSw2eYIzn9B0n
25.168396082682406,9.664942738994025,0.0,26.558677834819417,0.0,13.95055618477614,True,YXihu6wNMB3Eiu7B
24.081964154343343,12.190852573042863,0.0,24.51475052312045,0.0,13.949514968031785,True,WWHAYoiZBA6A5D82
26.8584299526241,10.156351118371713,0.0,22.345346852725633,0.0,13.948418793289003,True,agqoGVHJLSKoCxzD
27.284798729917735,10.092956081494764,0.0,21.55051807808333,0.0,13.94125635106151,True,0GpYQYyZqpV8fBFV
26.31622167268842,10.256641200097343,0.0,23.195881835955014,0.0,13.938409077224113,True,njasp9b2NE1CAJJK
30.28388380650141,4.5455701325539835,0.0,24.740699064631833,0.0,13.932662534783693,True,i1ibtfADI7Xl5hwR
26.52632472879059,10.626337354882768,0.0,22.110576558830214,0.0,13.9310682411824,True,uqRuAzZCBzq6drFU
30.44216560951931,5.371933672750689,0.0,23.013961892247043,0.0,13.92772738488052,True,ArnWGhwBhsRRLFHQ
28.28862421847604,6.238302419662621,0.0,25.86303021170798,0.0,13.925617402214666,True,FWAXypQCUOknKU1w
24.474099293907518,11.008446579216908,0.0,25.521279216579927,0.0,13.92253331546347,True,WSlmnVErULWHMsg1
27.505024279512902,9.601033774979532,0.0,21.79262998731831,0.0,13.920660225696501,True,VhbM48YoB1aLPeLr
25.46381814279375,11.130554656501362,0.0,23.31321440017092,0.0,13.918766266989104,True,MkcRThMSNfI1U0SO
23.007106259417267,12.290235936880018,0.0,26.28651741792993,0.0,13.917668474734674,True,r6MgBlq8FxvthgQa
25.908490376262016,9.374466668471594,0.0,25.342470145066926,0.0,13.917534301756541,True,n3U7l64w9ZPRRLqC
33.88722187732816,3.724449959056886,0.0,18.784108729743856,0.0,13.914895362424247,True,6Qx3gbs34PyoyGTg
32.1256421407142,5.305624107286541,0.0,19.669582494710223,0.0,13.914536043242428,True,qCDqo1rKdjWSQgfQ
24.025812528139546,13.5273267220734,0.0,22.145892507210956,0.0,13.911459315041856,True,LtK0F9624Q5liVd8
25.498126415927622,9.949709186479382,0.0,25.15949027498323,0.0,13.910788762645616,True,tanz0KqG2QfQhlPA
25.56369660540895,10.422806584252262,0.0,24.22542268085197,0.0,13.908624029813547,True,oQW1edazs9RNntXU
27.1507734570839,8.728914832744364,0.0,23.81299911268855,0.0,13.899410612214545,True,ne1WJnLn03ovXjY5
27.171229430914554,10.17123425894741,0.0,21.362173802888268,0.0,13.898503464444458,True,94t3dQgGikUWEkad
24.239104439948758,10.36421758264887,0.0,26.898669323276167,0.0,13.897586126138268,True,xOW4Wt1RBjSe15kE
26.170284191322047,10.801951147306948,0.0,22.28473618328718,0.0,13.894283471716427,True,dhyxDNcxxlPJTeJT
26.423021969987236,11.695165191255548,0.0,20.284537926921576,0.0,13.893378577848294,True,aNZKsgtFwmNINTe5
23.945120713305847,12.719445454802546,0.0,23.522694072559162,0.0,13.891801688576265,True,HUV2Ush1Y2DhwLtS
26.501628992935597,10.817983472350942,0.0,21.539716062419334,0.0,13.885941975331313,True,7BZjlemlbtSecskN
24.497369142431452,7.852445800688411,0.0,30.47654602951511,0.0,13.883804097328804,True,nD0ymFgvn0LWHG2u
29.810529966743264,0.00907701850198938,12.371371083644725,16.406863805096044,0.0,13.880732032141829,True,G4hbQz79mWiYA3CW
24.789479664440893,10.676300251827438,0.0,25.125428301213972,0.0,13.874733207471223,True,I1vWDPlR6gyLPAAA
29.786097056661617,5.108123640231482,0.0,24.395051183497042,0.0,13.872117704580912,True,85QhQi7IOUFfYSv3
26.61845328105524,10.361572228715971,0.0,21.973766848640032,0.0,13.871994068791567,True,HuVNG1r8qr4cJJQK
25.65747218529222,10.556461909490709,0.0,23.553172205438067,0.0,13.869332963776053,True,mrggexMX2vbpskIg
26.702136230323344,4.719442358582316,0.0,10.246912061489972,31.37873508934736,13.865411776900814,True,3HXJGaaSpaav7mDI
25.49158766262869,12.141938507051478,0.0,21.211685393258428,0.0,13.86471373454024,True,3dH4nxyz4Mf03Wby
25.805351992481654,10.864851018307071,0.0,22.706125013659708,0.0,13.86373710437022,True,gxsJERja2gjqQdi9
24.56085969690375,11.186981835368933,0.0,24.65595004774109,0.0,13.86339587507452,True,9XAfWiN6tYpLGxiN
26.534167461508055,9.143345728943297,0.0,24.10463789516075,0.0,13.861782354962353,True,voqbaSelRCBVS64k
27.343379552869088,8.926518751605446,0.0,22.844349329162892,0.0,13.86129595313652,True,NU5Mv17Kc03bfc8P
24.522252281043453,11.690367552937406,0.0,23.867649763934025,0.0,13.85941503713749,True,crAhhCkMuLypKbsb
28.905093211375725,1.663099652476836,0.0,8.031685581051168,35.646528455203836,13.856708559209986,True,nHG8uqzC6WToOtUF
26.10313123678135,10.104434293086785,0.0,23.323250515686095,0.0,13.855535521659016,True,gkYlJzGvQkIMC7w5
26.576078181368125,10.628718904580975,0.0,21.498455892225753,0.0,13.854771564389544,True,pbRmgyFSJEgLYk1A
26.122971036183998,10.7155213709622,0.0,22.24211840034728,0.0,13.85208941364784,True,0F9UPVFDkUYwkiUI
24.90014160662418,9.047701686851129,0.0,27.460149664784264,0.0,13.850990353417675,True,qMBQQmXN4YiZXSsm
25.594058804017468,11.169581702544031,0.0,22.4592431287152,0.0,13.839499536148526,True,JwhvDK1SfK7Dfh6f
23.38072152978766,0.218172266336558,15.734189527532108,11.190232047944189,19.39854118449538,13.833986356668026,True,zN7PENLV9H7CSlwz
24.289860807654662,9.782570453018623,0.0,27.289357474056082,0.0,13.826004476659467,True,6o52HAS5xDVfLgGi
25.895953431080454,7.640971555311657,0.0,27.642567778124025,0.0,13.825414084870653,True,sozSptQLxEJHwBVJ
26.940525835366476,10.292588536699323,0.0,21.122803848064677,0.0,13.823725461994474,True,zmjkSQH1SVVb9fkA
24.279168144693152,9.899420034843438,0.0,27.092902837862667,0.0,13.822540877798204,True,jIzCSPkd77jXccMv
25.611433151315126,10.936922138286498,0.0,22.68928975893868,0.0,13.821053943806964,True,D3I7rJCi8SIlLMDO
26.442121278669454,9.817303442918082,0.0,22.89297072303807,0.0,13.820907852786066,True,6SCbaQ2B5kpRNq8u
24.659435943710555,12.55709965474884,0.0,21.87483762953555,0.0,13.818331341230708,True,U9msClRel9lVGhyc
25.021246309609378,11.700135223358904,0.0,22.539235653528213,0.0,13.81229304675177,True,S6yTsKDfNACRbAR4
26.05055899608366,12.520123638544693,0.0,19.10206289260433,0.0,13.81050804235192,True,skjRDf4Of8To4nZR
22.70658131136302,12.474171460983712,0.0,25.862958881865104,0.0,13.8099610909346,True,hTxIj3BIAIFzt5ag
26.982593540147285,9.464144916464228,0.0,22.307445648688514,0.0,13.806931138463518,True,b7HjDFQcuzrzh7RV
25.240161761296374,12.148584940661992,0.0,21.286117442743947,0.0,13.802112379966001,True,xMdyFadbMPPKtZit
31.38655346114167,1.4367099692836178,0.0,26.832419104114926,0.0,13.800006396280644,True,8iO3WFg3aKsEECvl
36.8842433904238,0.7448024070764042,0.4428664999404549,16.38923548377437,0.0,13.798432241450486,True,4f0oEdScUSTeQSDr
26.812833512384408,10.42428483947161,0.0,20.96164564016821,0.0,13.794168109608457,True,4qNiElGdNamh3CJ3
24.308102167159195,8.87230373990796,0.0,28.557114399060154,0.0,13.79407374498377,True,ESinjOrHCAp8lNSc
25.619863748415867,9.062639005035319,0.0,25.528523018740756,0.0,13.780897328594703,True,54aEm8ZLLlX1G1Nf
25.87966906431987,11.127521109731749,0.0,21.567275366748166,0.0,13.780872301741123,True,igyGLtke0ct8sDUH
26.280996367416567,10.020498555372498,0.0,22.594885790005044,0.0,13.77865641756885,True,hJcomjtiVSzaxdGY
32.38299400330575,4.238904969860784,0.0,20.020248663464745,0.0,13.777661742976631,True,hhyzgi6lchNUcCiU
23.52082916551142,12.149514087334389,0.0,24.5487518668658,0.0,13.775940051516892,True,Np9cR4uy6Y8hyqIU
23.023498245484078,10.416849106957013,0.0,28.4088253981267,0.0,13.772585560103483,True,oRKzLbru2nVXQL3l
27.240353990015983,10.138164692672031,0.0,20.421918351169243,0.0,13.769935122848189,True,JEC02trNKktyHCQf
25.461617944623743,7.504743350699654,0.0,28.29896907216495,0.0,13.759516581886778,True,UeukGvrDOVGRXeTS
25.24765031482172,9.186052791440341,0.0,25.91143067244056,0.0,13.757522893172684,True,4s3offmR26jZyygg
23.831939528678998,10.694906881708013,0.0,26.22297271440052,0.0,13.75675448619078,True,bKBlwI3HRwCBTBMq
27.055941593587978,11.203640218434833,0.0,18.922303331521316,0.0,13.756038032413299,True,Vzg5jk3j6IPpPTOb
24.17151436363882,9.264823727985831,0.0,27.92166244488226,0.0,13.755909607820442,True,F11cuBXGia2Kji23
31.935432655647322,1.8852618516125241,0.0,24.606590811507086,0.0,13.742933881323392,True,BSW4uJhCPNgQxUEJ
26.524624571729916,9.663441268832939,0.0,22.435917462003466,0.0,13.73863530802773,True,8w0SwLIwhyciggKQ
26.837506506051472,9.845142815620221,0.0,21.438162067336886,0.0,13.72826196582103,True,9xS5ZIMO6fgXpQQw
24.791512515014027,10.791545095584784,0.0,23.935130698711596,0.0,13.725609633207142,True,kKpK12yR5IvyWViY
23.115142664332975,11.072646407664708,0.0,26.792715462243358,0.0,13.721611720552573,True,PP4XJU3nBC4oAv0D
26.636154870714723,10.078779223444524,0.0,21.3953471031243,0.0,13.719843332544192,True,4sUTy9A18RPVxYEZ
27.722233965241543,6.043274058511344,0.9465363012273766,24.650313398369388,0.0,13.714342974201184,True,9Wvgfygw2wMqZcUD
26.28976602460481,10.23141969816792,0.0,21.790695116586008,0.0,13.713388999411322,True,cdnL2nqtNcDBME5k
26.577970948234558,12.999778260068913,0.0,16.587361474839838,0.0,13.711440070713572,True,zqNBDtgLNfzcuT5R
26.490922667849983,10.096231309783635,0.0,21.59140625,0.0,13.710045565300902,True,tNCBYalqLGBBmrlV
26.258765710393526,10.05377921789773,0.0,22.10808407058934,0.0,13.70728712818089,True,VA3my5oeELFd4Bjn
27.074028135881072,10.890466886443733,0.0,19.07035706739911,0.0,13.705378722485122,True,k1bMglshIVzkeQWa
25.310686991670636,13.174004714900112,0.0,18.78915250576037,0.0,13.705080152090273,True,DD4bSMia6ChfZw1k
32.18894591676739,8.676463337196928,0.0,12.516143543308228,0.0,13.703221140825681,True,m6lTRzmvwYrANRcn
26.07934915430579,11.959001310748135,0.0,19.258170925911884,0.0,13.702280712865551,True,EHyu9lD6IvIwRX3U
24.113298772365763,10.001599225472418,0.0,26.419479520802977,0.0,13.69731136619828,True,wWcnh1oLkGctIX80
27.775437545819006,8.745316142057955,0.0,21.153697478991596,0.0,13.692014921108928,True,2MRYCciepXPxxy8K
24.519197106028756,8.3180657558767,0.0,28.3624759573352,0.0,13.689646964378081,True,G2uCGWo7RFvAQZJe
24.526794418233923,10.812851409713168,0.0,24.165919881022745,0.0,13.686139160051882,True,PPlOCYPiazmOtuKf
24.02656056051117,12.243439551260966,0.0,22.77444320233898,0.0,13.68499453631944,True,TPdI4dn8HUGKOWUV
26.509970268935092,9.991169969506572,0.0,21.551910292597903,0.0,13.683570116946854,True,cp7HtvFzVkbwRwwO
27.982795204262402,12.67523806047202,0.0,14.130852910687299,0.0,13.68327601299982,True,BBAbVSVkTadaw7mV
25.539068104928006,3.1395845211897493,0.0,11.426863597775139,35.19997638094169,13.68064373953628,True,Whswh4mCrQ4aXiIP
24.442278929064543,10.029772910026823,0.0,25.585123921525526,0.0,13.677895494454898,True,Can6yHzdv70dzpcz
27.777389879157926,9.114369740627234,0.0,20.42690985989955,0.0,13.675845877889117,True,bfU4V6lm5iKV7OBe
26.59420547074189,9.714140214961109,0.0,21.757774368986198,0.0,13.670462850310772,True,qHW40pv36jAHdz3r
23.906670303711977,9.254170195936648,0.0,27.887058268737658,0.0,13.668602380408405,True,FEz35iQHIZ9nA7pB
23.925999955386846,7.52513105149553,0.0,30.72300362002604,0.0,13.667533292493843,True,qSC9yKEXpWv9XDRD
25.440243826207972,8.421910628936617,0.0,26.176751206869543,0.0,13.664063486126976,True,lnlfVMq3RgBIbazh
24.11301333837026,13.703204735081744,0.0,19.99198897923124,0.0,13.6585035321662,True,4IDUX9g16EPOSFu0
24.514815968445546,11.478906943082599,0.0,22.895392837287712,0.0,13.658480451897471,True,QjQCogGz9JXVnTci
24.105678188009353,9.941448670340606,0.0,26.25529385044956,0.0,13.65535970155539,True,vA5PxE8sNbkxcs7j
26.513054509506887,10.164554042655643,0.0,21.032434596903364,0.0,13.649920053051481,True,BYNv4cLpTwuxwSCc
24.172709515618642,11.676845410653344,0.0,23.189087678203627,0.0,13.649387359079473,True,zecb2UkogQgF7REu
26.258152092032727,12.520882554603556,0.0,17.592201166180757,0.0,13.64649644118782,True,8Vj3aw5va4nWnadb
24.45703821998905,11.520327735416345,0.0,22.848580062841478,0.0,13.644480409277023,True,jFMqnDB6oGiF5sL3
26.982583785177674,9.203503899156074,0.0,21.642446732104382,0.0,13.642018120157978,True,RBJFdw8PQyYHuSAA
26.550155704012496,8.9176422342755,0.0,22.964173855706356,0.0,13.639083348128576,True,FTDi9TG3HhSnDEcV
26.270578936993918,8.84995427245821,0.0,23.617512012813666,0.0,13.636289051134778,True,0x7CLKlC5bF8QKw4
23.23457438988431,12.06950357452681,0.0,24.319623463218683,0.0,13.635691730079795,True,xbxZLBlxD2eKD5yb
21.35629340614691,9.118126040658005,0.0,11.008097151607528,32.97341407262287,13.63497551201199,True,Gh9CnJ3UB9Ig6ywl
27.452213401796996,8.701839814829043,0.0,21.49029574861368,0.0,13.634668336538411,True,eLf2p0U4w5bwTVoU
26.57711448111302,9.372431808220107,0.0,22.121166727299965,0.0,13.634417305483927,True,uBxQjLV72cV5ZyOd
24.031741084129884,9.73246200013406,0.0,26.607275650688372,0.0,13.633729172875736,True,KlyPyxLP51eHqy6o
25.819372582305675,9.978306931692059,0.0,22.612376023048878,0.0,13.63224491107205,True,P3BeMsw0GJEc732E
25.7956860467684,10.540610996815376,0.0,21.66724796545424,0.0,13.623945758052498,True,pjsm46TWyF7Ljtgv
25.05520592353772,12.510043285942107,0.0,19.859589781911858,0.0,13.62301106583362,True,vRLYsG33GZlUeHHr
28.297542411709358,5.230064667773698,0.0,25.456111206117313,0.0,13.615195571373828,True,BcbfnoGMbJmTPSIA
24.101969779535974,8.848270254085655,0.0,27.798099519771124,0.0,13.612373425347872,True,DhMVyAAB8eaiuVz6
26.779458624255867,8.687482067689315,0.0,22.69721277123093,0.0,13.610290019883728,True,fcGhNtSIXqTiiB4l
26.225741326210535,8.759464270638173,0.0,23.65657842379983,0.0,13.606075229092676,True,VYrfGXnqnDqc7hHQ
23.325621346440176,10.446838515713381,0.0,26.632146945004635,0.0,13.604218074611094,True,ofAeh9EDA25ICi2M
26.501478288944043,0.43070371825283954,0.0029029935669662556,7.899602407521308,43.54020434892533,13.597660810980544,True,e1hq4Eu4sQz8Bjr6
25.840409842526114,7.493627932602313,0.0,26.465949222105564,0.0,13.595422319224246,True,EZAP4ZkhiSUd82kg
23.554110787432982,12.985836986944035,0.0,21.872865684937977,0.0,13.5936223357066,True,yYC8hQJevpxjp90F
27.118045730484763,9.514831577021098,0.0,20.52815550906555,0.0,13.593344939760536,True,Z51vTfGPlcpTCCHH
24.681647731405683,10.068381078417975,0.0,24.473952445375193,0.0,13.592682455832477,True,FhDr4mbP9BZJ9JhY
26.603550456898503,7.546716863275123,0.0,24.804787570283125,0.0,13.5884624884308,True,R37EK4pEtfz52TcG
25.681167024411007,10.013807516591111,0.0,22.520561328714805,0.0,13.5858861857783,True,6ngD8l5oTueTnFnK
23.616937669513195,13.477739790164568,0.0,20.87494471705663,0.0,13.585757955953595,True,X6rKyqYLpctBsZdd
25.38268300930614,8.12228450507643,0.0,26.185266001662512,0.0,13.573165929310326,True,pFlZH3cvf9jM70j1
22.18687679498209,12.817015574814238,0.0,10.323238299878772,21.604136296768637,13.569216306856866,True,xgfTQzv0SXYeBaIz
26.85253911890812,9.695253513322033,0.0,20.592899785808683,0.0,13.568510081874248,True,LduUDhK7VfWP7HOK
26.575577127976647,9.605843534414962,0.0,21.295778935869194,0.0,13.568500862377114,True,J3ZY5fFgDuk7sker
29.806232055078766,9.700739549288294,0.0,14.662123674960752,0.0,13.566373055089816,True,uqN7JeJrr9aM3pI8
24.9748789666898,12.798774421532316,0.0,19.136150905648243,0.0,13.562579931237254,True,L1LR1r9kArcFAbOJ
25.82477351865035,10.127559843365306,0.0,21.887667713388524,0.0,13.56247217344471,True,WJmMffgx1nlckzsd
25.493311368713407,11.51997681339978,0.0,20.209016038144778,0.0,13.559340019685681,True,2fgffYVajIBF5f7Y
25.537296397736142,13.600717101227133,0.0,16.650494980802147,0.0,13.558942441747948,True,bxiK3it8VaFZQ1wv
25.352973247433525,11.677682371032022,0.0,20.168957557861464,0.0,13.550656200667284,True,EWp9oeq7xryUVSfx
25.146115132381194,10.36345476976047,0.0,22.76924508982593,0.0,13.550084995628364,True,Z8vLvdiAnTvBaFFF
28.842758425289784,6.761001223487225,0.0,21.372989981275214,0.0,13.549026330650022,True,B6XjP7K6kueJI8Uh
24.859934060971064,8.424146950552402,0.0,26.56108496848087,0.0,13.548179701201548,True,hu97IL71fkZBI4zW
24.384728959061412,9.490759253247198,0.0,25.715582637061658,0.0,13.545445896589472,True,6O6a1V20YYH5oVmx
24.89640644538113,12.515955754365608,0.0,19.638040007819118,0.0,13.543616873378607,True,1ZNkQXKXNddCzISB
23.427753734781724,13.87654987489588,0.0,20.299470298902765,0.0,13.542384133993902,True,H19wBvWYnpXETEEY
25.258775808362202,8.600355569582081,0.0,25.429281657405838,0.0,13.542113883515057,True,kON2zsrtDX1F36lu
24.30998470048225,10.827289547399548,0.0,23.61007086478078,0.0,13.54132842671168,True,7hlHU4tL0ZFgHwSK
25.040216090482456,11.299745060994184,0.0,21.349536580556105,0.0,13.539431579476698,True,74CasCnRhtU84V45
25.226754392513815,10.487222354348704,0.0,22.330084887747127,0.0,13.539344639503389,True,qFknTJDwbIkXEzHT
28.66927381374608,0.032154494007355046,0.0,10.32343341121793,33.80675730939303,13.538011510247657,True,rKzVbgEcKjYgCBtv
24.180856524670894,10.743097482832432,0.0,23.985984285410918,0.0,13.537928970921014,True,r5IlXVv2xrql7HzD
25.66885643810892,8.529166955413219,0.0,24.695078459343797,0.0,13.53721043918755,True,6re06p0OzvPmiLGu
25.8727156913476,11.346164507998516,0.0,19.584896757813375,0.0,13.536090348075916,True,3hfE3NCj0WALNMNr
28.00657967007288,1.2959290895777036,0.0,11.366502779835407,31.01784196794987,13.532715787186588,True,6byNrbNCJZ7D0n09
28.2003717997994,8.1241053973263,0.0,20.264346280416035,0.0,13.530789831333799,True,Na07mYk5z0FgrLsN
24.468424006842625,10.29837219840357,0.0,24.087658869438208,0.0,13.52826908206941,True,GZwQPAMCD4etmRnS
26.144139452901996,9.770856182599568,0.0,21.602190283772615,0.0,13.526284424086382,True,jP8UlChLQ0kAbWi7
25.94635004518013,10.572421620087956,0.0,20.600642093713173,0.0,13.517106732633003,True,XnivpIhPEV8WL39S
24.35738594144086,9.996968486959016,0.0,24.736370468867435,0.0,13.516913474502127,True,7s4catKMg7vsDPIH
23.463122042748957,10.219772474026948,0.0,26.153100433602425,0.0,13.516844796371787,True,COiiH1kbcQw36u3E
25.044130966521195,10.277578380361637,0.0,22.860222415483967,0.0,13.511667247369363,True,UC6BfBqworx6qEkk
26.985018434237332,9.329991573312183,0.0,20.544545957389992,0.0,13.509685317207744,True,ci0TV5q5lYJBeE1S
24.908313271481134,9.673307371906718,0.0,24.105755732335048,0.0,13.506684184271277,True,qAfF4vjc4ipGMF9r
24.61110530489115,7.0041600952994365,0.0,29.138615185697088,0.0,13.505163893146765,True,prlZ86ciY21iiRSo
25.408640369100617,9.931530121070796,0.0,22.607490859761445,0.0,13.4965982699621,True,JNBBFAduYBqka0Y7
23.625955734032694,10.388310792175343,0.0,25.398486759142497,0.0,13.494637432125018,True,BTbk77u5yXroUqQE
28.467063312551026,3.25146566140797,0.0,27.603827593631657,0.0,13.493559548162049,True,0veJ7lEuwn5Krl8V
23.783944349596847,11.68236940776212,0.0,22.890093927171186,0.0,13.489289745895261,True,9ysnosQHeDdxHaku
24.401019707622805,9.612024049470062,0.0,25.084439370153653,0.0,13.485977830177404,True,mR24Tr9zgLYXLtkY
25.74296173040938,9.99117547449712,0.0,21.679092204802103,0.0,13.472546218467409,True,1OQyYV09ehJBG33b
25.804988642403924,11.013976007236383,0.0,19.84259841811972,0.0,13.47138035724823,True,7swjLY3My7twTDtr
24.832648704439148,9.777609316779824,0.0,23.80714200649892,0.0,13.465268241501539,True,jyTYOjVyuxgfa8tC
23.563180707734166,12.068238283072391,0.0,22.520809975197906,0.0,13.464135279368033,True,pmtDslqAnPgbtoQC
24.12086757387063,9.312425303180596,0.0,25.989837441677142,0.0,13.462842214207907,True,zvX1Sb6kx69rWtFj
23.86787382707702,9.632514723538286,0.0,25.93098379047545,0.0,13.458138397578995,True,zGccciTvZEHDjM5G
25.35917218837167,13.131665130603068,0.0,17.116224117906206,0.0,13.458101556848197,True,qSZKCxpE8YVOsbSZ
25.124649090034314,8.22684298999107,0.0,25.75581492707269,0.0,13.457477713568966,True,P8HwYMKT1VzWqH7A
24.42323833965711,9.32823679729766,0.0,25.314365700498037,0.0,13.456185556296253,True,O4NvcCsc91FgWCTm
28.49762813177594,6.459654140813561,0.0,21.941950328889778,0.0,13.455494524069639,True,VLB5LzxoiGFfWd3h
23.008709779903928,9.549878506620331,0.0,27.76692963315243,0.0,13.455122005599124,True,fH6m4Bk1BqStG9IQ
26.200635277702617,9.875425323990585,0.0,20.81029810298103,0.0,13.450591629755586,True,8SW0pxCNRQ3EGAQm
33.58792211702671,4.003827684766206,0.0,15.773806943782239,0.0,13.4434045978669,True,q3Oft3cwVOIdyOEb
32.466041073142264,6.595556125161388,0.0,13.658314575505116,0.0,13.437448539558794,True,LGSCjdl1LGfenaWa
24.313916797849124,9.97402836470739,0.0,24.30406199660412,0.0,13.433291430022203,True,F3keWFupvrdGoJPy
24.674636540971356,9.342203945917204,0.0,24.635175773349978,0.0,13.433218314773203,True,xI29vf1DWXsPmlJc
26.31742131121563,9.60796068411087,0.0,20.881202784772626,0.0,13.4293969821083,True,ne0uZN6X5NHUD8wh
24.286669099742724,11.300234885736526,0.0,22.119500412755677,0.0,13.428984513270299,True,ni3ntB0TQEkMK8tL
24.676586634062556,8.36054124329366,0.0,26.217306538692263,0.0,13.42570728184602,True,jdRUzCWMKGfoBsYz
26.29711927054812,9.483655412477406,0.0,21.097763882032435,0.0,13.424714216588653,True,F7Ff2FSbmcwAGC6d
23.96785756753969,2.351072413907317,0.0,10.939730817260996,40.009842759427684,13.420069272270656,True,qnW8puo8BDxRCREF
24.245252561217686,11.219786995993069,0.0,22.272956059258764,0.0,13.41946592625239,True,FdwaNDvtwgaw4Ulz
27.753492548244246,8.893706326353463,0.0,19.118784077025474,0.0,13.417291957615461,True,PJbM7Q1SrblrSWt6
24.57963488496408,10.03618918659808,0.0,23.559696267973504,0.0,13.416892202334768,True,2iDMJd7wTVLRxPb6
25.759858191452828,10.418959458636799,0.0,20.53998424266299,0.0,13.413694958494496,True,3ATzohB15YBNy1JE
28.346206655791654,5.856347649893737,0.0,22.965005076861317,0.0,13.412699670740128,True,dkyayq7YYDsBS9UY
24.358632823610442,7.568220601621565,0.0,28.077740841362786,0.0,13.411306123692942,True,h945WWsACupQBhlD
25.24274673675012,11.241595713352755,0.0,20.114333753678014,0.0,13.400373012414926,True,vVL7mV8hKxi2u9yK
24.020553080391643,9.381953378504033,0.0,25.62451418038066,0.0,13.3953313958006,True,Py1yoqfBOpHWZ6NZ
23.830214011217876,9.696447497358363,0.0,25.477849676455946,0.0,13.394853529173346,True,p4fRXp9utROMSbhs
23.23521388274077,12.35290003391599,0.0,22.231651048000572,0.0,13.393536830501315,True,uPeCDRHwi41XJOLl
23.555453035762486,11.765355914741956,0.0,22.551241419948717,0.0,13.390661102406543,True,jivfEKVdJzqfzGBX
23.299097870963198,11.005688970491073,0.0,24.315525751233928,0.0,13.388480466596818,True,Ni8dhjp9FzmeEDtL
26.237574098454594,9.923357164026289,0.0,20.22552207403801,0.0,13.38593983164865,True,GN5yRY49nn0EA5Vf
28.06437019648399,8.975164356773204,0.0,18.150599992705256,0.0,13.385692147044285,True,QeV7TK1FhLMDuJg0
24.660603665799115,10.1992651758425,0.0,22.89840488348497,0.0,13.382758126223104,True,Hqb4MdJdRxgka9Ha
24.670978572958866,8.736579052259627,0.0,25.29240739290469,0.0,13.37929944388827,True,Df4U8pt1RP853mVW
28.114789611476674,4.167654140068301,0.0,26.000764299418194,0.0,13.376465063372805,True,d1J5GmKIjku2HChR
30.81136809190016,6.310207284857829,0.0,17.03097033139882,0.0,13.375607798494329,True,e5uqF0vLwbhZm2WZ
26.08881661880143,8.054713971536508,0.0,23.541617431582928,0.0,13.371566093261995,True,Y3oobQmzvr3e9Xrw
26.01970363223941,9.45572007516509,0.0,21.344688480502015,0.0,13.371544380538396,True,Mvlhl0gRwyc0pGCe
24.35146599041325,9.421521316840984,0.0,24.734194452523862,0.0,13.3709492942128,True,SFZCsbViLZU3iIzs
25.490344530357717,10.561353286885117,0.0,20.547346718374158,0.0,13.369543688584718,True,I7fDan256kRgfMka
23.83965904311097,9.70149844045603,0.0,25.27638090676884,0.0,13.368729459062624,True,sKmByvnIaQlDP4QZ
25.090552875547264,10.773663035671227,0.0,20.974820574959057,0.0,13.366804707825844,True,z8z0LWPaEPGW8j3z
26.443971234649606,7.650330213418664,0.0,23.46326894137158,0.0,13.365264264955284,True,8XFmoijes2YgGXI1
24.999312489149233,9.626426838123422,0.0,23.033942281431127,0.0,13.361491798490293,True,SuH6wMIGnSgQ0cpc
24.913698148998638,9.266357220858833,0.0,23.780784329706457,0.0,13.357816399370266,True,pNQq47BRKT35Otn8
24.628405962419038,10.374722699967597,0.0,22.460443323121282,0.0,13.351268962185802,True,Zc8MSUoQ1IBUMTSq
23.991615992800583,9.655515562201973,0.0,24.904725085910652,0.0,13.347072451277265,True,rb5FCCMszkdT8C4i
32.2336641360839,3.77588866039953,0.0,18.186471259712043,0.0,13.342042094881858,True,UCmTes0kh1EQvyir
24.289021016888682,8.042152964815527,0.0,26.952597668234812,0.0,13.340134196505709,True,ejDLHm5h4lWWqiJR
25.093997098607872,9.733056889586294,0.0,22.5202492211838,0.0,13.339500735156506,True,0uBeAe2LDmJqYq9X
24.562477456536683,8.45883430071863,0.0,25.706286820541063,0.0,13.339394835221821,True,d3IR5RXi6O5mfCWe
26.003226105803556,9.733954447240349,0.0,20.698832714755486,0.0,13.339281350764477,True,BJNdu54JXecIRb8h
24.28239973765394,8.749131684342906,0.0,25.77964993007624,0.0,13.338950331893344,True,PWwZ5CUmbSywUiq5
26.335214335900663,8.822158028057864,0.0,21.550913928336964,0.0,13.338740897035208,True,fT6kfNSJdqfH7qCj
26.05702850290654,10.743329958187136,0.0,18.86550384701576,0.0,13.332766617471108,True,3LilQldxyiPbg9QV
26.760589814722003,9.57875457875458,0.0,19.378857591740545,0.0,13.329694227866328,True,WRoSDSc7WAiElI2g
26.41024772139175,7.338064573154824,0.0,23.801139684395093,0.0,13.327761412365495,True,J14FwODdOoPbXjLm
24.135914486294123,11.820369868049827,0.0,20.85581076321302,0.0,13.324238427382646,True,sTrJhkocIpscOj84
24.021036318496833,1.2621687191536766,0.007600709399543958,12.162475933250187,39.75471045203982,13.323215652408887,True,pYoI3weuDBsVAFcP
22.65762283414431,13.209600661011274,0.0,21.473929077131345,0.0,13.320776377065812,True,Ze7TDLIMTNrHH66w
25.898717166554494,8.085829570997056,0.0,23.529913284267288,0.0,13.320559535355704,True,p1NwjXgh6fR9QFNa
24.200709325650685,8.978514965859286,0.0,25.4300380109671,0.0,13.31934724080509,True,1VRzuhRKIiu19YnW
27.603781060747103,5.295437322554448,0.0,24.760383386581466,0.0,13.319051156849962,True,K8ffUF0eWIXiiQE8
24.398704470885022,12.67749684373926,0.0,18.83956976215725,0.0,13.31492101652391,True,vAV1au3Dfi1gMHJX
25.860310535827992,7.131504170643984,0.0,25.13570871162375,0.0,13.311325510152955,True,W8tTDPj2Gg6io6xy
27.48025296322986,1.0369822831921085,0.0,11.887672451403192,30.246123567708707,13.311084684248335,True,Py5wM51mQnSGcsgT
24.419172605384908,9.279185661929024,0.0,24.410266275722073,0.0,13.307088138456038,True,5z0BGufzQgliEu7p
25.536221984877585,10.43758954016366,0.0,20.237612635212425,0.0,13.305905875786053,True,U1KWodXFqAtVv1jc
30.301665364539193,0.001195848015689526,0.0,11.420517973252014,24.98842916820828,13.302719184174311,True,MrDIddE0O11KlVrW
24.975870160709867,8.03252215278749,0.0,25.343874911826948,0.0,13.302472823183873,True,zIfY4PPeIb510QCR
25.864034366246653,7.674985717071719,0.0,24.161336527301014,0.0,13.302157218237078,True,m0y9JGPFARFAT1CF
25.48853286228877,8.471095842717435,0.0,23.56706191277233,0.0,13.29939310628184,True,CfUGhlXL85SIizAu
24.106902723685817,6.612770447538534,0.0,29.327565827015572,0.0,13.284398303042714,True,C94Hlq6Rw4vzLA8r
23.073727180475004,10.02613191193534,0.0,25.698525026835767,0.0,13.2834298861517,True,07XIMeVcLOC43CNC
23.81456734028794,7.797985248997772,0.0,27.92441051105785,0.0,13.282528090994504,True,vq3qKZ8XFNTUhl5C
24.19251089262647,10.950716055642362,0.0,21.91021830153099,0.0,13.281965026928178,True,PQdfn0i4L5WOZaWj
24.812389983361506,11.109697130415082,0.0,20.332624500704043,0.0,13.271034952717828,True,UjSSQbyL5QHcqkds
25.366293671003067,9.023388626193352,0.0,22.69443715942536,0.0,13.269900831763062,True,lz0SbzJ0IYZHFeH1
26.155168630931414,8.671636156762245,0.0,21.69136345852895,0.0,13.268164147249328,True,KIgiuvNEEDjBuM1F
25.34277982175101,6.671262854995098,0.0,26.64951113174935,0.0,13.268076330036479,True,aP49RqsWkedeFw5U
26.022703559005457,9.20319513680554,0.0,21.068708493939535,0.0,13.26791612599395,True,AuEDDX3dBfj5NGGM
25.676511481624495,8.956460996309193,0.0,22.158356538643407,0.0,13.265822174361158,True,58mzM9UOi1mYuorI
24.74290196497499,8.56469584946707,0.0,24.66009693852317,0.0,13.26305909263774,True,8iVnzNdozl0VJM1e
30.660700889046833,6.324895789526428,0.0,16.55034605382321,0.0,13.261986122169137,True,KFflEKofOcIj4ykP
24.24127071138945,9.835324294279518,0.0,23.538298055659265,0.0,13.261956995335604,True,yEHt0ntRcF19SndC
31.935765623321092,6.881768315502988,0.6956578010742251,12.132247117144331,0.0,13.260140393658569,True,S2YPlHHC25tUevTL
26.56894448574241,10.29489316985444,0.0,18.093850742151808,0.0,13.258484249509104,True,CVR2Vu4i90he5kCV
23.53197337731996,9.325713724735031,0.0,25.76811329850299,0.0,13.256237439155193,True,R8rOSVbQCIIajzuk
27.893611276772646,7.088931150555332,0.0,20.752455525791603,0.0,13.253184499539367,True,NWc2ehWnqItnoKgm
23.265968069800998,9.53862428150106,0.0,25.909976099849516,0.0,13.250942906292991,True,1BJCFSYqRhJ5BPwl
23.361771607362954,10.065343371501124,0.0,24.834415258730637,0.0,13.250029613893762,True,SMpib8fiB4SWwD29
25.99830118566188,8.86590391013572,0.0,21.55830401378617,0.0,13.24971193530042,True,IYhLlV7atXIEFcBF
31.560764378358805,2.8106542193142694,0.0,20.523913486798698,0.0,13.24947989135601,True,GEFkleWBRtg73CvO
25.0358359806269,8.311745124337763,0.0,24.36691659993691,0.0,13.243724565263047,True,9Sx5ZRhI3p2Cya69
27.102367164629836,9.611352630420427,0.0,18.03161145130057,0.0,13.238290024689142,True,ZZdAR6plUpBut5ag
23.362536992332036,7.681858666047821,0.0,28.64804055102498,0.0,13.226431846865314,True,oWOcKIebP06E7KPy
31.07748978409368,4.263267981853236,0.0,18.9080383753946,0.0,13.225269687000605,True,WYOvdBMQEI5kdKLV
25.918834598755538,9.95790151053309,0.0,19.73111561166889,0.0,13.224793099010267,True,0z7Z59DyN3LPlqkC
25.21142206362457,8.674194798904372,0.0,23.26630505251329,0.0,13.221921076690458,True,WYqtPcC9BzmRtMXm
25.542791431194583,9.94206712442131,0.0,20.467179183914844,0.0,13.218431088050927,True,ZncYZQiEOyWN4qDm
25.791072665894625,9.217914438502673,0.0,21.165993389643774,0.0,13.216699417840621,True,KifBtcdzKVUWH70X
29.803452663523206,7.854847854847854,0.0,15.38914331226044,0.0,13.213119259607993,True,8rK9vd3ssp23kCg0
25.17657276955888,8.289927307364442,0.0,23.8329579871088,0.0,13.200397355775095,True,sWVYCoIpt9ZYE51m
24.39954997983318,9.54675151430422,0.0,23.2915106660862,0.0,13.200279472438938,True,5DCjjVWyA8b3iYuy
25.776647641427324,9.63027045547014,0.0,20.389231374606503,0.0,13.198946612486708,True,2WuwF8h57zBZol9G
30.950062301483985,3.6513600765128844,0.0,19.94928023995938,0.0,13.190250745567324,True,Fi52OHIUuYFtqJ2K
25.48888820634941,8.56062409777589,0.0,22.68633644734189,0.0,13.189772953450081,True,ZmJD8hjNwfsvl5TZ
22.59037543754185,10.842447200580915,0.0,24.67276279968385,0.0,13.188638851360361,True,b3x2DXQwUBnNJ468
25.074311955272233,10.14406956244172,0.0,20.861930063491453,0.0,13.187600486715818,True,BPYvK2g5H6con53S
25.802530488181457,8.673775148601562,0.0,21.851517544849376,0.0,13.186930565332235,True,XBosP1YYbKqflZTf
27.80944328314611,8.1679580982348,0.0,18.648089994832453,0.0,13.182036008727401,True,JY0OpAyLZUqNHpwL
24.6208730948043,5.930703920351762,0.0,28.753601335523303,0.0,13.181978108857724,True,KQP0GMkA0juYByb9
26.338911164774565,6.267318032558119,0.0,24.747104498329936,0.0,13.180568532321388,True,oWo8j93iGuuyWOQz
27.34385051404768,5.889563083675319,0.05265005265005265,23.28201051970482,0.0,13.178377513618866,True,GprQFnIiU74KKEpY
25.228506071141965,6.03238687524762,0.0,27.327720179677687,0.0,13.175806567106147,True,wXKNACbyMleNv0IC
24.91830216650621,6.978299977355181,0.0,26.36903373756219,0.0,13.175420704924985,True,G8d6QxzjT2Bxyxas
24.554168468111893,9.79504890591913,0.0,22.402226429877253,0.0,13.175346731394939,True,4fetzTUEHAXA0Kei
24.388013511392618,7.115493877206102,0.0,27.198034581415598,0.0,13.174982709931651,True,VAYhFhKkJZ9eE1aD
25.417661735137536,8.778930997821552,0.0,22.33862643906312,0.0,13.170825235856118,True,KUMdqR0AcbHlSV0p
23.852333152228518,10.213056351152595,0.0,23.048605897655253,0.0,13.166254918104991,True,j6AcIyWMUHkkgaw5
26.085448789316633,6.219572133043425,0.0,25.22153881200524,0.0,13.16375849185663,True,a8xYoGsr4Qqt15Y6
23.474503637322755,12.10555676532692,0.0,20.63122397247873,0.0,13.163423878400364,True,uvZBztPjmNra8jOy
23.130554482258606,11.922356131064525,0.0,21.617693740942656,0.0,13.162409438585112,True,VcLTK0mvUToRIOYE
27.60947050932807,9.210476977059514,0.0,17.145025611587034,0.0,13.157214238801354,True,DhHiFWxTsJUcfuFh
25.13747778093569,7.67719381308133,0.0,24.643301644466806,0.0,13.157037034221059,True,WcfzyyJEdOaSkfF2
26.58407472957963,5.989658893860575,0.0,24.559788798012217,0.0,13.156605462040865,True,o7ecVjFPbE66NcpS
24.068001560732384,10.272680218332392,0.0,22.426403670065564,0.0,13.152531073312648,True,y9ettYz4ylFBnUna
25.273505896432148,8.814316575019639,0.0,22.42658629019747,0.0,13.149618856214174,True,d75t4snl0VFahJwe
24.455082485083445,8.968411447486929,0.0,23.779188037903154,0.0,13.145505813082238,True,xCVjCMXcQ7GXmXnU
24.571873652175302,10.586619732515683,0.0,20.840857787810382,0.0,13.144345696953067,True,6hylUeJPmRpWR0oL
25.22640454287294,7.025447512512547,0.0,25.461568247821877,0.0,13.1435184781633,True,t3e59A5xQQ4fz81U
25.01141896305805,7.621298438127283,0.0,24.8507587011148,0.0,13.136364103616454,True,JscFzFGLUN7R503F
26.184770747811825,8.00592836973434,0.0,21.85546604656313,0.0,13.135233223761603,True,3lSgDEOX5mvP8W7f
25.611523604524816,10.195539945891468,0.0,19.35017261722676,0.0,13.134867960414326,True,9axRDdXlpVSE2EZU
25.490845867566335,9.831364559288149,0.0,20.15404622259461,0.0,13.128201833481128,True,0TKWS2TOSrKaupQT
24.611642966111024,9.552497671359152,0.0,22.352050473186118,0.0,13.124424878651013,True,NedVWfKopxWmINli
24.01386528441482,10.050162247173118,0.0,22.699851144226525,0.0,13.121677818751705,True,CRsjVZSijMs2yqOo
24.59472644676057,8.103176097678437,0.0,24.769770670505963,0.0,13.119677559023675,True,vUAimd7mMDtq2bG6
26.569957511212813,8.042102571045142,0.0,20.883033522475753,0.0,13.11396792449649,True,KKcKYEcduf8tawWs
23.884340609195963,8.796414685636334,0.0,24.974802690489575,0.0,13.110626257741309,True,dNOQ7N6EQFbaIJAa
25.213119975500927,9.455043526784628,0.0,21.16090389327525,0.0,13.101832458337721,True,0sh6VmDlDEQ5yHxE
24.074182680710614,10.507993009244231,0.0,21.682585362059577,0.0,13.101640860833177,True,4B4Tehj47iYmmIyS
24.679146889186946,8.87275204282906,0.0,23.18954339491112,0.0,13.100363586700016,True,Lg2HfQPu6HKKSIHz
24.57025496445337,11.277217550996879,0.0,19.398195350734095,0.0,13.100110179695346,True,JJEqtKwXTzVi23Qh
24.375110236648137,7.8022645643864506,0.0,25.57362339140331,0.0,13.099142720801549,True,j79CYx6adancRwUy
23.825692669276922,8.849558290193439,0.0,24.92436092905372,0.0,13.098751512689494,True,LiRXmqiAJmttftK7
23.104398673444766,10.387032162576551,0.0,23.80282332897259,0.0,13.098501142023457,True,5xWk9kubhmLt6GSP
27.71392801372324,4.79984831633967,0.0,23.874790268456376,0.0,13.095359023470344,True,jOkYRBMeyyMDHqJ3
23.690071357617203,9.41162008330707,0.0,24.191789470663355,0.0,13.08869484871143,True,IFTKtE0bxvRhALtY
23.898315532673756,11.005403217171779,0.0,21.11867305670865,0.0,13.08864642260137,True,tCBJ8f93Glz084Gm
24.191756786875114,10.200444222687228,0.0,21.87055281882868,0.0,13.088221014558641,True,6qyKnXSTwhb4kVft
23.807433780522274,10.808826722538724,0.0,21.623379531155543,0.0,13.087943744464695,True,njIa6OVNsrJxGyk1
30.48501660294076,2.8168110002642375,0.0,21.561725301967407,0.0,13.083966526243398,True,vrRJGtOChW8lFau5
28.663870646256502,7.113038231358763,0.0,18.039319698129717,0.0,13.0833187064361,True,F3tXMXZsBStvOrPd
24.738403095757903,10.028115669527883,0.0,21.007176554161124,0.0,13.079626329233509,True,MiWiGODWCQCj3Uuf
25.660488901440424,10.4134949335948,0.0,18.513162505926736,0.0,13.078494779719836,True,d9LxBmleE1sPcbTo
23.06701190438695,8.214391407224939,0.0,27.303493744764786,0.0,13.069225484837037,True,pTjsBaNwpKAlQQfH
24.419183540855176,8.649171235374272,0.0,23.85987328405491,0.0,13.067028863708359,True,qopdPRJbdP1SoEcc
25.081490545313397,4.293915665729388,0.0,11.44048547536457,27.43146253898745,13.057145155229795,True,szL6TXahFyngWMfK
24.72048747854458,6.52357312071986,0.0,26.701954670421777,0.0,13.052332724306606,True,vzzk3kMYRxjhFNFd
24.402017199417244,8.42378361938864,0.0,24.15823519655001,0.0,13.050286344154834,True,OHKJ13lyatfJ2aW8
26.19871445458814,6.903136892239522,0.0,23.063449686868434,0.0,13.044916012466587,True,N5ETbB8PkM4Bkdgv
24.392031225874543,9.750129867664906,0.0,21.921408601266343,0.0,13.04335312486854,True,AV1UUCv6WF5q3vhX
22.341325930364906,12.412091096212212,0.0,21.570341195733945,0.0,13.040971732522616,True,Ru61iksVggsYjbzA
25.106468348140297,9.12184621768931,0.0,21.51767890629726,0.0,13.040053894809006,True,RWUXQR1iOg5OPctY
23.36897938328209,11.04486346286178,0.0,21.73769640556186,0.0,13.032564141534351,True,v13ARsvintlGztXZ
27.65812135915097,0.09005657599007982,12.519933804723935,14.69711163153786,0.0,13.028504057418278,True,e13Lg8XT1rXdbZMN
22.963102172071224,9.980101238046071,0.0,24.214464227503456,0.0,13.016125595258401,True,qAgNY1M73l7qdyxO
24.49179263331914,8.817371612623639,0.0,23.088978766430735,0.0,13.015227508116261,True,obFSTrgCKK9PAurA
25.633200234939885,7.6857354165139355,0.0,22.69218669243388,0.0,13.015221928475531,True,H7apSyvEOSFqUs0M
25.901186837228924,9.159951271502418,0.0,19.690694892685457,0.0,13.0139481029471,True,nSdanAaCiipucjVP
23.904814596890972,8.869156199434956,0.0,24.15544121829511,0.0,13.012049611670298,True,X0qJrVwrVkk5xLvv
33.88689590757725,0.008381605170519101,0.6798413082754382,18.042834081510804,0.0,13.010557547447512,True,imjJw6qgqi7kA0oO
25.576051705176887,7.1055395581570995,0.0,23.697067497635082,0.0,13.003760525737603,True,HXQ2351MEhrRHUOb
21.613166174734683,14.463354075018533,0.0,19.336706014614954,0.0,13.000294273367281,True,URzF35gxkcEDPgU8
25.221896251980223,8.841142344461351,0.0,21.48578410055704,0.0,12.999722076792962,True,h89NNviMIb8UbZyf
24.376975032013405,12.202948045955772,0.0,17.51482648051985,0.0,12.991053493170941,True,ndloBtg2ljsWE7qb
26.006254262673128,3.352919869413709,0.0,11.663420026489888,26.002395446034903,12.989858794732339,True,w2SeLJdCa1XR5iDU
23.398147320179316,8.441437314188732,0.0,25.732947008308315,0.0,12.989745575847223,True,H857L596Lv4Ck1MI
23.646623701849794,7.8007775276250095,0.0,26.301747744845365,0.0,12.989443654187994,True,rlkjM8EvGLeCdZT4
22.74661628921464,9.993315650679422,0.0,24.43978374347502,0.0,12.9882813609555,True,n1oDC215ogiNEm48
24.83908327278659,8.729915434564447,0.0,22.35956500501324,0.0,12.988138591229074,True,V4fBfllhZvcWpUK0
26.925782311951895,8.75965054132532,0.0,18.12981580190271,0.0,12.987119699202305,True,q7lH9zMKOb4UUQ0s
24.310080994181376,5.7762737384398495,0.0,28.332811483898936,0.0,12.987014455449215,True,LE9SfjUUH2WXrDHf
27.016425137416054,5.419790840701416,0.0,23.511730068230676,0.0,12.986634761634772,True,xqVbwYewpUQOgXLV
22.63483330690682,11.671511306371475,0.0,21.82716964351886,0.0,12.982403265192744,True,3YWtT2uTcrAfF4px
25.954139777492127,6.751837560694535,0.0,23.367173899993997,0.0,12.979277408420371,True,fsGQONvf08WpRtoZ
25.12391006270903,8.875946687889513,0.0,21.451097959819343,0.0,12.973824384757988,True,VV5UwnA5P2GjkloN
28.08139016699998,1.966739978874308,0.0,27.015954461637136,0.0,12.968495214064141,True,jupdOYr3i2G9L4Fn
25.620229763245998,6.318595037213363,0.0,24.67617354643846,0.0,12.967143720242907,True,mWkFGDF4tFbf8zGD
23.74577752469381,9.373834771143102,0.0,23.32718120805369,0.0,12.966269131401972,True,7RTwDwBDA9ADb6Jb
23.59480327599508,9.240575439812808,0.0,23.843005080109418,0.0,12.965035604768138,True,VhMl6LVjQCxZlqYS
25.890079954256937,6.903170055405256,0.0,23.145704073896425,0.0,12.96467211121286,True,vzKgnn4aobomqADC
23.428001558283114,9.89984151555359,0.0,23.06962971266301,0.0,12.963805303272782,True,WgOCLhfd6cyu42Se
23.927907186000287,9.351768064899389,0.0,22.978051665707525,0.0,12.963021921881063,True,VoCYS8kgnGzYvZJN
22.66436507504433,8.301839993162245,0.0,27.18693395746413,0.0,12.95280961442348,True,R8XpdYjnNL7oqryb
23.86109582557323,12.616136427825504,0.0,17.590375535382773,0.0,12.950919184935762,True,Yid6ZCdtNOBegRdJ
25.38648408491515,8.281322924180067,0.0,21.7428899995577,0.0,12.947709456453218,True,5uVLnbmlOcDO4xBa
24.293130766890414,9.17209162571952,0.0,22.43924226317033,0.0,12.946848475972553,True,eECXxGLgCGo8NcUY
25.10689776945258,8.478143420479931,0.0,21.955664600550968,0.0,12.9449548760384,True,Y4HzzVFg7wuqrA4b
25.499420801293674,8.848874726527399,0.0,20.551508844953172,0.0,12.944771248762926,True,k8Jx68hM2AhhxKsc
27.145594801905872,6.962852391529042,0.0,20.389054657321953,0.0,12.942749737052315,True,yfKqf1eO0IYWmMRb
24.447844243256238,8.538345680893341,0.0,23.09920544835414,0.0,12.933820510453328,True,XwlpP5otmI1pUXZY
25.257350112419562,6.60171849108522,0.0,24.696475904923304,0.0,12.932106042235668,True,QYjkphcuKiCqxlnJ
26.072314082647303,8.465162424006557,0.0,19.935002695740728,0.0,12.92823523515694,True,wQNLK8FDXoUD6YKm
29.504935134467424,4.4448035122555645,0.0,19.753865995837113,0.0,12.925761317779683,True,9V044ZsNKfuoC0cp
24.857186144270553,7.2516819037510984,0.0,24.344114140676076,0.0,12.921693440320352,True,FEVA71vTB460g0kS
26.207629096463638,8.872057903649207,0.0,18.93090284405421,0.0,12.919938631459525,True,qUcGBXZxZslspUJl
23.176577421924215,11.887108328163276,0.0,19.950125501189817,0.0,12.917269133796555,True,tpGrZdOq4y40b8J8
27.55464559761629,7.5660468282699105,0.0,18.390333242889913,0.0,12.916455372785851,True,jseNQND294DUffHa
25.26425370303014,6.971502268212422,0.0,23.941077125164195,0.0,12.913313246736775,True,x7mCaoVbWrR6Twmf
24.042975722037717,9.898398069833515,0.0,21.500152881822352,0.0,12.912515166343047,True,FfiGe2YrqiNrr2qa
25.194251763451163,6.455248830730868,0.0,24.928126642675185,0.0,12.911306733119343,True,BPfTganEeiLoHRCa
24.677033291550362,6.079306995298898,0.0,26.535616494339777,0.0,12.903279210440799,True,0wm1HqLu4ThzUoZj
24.38211517289063,7.485440628769455,0.0,24.780216315075837,0.0,12.903027156320928,True,4sOpnMYO1vl4PZFx
32.431661612070094,4.087442239414701,0.0,14.322592665431472,0.0,12.899747943289423,True,6r1Tft4kbgpr1N0Q
27.329487693916388,5.045881150178959,0.0,22.882776604991932,0.0,12.892733086468445,True,84S5jIc1xLJjBict
27.285410671565508,8.547851645841062,0.0,17.111272148571267,0.0,12.889276935215607,True,lU7fYkVs4saVSlLm
25.001678130155,6.084687998216525,0.0,25.780303206184847,0.0,12.888720919528359,True,7IoyRTyEqjH3Bas7
25.01111410596384,6.415091438412334,0.0,25.18114485239657,0.0,12.88427881925172,True,QY0TKRiTyHVpguHL
25.282596741021006,7.207103325551562,0.0,23.298069784706755,0.0,12.881265321400207,True,Zyb8D6ntsYy2ETqy
24.222924499119415,6.510698998734695,0.0,26.57208281202049,0.0,12.880364521222571,True,mAl2HLzOK45yVqTY
23.976935290292207,10.73147352893191,0.0,20.015225206174666,0.0,12.87823275024684,True,A7McwOcQLyvzWJIW
27.12784507525859,8.065225951404813,0.0,18.146819050590942,0.0,12.87668286801742,True,3FQcedBxmzcwsYU0
25.01844121907533,7.003175819381164,0.0,24.115050304565052,0.0,12.873583866252648,True,T9JS47NYwoQL0lyt
25.521651414617082,9.237893111971108,0.0,19.368982482928278,0.0,12.871316074817141,True,WJDW1zDD3QB2dayr
25.655616636061858,9.21968661423846,0.0,19.125599531358695,0.0,12.870446574081978,True,nDoeQ0rPNxce4nAt
22.995620262620037,9.743716655306478,0.0,23.571185233361206,0.0,12.870293027616812,True,1VQZ8dS6YQpqJytO
23.542115889359003,11.858975351184151,0.0,18.86822705492075,0.0,12.85761266284185,True,3wDD4BlRA4iyp8zC
23.82786654646154,11.401436393057434,0.0,19.017852755712063,0.0,12.851396975559629,True,yTWmHPezrpjRejSz
23.505792810765698,10.788555532794176,0.0,20.67915350477704,0.0,12.850749752144809,True,kBCuWh1VPhYNNFBq
22.811709892265547,9.516212958387614,0.0,24.183563610263768,0.0,12.850100748816132,True,OK6oTLNp00pFKE4b
25.118768816777802,1.6453506911524902,0.0,9.9984523269811,33.99804018304043,12.846540185172671,True,LJcc3wTxFT9n031m
23.413783905121438,8.414433676597554,0.0,24.78065626814901,0.0,12.844842030908172,True,HYZAZH2isRdweAyw
24.395184949340877,8.254392652040675,0.0,23.082891265496013,0.0,12.844587337636831,True,irdmkTgewSo3vwau
25.58438860051802,6.519285697804301,0.0,23.592697723604385,0.0,12.844042663147139,True,CxQFISa58rg84b8S
24.84248539150021,6.803719450237981,0.0,24.597702818476193,0.0,12.843330902780986,True,GziX2H4Kblm41m1d
24.710292311176858,9.608556648030332,0.0,20.167887458926614,0.0,12.840409974199632,True,bDk3xqZwUmMBcfWB
24.218747552562775,7.540707587382779,0.0,24.55213256648255,0.0,12.833621047586908,True,xjTeM1SRykYznnuw
25.431891111730412,9.540214015879116,0.0,18.786064938420463,0.0,12.832530578251971,True,AvDjGKYDjkyRKnsG
23.598042676426193,10.536668556993614,0.0,20.768195706278707,0.0,12.828809298118067,True,3QRn6pjkjOSX0CoS
27.419267253518477,6.5196888820395,0.0,19.802209925401883,0.0,12.826033885375699,True,UpkDyr7OSJoRu1XX
23.844516094729,8.698720490831004,0.0,23.30763858351225,0.0,12.824180738653288,True,nUeUuYElF05SSK06
25.075128096689465,8.419436633211019,0.0,21.240642279880902,0.0,12.813493929291727,True,vevgJRysqU2Q96M3
24.6023586437936,9.591149956396949,0.0,20.22196920163236,0.0,12.81179046248217,True,oMFzVNYfwB8787EQ
23.581881952974463,9.599247923170939,0.0,22.237057587016036,0.0,12.809935204737478,True,sJaRUTJxYwD3Gcak
24.34335380538705,8.166867041720163,0.0,23.092165430342444,0.0,12.80854771659752,True,bGWsFbQTSAJecmLc
23.49309367488672,6.014078121847618,0.0,28.376558974486127,0.0,12.80793147910084,True,Fv1ocC4AJ3g55alZ
24.324173133492586,6.194964941850324,0.0,26.406176312751043,0.0,12.806919622423013,True,T3Hhat7cR2M3fvD4
29.118831408591017,4.82043987699603,0.0,19.06163592092774,0.0,12.800004779965473,True,7S3dq4Ychd8teqvS
25.177047120090357,7.640225281331106,0.0,22.241538297847185,0.0,12.79940120103696,True,av0mRQeo94gZ11Qk
24.788831959233605,7.762262500663624,0.0,22.805666345757118,0.0,12.798065164799555,True,5Kteiq67Syavf9zq
24.526182910879676,9.506521416602912,0.0,20.423774674019484,0.0,12.798051428517553,True,HhqEOtmx4d3QnhpO
24.18899655499873,8.27932537567995,0.0,23.13945598014696,0.0,12.79744870744165,True,KbQrml0koVcUlm0n
29.59133302947946,2.3645294900258054,0.0,22.1533207143445,0.0,12.791530388501963,True,r1aNILha3nLcLhkd
23.1922875903039,8.696881065702359,0.0,24.39372620427082,0.0,12.790965474157382,True,rfsOMe2VudDAXl3O
27.254710811601957,3.256400664672741,0.10891822419727269,25.17902971078867,0.0,12.789151511106526,True,ecQoXsf2o3gyrDO1
23.442823713675754,9.258649317007087,0.0,22.90843441071303,0.0,12.783774604961451,True,rFCo4ks86qMWg7oQ
23.263161046458713,7.311697519686996,0.0,10.700297688993341,23.687462043654026,12.780663551573767,True,zQCYidSLC38V8wc0
24.88459652803228,7.275866917095364,0.0,23.30490206063075,0.0,12.780080996778137,True,kk0JN8rBzvlCWvU3
26.486794881054447,6.5131267598003975,0.0,21.308990211231325,0.0,12.770668685951131,True,CoUUBxj5EfFlDl03
23.2030559451682,6.081621980804542,0.0,28.580543382997373,0.0,12.768403786201201,True,kXXVzJAwWnA5MruX
22.178304416557726,6.9158395195106355,0.0,29.22140145685852,0.0,12.765661423373754,True,ZdMEQHHCurm1Ks6p
23.70343213593741,9.524248092702022,0.0,21.78776781985802,0.0,12.760256836935431,True,NqRJ4Da8BPR8Pd28
23.000671069401104,11.156283744030963,0.0,20.4644715579737,0.0,12.758942990524128,True,UreeKX6RvvBrbK7Q
24.471156828593287,9.100728761690634,0.0,20.91930116472546,0.0,12.754424413709463,True,WBgZGXZznkmNOEXL
24.131388593408413,8.940469625953495,0.0,21.842105263157894,0.0,12.75084977398458,True,PdY5Y9pFyhpFOMeH
27.051532198541157,2.207618917551714,0.0,11.132118893883218,24.120422676814954,12.749224490714255,True,gZau8VWOQ4CE5Qiw
25.713536595028714,8.565024406913256,0.0,19.273401804931463,0.0,12.746327350976648,True,nDdGD05I2kgfAd1k
22.921576381307666,8.955347359831055,0.0,24.179689362987457,0.0,12.742263158798181,True,Eul9z9usVSOF9KYp
25.342464434908102,8.978717122290071,0.0,19.269842174235087,0.0,12.73789493718021,True,sbDHoUUTXb9IodXz
29.712317680970283,1.7591228255512716,0.0,22.514666870727478,0.0,12.730676041288024,True,o4sQFFYOzMwIEsgo
25.22427406118774,5.53539562831892,0.0,25.195175490921237,0.0,12.730407449074237,True,ZVpObjxibMqvkSmX
22.689638833672124,7.212198394915504,0.0,27.45776863717063,0.0,12.728606544406107,True,lmbl1q6gb1RiyPY4
23.957837916026143,6.573672464282593,0.0,25.944782416719818,0.0,12.722486853386464,True,FUO0E7y7dkKS7MeX
24.59082503352369,7.9568561197161,0.0,22.363475589060183,0.0,12.72098287834516,True,pTGrA7IKxccKETxh
22.597406010901953,11.567809217324937,0.0,20.31741741161933,0.0,12.718786719344719,True,VudjpcG3KPL1Ryrz
24.167003409462026,6.811558312191384,0.0,25.075360921856856,0.0,12.71429473916498,True,akPEDSz3Q9VMUFtN
23.970638466432924,7.721216210772268,0.0,23.932224658714965,0.0,12.71132929143019,True,XujX3g08HRinUcDy
25.095319594623312,8.469545622708774,0.0,20.415951210847297,0.0,12.70837496569128,True,Tbs70EM6qfiZ6Pp5
23.29314616107834,8.682690557250726,0.0,23.66035822134114,0.0,12.707670220837356,True,yhoWBp0GQuiDFIKw
24.800585892456212,8.93416721233614,0.0,20.222528243632027,0.0,12.707096807365701,True,y3xaKqzl3aEI4PuB
22.229162340988097,8.201136477280269,0.0,10.843568754305116,23.607491862899437,12.706317321052207,True,vYble4e3h47GEaRc
22.065160734257276,10.618256321555062,0.0,22.87170510708402,0.0,12.704868066728551,True,MT0qUtcywTTZOs73
23.810306015274946,11.080607286876075,0.0,18.610732389442404,0.0,12.704853484717862,True,1pjoYKQeTKUoQlvi
23.93930929226347,10.034585043818446,0.0,20.06284892855949,0.0,12.699866387917577,True,dK1N20oj1OVqDbCK
24.56035973100224,9.530903803734132,0.0,19.639803713259475,0.0,12.696804427223126,True,HhA9GETIUwfH0Rw7
28.010017184835448,3.3603052633005577,0.0,22.987716604518535,0.0,12.691238961953555,True,7NDlyxiDUmOwrmvi
22.631682961273487,10.013320616701725,0.0,22.649721130108805,0.0,12.690293212073799,True,Fru1svJKiK2FYv5R
26.676997311367803,7.706748728565642,0.0,18.40278304103318,0.0,12.690203831706729,True,F5QqfPIylx4yxlCc
25.331147204798146,9.549761212106755,0.0,18.010211342773786,0.0,12.6883161658822,True,PqQ3smZXin4z9lk0
23.538286902294942,7.887817966128658,0.0,24.355148455031937,0.0,12.686712830475438,True,Xqbz7HRIqemmmDof
24.286261083315935,6.222817791565701,0.0,25.61183087799951,0.0,12.683357404586133,True,cJTod8TqqbR222wI
24.06634868427898,9.553707447713082,0.0,20.497708425941536,0.0,12.682987731103195,True,lxjfPzajvln6LrWf
29.247830328742047,4.253821399839099,0.0,18.949488619833048,0.0,12.680227741557344,True,mUYiTCH9nMAXVLlf
23.364755133181703,8.555016328894585,0.0,23.535891271282075,0.0,12.678564312870467,True,yb8YGk8SIMzFUVOf
23.309643928294005,8.954114242296672,0.0,22.94388784526543,0.0,12.673004915852184,True,NMIsYI3b8ki56c2v
24.00919239775107,9.091463641831721,0.0,21.268477782666082,0.0,12.665895297183164,True,M1wF2LuWweK9P0jq
21.19623048340474,12.25326770435175,0.0,21.610749712478437,0.0,12.663798527981124,True,6btTkYqcWUjvvvs6
24.305548893667808,6.873800648458017,0.0,24.333640731210306,0.0,12.660160939896391,True,QMg4og8fgDXG8ygM
23.452143314733046,7.320801866221801,0.0,25.24523315944142,0.0,12.652628434891577,True,QirrDMYOugoobTuo
24.674012065508304,5.93014737769448,0.0,25.073127669219573,0.0,12.645709614459047,True,4yLtUAW47U3fgOKX
24.643616767414134,7.284284723416112,0.0,22.862416183144063,0.0,12.643518638549878,True,UpNwJuTRuJuklLQt
24.94157505421285,0.22120796830045686,5.290006800159452,12.511076533370497,21.643282234141846,12.636765571790619,True,xJ4ep9Hc9vColhoy
25.136576069474078,6.450734404378685,0.0,23.19057607473402,0.0,12.632242833146996,True,WgVRi0DQ8lzCaGz2
24.86463999936403,8.91483741171784,0.0,19.619592031167596,0.0,12.631040157413809,True,wBcF5JPplFsR5ZSJ
23.690411276908595,7.483448510523718,0.0,24.34074089344245,0.0,12.629096644719876,True,3wPbWUgzZFBES3gG
23.69198527184316,8.426444751213715,0.0,22.765711680218864,0.0,12.629063521389206,True,hv7ntDpxZxQk8HZN
26.96269178166361,7.552450225797724,0.0,17.661846723400163,0.0,12.626197099458539,True,6jXh2H3x9exT8QzL
24.604687910060942,6.168532927830106,0.0,24.68331632346761,0.0,12.62603705349595,True,WL4295AOCQhHHpKE
26.552021948269406,4.2352239710155155,0.0,24.005108262648708,0.0,12.625178816632006,True,UfYEYQNekGyW4PWG
23.23649028329361,9.473165235558257,0.0,21.88401517035563,0.0,12.621840669430991,True,FDsTfQViFsyMlYeg
24.35816118264164,10.966404315271253,0.0,17.121398367587766,0.0,12.61725918874847,True,kinToK3L1ZH5106k
24.773388653242396,8.619516461648331,0.0,20.193977303800928,0.0,12.61599230695494,True,wZqvr4MS4rJaH8mf
23.371613860555833,9.19925004933886,0.0,22.028555865161007,0.0,12.615580050275616,True,fUpjRJ2XxaEkwgEJ
24.707610942703898,7.521324863883848,0.0,22.1529590948651,0.0,12.615558363011896,True,GsOTGXABSzfOIINj
24.399014401731506,9.57254276275285,0.0,19.32611413676916,0.0,12.611757131723039,True,VTISw0JTAOeUHHGf
23.040867900948747,11.780536656457256,0.0,18.362344759066072,0.0,12.61174624825885,True,x4YLIDiOr6UcJVNM
26.19993259602109,1.259381107242423,0.0,11.563295360626038,26.976679595052477,12.606987319216085,True,6WmaDed2Ie5WBKVk
23.866955205071612,9.551167992047715,0.0,20.373810921902525,0.0,12.60395019781879,True,Snya2vORqM6s5B46
22.625064988076332,7.655920886418594,0.0,26.00433333333333,0.0,12.602149718027547,True,v4V0jo5CDCiKBzRu
24.768152779932834,5.600038860338619,0.0,25.116539566880135,0.0,12.597936484096525,True,CblDL5T5m4DfquSP
24.15697423223388,7.367953041599027,0.0,23.375888482506383,0.0,12.595463802445877,True,EvpaaQf6h1KQFj8f
29.413578224373122,1.8852152547804724,0.0,21.987023750056764,0.0,12.593430843515568,True,iGw8dBFykxhv6Rp1
23.03883677914853,11.667279662025722,0.0,18.43005239731816,0.0,12.592978808848713,True,7K3SIt6JQtg5zW7c
24.14065125404926,6.348970251716247,0.0,25.082129037352917,0.0,12.591757294746776,True,8tEAUvCYPSashjd4
23.281892215495716,8.973371159095596,0.0,22.42047627324874,0.0,12.590981895409925,True,XAzkI6PbGYZfiiRO
24.40819714613588,6.431380174574366,0.0,24.39735278893791,0.0,12.589907105825041,True,TjTVl32ifA12hdCO
24.645454153474905,8.260263712321025,0.0,20.86527877936767,0.0,12.588493991027878,True,kZU5BU5Ai1LMfjnt
24.25667049598671,6.022020287404903,0.0,25.348681162430303,0.0,12.584808395011784,True,SUfGVwdgBo1evMXN
25.58702854496481,8.57900086055966,0.0,18.42110202719613,0.0,12.584024082708778,True,MaZREv0u3fv1rSvi
26.094723339220078,3.143009150703735,0.0,26.407725003706815,0.0,12.575328039997979,True,pLl5zyMnE21azoi0
24.071130696600136,6.776669343780101,0.0,24.39841259653852,0.0,12.575268434405844,True,g6gHjpmNHq0wrYzf
25.34711142557851,8.033570887885013,0.0,19.744583808437856,0.0,12.574213720910484,True,DoDxvmRTqqMV7bih
27.48244713359014,4.165018283902076,0.0,21.917992308364656,0.0,12.57368755730726,True,HYRx8bCjXaTZH8ef
24.40615834952295,4.620800028255509,0.0,27.307388023369036,0.0,12.573155715426118,True,xZFuryblCoqPew5f
25.938200629657516,7.556540915104144,0.0,19.315656612186988,0.0,12.567943909501338,True,1qmhlQZK2d2W7JDP
23.85456445004125,6.262454747399584,0.0,25.629986387055638,0.0,12.566480979920616,True,fmGcACgpdDTovfd0
23.796725441957044,6.977868230482343,0.0,24.55037456046476,0.0,12.566040874277412,True,vIrJvJdvkZzplQhh
24.578320884464766,7.3607720876576614,0.0,22.33997901364113,0.0,12.564686139300015,True,XcdqvnvHwTLEnd8i
25.457483953415494,0.1773428913740544,0.0,10.916606716876746,32.43754445988401,12.562826362388074,True,8WRAnp0vSrlaT5vb
23.110125981968054,8.819064549793577,0.0,22.818320072292874,0.0,12.560551942882741,True,fCtxAqjtaaH0W2iw
23.359660824482063,6.623865412750946,0.0,25.974025974025974,0.0,12.559968496636252,True,YwshaF7RjDRjH9sN
24.957428534848525,5.390845903200773,0.0,24.74574073335195,0.0,12.546801146257543,True,pzETr7KDIvjqMeqh
25.923762244550243,8.768656391974437,0.0,17.173146059888797,0.0,12.545264680342001,True,LeHp1iS2EbcdrzAB
23.879284240752856,5.293523389959432,0.0,27.035966346345546,0.0,12.542561071667546,True,tFI91ZC9bcvdvYUc
23.39368426644052,7.881552407447057,0.0,23.658248057243977,0.0,12.537230590380515,True,4W226Jw5xCOTh6Be
24.092342125215684,4.950266138440599,0.0,27.133607966941298,0.0,12.535310367216049,True,FT6Ce5fuMjeirNOL
28.35285493816432,3.1769206609062213,0.0,21.567090878032115,0.0,12.535150278380668,True,m5l4DakhAqWJT7EV
22.28839417707131,9.968367595464713,0.0,22.337544020823763,0.0,12.529241755111133,True,AMEjNzwvy0hMlDBF
24.465815799865915,9.030891963937059,0.0,19.53654360414783,0.0,12.527949271566214,True,HGUACxe3JvWF5gfB
22.529331361829396,9.867464219213497,0.0,22.004748824433168,0.0,12.526377787017168,True,Nkxx6syAXvRMdYOP
23.44123586709727,6.732708707536994,0.0,25.380166412467343,0.0,12.522572898883531,True,zAUguBuQqx9jR7Ee
24.073071725419393,5.770435682835472,0.0,25.715955919803676,0.0,12.521923826305237,True,XqfD3c0ys8Oykw8W
23.818346468769455,7.676692855077681,0.0,23.029050814956857,0.0,12.519034776643785,True,4TYcHgCD04c4pHIz
26.120938008842504,6.00228287318583,0.0,21.201477569879916,0.0,12.517073756431195,True,byRhIaPUNeWVLcS2
23.17084289026502,8.31806702614156,0.0,23.22742510172672,0.0,12.514883388873905,True,5JdiwoObGrmEUzNN
24.240908658624384,6.144325120168142,0.0,24.67300608885214,0.0,12.509304790957172,True,TPYcy4OqXINdMdQg
22.5706351346597,8.129511224779767,0.0,24.696303421739728,0.0,12.50801385985381,True,ERaEE8rxTrsEUS9Y
26.15515025178349,6.110347832110875,0.0,20.891177333122787,0.0,12.507808633531184,True,VxfYLzkJkll3waWg
23.961483123273695,6.243899571242143,0.0,25.020597218873082,0.0,12.502509412623606,True,hw0y0Mwyl1XZSahD
26.05155562761314,6.856205762493745,0.0,19.809768637532134,0.0,12.500983424537198,True,JHmacWLZLvriJG8D
22.342616514387274,10.873053009048876,0.0,20.50151315503685,0.0,12.49627517983393,True,ByMsGK8ModbxgLOS
22.829499808131217,8.3878185553273,0.0,23.640855832908812,0.0,12.491932956207512,True,Ep7XOjODFkBXrIPI
23.849746202534057,6.211269890534091,0.0,25.215460393507925,0.0,12.490060392419927,True,3YaxWayIjfQ1kloO
22.424850479314944,8.64607619696295,0.0,23.999298074282052,0.0,12.48886890417753,True,t1aVuqx1GBBhHjsW
24.320283749986267,6.078262945236149,0.0,24.48675388921435,0.0,12.488663944687069,True,gL0DWPJAcXVg4OWy
24.567474034347548,6.296942673560851,0.0,23.58984394727539,0.0,12.482954470785785,True,nNMe9jKOFgZajX3t
24.13563124372718,6.773156461796907,0.0,23.62499781273513,0.0,12.47772816047765,True,T1q6KGtToB7krfHy
23.11425040390932,8.058543758776928,0.0,23.51634285714286,0.0,12.476362489438456,True,qlMHylk9AKNiayAz
23.834315268846183,8.274756970409145,0.0,21.708700988906642,0.0,12.475288971592136,True,k2lhljsl9WZCB94E
23.13986971917329,8.015521411724233,0.0,23.52908582225129,0.0,12.475204142020738,True,5EYrJvKYvSm5i9uY
22.740571669216397,8.464754103703559,0.0,23.55046314941603,0.0,12.470929499103214,True,tVvovXkeGOhHGm5X
24.524544131578622,8.622797033061465,0.0,19.71651186790506,0.0,12.470539277924711,True,VO21eVMkK6yYPNjh
25.63279131526255,5.48451222406836,0.0,22.686950278226533,0.0,12.464007992329835,True,ib10LmS2x9wUy1Ye
24.376547806331423,9.338137981773855,0.0,18.776603918555512,0.0,12.463989425126218,True,A2cUe9f6WNWGFW9u
23.562108507145087,5.588801073940006,0.0,26.600340886609544,0.0,12.45588395361996,True,mZMi3qdPE3xJ7gT2
31.85592289926381,1.947608297578861,0.2699014404852161,15.692503267367037,0.0,12.451534722375955,True,tqRqYGyvDrmb5zj0
21.807838741110444,0.260202559538944,10.22821496171992,11.92224171861216,20.010414535972973,12.442422965950975,True,m2vJ0ZU473onTHCG
22.428575131779354,6.553716947311518,0.0,27.16368467992938,0.0,12.441554478351094,True,ZUQxCgjLb3UgvTdD
23.64671311509333,6.365383189326382,0.0,25.03405320449386,0.0,12.440467712533675,True,dhReAHIbNUkU7uxc
22.10016680596935,6.098009982738343,0.0,28.5485284499673,0.0,12.436831804970485,True,rebdTSFSL1TrgKnk
22.076610398071775,7.748527394496893,0.0,25.82933394541357,0.0,12.434515059857791,True,zbZycsJblY71lqaA
24.89524672888565,5.681006897662703,0.0,23.58891988293397,0.0,12.427163725521465,True,uJExju1UyJbOBPuz
22.526313822917142,7.210531414285555,0.0,25.761324510092543,0.0,12.424725676960412,True,CGbZE5Gjmv7EU3Ht
22.896704575703268,9.150391707802598,0.0,21.760924704688748,0.0,12.42074800536494,True,yeUdyvADpoCWrxC5
24.486455075879245,8.594676238839003,0.0,19.472211545852872,0.0,12.415437314351456,True,LF0bXgoDhjrmB7wJ
24.57274703377818,7.263591193405693,0.0,21.508659914868634,0.0,12.414020895715174,True,IDAdn1Ay5XL8Sb24
23.92287197641232,6.353875273773788,0.0,24.306125817566592,0.0,12.41124928400213,True,9dj4ZPfPQFC4seDq
22.773226394270075,7.151095226366168,0.0,25.269475705910104,0.0,12.41016308075908,True,ODIlyY41BgiHCSuG
23.577701137549678,7.882282179846154,0.0,22.421142789635347,0.0,12.407052304671744,True,lyh70sdQ9qPILmpY
24.502111367298536,4.7057128815225315,0.0,25.860394040277246,0.0,12.40612073661178,True,dHlov1obK7FBBM8Z
22.704539863614688,8.772303602983655,0.0,22.67491266842518,0.0,12.405674760094097,True,XRaE6iPlMZaoqMZ8
25.559077547189904,6.7826987091012425,0.0,20.241200539359276,0.0,12.399578022336172,True,a2bNd2a8r7atCyUK
23.69509720707182,10.677909189405735,0.0,17.477134146341463,0.0,12.3995765814242,True,quoguynXdMpa5XZE
25.04435502070946,8.573910465010188,0.0,18.269899879287085,0.0,12.397269104358449,True,OPirApb1YBhVAi22
25.23867846934925,6.470355611238678,0.0,21.38537865978464,0.0,12.39699924258214,True,ovO0ctCAoK4kInXO
23.352395211854017,8.436226073716732,0.0,21.828989255869477,0.0,12.38912347036581,True,OUq92PlJ8EF47pHm
24.522934470113015,5.416806828815991,0.0,24.50273895692023,0.0,12.386492891775937,True,Ia2gBi4qUxWzxczd
23.673979506468697,5.993749589351305,0.0,25.2078373015873,0.0,12.38180684451653,True,kNwKBAWbWsJVFpy6
23.005397550357536,5.582554259391486,0.0,27.227824629140418,0.0,12.381431524326196,True,nEUA5avlpc6quJGg
25.729048003255677,6.151746536116603,0.0,20.831793902421563,0.0,12.38142012036909,True,uyr0Yzxh7KmLIlRX
23.088977252421945,7.360562898022512,0.0,24.095956016579688,0.0,12.381227302719164,True,v9BJ57z06xkt8cyj
23.512359066620473,8.676601810742579,0.0,21.047137516328092,0.0,12.379928800121,True,AYjbsqpNC6pxLRPD
23.214873342482033,5.264405293217225,0.0,27.3217345571145,0.0,12.37882350961609,True,vwal3jKQzejVObfV
23.84747885469983,9.252882579025805,0.0,19.384774691137615,0.0,12.375180504837042,True,WQDQfvJci37NaVKb
23.895020734601513,6.004387948712245,0.0,24.65978800860838,0.0,12.368571408849771,True,s28IDBKUKXHqk9yD
23.71588874334026,8.723010722353472,0.0,20.483956698144965,0.0,12.36811280831219,True,mYSNrdDP8aeyQrQ2
23.93421688711001,5.962104726668054,0.0,24.62988223525667,0.0,12.365273583088516,True,IgAEcrBJSBeefq48
22.96534645921651,6.376181701748661,0.0,25.875842257567115,0.0,12.365025701837183,True,fLTAHKXSZVoSfpxa
24.849326196380453,4.920124854517281,0.0,24.529760683441832,0.0,12.364293175059732,True,jlsaq14SPRnlAggI
25.13864378819187,5.009814752399856,0.0,23.80123004221755,0.0,12.364231330890156,True,GNSWseeItON6g9oP
28.58975855400527,5.736080732169208,0.0,15.680946138610071,0.0,12.363089670035393,True,NU4wDSLEfgs3MfD6
24.694468486293648,7.542640494649836,0.0,20.45806832794634,0.0,12.362710918742504,True,Tnz6pJuXsyDIPwtq
23.944399064048806,5.687933645375828,0.0,24.998543711072276,0.0,12.355084687219438,True,lZWmq53ACO6Ng3Ok
23.29004871101965,4.2851200503203355,0.0,28.643872813199568,0.0,12.354875547865914,True,PbN7AgFVWN7IgOCG
24.093481611237785,4.6677830523930215,0.0,26.38101139125876,0.0,12.352141955158404,True,UYYE0ehKB9Urjfui
25.178510098519734,6.357812690293508,0.0,21.376430251564805,0.0,12.349470739864017,True,Rhv4PHL3WW56dgyP
23.513318538709285,7.103871723664705,0.0,23.439655698675296,0.0,12.345911847330255,True,nSVUT4xQGwlpOIz7
24.43235589456443,7.318836112134846,0.0,21.229790377432124,0.0,12.34388435301786,True,OrXXHFOprCeTsprv
23.136768456274613,6.933673383781607,0.0,24.454031866531313,0.0,12.342553662807482,True,ccb6jE2RlUietluD
22.504388493415046,8.420237078758955,0.0,23.184184092776917,0.0,12.334003431630789,True,nXZoDfDV67aIB01t
24.808169197332553,7.784994504626164,0.0,19.61899460642239,0.0,12.331548576319664,True,UTTiFe7eijgHk8Tp
23.938314279977178,6.445850469260782,0.0,23.576533391436975,0.0,12.329436910023896,True,tGw27fQsPjdjxM0p
23.807300589986518,6.081075667932375,0.0,24.4449290470821,0.0,12.329198451041364,True,A8rvFQ7H8zuuWWw4
31.172801524190607,4.18780793567427,0.0,12.865865711963805,0.0,12.328672297970321,True,gzUVxuOtiDLpmQLK
29.046307363975266,2.2609888523655868,0.0,20.306559223637464,0.0,12.325123305829596,True,gr2NL02Qt9clZmim
22.55763105471405,9.777682819232355,0.0,20.73468998814162,0.0,12.321913519443548,True,wT4VIBQqeDPI7ju8
24.037819189381118,5.079514809603088,0.0,25.551876604588614,0.0,12.3140059499034,True,dSgQLeE1M3kbjxjf
24.635714203789757,5.381850088872863,0.0,23.842547942133002,0.0,12.312558974675092,True,yDtDsyJMEeviTEmj
23.70299482846836,8.079237914924313,0.0,21.184476221874228,0.0,12.30837936055272,True,mWMqvmu5qzhPsCbC
22.905924425638297,7.05867331730358,0.0,24.454084967320263,0.0,12.304558402115422,True,bKUPLyT0lhJ5mAyC
23.957581811132005,6.926897917868109,0.0,22.559594704227294,0.0,12.302938228440723,True,IBcVBCmLJoTq5t7I
23.155016386130143,6.4986720362807455,0.0,24.863307226245013,0.0,12.300669008845981,True,ZAySEi2vlgtwlTB4
24.741727603039752,5.629137397890695,0.0,23.1261583140679,0.0,12.298726377494784,True,5NUBDy6QlSKgzS8c
23.252528018729716,7.7021963189871965,0.0,22.643389917695472,0.0,12.297815973020034,True,g6x6qG6aMrcPrPEz
25.970454441892606,3.2749380498944314,0.0,24.54178258974961,0.0,12.29113823350383,True,URuJIbnKRvZ64Ywe
23.775725082580333,5.519169679742141,0.0,25.175686802904412,0.0,12.288862965145295,True,Zwez3VcBbD6e3uKB
23.47401275358863,7.880988414535681,0.0,21.83109432866168,0.0,12.28711507900976,True,cOEdAnpAM2NJDNwY
24.102252371307515,7.773575544452763,0.0,20.717527790612348,0.0,12.281698766097298,True,F3A5l57g0TlTmzZc
23.447063858637783,1.3905729763022892,5.198653029999454,11.231067803563203,21.696858376498415,12.275839015851119,True,wsi7QIOqPYTlwOeg
23.618171326465564,6.246747332812907,0.0,24.11530815109344,0.0,12.26443445380691,True,QOpmX7bZjB92Ow7V
22.295768024092684,8.397099996497667,0.0,23.171198812818353,0.0,12.263685228274975,True,0NOtZTooF9xcrF5T
22.479413893819988,8.36237113187122,0.0,22.838103382398426,0.0,12.260132458473564,True,8Q1kahXfPT6yzTL5
23.516240640487723,7.983184268561628,0.0,21.39245888487766,0.0,12.259537092018373,True,bCE0UdsZz10UXcxz
23.67908457065679,5.156016222234129,0.0,25.749719515146182,0.0,12.255187354027496,True,agEX0GmnjvRQ2VVG
23.4458191219672,8.537949685858631,0.0,20.53909144082667,0.0,12.249096874178818,True,d6ZWfj6IpmfKvxG8
25.897138062994983,6.195058126721341,0.0,19.475584415584414,0.0,12.239243612916491,True,DxCYNbmkma07JHId
23.775620522226696,5.2891270098810494,0.0,25.22581869957285,0.0,12.2388407140742,True,SdPy7BVppEc60xOT
24.875983921480305,7.754969265098179,0.0,18.90048650157515,0.0,12.236610467954907,True,LdOlQ8KSXjoYotv2
27.004166157621146,6.868609168609169,0.07284382284382285,16.002419065822483,0.0,12.233333763880772,True,lR7Lj8nHox79kjnD
22.55220224099906,0.08687098369215296,0.0,9.430084029617623,40.26572238227449,12.228463260892848,True,xmDTodTYrnD5AnhH
21.81774127691855,9.98296531981768,0.0,21.240935421583348,0.0,12.227204026267486,True,pYau2kXrG0bGG5dz
22.61756159263134,6.37099938931471,0.0,25.647115494521646,0.0,12.225085649296325,True,NYZyrSk7iLDhiu3j
23.06495580253155,7.553110339626906,0.0,22.778251839448732,0.0,12.224502101583502,True,vXrj3Zoragyoy8gY
21.181358647812846,8.054458518149545,0.0,25.70851003054207,0.0,12.22429872846255,True,qAEKZsb6Wo0XBU2B
26.086660009254768,5.565887804333642,0.0,20.00254000508001,0.0,12.217850954621841,True,nNTsRw6RiTP9lGIS
23.416981363303606,7.263436512021174,0.0,22.50053284075166,0.0,12.216033463109124,True,p9v1d0vHYp8eXMNC
24.13844315310993,3.8697734467144347,0.0,26.70557922785271,0.0,12.214813191789494,True,yakxcIlR15AgfWkn
23.606585028407167,7.393313118140277,0.0,21.885420631899507,0.0,12.213116882842145,True,KIOp1Y9WPWuNARA6
24.29306764550735,7.40193225812859,0.0,20.485120260905013,0.0,12.211171397320104,True,UWZaMgyybh0aW1P7
23.677335959602757,6.6566061219912305,0.0,22.95854428401775,0.0,12.211133960981297,True,IlPuVdIbd9tymw9I
23.961045131347632,4.850912749164845,0.0,25.3971967248865,0.0,12.210621235428475,True,zEiQLXkxt7n3XO3u
22.17083243458388,8.065504623658558,0.0,23.55875636746882,0.0,12.201439341410126,True,BHew23WKtXD5SqXD
26.96136731430356,3.8175303267641447,0.3089448624286701,20.629643087855296,0.0,12.19902821164613,True,xkxwnQrS7RPeMOkI
22.307989845757803,9.023681535021453,0.0,21.622006330751926,0.0,12.19161828709549,True,Lsheu7397XAncjLu
23.972055117695554,7.622378740352437,0.0,20.625625125025007,0.0,12.191054989150526,True,qNxW3f6K7nxd0P43
22.877673199896208,8.652170723348323,0.0,21.095071965483534,0.0,12.190605435628473,True,vIO1Vk2ZKi0Yn0Sz
26.82487504327235,5.04631747483989,0.0,19.178439456768416,0.0,12.18580780020694,True,Fbs5fvY9uFI8OgpO
23.666041232545204,6.762771587458618,0.0,22.621989202657808,0.0,12.183803647026886,True,YmlajOc1YpkzuaKE
23.00927993333264,6.115170715957964,0.0,24.932150994876853,0.0,12.17139930822081,True,vYfu2mBX8SAnCC2J
30.307436671763643,5.658052152095032,0.09369664496606099,10.886946268633405,0.0,12.158525308841073,True,gKgjPAdqSUIwVHKA
23.014660992327432,8.21424450385576,0.0,21.318330880264416,0.0,12.15570905570183,True,kyElHcaE8jTFk0aU
24.408878772165572,5.278839111259349,0.0,23.352952952952954,0.0,12.145316352407452,True,VO4KBHOOIt6wEIoZ
22.71754194312642,8.531240172003173,0.0,21.298805766969867,0.0,12.1428934909842,True,7GXQHqiSuL9LwLN1
26.325631310328458,4.912161494323929,0.0,20.095079935982376,0.0,12.139991757076876,True,penyQ9dAPi47i1Lb
24.37654945005945,5.611254402751199,0.0,22.81515779212867,0.0,12.138052104524935,True,ATZy7w7SYz8j2ire
23.598055366185154,5.019377614801928,0.0,25.348102741003167,0.0,12.136476424706501,True,ckVIKetfzSh1iUJr
21.76735886973685,7.457362003656032,0.0,24.924316805760107,0.0,12.133195682699078,True,rEiyj3K8cujNfG0X
22.51124311116652,8.44327888025921,0.0,21.77291164628579,0.0,12.130129400357626,True,63QHtDP9bdE2zBRg
23.542152355730476,8.684563629852741,0.0,19.307022796287583,0.0,12.129840033625467,True,oPlxlHy9hYnkpUMq
24.502600898569092,6.9664254689352285,0.0,20.227395323747697,0.0,12.126495935366687,True,msoxltaTIircdJsS
23.1571738448785,7.349012357536177,0.0,22.266662390146898,0.0,12.124404601369628,True,z0pfDCZKCf2FCuhF
22.539804921286283,5.773812092702085,0.0,26.10255475561226,0.0,12.120777712903244,True,yMH37QycMgL1YP9g
28.845878232286495,4.559107248278612,0.0,15.458645709200066,0.0,12.112337138135612,True,F04TJpsiXPaAqmmQ
22.559856260395083,0.18538489579234924,10.35176543101171,9.996498444288179,17.250714576408544,12.109202412553035,True,jIz3HVEOkYUP2Ojd
22.719967155437043,7.496668872357283,0.0,22.762400793650794,0.0,12.104517483768053,True,dp8N7j310savSZht
29.659969472741476,1.8847072879330942,0.0,18.230858339459555,0.0,12.10379641472465,True,VSC9FEb3CLpmsK11
22.39539038449503,7.298527845788001,0.0,23.7331909775249,0.0,12.103227723424244,True,xgILw0jaiHsxXFAv
23.208513447029638,7.555368256994292,0.0,21.676628620481356,0.0,12.10289039142967,True,SmE8ZgCY5IPxdYOV
24.221990036016976,6.938641881578711,0.0,20.674870669383914,0.0,12.102488081607358,True,5uF3MIflmG9DJ7Tb
23.8642915547631,7.710444786807921,0.0,20.032230292059428,0.0,12.091733206939825,True,I8qUb66NZYXfekjv
25.46298022662696,5.744398172214175,0.0,20.10896630225995,0.0,12.091338556380624,True,Lzmiw00NslOpO8iR
22.878058561319456,5.190475749003154,0.0,26.18261283007827,0.0,12.088428430158364,True,wx8t1eB82PtoSfPP
23.548668741682576,3.8184889098920527,0.0,27.12334885231702,0.0,12.087725177825337,True,9yQmtSy5gOSwFf4O
24.66850966167927,3.8531328334624835,0.0,24.816156085389522,0.0,12.08625951967783,True,BEqypcdb6M01LGrR
23.740281528117702,5.964282267783684,0.0,23.11573789651917,0.0,12.080515709859107,True,IoI36CjYREOjvG37
22.842183051793075,6.373013385142342,0.0,24.222292729358358,0.0,12.079252171227262,True,Zl9hBJ9QnnxY7QES
22.58272222926069,6.625713850881262,0.0,24.318177528641264,0.0,12.07897176079471,True,JjQrbFo1Sop4oCPZ
23.592289769955702,6.111434255966461,0.0,23.154883105687915,0.0,12.078777960831513,True,j7uMdX7ON1QtFYKJ
24.054863393053406,6.288538415340332,0.0,21.930554673105025,0.0,12.078176822716859,True,g5KRUhoVGac23apc
25.4453388150798,6.176218024795697,0.0,19.333683514260144,0.0,12.077708677861885,True,0SwQKfck5tvgcLfc
22.792275868968826,6.556170458956808,0.0,23.980574644229208,0.0,12.07381157206423,True,xlsGohMzIVAn47Aq
24.76150872760636,6.931350813014382,0.0,19.39906173207238,0.0,12.07114958134636,True,PMR5TI9MaDsLLpZu
24.769167220660126,1.6456273018967176,0.0,10.222838093980563,26.87870524755512,12.063453230524813,True,6kWodZ3gz78rUob6
24.155417069631454,5.25058508067616,0.0,23.318051908485543,0.0,12.056979177331309,True,9pnLwddsFM41PREs
23.321357118940792,6.312207806379728,0.0,23.213182386985768,0.0,12.056436445325035,True,iVqUZJW6l8R5vPfo
22.452022941409567,9.771426719508131,0.0,19.17598741698707,0.0,12.054861674847963,True,d0GDhxyZqWPEIPWo
24.730906581271377,0.7811997334482923,0.0,8.570847941251285,31.482250691306056,12.048424168061784,True,7zIAHPBrAV1tgsE4
23.598611145617735,7.03972190445908,0.0,21.38195996972204,0.0,12.046807815258397,True,68QwGt2k1Q4JlsgE
23.651913442843213,7.968697845964542,0.0,19.702540055902613,0.0,12.043129502729492,True,Xejl0WsGNYcuyEcG
23.61590614680629,8.935563540228129,0.0,18.12557525311137,0.0,12.037499017065624,True,IzB9V7t2TzLnBvy4
23.32645942814659,7.16987225822724,0.0,21.624372930145466,0.0,12.034061832522607,True,XYpz5ZAUieKxmA9I
26.460071004596518,4.2178362573099415,0.0,20.251488095238095,0.0,12.030203579992154,True,ZiITMkcEXPsROvLw
24.305164874330266,6.187285748175141,0.0,21.27431305958629,0.0,12.029517858280808,True,tcozMdant8nXiWqs
23.79590578417324,7.410368334771596,0.0,20.226218353731277,0.0,12.025296572004562,True,705O7VrjXmgilbWN
22.1780585815339,8.33057131691294,0.0,21.898839314237037,0.0,12.02088630082396,True,Tgfx62G09qIZHOyd
31.542619875338698,6.5985473515973645,0.0,6.02823912947707,0.0,12.016658669922512,True,WtbRElZ6GfYN1wNG
23.57592913650951,7.667148759884841,0.0,20.13845608542187,0.0,12.010334343737345,True,uSaaRnyLguxN3qlJ
25.51210889735778,4.994737147451039,0.0,20.67285419391437,0.0,12.00324508515725,True,Pn4INYNPCSw4ZYPz
23.088176782119962,8.404079001350551,0.0,19.838118644317227,0.0,12.003190581621212,True,sqmcbNfd8MQ51n8M
23.69356615824532,5.7482271329226045,0.0,23.044104718179153,0.0,12.001742338431121,True,5BwizSJpTshv505v
23.12406116520404,8.75454380303774,0.0,19.15963282212023,0.0,11.999799223638682,True,KUO2FYpwiUx9Nw05
22.880088389615977,9.70895287394682,0.0,18.049807185674467,0.0,11.99873581322267,True,iU8taeqTJQtn7UNM
24.87596859974696,5.307159800551871,0.0,21.38817456052813,0.0,11.997806714141275,True,1S6xfB2gpBLzHfz3
22.365164359327053,8.989108054528616,0.0,20.245463733936564,0.0,11.993645881520756,True,q4kxVbBZtjcDAT4I
22.200817366784356,9.000788490395989,0.0,20.553109582070398,0.0,11.993408769944864,True,uKzDWM9cJLIXRrpB
24.44503597284809,4.452122693875022,0.0,23.61366053791217,0.0,11.988590546010006,True,cBwSeId75e7EcsAl
23.40325365366136,5.3562055990419575,0.0,24.18378016646451,0.0,11.987594520828573,True,hihszYmLXtYXCzlu
23.551658699980212,7.684177244221132,0.0,19.990971958904357,0.0,11.985187714885,True,kDaQjm4lttflp2nB
23.01063227632975,7.149518599911168,0.0,21.938436109864096,0.0,11.98133474935633,True,soHgfUM9M3xp32QF
23.99873842711894,3.464724891992086,0.0,26.02647696383718,0.0,11.969774295709282,True,x2zrClKiKRo0gUrZ
22.25623078114339,1.2153403127641502,5.104506235538721,11.32331427545287,22.667408968218783,11.966843597781608,True,y3vKE8CoNygX7cQm
22.01761220414658,6.002124276843485,0.0,25.72918523801034,0.0,11.965192516156396,True,cvRG47ZPbT7j6O8H
22.29013802387618,6.281588791971963,0.0,24.715669837804114,0.0,11.964789080826462,True,5c2b19kEWoaaQ2GB
22.305678664768223,3.9060624400052,0.0,28.63678257226644,0.0,11.963736595271733,True,utGWhpJzyXyTEwt1
22.39933647544564,1.5712125456754675,0.0,10.293356077964674,33.06808973182658,11.963416463929919,True,yjuEwa1rkltz3qWd
22.873654593466643,9.528235148956005,0.0,18.1278469191332,0.0,11.963332203148973,True,E6pN7TkoUI3vPjci
21.977255351291028,6.906574989335569,0.0,24.273645333380912,0.0,11.960867152728337,True,AoMMqNv6MsamJKwu
21.44556839174405,9.169877244478513,0.0,21.564730003195226,0.0,11.960849329122127,True,sQjpjiUTThaMf4j6
24.88448175763444,5.001352887060988,0.0,21.61929306217516,0.0,11.958576708381852,True,8gevk4ykUeJ85fvM
25.624799883270185,7.406524010721912,0.0,16.126794396294944,0.0,11.958090127105775,True,3FePH8BcvyUTzIGa
23.65274313519587,6.718295641531571,0.0,21.214286825201796,0.0,11.957539874721924,True,nifBSWYhebXEWBcm
23.26761105952249,6.741956564796149,0.0,21.93664931945556,0.0,11.956269856974117,True,bAznl1dWezWkK79R
28.769788354916926,0.193843984962406,6.3678168635875405,13.341085130202881,0.0,11.95412364496362,True,cf143agQ48sKkAke
24.131391826314893,2.6341076203208553,0.0,26.994454232979983,0.0,11.947112587921678,True,DwtPoCmS3r1E9yrk
23.40813395983868,7.401097576832827,0.0,20.44021124624252,0.0,11.938746269096189,True,n9UFB4CBMVr0uNgM
23.234452404548968,6.7678339292344525,0.0,21.832857414810583,0.0,11.937222815894891,True,9CvovHkThbE7kJHR
23.608172497756154,6.532679477638222,0.0,21.456328931944352,0.0,11.934070958528054,True,xMoMBukg200oIoua
27.74155033550718,4.389112694758328,0.0,16.75871732439013,0.0,11.933550873000257,True,sbFk0Z9or8ZAgxUc
23.11376879737459,5.945394801829927,0.0,23.419759766259066,0.0,11.93344330460872,True,Pbsmeb3Zo18HPvAL
21.842843425102274,7.967998657148218,0.0,22.58329987956644,0.0,11.932347673752702,True,Pr1jVL1Oky1SswWz
23.40266574051866,6.348029346659721,0.0,22.151676313613468,0.0,11.930558505862548,True,gbEBZbLZO7v1qpgE
21.497380908977597,8.434227336640406,0.0,22.471962274293254,0.0,11.928565447997368,True,fqSf79prKmYh5WE6
22.490722686016465,8.323638979101714,0.0,20.662998203981815,0.0,11.92757628117764,True,LFoLBQrgX0TFJM1K
22.213933515241774,6.497799269781386,0.0,24.250574984779814,0.0,11.92621611973485,True,uWQSLzoBpDQUZjPA
25.86723562506462,7.628743805214393,0.0,15.033831661433295,0.0,11.922431388037978,True,kDa9U4UqGWlG6g3O
22.567942035140454,9.4069289598722,0.0,18.665535303428356,0.0,11.92194514602444,True,JdAQeZUNdjipeRhz
23.446181613190237,7.770490724323839,0.0,19.5606884057971,0.0,11.910580425907595,True,UvBCw8Q6znxxXGs4
22.586063578651355,6.709512752469409,0.0,23.04105588213409,0.0,11.909355644032873,True,CJPd5wE3TjeRwe9U
23.23268475686596,8.228813139622227,0.0,19.175599454676682,0.0,11.903348630166848,True,EZZYGdgGK3gwBREm
22.74300746279464,4.650777888116517,0.0,26.116832566342975,0.0,11.903121595818966,True,dPqW0hdkDzEtEV8W
23.471935735047303,7.355672757682503,0.0,20.11459603746232,0.0,11.897688315554165,True,CaYVhNs8WwmRNS6g
24.63932560230151,4.886537817092299,0.0,21.893610335840897,0.0,11.897473685339662,True,k15qV1Sfsbydk2KX
21.647556357711487,7.319291487069297,0.0,23.82104579408899,0.0,11.89724664819412,True,y87I77YXxaEedYw8
23.029463218208416,5.7510040545541194,0.0,23.61332301631964,0.0,11.888588431549,True,aMaN6h88wmG0O3Ab
22.149596572683002,7.301579270852072,0.0,22.75483310735668,0.0,11.88349875562142,True,CEbvnVInnIHWqJEN
21.947045592086155,6.420380695881353,0.0,24.62803569686921,0.0,11.883414206126567,True,CDtrEoWxOnwXjtC3
23.30196982053744,6.62644997058392,0.0,21.567633631690573,0.0,11.882348483560797,True,yEPSBtKigueT63YI
23.17271226708551,6.16291909529135,0.0,22.581794961105306,0.0,11.879812698114286,True,9AiXepI7aZu6LweN
25.09349172085383,8.67319327153026,0.0,14.543282616896299,0.0,11.877838226673159,True,j5P0RRt8vztefLNk
23.018134208487737,5.991710908908205,0.0,23.09521414633165,0.0,11.867650111723119,True,R41U5iE6Fh4ACceq
25.75277169600444,4.207254945621905,0.0,20.589393904489853,0.0,11.866054330880287,True,KPgjD4gVhpb5Dlrb
24.074764449356564,5.6959567071052675,0.0,21.438954692288576,0.0,11.862261715426571,True,Xo1u0E3cUeCb9pAm
23.769352753624347,4.450426748797671,0.0,24.104856583392507,0.0,11.859141000795596,True,Tdug2Ir2mPNVbv1R
22.98823141410863,7.653562653562654,0.0,20.244533163959716,0.0,11.846540062217208,True,ozyA3WwzaaR9Cy9T
22.935243211177532,5.118465315245279,0.0,24.57242559915723,0.0,11.846053132038165,True,GBJ0CywolBMaKF2U
22.500884719792506,6.147400553660246,0.0,23.72363129546016,0.0,11.845660248671836,True,LhYSi5doVSI82hJE
25.811487400249952,4.435509540061183,0.0,19.94248084204424,0.0,11.843695731396917,True,hMZZ6CGxXETv2Ixh
24.295628595586514,5.72643000555342,0.0,20.81303001749899,0.0,11.842250582689157,True,lUhwVOKwIsPf6OFr
22.35681134355793,6.344679447750963,0.0,23.650779101741524,0.0,11.840830130266347,True,ztDVKMI39rzbWRuG
23.71461379317424,4.169847486011087,0.0,24.554999484057372,0.0,11.840095932063651,True,WyjGNFSmwgHMZykj
23.115011487250083,6.573232578750117,0.0,21.746240403827954,0.0,11.839747651436747,True,36AzkhiIAEVey953
23.692468216197526,7.4638498487002805,0.0,19.073119743303028,0.0,11.834670888529782,True,3xWyyUNvRDKcbRhk
19.849765184568025,8.051467113967114,0.0,25.74946695095949,0.0,11.830216376506108,True,5OOq9SHy94KQYyY7
22.856635887323577,5.478964164454527,0.0,24.0035216434336,0.0,11.827260053825745,True,3zMguIvuDs29L7by
21.946441036416573,9.055055544981315,0.0,19.85374055981562,0.0,11.825757281142643,True,bNx65z9FK6XOCxB5
27.719887221922598,2.25651624493773,0.0,19.6321267227083,0.0,11.824914236217456,True,nINb9kfKVNrZFhgp
22.560997678957108,5.733355846237506,0.0,24.139803541781962,0.0,11.822608796513801,True,tufJDaxmsKYtVNpD
24.139023467563334,8.209184237388415,0.0,16.849466267501285,0.0,11.821423039741296,True,vYL4qR1bbp07IgGZ
23.379007428854358,5.760794883991332,0.0,22.402336160193844,0.0,11.814251373683218,True,v8eBVF8dtvcTvUN0
24.782034188191833,7.488272002012334,0.0,16.682757705451046,0.0,11.80909191277829,True,CUAk4AF4ywIyg1EY
23.26030224544255,5.223285297682169,0.0,23.484428766204253,0.0,11.806576312983946,True,Hm3L8CPAOjdUxoOr
21.53258223380099,5.378425013729578,0.0,26.680653671146047,0.0,11.806478974244598,True,F48i2GDrmZhvkUDP
21.49592863128993,7.166915566504585,0.0,23.746865771438124,0.0,11.802537346728844,True,JypGYYZSsSQd7yyA
22.380470639990552,6.7233954792938455,0.0,22.715823442779172,0.0,11.802363578237502,True,JvQhAw3Q8WB36Ud9
22.41877524688955,6.664373385466791,0.0,22.713967103429052,0.0,11.79882098594792,True,3evlRU96UPHFm1nK
23.96129807090472,6.825770965200488,0.0,19.356633059980776,0.0,11.798327121568654,True,a2vobEfkl6Ac3d5J
23.733779824150833,0.44598365275574997,0.0,13.056169490768648,26.079452152678357,11.79800049931732,True,L11gpEaHwJ4C9HnE
20.983838236536418,9.086453943377553,0.0,21.524689266544215,0.0,11.795468346786945,True,X8eYlgiffdhHD9Gc
27.501598453680824,2.9259252263391824,0.0,18.750083309266213,0.0,11.794473339078975,True,EBz2UXZYeIoay9S0
22.476041674150412,5.905755337503026,0.0,23.817970487163937,0.0,11.79194690969547,True,HjJV9Fio5RO2jtOt
29.024034462132484,4.812258970090818,0.0,12.525961749835128,0.0,11.789169343637719,True,Wa3GYoo8H4i1VywB
31.456372527014853,0.9227239797150446,0.32045615275813294,13.710385032306524,0.0,11.788241738430823,True,CGrFUgbWEpGZlm9l
24.418233268154815,4.014575917653631,0.0,23.05889565698916,0.0,11.787948308408225,True,HuHf4M1n9k8O1rTj
23.413773939329776,6.469287690423363,0.0,20.951440558523714,0.0,11.78417018818333,True,KmShSWeml2uWokzO
22.218495060939937,8.485718351384033,0.0,19.937267930427986,0.0,11.777568295692188,True,nwVG0ld1hzYm1cfW
21.658165736334066,7.695298413270826,0.0,22.371805147386233,0.0,11.77704509632586,True,NSLqdxoMTea76nPF
21.340936190082758,6.7075618324614545,0.0,10.393910257339197,21.383403326327354,11.776598186373805,True,ga3ULsRukuu4pSKy
23.62909013197663,5.415655217057086,0.0,22.216977351776755,0.0,11.775187446623772,True,Jq2WcfhGtx9IkB8Q
29.52199973576095,1.3320109763931334,0.0,17.213823030793755,0.0,11.771676119445631,True,shdKzaXbVB7y0hA4
25.07885121676538,7.122685444114721,0.0,16.441891620336257,0.0,11.770610469108732,True,QczOg8vGerJ9I2VI
21.390398132728553,5.1547695774280395,0.0,27.073160889391062,0.0,11.766785967584234,True,BH8T470otO2f8tAX
23.257637196110508,5.960526358706016,0.0,21.963518645334,0.0,11.761950545309755,True,L9jxuiM12PdvbN7l
24.13977599803551,6.176137400270877,0.0,19.818911130150322,0.0,11.75880381900092,True,auytbZ5KKx2e9lmO
23.263433387323623,4.260513424676369,0.0,24.75726804840729,0.0,11.757748579627274,True,cntBfvyPlBjstyR0
22.313380609190446,6.533360388017872,0.0,22.834864033413425,0.0,11.752583884773616,True,kR1wiT2ugzhGuFxN
23.17102155531923,6.143927615098903,0.0,21.75285155360507,0.0,11.750216103411253,True,qsNVyBKvsi1fVWSE
22.43035439685744,7.690499499616998,0.0,20.582201016492064,0.0,11.73906134643529,True,48MQ0jL6VMY8UJpn
29.009945998307984,2.392842902711324,0.0,16.2471556659135,0.0,11.73826787505725,True,Kmf58CxA8bZFoal8
22.65216548356604,6.5347156863831835,0.0,22.0529437243861,0.0,11.737270125323523,True,5dloZHc9ze4D3sX2
22.318138863035212,7.398498043777799,0.0,7.325037104692317,20.89880457301468,11.733702192860328,True,0Wg9ew4uHl2l8eJh
23.147209905405674,5.151755055067111,0.0,23.324340057765937,0.0,11.730752744053369,True,2BpLwzgiVzW1y7XC
24.198001538313143,4.280895485059105,0.0,22.670823847702003,0.0,11.73024790991402,True,qprE9NvxlFBnASWx
23.46244727313003,4.9114561573291695,0.0,23.086971972435958,0.0,11.729644017136696,True,ejAgBoS0krTHTJ4R
23.257523292175815,3.9524766571453442,0.0,25.074952714394946,0.0,11.726619059098322,True,4BnNG9Zu4R8vOqWT
21.334051783443694,6.4098261031927555,0.0,24.822800838330323,0.0,11.726092186580845,True,CoGoL6Rv6M21TQDi
24.370587612642463,5.434529628078016,0.0,20.36837475258412,0.0,11.725064903699861,True,NzoRleD5sn4YYUxC
21.801931381587607,8.709105791133418,0.0,20.041393940961893,0.0,11.72406495340392,True,K0I5shzXqoC7CcOP
21.828693954397075,7.719159298698459,0.0,21.6178445229682,0.0,11.721074689438968,True,qGewAMU0JVuDSbWd
22.986071779276408,0.43260359707994867,5.256045700181618,10.723653127008069,20.485852584656058,11.71231480060605,True,O4kWZMuLVIzCDESd
22.056617317486847,7.67668610920916,0.0,21.15529074590844,0.0,11.70945033443461,True,CcLxUif6suVAlmiY
22.615128439222435,6.8679726729042985,0.0,21.37752836923514,0.0,11.708160955378077,True,n7KPL9l917bulljK
23.609800662699794,4.4220326031183905,0.0,23.438760011046675,0.0,11.704262351246536,True,D2d30FsScZO7oMjw
23.10031907023372,3.8929405789740983,0.0,25.298348847735816,0.0,11.698083192974014,True,9Vg8WnOnqQfkplJe
22.54567664025899,5.248750189708404,0.0,24.136855098635337,0.0,11.696418804300098,True,6ErMq1Ryw1OnL1Gs
22.711514672994433,6.135415491003828,0.0,22.312965768412674,0.0,11.694253139911186,True,7lDBxlJMkIBys2QS
23.587771356934972,6.6906726432417365,0.0,19.634959175414792,0.0,11.694243444203146,True,ZMDkoUybjsYsBWV1
23.448663483017945,2.7372809693544418,0.0,26.499105011933175,0.0,11.693785039033969,True,z9B6NB4pQnZ1ITZK
22.891467142693646,6.073043582598335,0.0,22.052008076474113,0.0,11.693502249928795,True,PuDCCRnGEY59YVkQ
21.634597264390912,7.708057662459456,0.0,21.7955493298526,0.0,11.686725994410029,True,XpRMATDlCwZDGsr8
23.68146294580263,3.9541062168523045,0.0,23.94294831334596,0.0,11.684407684955758,True,b2nLtjLaqxUGV3Hz
22.65583657671487,6.221958791984194,0.0,22.212489991993593,0.0,11.684114169809549,True,IUKKNzkyMDYaHoIB
25.305714696161164,3.4657400291124505,0.0,21.428486687117605,0.0,11.672422419194103,True,zFbyRBlwn6lrrC4j
22.468417127655638,4.341428417224003,0.0,25.637127307146237,0.0,11.671451338674627,True,hkpHTX1PWi2MRAY8
22.01345566177522,11.381947347585939,0.0,14.795089949713152,0.0,11.668787027886024,True,pm4ks2pz6kLBiaZI
22.055783710873705,5.845127093309354,0.0,23.919360697420995,0.0,11.665920991202597,True,HqF4fpMhXZuv1LVy
22.006236917669714,7.090971991725467,0.0,21.859527977072073,0.0,11.65354326979309,True,OuptI0Bsc2gd8tQ9
23.922536533735848,3.006778691279072,0.0,24.82911494438175,0.0,11.652822874597785,True,4djkWNdRfrCQBFMC
22.594016553778857,7.446607969876538,0.0,20.082849979973595,0.0,11.652284455598831,True,LMNgUceV6w8C6AOC
23.45403174512421,4.914529028783916,0.0,22.56401494927923,0.0,11.649444023125128,True,DX6jCOyJkMCWug7r
27.510013081584862,1.5914672448016312,0.0,19.9902414213222,0.0,11.649406948874196,True,mgMCJ0LNM69dffZr
23.3581603025569,7.779829823794087,0.0,17.96575138409593,0.0,11.64726825432998,True,LdFIxS8huIBERp9r
22.888852955860557,5.8408608302954255,0.0,22.11809152397782,0.0,11.644584822928696,True,DrK1dDNCFLBe9kbJ
23.35746384906663,5.629197508709799,0.0,21.52360649570506,0.0,11.643079506253198,True,W7WkmmiHjNYoaibi
22.323627392027852,6.474874067639274,0.0,22.1363525548178,0.0,11.636259617740844,True,P860HlkSqTCpfiAe
24.593116798554775,5.098859343741246,0.0,19.85892530361005,0.0,11.631488671043252,True,4VGt1SJ3uTV7JOnm
22.956433254537494,2.084853491016244,0.0,10.615381525325592,26.296791072292248,11.630129685143373,True,hWddOaByuIsGs999
23.3509521104503,6.6953457479520795,0.0,19.648816130225676,0.0,11.626444489656961,True,fsfyhrevbLpEFRWg
21.927443180117756,7.455802680907384,0.0,21.20563606854057,0.0,11.623029034543258,True,Id34joOtZXOrwBGs
21.073889916290593,7.370376959418055,0.0,23.01716891849823,0.0,11.617336552516425,True,9wh2Tp11XvIV5Di2
22.9909855944992,7.609979642048403,0.0,18.772728400267905,0.0,11.615699848902047,True,D5XSEvJceRvI0r7B
22.665735445701678,5.284129171983037,0.0,23.292676659528908,0.0,11.6146544256356,True,VPBr1xiRUv4EDCwX
23.853010673042807,5.69875491807901,0.0,20.191532087952883,0.0,11.609321744625525,True,VR9YIJM42zELiqaR
23.17656844196687,4.02452134292007,0.0,24.332843192700672,0.0,11.60902734722518,True,Zy4Eb89rUP5ucj2p
21.686931652480887,8.758914447580159,0.0,19.373894480024397,0.0,11.601892279642964,True,UUMGGElAnTqRKlfO
25.271613725848606,3.003158395542569,0.0,21.782877509455922,0.0,11.599705343058611,True,MNmDgita8zv1NyZ3
21.82285360484717,7.786593264248705,0.0,20.703318097172847,0.0,11.599002112092254,True,MWkIu3u02RZtrRSS
23.458210394753078,6.456640008958483,0.0,19.635148417534893,0.0,11.596895383295777,True,NOvwLWkOlFRCy24q
22.9629718533645,6.057024375848911,0.0,21.260505288200463,0.0,11.592223443201647,True,4Qz2qjTvIwzi6yg2
21.05938869112316,5.0281627955357395,0.0,26.73373095306181,0.0,11.584916949180155,True,7jBbNmf3dyAHtSOo
20.905351355421512,6.437414315557996,0.0,24.678433478253336,0.0,11.582724007253953,True,cFTCJsISFmKlIwuU
21.898194770097188,8.171750616214869,0.0,19.724248852008113,0.0,11.571033412884091,True,1xP4FBMh9FgBkdXs
22.389487962487532,6.395141745005875,0.0,21.69330757070086,0.0,11.569627960602858,True,giUQfjte8mKpWTB5
23.52300922963149,0.2747063039484474,0.0,12.03004004954105,26.360396322498,11.566124984557518,True,l063vbDUyBBc7yKP
20.553805998869322,8.71583039062714,0.0,21.473390817223198,0.0,11.566108019901062,True,tvgRo3Z7BozWwUMa
23.201019174155917,7.742015118665798,0.0,17.800456643918107,0.0,11.56587802850094,True,OhXmAkpnVVPY9OtC
23.30280614734065,4.4262103171367535,0.0,23.108809383174417,0.0,11.563715830962545,True,lxumDhqQ3FH9OuMy
22.159866997938995,6.169716359589778,0.0,22.45946373487305,0.0,11.559308749510098,True,c4NtZ7rj6nGPAdlc
23.836246542234925,5.616758456931827,0.0,20.008637121753633,0.0,11.556359145166478,True,azPlROYpxdSr4bQ5
24.434926108126742,3.2712789041918557,0.0,22.716923468738063,0.0,11.555836078796695,True,Vyq37KAnllxfF1tY
21.645813514056954,6.277095768064569,0.0,23.270530547334012,0.0,11.55359757833333,True,v2PiLBtv4u7leFxd
23.623386385906286,5.260483268730782,0.0,20.949785523167744,0.0,11.544604561429743,True,Q6GobLKKErSVgYLl
28.3884092139602,1.574631508379349,0.0,17.562105383997245,0.0,11.544496448882482,True,RUT8sy3VsPkdgGgW
24.61147632329152,0.22272912483753238,0.0,12.202669134294847,22.697768745395404,11.539302422880606,True,Y9GsTDYv2epVWqXc
23.23191369995657,5.307727657570777,0.0,21.600037848322845,0.0,11.536511701628092,True,40BA73h3XoVP2M7a
24.19460693576025,3.477060965554906,0.0,22.721407574514632,0.0,11.535858458293996,True,2HF3nLE1DraUBV3p
24.08352271306039,5.520678391620661,0.0,19.467306182219485,0.0,11.525322339156205,True,YtiOsfU0cOEYTtUd
22.049806837654064,6.477390764433567,0.0,21.920441735944767,0.0,11.522356002796325,True,1HuW8bQ2bDjHGQL9
22.735632710710483,5.345285743581506,0.0,22.4148128052089,0.0,11.519233169889857,True,39dak3AWZS6dfuhv
21.619059767952315,6.523800026592209,0.0,22.654434537775693,0.0,11.5148331177001,True,XBS5QXXuqkXerXdy
24.37657456338112,5.1482097608569,0.0,19.418428737290224,0.0,11.512789119822095,True,qYvuLyRZ64uRXCQz
24.10506803612256,2.532023253751583,0.0,24.27186274509804,0.0,11.50530563603937,True,tMAnF6JGefK15nH2
21.936685463854158,6.342757986748341,0.0,22.23291828936061,0.0,11.501632879247424,True,or6st8qiMM8czErQ
22.715423939339303,5.091582001598979,0.0,22.750476308813784,0.0,11.500094128523601,True,4dnbGOIcHO5392eD
21.337632733657685,6.594674910090376,0.0,22.989395267309376,0.0,11.498367837716305,True,2dhN4UovsvYTR5co
24.896532513428763,5.086511175440368,0.0,18.369588410354318,0.0,11.496025809441868,True,PY2Ka6Dsi19zc5I6
22.95852384339939,6.227669419551338,0.0,20.339955682657525,0.0,11.495467860306281,True,YoSOfHjNCeBUOIfV
23.734799943244724,6.708775947198639,0.0,17.983545810613624,0.0,11.495165841365122,True,ppLPLXWGkskyzQjg
23.446359393599312,5.583896483487415,0.0,20.390036804569263,0.0,11.488387459637035,True,BRCNrKXYym4RIpa2
24.276001979699046,5.1424776853962575,0.0,19.459090796359217,0.0,11.487283634712659,True,aHIcnv3tANsyBa5t
22.173882047859987,0.003294721033224516,5.090948028521302,9.069833830578558,24.531749690978103,11.484827944005156,True,tRXSGpSDjz9JTDWT
21.308961551039175,7.96795764144377,0.0,20.627906262948695,0.0,11.478863815115,True,h2p7yJUvlIPmaRBf
22.427554410111814,3.21187924955449,0.0,26.29025760390323,0.0,11.47477477600765,True,6maa3GUUxFz7A8zV
22.487898440771968,8.72136415388303,0.0,16.98660960625866,0.0,11.474702011641146,True,mhHgNx3WIGoDXOQn
21.324910002360376,7.656327726623058,0.0,21.086775394433612,0.0,11.474571241528917,True,saMeASwEoEAis4kz
24.140762872655344,6.154543459384154,0.0,17.91926058893175,0.0,11.468753814982403,True,Pxv0ih2mCAXXap1Z
20.961367642128923,9.885526559523028,0.0,18.032643394089177,0.0,11.464688441632811,True,Gg5opb7EorvpO51R
26.76438274699504,4.597646831982742,0.0,15.222608652755167,0.0,11.462117830007472,True,3sGK90HG66bXoUgx
24.41025761405127,2.843899832233658,0.0,22.843253186177897,0.0,11.460540220200482,True,jXENNwW0up5VdlrP
23.003231454959334,5.121760262255377,0.0,21.85674609297507,0.0,11.459921415997904,True,2a3w6Toe13fcwRJ8
28.036211748740175,2.0585791296610374,0.2439041633380229,16.526662267218207,0.0,11.453288479787648,True,ftCq5R12ClNKdTwx
21.971436391181427,5.639010533790982,0.0,22.996726979044166,0.0,11.450692597658797,True,Afo16hD8hP1jF7Ts
23.732977375409284,3.0466897074962023,0.0,23.759113888677184,0.0,11.445432722798413,True,5O1IEicLNIBPu1Qy
21.624777662723094,5.880375842709269,0.0,23.247727753117733,0.0,11.444686422461906,True,y0qX93InnWnB2CRK
21.676306209839645,7.125128685461556,0.0,21.06446025750715,0.0,11.443843072943354,True,xqZz4yYi2OlXAvSs
22.84655317931063,7.856685629198394,0.0,17.4914162022293,0.0,11.441849791427181,True,FqnUnttigcAxe3cZ
21.688092320722753,6.275740666932377,0.0,22.420187381912385,0.0,11.438390970236778,True,lUfluLO9bXkYanOx
24.67106509155061,3.3025011476340067,0.0,21.40861796736886,0.0,11.438237509479013,True,gMPtcUZKyfXd6Xvw
21.38801235386808,5.101190413590805,0.0,24.970376201524694,0.0,11.43725773978683,True,2OGnY9jxIkYpI8B9
22.893683739307328,6.841902419024191,0.0,19.050190235345042,0.0,11.436109261850003,True,fb2nkyXzsPW9Pjht
22.02916653496544,5.183293007809525,0.0,23.540437397023,0.0,11.435638821995463,True,yBmKwx5O0eCk4c9G
22.55385425204971,3.593153080573807,0.0,25.132011938470956,0.0,11.434246336529007,True,5fg6hZ3GqQbzwqGI
22.209784355266592,4.534995715806783,0.0,24.19043304082411,0.0,11.42524919165529,True,7D0RFhoTnm830Yrs
23.964386714073825,4.348068361918414,0.0,20.989418907198612,0.0,11.424745940781541,True,ZVLKT58OQI2Mowts
23.079423787411812,6.3435448720800744,0.0,19.428197732913006,0.0,11.423943014180512,True,53I5vDY0A7Vd1HtK
21.353407194211517,4.919978051521811,0.0,25.21469015413652,0.0,11.418220194264386,True,A4PZcbhOWnBx4Shd
22.396751842341857,0.23038283244093777,5.434048494105293,11.304662847326801,18.544618797743443,11.413592266507214,True,e6UEWHDzajGFtMaE
21.949864790611926,4.795158254277751,0.0,24.17380332139368,0.0,11.409819498962069,True,zdvagO2TBA2FVLMU
23.23172731360072,5.181968438136346,0.0,20.949997316012666,0.0,11.407509901016203,True,gvPSeD5TFWpWqvsS
21.84737608401663,5.916824838310697,0.0,22.489594209946645,0.0,11.406858166274661,True,5hdmpWMLpFGWGy8h
22.008102684393315,7.409563092807102,0.0,19.678518334985135,0.0,11.40659932876754,True,3zCEGsG5e1Bwlrqq
22.561723125210943,4.2093860735721496,0.0,23.895304224139547,0.0,11.405159089577253,True,UpwQWMO0k03nTAgo
21.993976698177015,5.607183030752407,0.0,22.698939901632276,0.0,11.404829752386046,True,1LoCqt5P2c0oQ5Lq
22.61621888933265,5.951385454599949,0.0,20.87566986694569,0.0,11.404062510491634,True,sZQ7QjtkQ4xnAMbL
26.172410946990812,1.2323703727180528,0.0,21.627903804444202,0.0,11.404001447943386,True,8L7LqwrQ6ULrVMCj
24.05273607581242,3.2073955880876137,0.0,22.571261530466415,0.0,11.40335894933559,True,eqF93vAKYa4aOeHr
21.14569867330306,7.0590055956759565,0.0,21.948835097477225,0.0,11.40078626553149,True,Y0s6iwlrTSEFFEqs
22.380024282578116,6.949633606060827,0.0,19.62950335265371,0.0,11.395841189186697,True,49Y8hZ7t7sgwRlLH
26.632473740113316,5.645933322424155,0.0,13.285460969790213,0.0,11.394044598108565,True,4Y3H0NPUKWow83tR
25.747431776235295,5.79033640610311,0.0,14.80984872167779,0.0,11.393290942648033,True,qNyOLpOwEHQ9l4t1
22.155816220985926,5.637786584028083,0.0,22.216655404848623,0.0,11.388689823030091,True,nSBwPZRYsnvS9GJ1
19.678098099592482,10.105228836454133,0.0,19.725501133623638,0.0,11.388561809034822,True,b7A7jpiDUjoPEhCN
24.175442536406933,5.444636629794257,0.0,18.48357578933949,0.0,11.386328286771567,True,ObzTNx6ou067rS8f
22.093888610972,3.8778740199194743,0.0,25.24710392532711,0.0,11.384700677070535,True,X9iBG63d1hHjtkku
21.290312561139093,5.954775571083738,0.0,23.370814821600334,0.0,11.381409884352712,True,ZuBYlwpenQxxjXuh
22.604452627390526,5.0127579376926015,0.0,22.28203604674193,0.0,11.376830679651597,True,WC9VbFYSLIUOBzR7
23.35737650795198,4.16088746551122,0.0,22.17500726849833,0.0,11.373685909038148,True,v4NN5l9IwwWWp6xR
21.27493379299511,4.117605334089942,0.0,26.40003648303539,0.0,11.371886943876326,True,CwfudMPmLHoY7Xrm
22.28425440965393,7.1705500511149625,0.0,19.276339098785712,0.0,11.369364700492776,True,cfzujCAf7oAQJetL
23.38940517967077,4.804429934063121,0.0,21.002571727075466,0.0,11.368314796478332,True,j3m24ehi8mj7TCsX
21.934487424934108,5.660624105394594,0.0,22.475446148702304,0.0,11.366819176134227,True,lPqvHR04F5aflaVV
21.944369986161394,8.116078648347157,0.0,18.333035139197023,0.0,11.36228592881476,True,vU7El68vyk9Kkz8L
22.71777924082191,4.629112853758905,0.0,22.569592323678066,0.0,11.358050834238009,True,ztxc2RjJlYUpgpqi
24.202767405591906,2.501678443299555,0.0,23.141242684485505,0.0,11.357436235175285,True,HEJ0WPahQwCp5PN6
24.06768926788783,5.131824589197194,0.0,19.005712039221127,0.0,11.354119733548815,True,xR8KCDXsXyGHA9k0
22.772854619541558,3.5719548308100126,0.0,24.194414802221054,0.0,11.35400731389813,True,GB16JC5kV3ECqWp1
24.30741803927659,0.33219112455835753,0.0,11.853678203922108,21.9680586598811,11.35013078949899,True,yMWM7gusTJl08Ead
22.059363773281344,5.820502570284484,0.0,21.83589490185387,0.0,11.348319009833604,True,9QrhAFJFZRTiuWWX
22.462080917858895,4.092210419224976,0.0,23.90680044208054,0.0,11.347696946475994,True,aVTe6fJsU1J6Lww9
23.256313059147455,3.4775151932589594,0.0,23.339413822676597,0.0,11.347184789460465,True,V1BsWESiUlUXL607
23.773273083707334,3.0875506528210144,0.0,22.920483867149585,0.0,11.341942168389892,True,h27paD3ripxXTLhr
22.527902036000768,4.750530212510627,0.0,22.614657415437986,0.0,11.338201776243585,True,shKRIy5z0w9XZjsc
23.625355605185447,3.9986049558418904,0.0,21.631376993121002,0.0,11.331964469484257,True,SROatAQgQHrNMSiA
22.05640628341356,0.949318731862687,5.070951845392997,10.597125574377264,18.67144631511403,11.32515540473633,True,HqirFgAsKeLhym8R
22.841376802439562,0.6364025505783559,0.0,8.639859217296236,30.128950253054285,11.320387586276322,True,VHiy1LCzKr9hpRyy
22.746570704938733,1.3208501049631185,0.0,27.77027677496992,0.0,11.319725253967887,True,eNeHAUkUmpMXWl1l
20.810035345866574,4.5896906899789,0.0,26.194194194194193,0.0,11.319562405383826,True,6l9h1ovTqYyNTSkj
22.06446724853692,4.850720840778992,0.0,23.248814002944545,0.0,11.319342485197506,True,JL1oKf5gzR0VtxCP
21.515346691405664,5.996386462913421,0.0,22.414991379157115,0.0,11.315949330023622,True,xpMQh6zdPF0Eadsa
24.016426129437107,0.3553598000249713,0.0,12.604810462662748,21.220105810215234,11.30649993925831,True,qIlP5XM90ZsmSxcd
21.121747498892145,7.677741362411174,0.0,20.285708561239005,0.0,11.298815874456286,True,RK0I7kFhJjASu94X
23.660047428132145,3.8157453634006044,0.0,21.598656761982294,0.0,11.291749083587138,True,15qhODBLk4TS3YFW
22.099723869088788,5.529827315541601,0.0,21.777567036141225,0.0,11.27900904503322,True,zl54SNMfCkgFs8kM
23.798988467480733,3.3611914432981296,0.0,21.968757895988468,0.0,11.275308085467023,True,cuwMP4psiMzEQhQe
22.27778821204742,5.504220828610987,0.0,21.437127432234846,0.0,11.274960785602198,True,KxwfelTXDqEqW4CP
26.618285866781896,2.706627131533534,0.0,17.372215299932908,0.0,11.267974837907888,True,ruh1NzFI3CFJGZcX
22.342151035897555,3.848459568168521,0.0,23.96446460636991,0.0,11.259429893766882,True,7flfT8faBYRondTf
24.300099485856073,2.7029047871918355,0.0,21.923232419320318,0.0,11.254240905452829,True,QBptvWq3587sVotT
23.590035485869613,4.818426223678684,0.0,19.812601716820375,0.0,11.25350745920361,True,zwIfjZMibPxKU7kj
22.409337625338615,5.019550804397178,0.0,21.810988569130913,0.0,11.249337274070516,True,K994HGIwPRbfcxxY
21.198456810787512,6.954835883814223,0.0,21.002871042347873,0.0,11.24867667054199,True,1YHqj2lEn3zV1iDU
21.67007561770931,7.858867835045756,0.0,18.469312034993848,0.0,11.236136449323308,True,ZaZibqkBkQaeN3PF
22.05163891268123,4.458477329502064,0.0,23.364394973274194,0.0,11.234770252171014,True,AOYNDeh15FMIbOGK
20.590791726243456,8.121144137726134,0.0,20.16434949093707,0.0,11.23217597594513,True,zRqAVHYvO7RvVhKb
22.822743754675535,4.549257985897157,0.0,21.64210807759722,0.0,11.230453834516533,True,rlnNnuSqn6Wo0O4D
19.13929100419629,10.075986479207746,0.0,19.77700545926434,0.0,11.227334739950475,True,846T0J2zEimR7ned
22.739636558807536,4.604280576859565,0.0,21.68099813139748,0.0,11.225110831566774,True,m0XxDgjTB1AffdB4
21.80039076239668,6.938691648163083,0.0,19.638429752066116,0.0,11.220554603569692,True,GQcMz6lRsraAnbYA
22.988331332609754,5.640878458339893,0.0,19.395138300996873,0.0,11.21598975951743,True,Dxd4MRxqBvRsX0bI
22.803722373989704,4.007089796017132,0.0,22.483145436158658,0.0,11.215360976624993,True,NIVZ19ou1tg6UfOz
21.325055858955693,4.729778531351367,0.0,24.16165654469436,0.0,11.204209872228702,True,wEIYFw6KGuyrlbuM
24.91485208668193,3.3447671244319075,0.0,19.272427159257404,0.0,11.201511481001166,True,x9hcmQJIaiFnaqjF
22.725925870048602,6.347256434013929,0.0,18.640987037785038,0.0,11.200739925185818,True,EqcXS5pEGrSRiT49
22.306723591612062,5.105718139044374,0.0,21.543229391993076,0.0,11.199931021043673,True,FBY4HvubFGNy1CMn
22.958185264057825,3.101865240023135,0.0,23.563904774571085,0.0,11.197507605408793,True,isacZcS4VRQjbIzQ
21.3398319552653,4.447230269716584,0.0,24.5522030651341,0.0,11.196587613778851,True,JTuyMHsDGMBgYSh2
22.471292609170934,7.562995263057886,0.0,17.091587574580124,0.0,11.19587473470277,True,oPj6r0jedkYtMV0K
20.94898773512314,7.36693716449378,0.0,20.450619093800043,0.0,11.194023475730393,True,E4lyNbnRlAPOwugo
23.71984448543878,3.9292059953554443,0.0,20.628141267276973,0.0,11.19247603456204,True,8kVoRTYvFhuU1ZxJ
22.464128229367688,4.429740644161896,0.0,22.29658706971126,0.0,11.191161690307469,True,oTdHbBKuJer5PA4E
23.725152801852104,2.4173566038939045,0.0,23.11515644687106,0.0,11.189158458559767,True,Lu1RYgcamUXbD1Wz
21.256090052454574,5.804245423310173,0.0,22.402485365102187,0.0,11.188261176329243,True,kcSwAD4Du7Y28zD3
22.25464254467659,3.9880995594274693,0.0,23.424012526740622,0.0,11.187019532270936,True,iG2METPxl2yFEikm
22.317099562561594,3.3962080083247685,0.0,24.26510179107798,0.0,11.183947139511368,True,cSTqrOdK0b3T7EMO
23.41453537951942,3.381816889662072,0.0,22.056767552619448,0.0,11.178329969164261,True,nIn82gLotIW9KfJ5
22.461827188755084,2.6228814744105837,0.0,11.331295948595368,20.83941820514177,11.177904738032653,True,Olicgej41Y1E0ZaU
22.54428572085285,4.030881112984823,0.0,22.70994535519126,0.0,11.177497797780749,True,6SWprz9vsCZiiAMS
21.661704487787027,2.329869378608777,0.0,10.055640320172984,25.849494962290972,11.174274235243347,True,f0hic7FbgHSQbSvO
24.0644447087854,3.953664203168499,0.0,19.756132946452123,0.0,11.171169405395563,True,THBj9wz9PD3Bggkx
21.51630431612527,6.665184878291816,0.0,20.306277843440313,0.0,11.16712919092658,True,kY87HT8iCX75AFEY
23.170762987251887,5.102978144314308,0.0,19.57584961614809,0.0,11.163350874676356,True,VatdLIm2yBuXxZR7
21.16427766577971,6.3790567640938125,0.0,21.438646539086335,0.0,11.159844471620318,True,vPp8Ebgi7VUqkQsQ
23.365799221220932,4.330297892552682,0.0,20.44991388052734,0.0,11.15980132158355,True,8Sb22Q4tnHMGmVzs
22.495470732743904,5.900060254321043,0.0,19.571779361561955,0.0,11.159423187637726,True,eQYfd8CWpwhiJMAl
23.458264773464215,5.246893718401928,0.0,18.721423766130513,0.0,11.157416426559323,True,jbNTI6fKybVUiDOO
22.25690998181797,4.55107475530898,0.0,22.256054530874096,0.0,11.15324986300375,True,K5PARWBu0ummdZFF
22.414854008879843,4.589008104598873,0.0,21.86807937076658,0.0,11.151920134428657,True,BDbcMdaQq4pywOvf
27.432603717740033,3.1352668471378244,0.19922529102023523,13.988674723780775,0.0,11.15174409387763,True,NwEJ0QMb2ouSSua6
22.800440868123278,3.931164117189525,0.0,22.19204542508232,0.0,11.151730103496712,True,76DvW4KJYICu2K3l
21.56260957546697,4.95569823434992,0.0,22.95386073592634,0.0,11.15078654161652,True,buiofUS8irrEm9fw
24.440408210012126,5.504757644979048,0.0,16.230801991003222,0.0,11.142932172898881,True,iu7NukzNV1tLvG1G
22.063535692294607,4.368430491176833,0.0,22.8451581027668,0.0,11.13794204589761,True,IRZ1PJjrfMTLz8iB
21.28389296566883,7.088986372437972,0.0,19.83439584877687,0.0,11.132573860126673,True,seIKp2H7NGtzNdIS
21.225212052476763,5.242656004885162,0.0,22.932508680555554,0.0,11.118103919047652,True,NqkzLskbnTSLIR9Q
23.93914700925316,0.11101647625480925,0.0,8.679455971916983,26.0120742648703,11.112624044114227,True,LKRUyhnHdCeJR48y
21.751533590571576,4.777494258385806,0.0,22.598375310270605,0.0,11.109589938308513,True,RUhF8H0w6kj7hfxU
22.530457966941313,6.058548917548831,0.0,18.891679223170936,0.0,11.107526502945243,True,EQUdngFutoHbXl4C
22.97393726688405,5.762994098749912,0.0,18.48787408319503,0.0,11.106110817231947,True,BfeqoxfMcUy7zNPH
24.062896258239924,4.970875690577648,0.0,17.617784422423032,0.0,11.104255463479843,True,5J5pKHkRykirtrFj
20.58735639870108,7.42643307248355,0.0,20.47565355382945,0.0,11.104163220805628,True,UpD34LSJrrbSKEeU
22.225706255288962,3.8063329570372653,0.0,23.22837194247931,0.0,11.103550907217901,True,lB45GZDqr2RP4RFd
22.17648426756213,4.837117667184666,0.0,21.601779562726122,0.0,11.102491631473724,True,4Y7jxETx0tbP95Mc
22.55380578626745,4.26929911656552,0.0,21.777450860913316,0.0,11.100084144158613,True,oV6iEN8YG4AP3WOk
25.213135010626306,2.6129254433794413,0.0,19.217612058706862,0.0,11.099813672838781,True,0PPIgSLnC18UBGtX
22.696828968914733,6.054581290050174,0.0,18.459295651774646,0.0,11.09158836095316,True,D2Otui6F7SeX7MnB
21.455561130349423,4.950402072840727,0.0,22.76668441604544,0.0,11.089271519721825,True,97V447T3ePCnrtDL
22.074199031731464,3.9651987286898844,0.0,23.167610419026047,0.0,11.088700954545818,True,hFN8PwCSBbksUmEw
23.50423664251923,4.123349829328142,0.0,20.021710288264384,0.0,11.085364993327463,True,rPBrSY95z3BVcpn2
25.26743394485225,4.241017561428856,0.0,16.272026156841214,0.0,11.081288497339072,True,clMu6Z9NoOKg7Fjv
20.47150994218548,6.052515412023705,0.0,22.788879974716167,0.0,11.072913831868995,True,y4cX8NR9p3eQRAcH
21.25163365481616,6.609239292115021,0.0,20.27261443448777,0.0,11.068692084646768,True,fqpdmfISmK05pp0b
20.886756062470912,6.437329247475557,0.0,21.283008559460935,0.0,11.067810414529303,True,Fwg9lqEBraadyHCv
20.344914571163955,7.278313554676584,0.0,20.964758441174844,0.0,11.067766526194559,True,99oICXJ4dVXY58Tu
20.835497922993866,7.511425660572094,0.0,19.58841115088735,0.0,11.066767464674285,True,0gWmNaermdMD62tk
23.847716519113117,2.5499847374847375,0.0,21.828965164308954,0.0,11.066155914751462,True,tM5D6cpTucAFuDGN
23.154948310033863,4.796412858489681,0.0,19.45244129075857,0.0,11.063453901246366,True,lXywuFBESAMYOviZ
21.43854576155482,7.220945600742136,0.0,18.823038397328883,0.0,11.060255888251312,True,2D6vMD3J62nousGG
22.575624877793906,5.866985153806651,0.0,18.772753831632883,0.0,11.055346826534766,True,Ahet7zqqyTPf9gL2
22.65821194442064,4.522076416312481,0.0,20.84274983458959,0.0,11.05439516259275,True,8AEEISYk9SBw6SKy
21.35468285038273,5.551828306130432,0.0,21.729194630872485,0.0,11.0537411262783,True,7sajZ21mmHA6IBbG
22.32972390110421,4.6695207946933674,0.0,21.24007183885801,0.0,11.052308144833306,True,GmJt9luZoy6Z6O2t
22.67475618366108,5.537116163847517,0.0,19.07468344433622,0.0,11.047908412710637,True,gKVCQDEsIBDxNx98
23.0545573227804,6.194019248382625,0.0,17.198734145548244,0.0,11.044682130762013,True,RI0lmXgWontGtuXH
23.113782775150725,5.460016458427228,0.0,18.279479728086233,0.0,11.041060906364958,True,oaiVyeVItbixF0J6
23.74879494704441,4.546980095328517,0.0,18.499383615375994,0.0,11.036291050251851,True,keqOQku3kZyf7gLF
22.403640367013857,2.24900129973772,0.0,25.0077649920479,0.0,11.034507183845772,True,aptc88H5YsQICiKF
21.06783330138143,6.46115066133958,0.0,20.606764206955045,0.0,11.026652286792581,True,ZUQupPMhjID9GGQq
20.98187216759154,5.9617705544060735,0.0,21.583677403389036,0.0,11.022555899387335,True,T7GOPCBYhgj2qW0L
22.805898547418032,3.7813596735362154,0.0,21.536414173437336,0.0,11.017571608625063,True,Mi2WTVI6qaXts0wY
21.549740275344515,5.0498890090696635,0.0,21.93067412422726,0.0,11.016995453504858,True,S3NkJ5R1Zo3n66O0
23.114356852051362,3.107279510347751,0.0,22.01371346084446,0.0,11.013183952329015,True,T85PtmjHWp5dZ2ZZ
21.796320775342476,3.577559858887642,0.0,23.822416169039965,0.0,11.006648622680649,True,WyB2fW66tMIjJUlq
23.925067490189345,5.077306071064283,0.0,17.05774415817855,0.0,11.005508388549657,True,YB3a4Ms8eDvak9YU
24.45967369610058,1.9500815754071614,0.0,21.185799263106496,0.0,11.003292392147939,True,3ZCkKrYCBp6JaIo9
22.732111105581268,3.0277708906660683,0.0,22.843373162649357,0.0,11.003082028738302,True,BSIVwpVQ86048HRM
20.783672774337635,6.93688073112646,0.0,20.21913152053274,0.0,11.002191743162816,True,L0rGKAmrdBOFMgEB
21.114545247758606,4.999409007023027,0.0,22.77659503692369,0.0,11.000705081621891,True,Rla5fQilC5uYY5Kw
23.89214594085891,2.0140162661712817,0.0,22.176069506521937,0.0,10.997558274778784,True,lTIZ0gVim1eimMj4
23.84332900798462,2.7407740774077407,0.0,21.045972376247605,0.0,10.995088078184462,True,PFgjIXBnNPg6CTqg
23.282484354170947,3.071424750595095,0.0,21.588686029836694,0.0,10.990904398375562,True,061vly0ox61zcjjM
21.440885008872865,4.327615904769214,0.0,23.156306341616364,0.0,10.987615430096618,True,ccPugT9HO1r1VqLI
21.740365857230792,4.171694318753142,0.0,22.800141648482068,0.0,10.985054584129832,True,VLSw3TNOBkNiYn0n
22.778127470006602,3.345530829366187,0.0,22.101211229569316,0.0,10.985002632778924,True,hFmP9k3P70RbSHAY
23.63240024669877,0.6734748240759665,0.0,10.505008571825222,21.504497507339313,10.984289816536338,True,uzxpvkZrPpEXDWU8
24.05339486132077,3.6804781639618307,0.0,18.951588925616946,0.0,10.978876338229231,True,Ij8EjOnuKcMXyd7Z
21.72516253110785,3.897947634746103,0.0,23.23039414872003,0.0,10.976594790326885,True,IriYg7VRBnc5QKda
21.27948251194766,4.944283106354953,0.0,22.36415170738291,0.0,10.974538286280472,True,JNm74xWqztzn0LIS
22.221682821978987,0.0,0.0,8.659378209944093,30.03208736994069,10.968620315079379,True,FeLiTY30QJJMiWc3
27.80102124409767,4.035867801138189,0.0,10.786034812179004,0.0,10.967178545340698,True,rWglsEilo32D6jcC
20.370944153687788,5.678088581328774,0.0,22.885566988964573,0.0,10.963640439783216,True,WbWUD9VaX1QumiRz
20.774202572489262,4.626622876524297,0.0,23.79806571894663,0.0,10.958626348719848,True,qiA3SF1GYZD399cT
23.45295956195473,4.350587931181355,0.0,18.87339792944967,0.0,10.95454454079921,True,I3fk5Kh0yowPdtXK
21.04929607615215,1.5013892401129822,0.0,28.399894235854045,0.0,10.950120268251997,True,nP0aFeBFwmYRSkhy
21.14924135515521,4.162426194310251,0.0,23.760421205519243,0.0,10.949442135952012,True,iUo1aWbtDRUIBIy0
21.84239830213473,4.81465757422984,0.0,21.220149836116747,0.0,10.93940635961539,True,Zer3bZ5I7YFGoqS6
21.245448033349412,4.4899650829854725,0.0,22.927260830083863,0.0,10.93521480526377,True,B8SjIneOUrOSPmTx
21.37990926994306,4.489575875119903,0.0,22.649255666787695,0.0,10.933755099781049,True,l2jg81lYexVsGQ64
24.49920291070351,2.970564573956297,0.0,18.923440319898084,0.0,10.930918064684839,True,XhZYGhcnbZ6VYAJo
22.040135099439947,5.4120904899701205,0.0,19.757096639532456,0.0,10.928627648254382,True,Oy1Km9n4pWkLLJBw
20.662318981783578,7.988234600968969,0.0,18.20718669570382,0.0,10.926832349132889,True,enrQLaLXBOe0MEMF
27.172913398850152,2.3649999556194636,0.0,14.553464807021205,0.0,10.926143729613091,True,T5PNDHJGtw2GOTUF
21.535777635129286,4.043378217830681,0.0,23.019277735516678,0.0,10.924469505323957,True,BCKdGWE6U6bPhHEk
22.54020601215452,5.5074124359814185,0.0,18.559266820136386,0.0,10.922804935662167,True,pSwSJAZ6VNdQ655e
20.31025023866801,4.035302863697238,0.0,10.736390541697174,22.04687961637551,10.91704733041684,True,fvj7AEm0PCheaCWa
20.829209417915656,5.242415390702128,0.0,22.372570274198715,0.0,10.915252214180036,True,bO9QgncZi5axXAKI
21.433493710830046,3.916474382791816,0.0,23.372375094949888,0.0,10.915022973189451,True,PnSZuAxgjBPLqq2I
21.14057535551772,4.9956331646541665,0.0,22.14199575508104,0.0,10.912380261081012,True,37E5BATnl2FQLSTd
23.423722355698587,3.671382371722249,0.0,19.774743433640634,0.0,10.911173814686233,True,9YRu9JdaVqmN3X33
21.54094533574741,5.096614734086733,0.0,21.147225536992842,0.0,10.908521114794832,True,9MzXubOrYCFowJ8y
20.93751063625949,5.685941043083901,0.0,21.368888178147362,0.0,10.908071678370925,True,3ZxOeKcOr5wUYyk0
21.74620597867823,8.176726071462914,0.0,15.564830032004151,0.0,10.902767816269819,True,JPb5ggmdHu4ingwz
22.874086781179088,3.3005246558622745,0.0,21.40328175026681,0.0,10.897849460859316,True,sCHwoLcDGNvBCDBA
22.422436016097745,5.172232248881162,0.0,19.184452542078777,0.0,10.89745674836143,True,EJdMU1iWEarxip2G
23.193932555044757,3.3543604337875452,0.0,20.671002002655207,0.0,10.897420175358594,True,3kHzHgflUnObnHGv
21.724304713458423,4.697380307136405,0.0,21.341840770555116,0.0,10.892912606404895,True,siuiSUEPG6ymaXMd
20.864971061316194,6.720791757716171,0.0,19.668725283059754,0.0,10.889998050282863,True,tXHgjWYslgfsbYJR
25.59494187995326,2.783034809057114,0.0,16.763578422316645,0.0,10.888778029597754,True,7ZHsmcYMGHSoNkRc
20.31447318262072,6.652650139050888,0.0,20.865550299194837,0.0,10.887337034428162,True,jiqx4LpoqZtfKzK6
23.186185671916654,3.319819668941141,0.0,20.667587282847023,0.0,10.885948711237335,True,vlohjckhLew1bXwF
22.516234869918,4.819013289598401,0.0,19.47160998394395,0.0,10.880365280966593,True,J7FZ3a98BRG7UiEF
22.362432759605007,2.4257224373131403,0.0,23.757497342079397,0.0,10.878785038521697,True,WuDkRr2vbcWaXbXQ
21.836049700095973,3.496054428545929,0.0,22.975497132643184,0.0,10.871153087061751,True,vpZXxoDuVhSpCU94
21.90490981063142,6.662372060076583,0.0,17.548080483890878,0.0,10.869278030792202,True,rezrHFNiQ3Sed34r
20.891013570839895,4.3549976251036995,0.0,23.41056331184607,0.0,10.867637974304802,True,l0NUsQW9lcByevQq
23.731947414297974,5.296439650359093,0.0,16.158291713382937,0.0,10.867437893886605,True,9JvRXcUlofW9i70R
20.02700588839379,7.163324480397651,0.0,20.454409962574104,0.0,10.867094381003666,True,tY96oPJrWQu6cR9S
21.78100416446002,4.959380996967224,0.0,20.57909040044761,0.0,10.861010058646952,True,E2PaFExaUJJ6X5tK
22.880179721940653,3.846279688933428,0.0,20.219788815017598,0.0,10.858592161068193,True,woV3tAY4vxqLsD2h
23.634433434668274,0.9303852605663306,0.0,11.10271171833475,18.646728475095863,10.853005950801863,True,vDIxSlm9ujMGdbYN
23.37139889282578,3.9215605177784596,0.0,19.069446000971272,0.0,10.85222669743804,True,YlBIWy3Rfjav87TL
23.498716721752594,2.651498201731756,0.0,20.90864928125069,0.0,10.84878695914632,True,ec6qdyV7RjLgfICk
24.27827355761995,3.1112869480942944,0.0,18.571869279970382,0.0,10.847084196305115,True,LmnlA1Dlq6ryKo2h
22.62540691881081,2.886975977666737,0.0,22.242494741538657,0.0,10.845740281290725,True,9yvlFSFx7ZHrZfUB
22.367084741746428,5.625103121204055,0.0,18.16488055369502,0.0,10.841133285879195,True,xUJyTNWrkDA1Es7H
21.816001283852955,3.598195919547579,0.0,22.624299004299985,0.0,10.837994215687779,True,cgHXQVtbKWtO5num
22.52621341256399,5.639770397703977,0.0,17.80020318320352,0.0,10.837837100675719,True,PAGFQarUDULAzQP2
21.32585009870824,2.1515280878106062,0.0,25.87153717304471,0.0,10.81636762752183,True,BIEQFgv3AZKl8jUa
25.092241637328755,5.565030774214447,0.0,12.559536637931036,0.0,10.802860680441894,True,vQVynWmEcBM6vPg2
22.291032243342315,2.9656958536785836,0.0,22.48695686413482,0.0,10.801777166042562,True,CT24XlGj00CbNc7I
23.427831441787596,2.4805461223615786,0.0,20.983419413472838,0.0,10.795998875147598,True,ihad1Xoim0zxRO8P
21.55838360989607,3.874824573680243,0.0,22.38692826256278,0.0,10.794260465773299,True,ntB4yKk71xqJfiWf
22.06129900431395,2.7928060722534984,0.0,23.114530387833,0.0,10.783770777532508,True,fnkzgge74EJdbXzH
21.333050478176677,4.95670872190208,0.0,20.951120023308825,0.0,10.781760327424847,True,wUNf4UaoHvltj2Ey
21.585640227038947,5.615638334540965,0.0,19.33812885553304,0.0,10.78032098007688,True,xHo3ICOLBnm5s7zD
22.00488034277797,3.4495075395090753,0.0,22.108310698418716,0.0,10.780087592473468,True,bo08s71qyTwe33k9
27.200461262426643,2.0188898634304606,0.0,14.086537885055817,0.0,10.77784152734398,True,muQbPOaFGInyLkjm
27.89218570336449,0.14296526784963418,0.0,15.796554912169725,0.0,10.772880264797212,True,qINa3LHvMjCgqoRA
21.097465652814222,3.3338497726105594,0.0,24.042568970631862,0.0,10.769087484591685,True,sV3vZhD9ejW9o3RU
22.49066324816169,5.241480797368993,0.0,18.07670882419691,0.0,10.769075497420292,True,ZlaiXPyVZHpJFJNc
20.46391806428306,6.0448817294157635,0.0,20.77592442874771,0.0,10.766784515951015,True,XxPL1BKkQWc5zzQ9
22.666438470997523,3.9275863862466447,0.0,19.87999397279146,0.0,10.763827233779637,True,3cAEKtKC5vYyE1U1
21.545664913646362,4.947405053744683,0.0,20.417774401823014,0.0,10.763216897803531,True,SXNZ5kUCcAxRUpCN
21.212635206157305,3.5728695488086304,0.0,23.353215713358864,0.0,10.75999030605318,True,SiBSBJihCh5N5xwm
20.818126045453003,6.351419299219872,0.0,19.50184136538233,0.0,10.758568843248218,True,SPpbhWrFeMVxLEKB
19.81736951143529,6.17099026527689,0.0,21.80253099016234,0.0,10.75833806827416,True,siYC73VEIyiB8ISQ
20.750339668487033,5.544452906991628,0.0,20.96962835241083,0.0,10.756659380155641,True,gAIy40YDaZHIuubz
22.80090710171081,4.492576199893273,0.0,18.62010828267477,0.0,10.756432422887777,True,WKFGgvxqjy28OcWQ
21.171038054962434,6.32990976619046,0.0,18.815842638848075,0.0,10.756165253863557,True,umLHe043IINRc1CV
21.461790378237122,3.3712427712145345,0.0,23.15083216108995,0.0,10.753972630438263,True,NGbPQJvgmnUgoPIW
22.414918854053237,4.524855869735749,0.0,19.290961085566895,0.0,10.749333786484943,True,Slh3EWcEut52Hwms
21.81482097020293,4.1168447752382935,0.0,21.16962838210064,0.0,10.749101742185548,True,XRSdH1cm8ft5LV5K
21.759378928757965,4.0307650763946015,0.0,21.41293139007287,0.0,10.74744465623697,True,wpLj5zcN4BF2r7V0
21.823717240674824,5.259885929818866,0.0,19.21844431787227,0.0,10.744853302338004,True,28i5Fm0YKNEqhvMj
22.786935379281523,3.7313621157911556,0.0,19.832590813021728,0.0,10.743809764685505,True,Mc4BVuMqbfo9R13K
20.10976676564514,6.454465716626997,0.0,20.639579445481203,0.0,10.742483375672473,True,XKlA6epXFRg4vbsR
24.094679131830297,2.797847017646795,0.0,18.751927624138997,0.0,10.740654637581637,True,G60ly3eQ50XebPmu
21.506857600419416,6.708726075073405,0.0,17.37644979564785,0.0,10.735706268241355,True,tFJglPMf1r20i5Im
21.103517658521977,3.7691407161549275,0.0,23.081859233354834,0.0,10.735619361598548,True,pG6SDBl3f6w5ETFZ
21.564579231401698,4.323523150028843,0.0,21.198218915915543,0.0,10.729987394315053,True,z6iIdvvdC0C7rTdz
26.789463014638415,1.077117804754616,0.16708549430572633,15.918653733054411,0.0,10.727333514399485,True,Hrp7PnLhs5fLTJhW
21.216168739941352,4.7985816474362295,0.0,21.08356869579152,0.0,10.72703133821019,True,sZDZiwrlBws4eBVZ
21.364214056954854,3.667652296614973,0.0,22.599133962971806,0.0,10.71604738568597,True,misDdQCoNichU6Un
22.05858599916531,5.858599901365578,0.0,17.55449992635145,0.0,10.715400764043704,True,j9o9HyZLE6rRiSgP
22.867705321243687,4.289993923417104,0.0,18.53461139224082,0.0,10.713001786063504,True,Yy1NKXy9jbHmOrFK
20.654110917308522,6.40738090077903,0.0,19.418957358750017,0.0,10.710922104199817,True,Jw1pjbJLuWokZ90y
20.590749707233755,4.820726570327592,0.0,22.167648337747558,0.0,10.707553805414157,True,JVJAVgXOKwRDSQB4
22.067293052675453,4.245610475051264,0.0,20.14962655191176,0.0,10.704034517352216,True,E2GxFys3BmMepJY9
23.127545105647563,3.948015784269125,0.0,18.524141998629112,0.0,10.703888777555917,True,Xm4tfcIvyUUV4iHI
25.9406600530713,1.659005363551795,0.0,16.704390475832987,0.0,10.702607928184285,True,IOxDWxCLb4oZUozO
20.780902247001784,6.441969695834352,0.0,19.037517655367232,0.0,10.700390746364208,True,o4tac263SYOVgGeT
21.912026847078643,4.20424693958235,0.0,20.49461475933345,0.0,10.6988620029192,True,fn5XUXecqvcjwXJQ
20.911426937841618,3.0507868888866456,0.0,24.398250800689823,0.0,10.695862423677621,True,sMnHngJrTM84Z3Qe
21.656518774982473,3.4801417296525257,0.0,22.110014596687186,0.0,10.683493254410951,True,pfQo1Rk0NIJ35DfY
21.07732688964382,5.901890817159561,0.0,19.21330904013486,0.0,10.680667127203264,True,yvdq90qlCeF7mNzl
20.73186261439178,5.390920305511321,0.0,20.68321707016824,0.0,10.669771421220599,True,9buXSXJAKvaEmlgU
22.788996752615986,3.172947652240902,0.0,20.250467885159082,0.0,10.667506121618883,True,UaG2IBt0aAVFxWA2
19.74621934584371,7.262657547210393,0.0,19.48788263884244,0.0,10.662712586382076,True,vjDpg8ThWDl0lzt6
20.986449659377858,2.987197918165403,0.0,24.095994087966975,0.0,10.657133490549754,True,UMRld2RXExpS7y4S
23.554641655017853,1.8358790279150041,0.0,20.858679271133035,0.0,10.654164144154063,True,1JIyRk0e5EwTaPId
21.563607247407333,3.7608312536593775,0.0,21.573890070839077,0.0,10.645373498262906,True,j6eS8tpWzt0nIOg8
20.993753575167194,4.893608507762622,0.0,20.787205447540543,0.0,10.639609016621895,True,hVrPXG7vv5lqvZ3F
24.076806603679774,3.4091291458099295,0.0,16.971130104463438,0.0,10.62099378322593,True,XvlEjHDVybUpjaG6
22.962277275732514,2.992772671089065,0.0,19.882247708670292,0.0,10.619213506792564,True,GWHz0OHVXA1ZvySQ
20.007726165893835,5.416124284642087,0.0,21.746184239012774,0.0,10.61827655678059,True,ZjCUgHoi2j7Rr5bk
23.924838789592656,3.5438650531807174,0.0,17.024888471472178,0.0,10.617151170893802,True,QZ4lZa4SjDxwHleq
21.826554413293863,5.041162777493897,0.0,18.708147774191804,0.0,10.614479184490405,True,xvJpYswwN9v41x7B
21.436972827564375,4.366258973497922,0.0,20.61132639407788,0.0,10.614355550755475,True,8S0r6JGJK7KjgcDw
21.101555939560964,4.944197217423756,0.0,20.31704238052299,0.0,10.614072443302677,True,75u6pKmwtm0vHRAr
22.59418643402188,2.7564573668335557,0.0,20.977235683021078,0.0,10.613955624368113,True,zOSiFidOvVnz7S2Y
24.490603712609524,4.580736456952601,0.0,14.13627490271619,0.0,10.612806463428436,True,tKR69yz8TmeLS1Op
21.653662070919985,4.54434985106391,0.0,19.860480858425053,0.0,10.61125821280573,True,INWVUFR8NU0fCC5X
23.34108271199656,4.700335622236745,0.0,16.18911266559049,0.0,10.605775618996727,True,0NxSR9SRzZtfiiam
23.295160495366606,1.29076341413774,0.0,21.837672281776417,0.0,10.58688984441088,True,7jhrUxHqSgr3QHZt
24.263527102385595,1.3795646097944814,0.0,19.74460603790858,0.0,10.585640188850586,True,H4rKYUX1mFJpdBnN
21.701932603075814,3.0796707736373716,0.0,21.991991782142932,0.0,10.579296241653527,True,ngetet4E8dP6SgWj
26.051102065583816,3.045600616948157,0.0,13.345792469652286,0.0,10.578599644360025,True,9npg5bIGzkpd0BUX
20.64696025874075,7.421557982935228,0.0,16.811925076656447,0.0,10.5712663348545,True,oQjNYvRMswl7o2fu
21.66126202989578,2.464852821597008,0.0,23.024528223974894,0.0,10.56827104796422,True,Sb3ZUbfukWVZOLff
21.59266937056762,1.962823345898869,0.0,23.937622777872093,0.0,10.559150064325816,True,yuOHmE0mTFMTlEsU
25.59484237410554,0.945128626163109,0.0,17.600704905917798,0.0,10.554840604660107,True,2znD0YmTvgWAc7O1
20.870001013236955,5.699627547644799,0.0,19.12558071059347,0.0,10.554744297471307,True,U8LVwQbftmErP3VG
21.001479550621738,4.1600159217832395,0.0,21.353532325750166,0.0,10.543477694494856,True,OVXBQ6bnKlbO8vgs
21.560290672119123,6.3537024565923925,0.0,16.55942548966513,0.0,10.540426639233605,True,bx2sjjhylyRuRZqL
24.422112520363232,2.1382601002109096,0.0,17.8557834400609,0.0,10.539566297170833,True,TM0lt6kgSM4xKDV1
20.47408734266386,4.324597296942025,0.0,22.102809817015,0.0,10.538796999586914,True,XEhKI7wvRtzdO9Pf
20.783300062970675,3.226097486364681,0.0,23.31276526281423,0.0,10.538429179904508,True,WSMdtuELSi1Egr1C
21.199150820429036,0.0,0.0,9.634883098691304,27.319258872361264,10.536903598168532,True,qISmAlIf3V8mshoY
21.79357320463958,3.2719491663370492,0.0,21.200283780833878,0.0,10.536101820101218,True,glh7OYQMbO2vVfJ4
24.575467380684398,0.0,5.544477569309317,13.684575817133368,0.0,10.534222100637187,True,5uGrWvBjEg5PmDdO
21.454952411561717,2.41856506354891,0.0,23.240018357044512,0.0,10.527129742912418,True,BjpHAKRYlklfN3yN
21.717577633833223,1.51412087817785,0.0,24.192543766818858,0.0,10.522685074717257,True,DoCgLHZTPOxW7RRh
21.5406584060807,1.587723710465574,0.0,24.41408934707904,0.0,10.52124185150246,True,mjt21n9iMJnLwriU
20.789501117415632,3.3175089113701217,0.0,22.990930599369083,0.0,10.514867152972583,True,l3cmgFmgcKP1yQFH
21.05577330041578,3.5309653488904287,0.0,22.09934560851992,0.0,10.514375168625328,True,gi3c1BbSkeiG3H6y
22.0040553615577,5.1396871876855315,0.0,17.517765305904696,0.0,10.513803201274397,True,9edWAijE0kWZ8pzY
20.737563037648503,6.041148404709964,0.0,18.543657202903347,0.0,10.513104592907544,True,e9D87KLAlm5wyNL6
21.198189571283617,3.238522765853107,0.0,22.27935614020341,0.0,10.510990983878873,True,FRIAx9BfMq4iv7wP
23.897881714852268,3.638497902666093,0.0,16.17014419623948,0.0,10.504510619558125,True,jyJM5oor5TGQ72BQ
21.476288455446603,4.523421326551322,0.0,19.462175019655398,0.0,10.493068121220121,True,nyXJ7Vqx9CC9zaUc
21.735099623898442,2.232413599462523,0.0,22.730262426949317,0.0,10.48817265107756,True,AnBi72G3gqOqRrDh
21.5477552674132,5.845525536915252,0.0,17.07168476888103,0.0,10.486460679784928,True,XjXPcxrzrDPZ6vt1
22.804368472441126,0.6132361390327326,0.0,10.920038017516978,18.538244651378786,10.486449744255946,True,pAtIveCHkSCRxVFE
20.805375292311375,3.498407561842879,0.0,22.443599566597015,0.0,10.482754413143685,True,kXuSBTYEizYlbVGr
22.41662602060218,4.072034584798752,0.0,18.248423984752968,0.0,10.480260050093287,True,t69q7vZgYrY7nBFW
20.35881363484517,3.7845749022219612,0.0,22.84151389710231,0.0,10.480014900574387,True,KFljH24u6I1SjRxJ
22.226425207392577,5.279509442123719,0.0,16.5996165996166,0.0,10.477747412691192,True,IMu6t28EGFyW31SL
20.276975366165196,4.236698636743542,0.0,22.209885020526833,0.0,10.47375002211447,True,WIcw0CgN3RVJ3oVP
21.690820280162164,3.1511337992486723,0.0,21.18365701906849,0.0,10.472578086721091,True,XYfcXwlDyNH8hSLH
26.19424420917054,2.586081970578414,0.0,13.090964260992424,0.0,10.468438394544629,True,rhTVeFdGjKjidLj0
21.64608846767382,3.8429027068892836,0.0,20.0877314860761,0.0,10.467711939935882,True,DCWI3Rk4cvG63OjM
21.85450751100406,3.930585749902897,0.0,19.509397754582302,0.0,10.465408353964287,True,RLhX5CDQL9Gi9FaH
20.638942383617106,6.490804137517648,0.0,17.666056166056165,0.0,10.464292174372968,True,5QSbZqH67HzLRold
20.544508688508543,3.0999107939339874,0.0,23.504862461794943,0.0,10.4640596743053,True,x9Sv9SXsQUxM4lcu
21.287103858868452,1.9998662855805711,0.0,23.839527416951714,0.0,10.462026841598435,True,Zg0QfulBfV4cVxo8
21.320922467669636,6.194929625537611,0.0,16.735065777977482,0.0,10.455269013381915,True,4nV8tOw4dkMuGzCW
21.60495808345914,3.498308947106504,0.0,20.6318407960199,0.0,10.450840781217353,True,WDbUz3HEvBWEdEfO
21.064914813275006,4.697788697788698,0.0,19.70819685639536,0.0,10.450151146888981,True,KWroX7LP6rrZgdYT
24.731387509166236,2.424381351584417,0.0,16.160013720361874,0.0,10.449513648700256,True,iq3B7MtOEAT8kLmz
21.395148730791124,3.3330058765971913,0.0,21.3127304342226,0.0,10.448705653520024,True,0lb8z2CJVJpgDgZY
20.826864648570908,2.683922573442013,0.0,23.501625082475993,0.0,10.444283800303175,True,N4n0AEU28HgpZBC2
25.746787358246458,0.7216101228879639,0.0,16.928184217408877,0.0,10.443666370807259,True,YYARFiOtpqQjTBYy
21.8967552075379,4.997179330616766,0.0,17.419166682868976,0.0,10.431196397345907,True,Juja4QeoXylzQdGY
20.9352756817749,6.6572483180795485,0.0,16.558732529606317,0.0,10.428704663493304,True,uWJVE3zJGDTFCNlx
21.065429854892077,5.64406227482528,0.0,17.959163324544104,0.0,10.42451902385556,True,DnNQujp3jIx9xwJb
20.925101130842187,3.468374895201488,0.0,21.86462909371031,0.0,10.424318427109574,True,9YeE14A7D64MKo7u
21.69173336367618,2.6519803463720635,0.0,21.68925203669254,0.0,10.423902901199751,True,tnojrMXUYhPmwFDK
21.464227097809754,1.804905153468363,0.0,23.51864604301303,0.0,10.41829132416197,True,jXIRLu3aNdTWwLhX
20.93399560333657,4.101442555088719,0.0,20.735202330177884,0.0,10.415839669299833,True,EiydESkX1Xa8grIN
21.38354427466154,2.547585181163056,0.0,22.4232319713333,0.0,10.415444373389219,True,MPzcsDZRRkjbuoM5
21.384443063863053,5.021179516495964,0.0,18.243399220891646,0.0,10.407137681416653,True,yeYA9q4TIhTXMPIT
22.299718437837917,4.754925144366992,0.0,16.823150796894154,0.0,10.402119436977246,True,XBolZ9SHDdJp62hD
23.570495055421837,1.8313953488372094,0.0,19.134843870276782,0.0,10.399223934377371,True,v5Blm9Pi2Z21CFPT
21.005059303926096,5.14785854895983,0.0,18.682987706115078,0.0,10.390930584335047,True,AnQSwh6VT76gbMAF
21.842718315779862,2.1932786775468034,0.0,21.900712533582528,0.0,10.386242044158038,True,zWnpQsPPRVkFkbm3
23.286474356915384,2.0422514354439736,0.0,19.2589994553287,0.0,10.385355084234913,True,eHKaNPkCwUnOVj6A
20.815841207137876,5.733377439029094,0.0,18.042917128678674,0.0,10.384534291200437,True,fNdKPYY3938VlsJE
20.444563382775733,2.7319761729304837,0.0,23.78232536869784,0.0,10.383711863370017,True,1S9BAdOg3Xr1UUr5
22.225446914451858,2.4335548943794354,0.0,20.683858590374015,0.0,10.378601586486518,True,cSHBo8ZEYXywLZV6
21.943892776384278,1.9342149968794002,0.0,22.05757754740422,0.0,10.375358214245766,True,LtNd5vIXaEDG5EKU
20.401295965360692,3.9767109776135663,0.0,21.73311494363619,0.0,10.374533775557028,True,TcMpwgeGChGepnuK
22.09542792687101,2.6690674340173492,0.0,20.461699104374787,0.0,10.36515010222186,True,7BshOS7Qx9FJcMWD
21.331604389849534,4.188598526746233,0.0,19.425572847872278,0.0,10.36046687582226,True,DmBEKU1M4df04aiP
22.24608713906918,2.27102527269491,0.0,20.78987126290031,0.0,10.360063149329527,True,qSiKl0PLh9QpiTco
21.797439167584386,3.876235621768,0.0,18.989012376862846,0.0,10.356642512246742,True,mzveuvMFnSVEhrDc
20.804215761335115,5.69868991909628,0.0,17.88985372409159,0.0,10.349415266788343,True,IVNDje4W6Uv4r8cy
21.069842375090865,4.6220051500223915,0.0,19.151013014893334,0.0,10.349105952266857,True,XHjtzIvq24L5kUFQ
21.08800457984452,5.3736546465047725,0.0,17.858199081640596,0.0,10.348544897825636,True,WbD9vSK9HINEPIAw
22.442948461529916,3.9989432163834215,0.0,17.426551116613496,0.0,10.346603010046854,True,7rzBetUtECB7fGPW
21.89280441142085,2.6492572266964536,0.0,20.773852073795798,0.0,10.346233441169737,True,8DWxKDSMxo2hKP0l
21.711835544707128,3.0172186919289556,0.0,20.517329552058392,0.0,10.345454769203137,True,KcVzW7uqdk4wNUN0
21.90311591142828,2.511624158954686,0.0,20.954755807161792,0.0,10.342054184241425,True,BfxO9sCQpfPv3y0y
20.464105225398235,4.825084120179971,0.0,19.88131185525716,0.0,10.327699375953037,True,k56cjHJ14A2A7hz6
19.63860193106568,5.496983406853282,0.0,20.38862936089852,0.0,10.324120835167802,True,upH1gx2fIkFj3RmW
21.502572190414757,4.510084245623235,0.0,18.251197881640888,0.0,10.315972400776369,True,hQteG5BVr6RHUkma
20.721037786150315,4.845323709421072,0.0,19.22166286478408,0.0,10.310891692917973,True,hiIXe5C6FvZgioLx
21.441868841487054,2.7723756989424793,0.0,21.22054518404761,0.0,10.308736354788877,True,yrKBNl9DCfh4OKPw
21.49435755882053,2.943969265576137,0.0,20.79683763813791,0.0,10.303825229760879,True,Z2eMYy9p0cqvTOmc
20.06029927499148,2.495258566190416,0.0,24.37583816018489,0.0,10.29828014807278,True,68XTQQxO8JgaswWF
22.840467490635604,2.5451024260697235,0.0,18.673383918013403,0.0,10.289423441410122,True,KV7WbJTGDxYrGaj3
21.499580787096676,3.4485653235653237,0.0,19.84305883220289,0.0,10.288474391850766,True,lfjerzft3TC3AHnQ
20.30129316600283,3.7147546243166873,0.0,21.771553130282626,0.0,10.284809575422415,True,D7Mhgjsq5lfeF2x6
21.388731967582178,3.4302685095242107,0.0,20.054024753816968,0.0,10.282290430728251,True,Zd27TtDPkKiCSEs5
20.476200379069837,3.0577745154122447,0.0,22.461702827087443,0.0,10.276559166637128,True,NBeJqqyP5kzDf8qR
21.273502197133602,4.176236167209887,0.0,18.998705078229293,0.0,10.275915462676945,True,bP7FUhvfg8zKS8Ry
22.492758108019284,4.671346095764701,0.0,15.710789003699453,0.0,10.272282306901879,True,x6eyEUxWZTJySszT
22.275252796200654,3.7493482577230948,0.0,17.585833298270714,0.0,10.257787898031577,True,Y3d8Lu1ROCbYLmqb
21.38632485853434,3.456127847777982,0.0,19.85181400102197,0.0,10.257701519658093,True,dgzOvMMwo7daS7RB
27.72375823280306,0.8282904332574655,0.0,11.55497096341887,0.0,10.257445722668114,True,Edih44tQyeVyN1VW
23.714575148945855,0.0,5.797304510274887,13.221221823146056,0.0,10.257016720210641,True,dvKdrhhDQ1KO2REC
20.56715278214682,5.972093379221487,0.0,17.26270358306189,0.0,10.2525747169087,True,JyvxZH143hyDwWNl
22.579511575432832,1.2622092568068684,0.0,21.07505430163377,0.0,10.250663932076632,True,h4sjsrlBXaEYWHeL
20.143656772367294,3.516904156430769,0.0,22.10421198709774,0.0,10.237954868882541,True,PozUoS1fWwKlV8jX
20.094236031388125,5.709561466570812,0.0,18.48269036715051,0.0,10.228064731131717,True,qXaumRPVuACdVEGM
21.283023487103858,1.9710667307950427,0.0,22.334858411392062,0.0,10.227902490538726,True,E8AKQyIb5POysx2T
24.80121585677164,2.212816905638733,0.10173146961281003,14.70034430387799,0.0,10.218966922945437,True,1LkKJ4P9ajTHr8Pq
22.35337502045419,0.060915139977115056,0.0,10.731231639895002,18.8703544234833,10.217961479463115,True,RgWKQPGfBVlx8sMM
22.877460705624056,4.6119804637238255,0.0,14.659148719687977,0.0,10.215105635571371,True,V7pi6arZR8rfpXIs
20.75473273711481,3.29752889993405,0.0,21.09475930482928,0.0,10.215015941842347,True,MPaJUrR1VHNzu4oP
23.6012816467829,1.553520559319781,0.0,18.293291888097865,0.0,10.212758417079495,True,kWhC844wHGV7oKCG
21.825250877247772,2.2914338630863673,0.0,20.573927862628352,0.0,10.206522908340176,True,G8Lbj4koER0KdcT0
23.52980578941047,1.0714583774692013,0.0,19.19559978579079,0.0,10.20614629905906,True,s2tr2CsJMaXrFBbC
20.74254137506872,2.99267593342891,0.0,21.555987922088967,0.0,10.204329584191187,True,sU7KenthbnHZKFuj
20.31250063664487,3.478625385263802,0.0,21.603778358775404,0.0,10.203973291125722,True,2AopDNk5l6orgapQ
21.905497175601376,4.219789149407841,0.0,17.176044291573934,0.0,10.203003083768463,True,n12ujfTp9wzGdRtq
22.198647538796724,3.0169504060636694,0.0,18.59173697307007,0.0,10.202592409115445,True,oXHyC6Ct3LBtKNdN
21.153839144808543,2.2769938581797877,0.0,21.9109050868655,0.0,10.202035971017335,True,6TGbOgWMsqjwJQ2V
21.52783838090054,2.5290304672958235,0.0,20.722824974411466,0.0,10.199032877255837,True,3qORES0hxGUKb2qk
21.630632481886064,2.602485642142319,0.0,20.343910989680204,0.0,10.19139780355343,True,zOHi7v3aKQuijMsy
21.627248749241918,3.871875231059553,0.0,18.170862448549823,0.0,10.181772799819935,True,KYgjhPQJFbz60k84
19.971560324339155,2.9782905151023615,0.0,22.929804430253444,0.0,10.175511390615354,True,2AqjwN98FQ7iav2v
20.44931556666716,4.95312577339999,0.0,18.615210464531277,0.0,10.165357683029837,True,tsVliOumuhe5DHRJ
21.198431031689665,3.6009492877592884,0.0,19.32852978609845,0.0,10.15904609936149,True,q6zjgF4yqQm7sM3m
22.185976576708132,0.13486925074704534,0.0,11.593645031399301,17.168619087998927,10.145418949208988,True,8cCh6gN3sFudQ8Xw
23.59854472182174,2.0683225484003196,0.0,16.979098172833602,0.0,10.143508779571642,True,d0KvUoiQUzFaZJq3
21.248682416604858,3.7454114775522758,0.0,18.87491424651269,0.0,10.14219473134643,True,5mRM4WLOyqEFXhIm
21.389259248372845,5.761640074712514,0.0,15.217947099299288,0.0,10.139879858084875,True,xD0EIkxQ5xUJIjuV
20.710433380395713,3.6078482809703107,0.0,20.15877598152425,0.0,10.13890848158993,True,TWcUdm9Ie0q3ymqi
21.403162373491387,4.322795151319846,0.0,17.506686577809475,0.0,10.127650486548799,True,xXrBXDDjcweCgbDn
20.787132654053742,1.9188061356198147,0.0,22.70893585465332,0.0,10.122181708319074,True,BAd9u3XLGAYWCICr
19.15856228363129,6.580888947679074,0.0,18.17933146843242,0.0,10.11969064227402,True,FOtNoBz2R7ouETXU
21.484211334834477,1.590647869291316,0.0,21.834781152032928,0.0,10.118142540578111,True,ySXS1iixqMj7coAY
20.617135740110413,2.7009873647783085,0.0,21.703230610608315,0.0,10.115872154818948,True,UP0tYruDR5PQq3Zt
21.655813167614617,0.05829559252927459,0.0,10.182870267820325,20.746270394309153,10.113375428020667,True,Mytb5Udd0ULjuARG
22.874129694935625,2.073855638780748,0.0,18.190854870775347,0.0,10.109331048792177,True,IVzplfIgiUjOFB5r
21.187387692470352,2.8351133775938933,0.0,20.285406081135577,0.0,10.107805564309915,True,ScMutGShr2TKEO1n
21.867995588948506,3.0773019661908547,0.0,18.49306378645477,0.0,10.10368373620048,True,qugjl5q3tqeXGLNE
20.60633290077501,2.3593197033949576,0.0,22.18321874204227,0.0,10.099212607387583,True,m07cCHgh74eCgKTW
20.764071594954423,3.7021603723045935,0.0,19.578700112059305,0.0,10.091566588371371,True,nywm3Q28QpFF8rBd
21.54318333339928,2.7830732987703186,0.0,19.546171138294458,0.0,10.090648995456533,True,iEnCexRHzLJHXz3q
20.545004714816578,4.257132965771374,0.0,19.033771466948096,0.0,10.08285037593003,True,L27rgpkg9a5WKCid
20.490150368591795,0.18551832173905022,0.0,10.549843241308006,22.988936762459772,10.07479485345448,True,9nePCK8XoeYQnPt0
20.26239511404849,2.035064503538227,0.0,23.24336477927247,0.0,10.073989376989974,True,fc6OFtNhQyhYKskp
21.100741133742282,3.0828070557491287,0.0,19.793601003764117,0.0,10.069964254624583,True,HvLmggaMTeLY1m5K
21.567493561068048,2.2379149045342404,0.0,20.218434552374646,0.0,10.06249197731017,True,xLZXpQJXY7LBCzRp
23.610294029627255,3.959356218916852,0.0,13.229398527505321,0.0,10.057337042743187,True,7U6gZs4HH3ZhwQW1
21.513030908952846,2.8771895618187036,0.0,19.201936332377315,0.0,10.053497112997126,True,CjV4y2NWybIWrn4R
20.61309473946474,5.571214655574101,0.0,16.511561460437967,0.0,10.05346630479864,True,7K7gvzkqfRR6ulIW
20.489621540922457,2.351446028303474,0.0,22.111568607996826,0.0,10.05148326055213,True,TgNODagxcUgKBFM2
23.17536974497429,1.912503629638046,0.0,17.463108394819344,0.0,10.0502030901247,True,v1v7RE6EZcPiEjOD
22.615238303059982,2.032041472501469,0.0,18.37938553377062,0.0,10.049489689108954,True,oSVd73Xl2FUzt0Q6
23.734798083831667,0.48585365853658535,0.0,18.706003700474255,0.0,10.047803394854784,True,TtFzl8vV3RmMxcXg
20.61727520764061,2.423371441604165,0.0,21.707379080951675,0.0,10.047132284835975,True,xbqy3aEbQcfs2P6r
20.54612210120589,3.3652421920372997,0.0,20.27852569855801,0.0,10.046926033154794,True,AMQB9QlyeAJq0wvk
19.62182192258267,5.3964803964803965,0.0,18.713243134374334,0.0,10.04265314605105,True,yZEitA39BmLcpkZ3
21.55425884153799,2.7223502401391033,0.0,19.299907440582828,0.0,10.041851328583597,True,qLAsM04P89Hwzbhl
20.046812511280066,3.1666223435276555,0.0,21.537194044159502,0.0,10.03627844588986,True,PLCIN5unDEde9krK
19.230082559745078,5.355770175529855,0.0,19.509514972892333,0.0,10.034394557739837,True,6XBathpqHldH83Zq
20.454346171706568,2.3675639134709927,0.0,22.015613077419736,0.0,10.030536791492679,True,hSOmrgF67O0ddvs9
25.953574856622335,0.5955361845221205,0.0,13.916281155589123,0.0,10.022398676455598,True,kWkdfO4v2jN97SFN
19.352968554924683,5.130082402687012,0.0,19.493151861233954,0.0,10.01238394633425,True,DNm9Sli1fLeWqpNT
21.223992336922592,2.3697092381718763,0.0,20.32839975745549,0.0,10.00888497423807,True,tBL3M2yCnog2fATC
21.778295156914776,4.852108250589238,0.0,15.013123169281632,0.0,9.998484085113986,True,xpxRRrf1zYbfKMfN
20.634589651407637,4.152797349278288,0.0,18.418270770843648,0.0,9.99131684836841,True,XStGH8IjmVWF0Oju
20.515041403579264,4.607756738623415,0.0,17.89896613754522,0.0,9.991296526361415,True,kN4Ixhsr1JzKJocx
20.747009756056055,5.931396064129345,0.0,15.193827520591137,0.0,9.986026070937823,True,dVBC8xZ3r8KoNmt9
21.274214891832457,3.212667149159085,0.0,18.654363210083673,0.0,9.983585736352058,True,jVMxaEAPES1eOAl9
20.353890561145235,3.5975999350448373,0.0,19.78767807645201,0.0,9.97371886357258,True,Qym0HswizLA6Lsrp
20.460570994548966,1.983270599365301,0.0,22.26461100810241,0.0,9.973680599421376,True,YCLZJobTtWvDAjC3
22.328403814364346,2.4040038679984335,0.0,17.807105838009164,0.0,9.970587987010287,True,FsT9ydZvj0Tn2U7Z
20.04908481801537,5.414806685043318,0.0,17.292705735660846,0.0,9.962332977014567,True,8rgKAkpPXok5BbVP
20.025336355243358,3.303091178999008,0.0,20.849293628238396,0.0,9.960767745558519,True,Z4R7IsiBH3x1hF9L
20.787602905434127,2.9222453111092537,0.0,19.946818750601597,0.0,9.95886501199779,True,l1FKZyakrkxCdpWn
21.67616460925276,1.9478919868827766,0.0,19.78667379026103,0.0,9.957823448035676,True,bhgU4jvOaePGz1Oc
20.648332760856988,1.6963708075532973,0.0,22.194000081410024,0.0,9.947692542356924,True,WWPel8XOFDWKWLCR
22.343883076183964,1.9186492556120185,0.0,18.39896470785481,0.0,9.942671942936414,True,2DvJXNMETQxTChgW
21.265280742734877,2.0742459154353172,0.0,20.29473803156428,0.0,9.942356406413934,True,YiHQMLogzaI2Duj0
19.976850557688106,3.879957258967173,0.0,19.844580167833556,0.0,9.939731507223259,True,LlyOzwnUyTh9VNEP
20.91717910460649,4.312395087905292,0.0,17.236847236847236,0.0,9.938779588885355,True,i6NZonvNHVrCZtkk
22.217878234569117,0.7919683212671492,0.0,20.464893967695858,0.0,9.9330896458419,True,BKxNrRzWnAJYJElx
20.39989362869114,3.0833090959673237,0.0,20.239766221945438,0.0,9.926760295890988,True,XwfESp9Qk3ILwfrw
20.14911305997683,2.803866463144514,0.0,21.205031208624927,0.0,9.926455215072917,True,WdinJ0Uv7WQ64dpF
21.5301028787744,3.3012882492149873,0.0,17.603923459547254,0.0,9.924941444868155,True,EjlbJPOEf3k8WhHL
21.06785330294206,2.8771157254513393,0.0,19.222104110806136,0.0,9.922950538866372,True,i5MI0a58XRPBHAx3
21.255611509003803,3.2138618123397023,0.0,18.284278933593576,0.0,9.922790745825102,True,8rdcR8BqtPxsPDvV
23.67231572360697,1.40170097374584,0.0,16.42546963146773,0.0,9.915940405238711,True,SGCXZg4aa9O0AAIM
20.197871282592445,2.4659332209158897,0.0,21.53978617308993,0.0,9.906812615970194,True,qlri5n1JPoLCkHpp
20.47231483570482,1.5423597880769755,0.0,22.52929149956751,0.0,9.906678122665816,True,Lc67u18NryL7TMHW
20.192020875493014,3.398970319655941,0.0,19.994957187551456,0.0,9.906592420694608,True,A9JDzttIQWBFztKC
21.090910299602683,4.259385610601769,0.0,16.747128238428985,0.0,9.904188728295594,True,kPAzLmp1weo98ri5
22.550603945895215,0.7017957972483977,0.0,19.716290296187204,0.0,9.898073677508744,True,t8xXJs3PpH5ruSIG
20.68704841643062,4.108045906071303,0.0,17.761463586255424,0.0,9.897345539385325,True,xAaKVrYdZ5yDgsQ0
22.53002373887512,1.6433450893140735,0.0,18.147076249943026,0.0,9.891904831482508,True,3sJrMg5dku8WylwZ
20.493085078915087,3.1825201174321993,0.0,19.619140445408906,0.0,9.886426619843911,True,BRVeiQGOK4HLNUoa
21.0149342924485,3.0399135777698296,0.0,18.754107048224697,0.0,9.877574739410711,True,9VDKtidUEWjRRiRo
25.81516243250399,0.0,0.04501890794133537,14.150305566261082,0.0,9.876098346278626,True,Ev7vcuBkqs10IfIV
20.099525937251876,2.338432965516526,0.0,21.743366933147957,0.0,9.875971062526887,True,BYjohYs0QvMBJQSG
20.5822258347957,1.178034818587814,0.0,22.691081916107663,0.0,9.872838742501813,True,mM0ygbeDwNRbQ2cW
22.70289566427041,1.987427935013541,0.0,17.099057783707163,0.0,9.872584350590582,True,Xb7GCeGlDrSKyZ7I
21.443756452227994,3.488040459312689,0.0,17.06153353096707,0.0,9.86436708014163,True,IVK2rYz13o38mI95
21.05477030434073,2.2385001155018367,0.0,19.860720627404557,0.0,9.855164214288362,True,onqijI8wSzkX8XHo
20.585787735393488,2.381723362809677,0.0,20.555783905498863,0.0,9.854534747145294,True,j3NPdohPclRG3CLu
19.640249253761002,3.250462415750106,0.0,20.995990110950316,0.0,9.854088896708374,True,7S9DADWQidhMXVRf
20.04947120514492,3.4817656019954204,0.0,19.753805341227093,0.0,9.848353563226395,True,PyFjlhbZ0qu37TXr
20.116939307503593,2.2867013198584227,0.0,21.564928756476682,0.0,9.841496435687187,True,n1l3vnF8UyUuDzMW
20.174376513155607,2.6488229542719615,0.0,20.84490547097206,0.0,9.84125451316048,True,Ecq99AlkzRH1gDZf
21.143232880761634,1.9486670796292267,0.0,20.01359112630979,0.0,9.832175303082266,True,WYhUkxAQvj6pYEnq
20.171632938264608,2.007698665722045,0.0,21.853989441724337,0.0,9.831512964168544,True,2U9XCV3ZnyZHoIxQ
20.336859191575556,2.9792830268756574,0.0,19.78897509924215,0.0,9.814224779077904,True,6mUlAcXaOxTvZNxv
20.737020436054614,2.426216600629889,0.0,19.888987173816894,0.0,9.81100835704639,True,CWX4uIjzHiUPNxdI
19.81819492514312,2.3498715158740207,0.0,21.836331979106212,0.0,9.808376153377374,True,vLcpd7GhKBUU21Nv
21.044144323817797,4.60416157503308,0.0,15.614641829886317,0.0,9.806479965386556,True,qqn4uC3PxrT8EHLn
20.629109331925235,3.3455942181662857,0.0,18.53758311879077,0.0,9.805768821937757,True,fKKE01yCwLVTHmQm
19.91388542528312,1.6583857791817527,0.0,22.77377359902237,0.0,9.804828112233729,True,nk50DlEWyBLJZPoq
24.34366099492474,1.173778971451308,0.0,14.704469742793432,0.0,9.802213502759264,True,MMstRgEevrOu3rqP
19.249322261413937,3.8801887893797633,0.0,20.370413648048608,0.0,9.800405922976413,True,RNBSl5DBIAflFps0
20.782804594670367,4.288692917692098,0.0,16.620450606585788,0.0,9.800082198812003,True,Z8LokcFZ1YWTcK94
21.086877439950285,2.833804875865807,0.0,18.41391757745914,0.0,9.796602087570408,True,Vs0ckUinRP7TW9sQ
20.666454209311894,1.3273699903534157,0.0,21.76274664118275,0.0,9.796190756559334,True,JJQXnsecoqfrfmWe
19.443669993601546,3.5908091650015024,0.0,20.43329795974257,0.0,9.795797983292225,True,ZVVPaZ7nTQKMwiXS
19.94384079588553,2.6324013344997255,0.0,20.943294380575388,0.0,9.782746729476898,True,xwYwMSZX7nx3vGGe
20.188472525085977,2.0653519017232416,0.0,21.397527033598074,0.0,9.782508787996315,True,A0iS8DqvzBMJoRNO
20.55732914854914,2.942775874687859,0.0,19.132290531861273,0.0,9.772736293015898,True,bQr93mpSCZaPc3K1
21.76544918604218,0.6682452761971855,0.0,20.49874293572856,0.0,9.771507515221234,True,eq8InFTV0w562oCT
21.53663366478807,3.8467444570561344,0.0,15.652289863505224,0.0,9.770519693226237,True,PjXTk9GHUMPH7XvC
20.204376445272903,1.7989304882966828,0.0,21.717793827971107,0.0,9.768714629851708,True,7d6Y22onHRFVI4HR
20.841542091026255,3.339514663350788,0.0,17.783175685820304,0.0,9.75481764601862,True,itLBG9PWwtL4IXjj
18.776151777993736,6.037809113838738,0.0,17.382647734391313,0.0,9.749694972016503,True,ModMWfT9r71Od6gR
19.388132862257642,0.8426966292134831,0.0,24.81054812768267,0.0,9.748696235133064,True,PO7QQLWIFOT65BTz
20.172953197790786,1.5445184736523319,0.0,22.055604389372505,0.0,9.746356236156194,True,4FDahhRvtRNg19DR
20.705683377641922,1.8254518386459997,0.0,20.51825396825397,0.0,9.745806068192172,True,UYExopv1vlBSkdiM
20.030734095147345,3.9820707153360813,0.0,18.27327447833066,0.0,9.745729079127823,True,s6HN2J1KWvNzw7sA
21.251849600233637,3.199053131146429,0.0,17.108112535930776,0.0,9.741535043246314,True,p5UEZL8qTXZej4G3
21.84560764014643,3.858076453589515,0.0,14.808464980367088,0.0,9.739471152496371,True,raBSw7wWCJSkbVgO
19.67533454697713,2.5298414723636804,0.0,21.35583388578464,0.0,9.738435815051755,True,TNj9e2WZsERqMUIr
22.96184285406644,2.9320328674948244,0.18978605935127674,13.836367204749521,0.0,9.734973365676321,True,ju2U8QRISooEBXX5
20.667275839314012,2.9091515270093202,0.0,18.634587037119758,0.0,9.722658689114498,True,LDUIMQ5Q2O1e0itH
20.12760183856783,2.71192093136066,0.0,19.992049395246553,0.0,9.715068193697496,True,LLuAmVR5uoXhuogp
20.21810438070179,2.0480645635223,0.0,20.90304182509506,0.0,9.71290372885537,True,qREY4lfqBfDlFvId
20.34540527469353,3.4322179817165175,0.0,18.328476432622725,0.0,9.710947542730597,True,6vKa40bVYNQ6391U
21.65073279843079,2.7005421505879803,0.0,16.905127462340673,0.0,9.706124496527334,True,6ZzbooUinUbLGkhx
19.573289275000292,2.587160175899466,0.0,21.240111716153596,0.0,9.704793583897994,True,KN3EQ5qMZZRdWnOX
21.21550435719245,1.1489743597239235,0.0,20.335041782729807,0.0,9.702151164498186,True,wDSNp60517U0HKDc
20.594804441286023,0.6275201998239797,0.0,22.417970969068932,0.0,9.698017027702141,True,ZANKTAgUUXmhv1kT
21.268501535559377,1.8628401253037774,0.0,18.996436562525897,0.0,9.69572597637264,True,3IVyZNKLBLHGXj44
20.26024411902445,3.3158103470603475,0.0,18.57943638178607,0.0,9.693941279740333,True,qtpAdj0oWts2Y75i
20.164762352368285,2.896297529219037,0.0,19.440588190301362,0.0,9.689591316560449,True,PDj1S5WmTa5YGZgF
18.853269320006028,2.556742795657169,0.0,22.540314808866047,0.0,9.676213716246007,True,jNsuAPuhgHQec18i
21.947106628532786,1.1555145197076166,0.0,18.63437672235209,0.0,9.668167126839553,True,tJXT2CnNAgaRiL3R
21.993553216000496,3.950117382897056,0.0,13.857234036380516,0.0,9.66418041598149,True,AJxszlffy8CaOdAk
20.630997357844187,1.7243227625240327,0.0,20.263163105681077,0.0,9.659854363836425,True,LbW5OvygBwwAwdQp
20.42707317657046,2.6237504094818886,0.0,19.154919272230625,0.0,9.657297446176203,True,gYA8FtpnJdbw4qwR
19.211097510088674,2.5683648861619943,0.0,21.678442134765852,0.0,9.657186794781978,True,x2ebSR0ZWMT3F96j
20.46517606453486,3.09058471294051,0.0,18.294447574655536,0.0,9.656366133793915,True,xvG0aNMWz6ePoiFm
20.412270079208252,2.614128223245331,0.0,19.18807810894142,0.0,9.655424795915021,True,jwGxmr58AXuI0fwn
20.177565577888902,4.590794052515027,0.0,16.33999415351207,0.0,9.651967309522238,True,XYRMCyIhVR5yX6a1
20.0447963449181,3.9211827586129475,0.0,17.654195541284775,0.0,9.641863924321383,True,ds2yzgNWAo3MYQNa
20.166694695726484,3.485927136160965,0.0,18.132861811182238,0.0,9.641419464435522,True,6jAabGcizwJKTnQq
21.159899790757855,1.6233738494954375,0.0,19.237028009118198,0.0,9.639367600968946,True,pLFKlwwY4hgyspz9
20.54776534292075,2.7658345031221256,0.0,18.551717460240614,0.0,9.638545847692848,True,ZyrsKODZ6sEaTdai
20.75099321433995,0.04974624631088534,0.0,11.286081282657431,17.072052475369638,9.637851965815283,True,BnzAM1HpE1wxOPxP
18.80896507726118,3.3799502034269926,0.0,20.915767780408665,0.0,9.625042241096402,True,25QaQd6DRUoZxXOB
21.587814309719608,0.8007578260570244,0.0,19.59950787401575,0.0,9.6164599305325,True,vB6dpofLaoAVW4ZY
19.952640098329034,2.777515239294603,0.0,19.54516235853283,0.0,9.611945193102287,True,JRHlvie8k6QHTIyB
22.035856875003287,3.357517836917328,0.0,14.39014465997012,0.0,9.608658220725836,True,Jrm3V9E0DcaSAlZF
19.12331888607119,3.596668349318526,0.0,19.782242005388312,0.0,9.603499053959235,True,VtAbbsulTf3i7HMM
21.606032984541216,3.1226413329559466,0.0,15.600243479045021,0.0,9.602506750458105,True,30PyrOPCxahhfhFP
20.66617995661787,1.6011276877161849,0.0,20.012669774984797,0.0,9.602036375162127,True,COF7FrxK3lxs4Thi
20.772055798597208,1.003309315435064,0.0,20.79691446140332,0.0,9.601981237648426,True,9LOWWZHYaqkxw9t5
21.190361949371276,2.905187899807194,0.0,16.78597470965906,0.0,9.601301766212039,True,iGkrEhHmbfIhCSLX
19.25719325249408,2.5510712205653565,0.0,21.19444568768742,0.0,9.594092634042676,True,6RfxfZH75ZWfDIGj
19.92352514917316,2.0813343481634003,0.0,20.620905852157367,0.0,9.590527009616402,True,2YImftXDjEBbhk5j
19.810900016658408,4.0489779446887715,0.0,17.552245976459282,0.0,9.588351387638607,True,GDHnebmgqZZwW6yr
21.16245099272315,1.548068778428759,0.0,18.967848081192514,0.0,9.580929704603012,True,2kbJzvBREwWzzeHU
20.55295929548933,2.9819476349116623,0.0,17.792352249832103,0.0,9.58022753484953,True,TnwF5fMlgsKzEKf0
20.71554535530366,1.264398908787194,0.0,20.317881799559974,0.0,9.578445603721892,True,4hlCUmUgFT3sRU3Q
24.247781737925592,0.2036036879677765,0.0,15.002985074626867,0.0,9.575683204563653,True,SXsuy7Issi0yomn0
20.25751718722944,2.5463690310533353,0.0,19.069304807738124,0.0,9.574243135092884,True,114nzU7XAM7nmiFB
21.55420843746517,1.525460930640913,0.0,18.149668874172185,0.0,9.570078095025607,True,3bkcIaQT7gK912kM
19.852148980599058,1.9733219610476629,0.0,20.777199060618038,0.0,9.565555043534339,True,ssS7mS2JzgiuWYL3
20.908629079778354,0.004354839012624718,0.0,10.473714630455351,17.155392483177845,9.560273876572749,True,kA6SRqHGeavSbpLf
20.30824790124079,1.763423513466411,0.0,20.157870233207767,0.0,9.557010783720004,True,GmFC4yErKMBfWBZx
19.997292917554116,2.239297290942376,0.0,19.942748479733165,0.0,9.550424469961802,True,UVGvkqDt3t0iamuM
18.992569138336517,2.8035392623475395,0.0,21.006711409395976,0.0,9.549662268497237,True,MZC9yfhWyyiXUIzB
19.944723143142276,1.6177425127947602,0.0,21.074173669467786,0.0,9.548978621561542,True,gXd9E6aDhBprJx3Y
18.283819536394393,5.966549614669093,0.0,17.12022730296292,0.0,9.54481736003003,True,ygBzqLDabRIssYVv
20.80858938047323,1.1741181183296248,0.0,20.050862834420723,0.0,9.543735768887483,True,2ccrKI22oT2ke0Pf
20.497287995662642,1.4181502655623908,0.0,20.175432907451846,0.0,9.530038901207167,True,wttU1SjgxFQSIYoD
21.072665213476505,1.8286893895679002,0.0,18.3315426970819,0.0,9.52870331599721,True,MWTOykz0JnGqJGCA
18.68508825506651,2.216383058213816,0.0,22.422824138617806,0.0,9.523045861866077,True,Di5Y120oFRllvWLn
21.51040496398794,1.3721905140290125,0.0,18.146664984969835,0.0,9.51816886544911,True,mDcut1Oit1ufRONd
19.76360927547549,3.3386648860563097,0.0,18.36124020411883,0.0,9.517935034774547,True,GWq728X2oFCfrZbm
24.187076210588746,1.0058680790388106,0.0,13.378301637612255,0.0,9.514335128578164,True,kPUj3nUprvchvrhE
20.34975171936104,3.8206804657086275,0.0,16.31693827160494,0.0,9.50763637297621,True,ng2CmSayzl1LnQ9P
21.51987025040754,2.359237633052635,0.0,16.38692709482822,0.0,9.503809547609654,True,kl035GcZevBhNohJ
19.18929226968023,2.0002768549280177,0.0,21.59932924592569,0.0,9.496756281524927,True,wmYBFpx4RYwTHMAc
19.91940939743017,1.6361886622385369,0.0,20.686216046990072,0.0,9.487802391837196,True,8K3R5VHfGgPa9cZR
20.97986294362936,1.4934995598593799,0.0,18.784091648766516,0.0,9.48494752036863,True,OwAlLzxDwXsj0RW4
19.897058712281726,1.9655797101449277,0.0,20.099980819027525,0.0,9.475509664074877,True,OqCVfww1OZVpr2C6
20.209508751149407,4.7256781922206,0.0,14.872515833151343,0.0,9.475149548372674,True,At9rSOKh69umYjUh
19.546144137622683,2.7991687997731662,0.0,19.410093699741278,0.0,9.475149496191289,True,k9icK383XZqcQd80
23.121099943750348,0.5451197053406998,0.0,16.00279018605712,0.0,9.473028437368846,True,GmLW0M416cgx4aXQ
21.27191337321169,2.3558470251431416,0.0,16.639669973003308,0.0,9.466486264199787,True,xMO15SbHjAITbaMd
21.462517795249937,1.6881337453847365,0.0,17.354125149461936,0.0,9.463907547340455,True,MUeLmHEmnDcmtUlZ
21.252132441925873,4.5534562575984605,0.0,12.946764157091714,0.0,9.456018420541135,True,xoUzi8B28rEujQ2G
20.70134194685373,0.6000060611455944,0.0,20.606354302329102,0.0,9.451357244691884,True,A5DaidVD9OeXwmDJ
25.75049794042526,0.46650526647801327,0.0,10.707499669416444,0.0,9.447900649159548,True,NN3iWefN1lrCq9nP
20.777993310409308,1.0702525974769095,0.0,19.626434978985007,0.0,9.44492638933977,True,THZWM5WJ8LJFTJ52
19.516589080975212,2.1233733819589062,0.0,20.31544693850445,0.0,9.433137110557958,True,zgadFFFmPkeFwdoA
20.307300492927922,1.779999509160296,0.0,19.29493609448309,0.0,9.431430439340915,True,eljuMcZ9LYSvyzWI
19.77344649800469,1.5341734749895048,0.0,20.75034633418585,0.0,9.42812926827666,True,GkGgCLrFEKwa26Zc
19.73548897721664,2.468735313681724,0.0,19.24618720504364,0.0,9.424758602341969,True,8vVrwu3hnNXh5K9A
20.1340828290868,1.811798074063908,0.0,19.490123456790123,0.0,9.416692885760536,True,TJPsDVZFBG8z7mql
19.512893061833676,3.6775644943386516,0.0,17.603354955562107,0.0,9.413762285469081,True,JFMZ8R4DHGG3KCwR
19.313544083580787,2.3294262912758867,0.0,20.236155580395202,0.0,9.411843134952488,True,tn2bZWzv4IXFss4S
19.743586990069527,3.0660996246017564,0.0,18.130110343732635,0.0,9.409117554731193,True,zMKau0vJu9w6FYxL
20.453879101254103,1.196261326429605,0.0,19.809169546364977,0.0,9.406604493938378,True,8s1oFRDjMsjVQ2Z0
20.109242983848162,3.2392926204302874,0.0,17.086056534671496,0.0,9.405504530462744,True,btXc5htjqD774Z6n
20.18351399432849,1.3475935828877006,0.0,20.0845284203915,0.0,9.404631857079197,True,uDMih4ThyivbzSZL
20.620671284128704,1.6798972147019686,0.0,18.589162348877373,0.0,9.394550041245708,True,UiZgW7cVcDXiRQa7
20.18036736326513,0.5697218737602796,0.0,21.303788420300215,0.0,9.392108940464642,True,glE5NMc4YIGWhfEQ
20.61197049883217,1.8203421028214328,0.0,18.350367947669668,0.0,9.391231867505459,True,K5cQe9X4rTsUEmZr
20.251674199992177,0.8196104970298519,0.0,20.712264283112447,0.0,9.387244526721982,True,9EHaxoInmUIx7zLm
19.123688737285324,1.1124761124761124,0.0,22.474105102817976,0.0,9.386341414727323,True,Fdt7T4Se6Efa2PnS
20.327582245244884,2.186121188351799,0.0,18.26761045293187,0.0,9.384946538601195,True,Up5Js7uPpP8fLGWd
19.99089555193382,1.1958584232046872,0.0,20.561519329944037,0.0,9.380461170872923,True,13pQPV2nSeeFdnaQ
18.82582188675525,3.892855831381463,0.0,18.335012340704175,0.0,9.371212374977567,True,wJxLo0wGdSn8QV7O
18.618642880040632,3.2095187097929756,0.0,19.8482683876053,0.0,9.365212799601228,True,v8KlPPDOrfeAIaB7
19.692966911193558,2.393903238831283,0.0,19.049096785707206,0.0,9.363730400921968,True,2IATTQzag0oGuuVa
19.90785387806295,1.044559835768627,0.0,20.861950473319,0.0,9.362788693358892,True,cfbIMzPvsAYgkuoz
19.23581680968847,2.4013699772713055,0.0,19.942709896927852,0.0,9.362494021763544,True,qbHWR1QSJkjodLvG
19.83402745990762,1.453642882214311,0.0,20.316324825598397,0.0,9.361067682365624,True,HWLoLuYn7bKAKZcA
20.444655346985368,2.4210373617483,0.0,17.47636503955238,0.0,9.360110700465542,True,kJPtwnLFqNVOLxbC
20.2328695250358,1.7339207974692987,0.0,19.040277354738144,0.0,9.359382660088785,True,lzBOQnk84MVuAorl
20.02010953632679,2.767010080770421,0.0,17.732810920121334,0.0,9.357707019108842,True,iKSyoundSxLDUalx
20.532857605311783,4.074467381352365,0.0,14.495702125002602,0.0,9.352829445682016,True,K1fvJx6TQtPk0ool
18.465603981718253,2.3895029495228615,0.0,21.43770322199231,0.0,9.352712415195038,True,MBfj9Lon0ieWmrKw
19.483186363960534,1.4714196930682137,0.0,20.920347317591812,0.0,9.350862930093985,True,wb0zaLRZ2Vv166Gc
20.45977036800037,3.352633035663408,0.0,15.828068700456402,0.0,9.350299674384424,True,ZXobaKLkQV4I5ru3
20.20602752145141,1.2309582103632448,0.0,19.798348656465606,0.0,9.339300107496076,True,HuV1H1NtMy4eClgx
20.212982290719346,2.3685791725173893,0.0,17.8739458046599,0.0,9.337131351044135,True,kgTfIMAQHs5skPsy
19.711990357731537,1.903551944556736,0.0,19.630271242893514,0.0,9.334025779892672,True,nQmK2stLS9x3obaz
19.945234718402723,1.8950046362940394,0.0,19.153903044183604,0.0,9.330407031221867,True,Nqv4bpCZ0wrJ38cX
20.926578507325583,0.9934109467216428,0.0,18.69268067420919,0.0,9.330228390009463,True,go0QNU5TCq765p0U
18.877012845085233,4.426629500274383,0.0,17.064581481404918,0.0,9.329448450804904,True,3nmWKVVt1SRn4L0t
20.16989640140015,2.536495073664792,0.0,17.596612145526866,0.0,9.324584510665272,True,IMJvEoKbI5o17RTv
20.41557209095338,1.0606806251491292,0.0,19.530679601940292,0.0,9.319443723864339,True,1C9RlZ46PTW6FeIA
19.24990029844986,1.9707447647410081,0.0,20.343089292551152,0.0,9.319119674602883,True,OPkstD33wAm3eZZg
20.253549944724497,1.299518262280438,0.0,19.445231993893465,0.0,9.317729348071477,True,5hLE76qPbcvAqmv4
20.04472543904441,2.1292367764877773,0.0,18.465546448554953,0.0,9.315558793118509,True,BY7CP8pVWx0mJqQi
19.73181454823302,1.7413177196984484,0.0,19.71594062153163,0.0,9.312264887624263,True,kXCBCqNUYbythYj6
19.758403101536302,1.7735901344048772,0.0,19.587172632180028,0.0,9.308994358889114,True,fswCOIGD9ZW6cSPC
18.873694671158674,1.6187828236021007,0.0,21.613510650817936,0.0,9.308830704870818,True,ClcLRzhcZlWmDlBt
19.312681432859776,1.9625281693107661,0.0,20.12087697843002,0.0,9.302568018950128,True,Pjhws4deTpf6vnvd
20.37945581570265,0.11943872478351628,0.011466216357078824,10.637011174105204,15.584778354255706,9.30001918071944,True,mWwqCOfSw3q3np7O
20.309788325338435,3.381616544785473,0.0,15.73531825830016,0.0,9.298638372542923,True,9kgdxnPmBV4xerAP
19.536786183966207,3.430669418377934,0.0,17.16526882669727,0.0,9.293493533788936,True,KO2k1gCDKdxujJ3B
20.56143493555188,1.8375184827080582,0.0,17.74697868163065,0.0,9.289856903587177,True,sLPTLQQfXbd2tP57
21.04472923688712,2.2011251097230837,0.0,16.162535274499742,0.0,9.288080339671868,True,A3HYU3omvwSCaZFC
19.48987468293012,1.2399573900928822,0.0,20.857725797641613,0.0,9.285610622048498,True,6sChDStSz8rGIFCf
20.135868212053737,1.6280281323261268,0.0,18.898380644850356,0.0,9.282524593425206,True,aXmtMHirZ8z4JM6O
20.428765767029077,4.614736340662337,0.0,13.33168348303076,0.0,9.28206633772892,True,SZdxKEnW7BrVSXlr
20.58261093727558,2.262773558592456,0.0,16.927762318967595,0.0,9.279641018675926,True,dftQVyYbufLbJXvr
19.02358900861509,2.210717679312457,0.0,20.091682196945353,0.0,9.273508451954445,True,KnlH3G7dTKJ7nkjh
19.02170226034716,2.525606089421053,0.0,19.549142682180037,0.0,9.270283602786417,True,YYf3GK1Vh1g0LZZN
18.94742327693685,2.4718333442427762,0.0,19.76634191696649,0.0,9.267136606686721,True,P0Q6Yx0ZDGyJRad4
19.876725765526327,1.9853528593754484,0.0,18.6990280415596,0.0,9.2642101507357,True,pW2d1LV7gleGujE5
19.40110519604562,1.43456396713586,0.0,20.496993054379132,0.0,9.25352150875452,True,ZCIugzN076LrXNEc
23.50858259546411,0.8229248295535098,0.0,13.275347748698003,0.0,9.24960814833231,True,ro7qE721txjtvUw1
19.72614035385539,1.5736284889316652,0.0,19.5873417721519,0.0,9.249350494212317,True,I61wKPcFqjMrftjQ
19.982468667724632,2.4733535504783353,0.0,17.55623692164613,0.0,9.246514526183892,True,iUu28y9QRMj4tUFA
19.846044857168295,2.7134897900477184,0.0,17.40562014279396,0.0,9.24302892608151,True,z007TdpNyPWCai6W
18.853431877925516,3.435627524567138,0.0,18.13352853820505,0.0,9.234965725250197,True,39cqDb2KVfedVp0t
19.883835407883762,1.4483090582947216,0.0,19.37631468237274,0.0,9.23367508929472,True,bPsisEL3A9dObUdK
19.121204240876768,1.3094992334415196,0.0,21.04932807596363,0.0,9.221135292017955,True,Yw2t4EqC9ZzSM9vc
19.80455824364589,2.197001622436658,0.0,18.19152315076228,0.0,9.219346351317274,True,0lk8Uns6GCrKnMeB
20.3693988445098,1.6231718879228612,0.0,18.016830149716057,0.0,9.219137147791063,True,hwnxLDDhdQdhh8vP
20.679952738481518,0.7364541282771184,0.0,18.851475152376324,0.0,9.215820626470183,True,UqvpH9ZvPQBxpv9l
19.783555205150446,0.6285467890860048,0.0,20.75622088042956,0.0,9.205636390881068,True,Uy3WIdDJw0Okxq8G
19.383562195787746,0.41883004499826926,0.0,21.880314405408768,0.0,9.201823330797206,True,ZKDmqs25MncvoFGI
19.776276551009285,4.3587562921368725,0.0,14.512843725246125,0.0,9.199498597123922,True,jHZaupCAWtixvZbE
19.270052512008977,2.2851246735480664,0.0,18.945193434935522,0.0,9.194075937230037,True,OOT3KVdDZMTYK9Bx
19.933213945941425,1.7663489976996385,0.0,18.477250083028892,0.0,9.193138945661671,True,AN58NPhn9jW23OLp
19.403951378260697,1.3009238918180044,0.0,20.3045124388619,0.0,9.192093252261994,True,oK00i7IpX6ARLQiM
18.39340949396219,2.0166777576084516,0.0,21.129000174055747,0.0,9.19154231369913,True,XuuDAV1TBpVZtu4t
19.836099743379815,1.410238686616868,0.0,19.248822493078777,0.0,9.190712968629978,True,XnmyTHMXyda6GmrD
18.995088280493206,2.7013443899987433,0.0,18.7761232712108,0.0,9.190281072329268,True,Zk12mycgaFhjzgwP
18.994145723508375,1.2342989911528444,0.0,21.20748726616569,0.0,9.187941554765576,True,HHNyyLNTFjF92S7o
19.221566235166744,2.4935631375213694,0.0,18.620593303217994,0.0,9.182949650413065,True,aC6fjed0jT2rjmsR
19.24381351950842,3.2631250664127984,0.0,17.26201923076923,0.0,9.178228207071111,True,25u5Tk5LU8xHa8Qz
18.74923608659799,2.8811682281258504,0.0,18.871175842989356,0.0,9.175739259459263,True,280Jo59JRJO9lTf9
18.679302597500094,1.3142085444878298,0.0,21.58739373057189,0.0,9.17045197495777,True,QRfP8SEpVyMaDVGL
20.078265222801104,1.6480867222873976,0.0,18.14107897355585,0.0,9.156663093445559,True,DsvZ7m0DhsCp91jc
19.735462837323894,1.2180509007830356,0.0,19.534556313993175,0.0,9.155335023491903,True,SmPrS72Ia4Wc4jjQ
19.369312714249407,1.7589860059022726,0.0,19.36055602329937,0.0,9.154623719245295,True,eEMNnCTYJgaPRPW6
20.691605394570125,1.6898419923432566,0.0,16.790536471784716,0.0,9.148522587224559,True,h0bSm2bnEPjPpB1O
19.066766619212633,0.8509928249624562,0.0,21.42476835132179,0.0,9.146493444702672,True,EcxuqKeZl7OQexfB
19.800872331542372,2.2242924443341514,0.0,17.65641231862203,0.0,9.144796658339553,True,VcwPYC2DK3Hc8z0Z
19.608787056514934,1.2272949298251326,0.0,19.678548695098662,0.0,9.141242153675563,True,fmUhGrx6AbvN91No
18.4179572635708,3.1378785392394586,0.0,18.83227827659712,0.0,9.134698555370672,True,eiYnMIfIKoNDPOZk
19.54075942702582,2.8219882438492307,0.0,17.11313529972948,0.0,9.134695184029475,True,u5IfijoySjTneAAv
20.464002881023106,2.231705398954575,0.0,16.24944958168208,0.0,9.134544651297887,True,kdmH1TvLprYcf1xn
19.427595646033417,2.4387245808667,0.0,17.9457277971725,0.0,9.129819008602574,True,1BjRNfVdUGFo0Njk
20.42872950665106,0.9942710348471131,0.0,18.350586930400222,0.0,9.129774650267128,True,MPLhZwrZY1dZlRDn
21.430243319012902,2.640086898592309,0.0,13.586733054930935,0.0,9.127104678591587,True,EnUTikV903RGpAaR
18.66865355069638,2.43945418051286,0.0,19.38095436202521,0.0,9.11760276464091,True,yovfBGvjPjrDzVEx
19.81246762054493,0.41715910916057763,0.0,20.455662217269065,0.0,9.116379396043984,True,o8eSPJcwF78zpfR1
19.810071578755064,1.7340118897495946,0.0,18.22488755622189,0.0,9.110257579497201,True,CF89W3oPEuK6tMmZ
19.364978654295065,2.2374648365575407,0.0,18.2574159463849,0.0,9.10747219738564,True,2JudIfOqm6l1lTKG
18.009612872983546,2.4103725689291573,0.0,20.65657144494427,0.0,9.103962720868994,True,GTjQijyKVrd6UOxT
18.90148982456873,2.2772277227722775,0.0,19.06279226852333,0.0,9.099172718342189,True,cNTmRRUpTn8KBpFL
19.995604772724892,0.9761053329813101,0.0,19.040244807121663,0.0,9.098744486131045,True,IpxyMLLEWhlwjXc1
20.13264838209865,1.0395520188623637,0.0,18.645744291122238,0.0,9.096544163013522,True,amRVEa1WVL1bCcZp
19.804167576751237,2.11378130981865,0.0,17.488594417485793,0.0,9.092984763102901,True,h1oa0yGP99A3lqcY
20.260630074002005,0.6532699329393088,0.0,18.945323772948257,0.0,9.083305071377668,True,pU1TO7gDyVvpMEcu
19.70440670362893,1.3466394716394716,0.0,18.867205398425458,0.0,9.078062688762365,True,ncdjV2fbQjVZ8D8n
19.45076096346793,1.113164093262799,0.0,19.729277475646924,0.0,9.072910933703117,True,qsgb75V3Rk6UoYGE
19.180183415174174,1.8706152226788748,0.0,18.97644927536232,0.0,9.068176221526318,True,0EGwwN5J2iZeCBOy
19.817769388493147,1.5804373605245652,0.0,18.179562288934083,0.0,9.067374500019199,True,M9PQGXznlhcyZgV7
19.136955670341557,2.774519488097533,0.0,17.516606101580326,0.0,9.0622074883639,True,wzfJXuFNdztSDF2P
20.07221362182265,1.1515364137276347,0.0,18.283402480115527,0.0,9.052058561996033,True,xrHsULSu9f33AvE0
18.685832972760974,1.7635815121603085,0.0,20.02380421036971,0.0,9.050215901423826,True,ntPunwpG7SeeSvFw
18.964196671385565,1.10956557541144,0.0,20.550814149354295,0.0,9.049272517671675,True,1IBeZ421t05ilM5o
19.855474166577995,4.258623950686862,0.0,13.50226417644806,0.0,9.046637864112322,True,eZG1CxzYLlB5S5Li
20.692771504652242,2.051270193612036,0.0,15.489343257704839,0.0,9.044050488454408,True,XjFjREzxmZe8s0x8
18.823452704269307,1.7702519342951208,0.0,19.656844122165143,0.0,9.038125413179344,True,5YpfvklP6KS3gOZb
19.725045599094763,2.680226618905235,0.0,16.324386906641408,0.0,9.036228370450948,True,zhUVL8RjnCjRrWua
19.5639992355077,2.435938230392456,0.0,17.016223578497293,0.0,9.030617865025018,True,KtSXbIWrlK5Va1AM
19.54210161840195,0.6185655816924254,0.0,20.082816300871894,0.0,9.029694326074475,True,2dGWTiQjCCXvtCX1
19.25161565669629,1.059172150813206,0.0,19.918136542851215,0.0,9.02799821613987,True,P2QVXduX4SWC2b9m
18.91100303116044,1.2125071249069372,0.0,20.32718438433385,0.0,9.025505348224945,True,hKfKA9LKmnxpRcnO
19.721064390848582,1.1247158159516082,0.0,18.81538161138366,0.0,9.019805512950025,True,h6OV8RYb477Elahf
19.588136671100543,1.0242735184339442,0.0,19.231877553912653,0.0,9.017291014025545,True,EoHQ7byDN8KyDQoy
19.27999774218133,2.840393414783716,0.0,16.785625494406148,0.0,9.01194150051125,True,JugSMoVMoiDSkWFl
19.448470136413796,4.890583739717421,0.0,12.983543819364716,0.0,9.004718548758202,True,yy6d68ZN7v17qERd
18.43253841385452,1.8252131929323943,0.0,20.081972196327968,0.0,8.998360651838649,True,Z3ZqVvHCPVyyNq0L
19.57456697625006,1.4198240287140012,0.0,18.4679955600777,0.0,8.997525434065173,True,F6JPT9bRoDJLXhQj
19.324284912486224,1.5650311467744613,0.0,18.72389755080447,0.0,8.997127893060153,True,Z2mR1OD41ELWIjS3
19.507989370424557,2.4493756377814346,0.0,16.87040935148692,0.0,8.995302123295764,True,7BLno0YxfO1QuVGI
18.910575125869624,1.3083806762521368,0.0,19.951974897602337,0.0,8.993063941464271,True,ofCPDGBv57aYpKPr
18.848799767274862,1.9449934123847168,0.0,18.998515356778324,0.0,8.990665586795387,True,8NzDIKPDzcK9HEne
18.739746466542343,1.6528628651348574,0.0,19.699682575887174,0.0,8.990092042629493,True,MBHHxNnqU9iHJnOZ
19.460057800675855,1.5086784670905653,0.0,18.492726535759324,0.0,8.989095937339297,True,qvCMjoizFerVQIvG
19.884732058295036,1.041470340922788,0.0,18.38809502807915,0.0,8.98400145693108,True,T5uJz9A7n8LXKQiI
19.805385237231626,1.2326708210989463,0.0,18.219371076064505,0.0,8.982688937853899,True,RRNWVqQPkdsfzshw
20.59371795861182,0.2315410342166195,0.0,18.30525518775288,0.0,8.981788924300632,True,Q3ak7HJZPfsfhi1I
19.312866569273687,1.482915148874153,0.0,18.776405971270304,0.0,8.981049653691189,True,dqZ9oGgZDCNM4VG7
18.146870906083812,2.3379847716357567,0.0,19.669433990809207,0.0,8.978972563355462,True,lBYF2immMMaRZF2z
19.561993095842492,0.2479514487448934,0.0,20.306473373720273,0.0,8.976556796997013,True,IPHTeLyRAtZxkmh0
19.79572630258221,1.4182034412450897,0.0,17.87537296304797,0.0,8.97457469554313,True,Rscke5x07F8infT8
19.776951068149078,1.2737333739465935,0.0,18.129224496196976,0.0,8.970902338360919,True,vvvTOryw6qlVzGpy
19.193398327391698,1.1418243173031895,0.0,19.451541039895357,0.0,8.96120673352761,True,J5KfNh4GYWEscu03
20.346693990945028,1.3018018498501918,0.0,16.87150263801019,0.0,8.960184055447584,True,PI50DgflUg697zXB
19.498357113654396,1.0711955339665047,0.0,18.94552105991695,0.0,8.959134176575487,True,6Q9xqqBd0In0I4xS
19.292844721093996,0.7009490726381737,0.0,19.969865022801752,0.0,8.958570437908005,True,vcHTnF8sxTXzchDb
18.30750881740093,2.8200071426991187,0.0,18.404819530674523,0.0,8.957977360496237,True,5RbF9LQzXtURcpOO
20.4067916009655,3.723039662677816,0.0,12.659221895015113,0.0,8.951680680211371,True,JZOnaOmSsqYettGJ
18.439787981264704,0.6943002203276176,0.0,21.62527114967462,0.0,8.94930212191251,True,K2rVcYAxzwUGjpVs
19.15542592257257,1.6404913098158878,0.0,18.565084197140763,0.0,8.941513233796858,True,NQkBsbunTjO0CmP9
21.919765652796173,0.16170402930320982,0.0,15.457219492404093,0.0,8.934938627025268,True,CiTAYq2kOZBejUh6
19.530981682103732,1.0175709548809853,0.0,18.800761845358757,0.0,8.933801520155178,True,0DTMbt1OZQMK9fv5
19.51530127523235,1.718919003242194,0.0,17.609752891692956,0.0,8.925783067134198,True,0Bdi1BTACzPv0kD3
19.249353449353944,2.7505277094679585,0.0,16.41974509332396,0.0,8.925399726171767,True,fWKWQl9cjSv1NV1L
19.045689029213122,1.1710264090870695,0.0,19.4091266962039,0.0,8.917832315466288,True,yXqQdrf7jObOL3gh
19.491978354255888,1.8036514877543328,0.0,17.441450260426286,0.0,8.914723917279293,True,2GVTk6xsn89eHnZ0
19.62769774302783,2.260432337932974,0.0,16.40415059199149,0.0,8.914039996190315,True,Oz9tea1ybokBWZCw
19.677404145692787,0.6181015452538632,0.0,19.028848663139662,0.0,8.912073929492252,True,qqH40JvsIEX8vpgh
18.404900961453443,1.8372163154090604,0.0,19.520889034022492,0.0,8.908907722391671,True,nE3Re77EFxHJwyjT
19.19009379087882,1.0024943310657597,0.0,19.263168874517575,0.0,8.897127051207722,True,A9wZxXfRRUbivazB
19.14368641190858,1.3557811414242122,0.0,18.758144853079383,0.0,8.895772936890534,True,q69wZ5I5ZGaTWLEh
19.238865284100353,1.3876651982378854,0.0,18.495476715711078,0.0,8.892897392146239,True,cklXe5xX08t40pNc
19.979722745865633,1.9806066310563097,0.0,16.008749756951197,0.0,8.890380945066447,True,BayKI3G7iytIBi9V
19.482293260577798,1.06670232576568,0.0,18.505362400112155,0.0,8.887167919631581,True,nxyNrHatu6cDnwWX
17.444193252513607,5.249715557988983,0.0,15.607596694673981,0.0,8.886826369452425,True,KACX04e8SrH9bmTX
19.137406430278197,2.7678490259732644,0.0,16.34716204900426,0.0,8.885258492927415,True,zaba5estdPQSD7zj
19.286330684122607,1.0331178492637627,0.0,18.89933486825275,0.0,8.879078897790635,True,92J6T9Y27xbF66Sg
19.267281515712448,0.8806452488655333,0.0,19.130935129145,0.0,8.869986036301867,True,Wh4XLWfNqZPtxq7x
19.121432360545594,1.4994034416826003,0.0,18.38202370500439,0.0,8.868584124334987,True,G3iB7r2iLw39gGvl
20.317953494358562,1.9004691970803889,0.0,15.31586444189574,0.0,8.867883013862027,True,3T8vpteNv3WiYWGW
18.83825264764266,1.045381871848481,0.0,19.681042740500846,0.0,8.864977673330044,True,TtTnSy5eeAIyhgty
19.470559409499465,1.1598549737221284,0.0,18.208484519651396,0.0,8.862404244228081,True,V216R7BJFcBLauD9
19.23253184454144,1.109142975075422,0.0,18.74969176899936,0.0,8.859499062481191,True,JU0SngC9joWB43Oz
19.04729698672504,1.1398927831017909,0.0,19.063747216158408,0.0,8.85872437421672,True,GJsLVh4T2uVbGKiP
20.65291042306258,1.8564086108671665,0.0,14.621594231598076,0.0,8.853214414375277,True,x6JKQw64SWnIhuE1
20.141362301914146,0.6677955985105389,0.0,17.619792154292668,0.0,8.852326413345779,True,ogDvw4kKCEzchqwG
19.55925584077921,1.1035175879396986,0.0,18.05324002983372,0.0,8.851642153693746,True,gpprydgItkjagpIQ
19.233295501445944,1.783754976645036,0.0,17.543469961475722,0.0,8.8474478888164,True,UW3knVk6bn3B8yHB
18.727332227692376,0.3556562367266034,0.0,20.92932330827068,0.0,8.846512223729965,True,qYhMWpQKAayfbqD7
19.94085056556782,0.7379457069416526,0.0,17.858761963396205,0.0,8.84555589091519,True,11iuHKmFVcYPIuRH
18.546887812629222,2.5351615494532522,0.0,17.6491534431706,0.0,8.84522974762767,True,iOGqwAEUNClpiZcd
19.744947130226553,0.889794788058476,0.0,17.955872233690705,0.0,8.83931367113619,True,Zqqe0TRAec5gNSD9
19.37288505512066,1.0793404973358707,0.0,18.377473301615176,0.0,8.838321636112441,True,ECJo1rCf9VaAlQIo
18.50829236365696,1.5671500269364858,0.0,19.239116829799485,0.0,8.830142740301131,True,4yZREsb0Y9YSvnyi
18.697676568407328,1.1951657880840103,0.0,19.47635480050639,0.0,8.829547637619159,True,OEK432MiDgO67vSz
19.733679274313282,0.6750585038121839,0.0,18.270999314404598,0.0,8.82951830540772,True,VAD5q7U25gBBimRK
19.37323648564643,1.867508701064131,0.0,17.003630908379353,0.0,8.829392757216866,True,IfQTg5dN4VAxNJtQ
19.46462588249372,2.0826583519527806,0.0,16.458411619585995,0.0,8.82881409567421,True,WivHrN13bDm2tjco
18.138723884176972,2.8259793545866034,0.0,17.857473137220364,0.0,8.826732974482796,True,KbhzXTpKMrULcWWf
19.02232232144544,1.1554121644734414,0.0,18.870369150361242,0.0,8.826105110106178,True,rZvzuCiBEzxRrfXM
19.464229511488092,1.415746419586239,0.0,17.50400886082227,0.0,8.818806787466329,True,Gk6JNu4U4YradfFH
18.98311580855416,2.192531653129479,0.0,17.105734199271346,0.0,8.80892778573932,True,3ijfGIpT0qOZRuS7
19.64834494619958,0.6164383561643835,0.0,18.361682596252496,0.0,8.802865462338843,True,G0mct83aOEEU5VUx
19.838513844091672,1.4458120646632635,0.0,16.58963169054377,0.0,8.801451922974882,True,qTlaVvYsKRWmlN2O
19.00131325902069,0.9246519068775326,0.0,19.125922847504032,0.0,8.800445381551194,True,ctrKB2ty7ejUNoKd
17.996205993097377,2.899516871171367,0.0,17.834926262312457,0.0,8.798979955068923,True,XrinnJgazc6VZGNe
19.749940109277137,1.1629022199237165,0.0,17.202545382794,0.0,8.79608939518317,True,UAS7vx8koKgEXRb0
19.20485463366779,2.635303237902935,0.0,15.78468801313629,0.0,8.787985401546514,True,0mbbbshnl0XReeqC
18.752114294729264,0.5283028008975361,0.0,20.19607843137255,0.0,8.787121753349044,True,NIFyIj2NK6BGFT2j
19.427970799751826,0.298828125,0.0,19.221748172287374,0.0,8.786360497018654,True,paN6TWcDWX0qXWcU
18.84445683523487,1.290697619248354,0.0,18.70693064699998,0.0,8.782051052432546,True,FAEf3t1KKRIBpjJL
18.242681269535836,1.2562053756360194,0.0,19.93141451647234,0.0,8.776567902240606,True,ViUcPo6dyL1x8eBu
19.725872286585233,1.9172242688519658,0.0,15.832563025210085,0.0,8.771952206970074,True,gN8qJ5Nzi68K80XI
18.087737674948556,1.6682625482625484,0.0,19.52260616381915,0.0,8.771777864123077,True,9cCJ5RJR4SAKGV13
19.794847966573734,2.0293242668933273,0.0,15.506110906660986,0.0,8.7717020926946,True,IydfuYEg2S4fYFhn
18.784008674347973,1.1866063714456165,0.0,18.930185958996162,0.0,8.77138208901522,True,zXdnixdP0oVRSXLt
18.209227025418453,1.2006515862142995,0.0,20.027258459759352,0.0,8.767019773143012,True,nRvxGECsX83w3iAn
18.876541147655136,1.081781587458146,0.0,18.83546674992195,0.0,8.758727753649369,True,RiqyocZf3UMIV9yT
19.797600645600603,1.560211276024058,0.0,16.169044077879935,0.0,8.754689624368186,True,jUcte2XP5euTtIGc
19.218772404192894,1.0888463780173112,0.0,18.09810101172314,0.0,8.752558467520666,True,1NUV8e9YtVPQo2c3
18.36299454362671,2.047205663344694,0.0,18.210449108553377,0.0,8.752267145207192,True,uf4PQjnhe0vqgOeh
19.325977191689898,2.228475359276985,0.0,15.925714638132536,0.0,8.743769193046095,True,KjT0QRO3llU9wzdy
19.03829762987744,0.8948768682350301,0.0,18.71417750284055,0.0,8.742335131448073,True,cy7sbdrCs8HzDMt4
18.739918322720243,1.400770919697201,0.0,18.419748239393417,0.0,8.735130462649385,True,LRhUM45y2hkZEzzi
20.597022968524605,1.4726479598490785,0.0,14.557339618472415,0.0,8.730869823290513,True,jsaIrEu3jHmwMLMt
19.254612922282117,1.2755390276272207,0.0,17.556794321245206,0.0,8.728787781778221,True,J38BJHO9CIzbRlco
19.0406341770876,2.0654659591061395,0.0,16.658930934617082,0.0,8.727396383095376,True,WCiBqTYnMnm2a6tU
17.890923327081317,2.160544072711415,0.0,18.734887737478413,0.0,8.71764617692401,True,JmpTPeFLn4ysPFbH
20.166044133657394,1.42883348921118,0.0,15.355791465209165,0.0,8.710390332181387,True,gGXi0ZbP0Fa6zyTW
18.547162277950868,1.9881269385786489,0.0,17.597866377361903,0.0,8.700860374634207,True,HNaxXJWmBAJmsJjy
19.17037865136499,1.1551011022723634,0.0,17.738326578202212,0.0,8.70063785770792,True,ebtj2FXVLEqNmwr1
19.01769270959615,1.5885924108123948,0.0,17.291666666666668,0.0,8.696205915581945,True,Pz6xt3fTfT158osa
20.435775207199928,0.3303907770004554,0.0,16.52643079250357,0.0,8.692294875285627,True,EoC5ibXpPFyo8JGP
18.919877198122972,0.9907120743034056,0.0,18.441943742864062,0.0,8.689932739442352,True,L7eton0ziLMKq4yO
19.326178521994983,1.7579678185294434,0.0,16.317491887365225,0.0,8.68496929433564,True,itnTDnze5v7SYYHF
18.133185834146115,1.0159971701616721,0.0,19.92562282407198,0.0,8.682798466395049,True,3Jd9swbwkfejWd1n
21.206191874098224,0.16151605625289836,0.0,15.120999114640625,0.0,8.670386443488786,True,WL4KziGK98paXPlJ
18.898710115607486,0.709085153529598,0.0,18.76278950795275,0.0,8.661302749257558,True,3yxEhv5zWT2to5H3
18.7894836596729,1.2638544709961463,0.0,17.986589885625474,0.0,8.650797198494727,True,NI3oKisI2sGeobat
18.291587171673626,1.6369327848949413,0.0,18.254725160395353,0.0,8.634918121785125,True,s0e1tG2uTDQlydkK
17.776697024527124,1.4108274087803259,0.0,19.646005424731847,0.0,8.632616773262995,True,Ypp3CcdYrULfU3QF
18.603770749274307,0.6295802630996055,0.0,19.25954032957502,0.0,8.627457339993446,True,RUZ2Cx1WPPduu9ES
18.929019788879575,0.28772358771374673,0.0,19.17716481938001,0.0,8.627211556499311,True,mUep3DpDetxco8e1
17.725117746145173,2.375989109163618,0.0,18.103413171435975,0.0,8.627044576849853,True,XUnCsc8YYR2xf55m
18.803765068463647,1.4555019348721758,0.0,17.476228652397644,0.0,8.626439302116784,True,spfNiCspZflABAwz
18.844441248400287,0.6156768253542447,0.0,18.77041281188674,0.0,8.622813502641659,True,6gVBMZZe0au2ocjg
19.667385145485245,0.9808943200986269,0.0,16.490421640354256,0.0,8.619002369723368,True,vjdAtRf7N6UZgbAg
19.37052206339041,0.08071205972692419,0.0,18.53512874673104,0.0,8.61160394595851,True,hPRgPskKL6MrGhsh
18.600759324160947,0.8723641820974408,0.0,18.703807330564103,0.0,8.60388994235726,True,EFxKnxYJBen1XtfF
18.732275588438732,1.2268566068136508,0.0,17.833006455830677,0.0,8.601347796609634,True,C3A7RlNAwd2EZsR3
18.890384254566335,1.7641432054729003,0.0,16.61094160819988,0.0,8.599792318968108,True,bFdTs3v5xMsJ1tKS
18.672665910296423,0.7172375085217522,0.0,18.75524489235716,0.0,8.594395884072938,True,tNUzHGfrrLNcGdn9
18.755235514892853,1.2270753712112865,0.0,17.647378832838776,0.0,8.580446322196494,True,9ogyciTiCO7tppdn
18.49913094343881,1.7902841619339152,0.0,17.196284798034934,0.0,8.576753043220362,True,FDwWTjwT3PDjoe0y
18.661065692296983,1.485478014296551,0.0,17.377785324805192,0.0,8.576357009984012,True,BJFM3na03XmajYGv
19.974248502562848,1.8164388615703557,0.0,14.191080498812724,0.0,8.57504634098335,True,lU0igyQMM4uG4yAM
18.509904985812344,1.0570722906681707,0.0,18.32717155874225,0.0,8.566315302222083,True,EQibNiweKich2JjJ
19.089733447592426,1.1968365060735073,0.0,16.931040968470008,0.0,8.565785306066605,True,IcV9e4NMcpsjh92X
17.029077352495246,0.5635269567526172,0.0,22.084506198718334,0.0,8.562280874744479,True,fNmdSy5qBOKhjyZF
19.510820955926732,1.060422133370674,0.0,16.28835803288358,0.0,8.561605525053224,True,ZEKHXEk64HFm0ZSe
19.289642770138045,1.4794436020750195,0.0,16.024571546562047,0.0,8.560439463544474,True,bVVhhKpYLfap92Ii
18.64989555993828,0.7593618326717537,0.0,18.463346696936032,0.0,8.554311130689827,True,o3SovHMYRxgo38Gg
18.2943369562502,0.9984774350067261,0.0,18.748016856717896,0.0,8.550122974134425,True,eXelfSHf2yD3SMmZ
18.389364352084772,0.2840909090909091,0.0,19.730819580158027,0.0,8.547454969921864,True,CqDTg3xidpufOKfK
19.21159914360108,0.8661719261047075,0.0,17.090250640913954,0.0,8.543560320743595,True,kjguwKWzp6RCsnKR
18.29861944925755,2.582073620180158,0.0,16.05574088023243,0.0,8.543465371857168,True,sr3yFfVECVy7kLZz
18.651271937772318,0.23806525884088212,0.0,19.251460927478394,0.0,8.542617035163676,True,Rb4vL1OWJciQBakT
18.933580239934997,1.5660298129412342,0.0,16.46604849392386,0.0,8.541488799304387,True,jnnZVmVPaxU2KgRY
20.059171241507002,2.0710528286740377,0.0,13.371079249395496,0.0,8.541176467029935,True,ceeKUqXCb5FjPOa7
18.894482578991386,0.4995696970034926,0.0,18.282697614823576,0.0,8.535641840171825,True,ttjajkZqSJjqII1z
19.974838263649154,2.7309048178613398,0.0,12.393309019614358,0.0,8.534174036502234,True,IHNOeqOr7r3sMGou
19.832711909060812,2.0858501476870055,0.0,13.72649378728629,0.0,8.530250177732938,True,0VMuvk9KBpJzmNPz
18.796153068511146,1.2084156785243743,0.0,17.257247781756803,0.0,8.529537007447958,True,Io8bxxFnDgmI22HE
18.854961353745644,1.5537535351151006,0.0,16.546442544558758,0.0,8.526893171586282,True,LYB29huEpJvuVW63
18.714872533501723,0.18965236685929393,0.0,19.065886602795665,0.0,8.52175784218469,True,7AmR54qrrnuZMyOP
18.295380326556337,1.233990791235346,0.0,18.091076173162595,0.0,8.510773221750128,True,2BJ8SFYoT2VdsxfM
18.65460733960319,0.5062413314840499,0.0,18.56980660305149,0.0,8.508413525209692,True,gcoZoTE0XUST4daI
18.531488423507017,2.5050893674781136,0.0,15.459625055393925,0.0,8.504662627230722,True,1DpgDn9K3tWBS6jr
22.59446903231649,0.6421404909308135,0.0,10.379379036453377,0.0,8.495782687895657,True,k2kNQku9HEPMYAXU
18.678905759215823,0.654876741693462,0.0,18.08270985776535,0.0,8.479797391852916,True,yAQZHe95hQIl1iKY
18.633922237534943,1.041217863192363,0.0,17.513975794903985,0.0,8.477577506294171,True,jqDuvvjAD8i5dRpz
18.304064486258042,1.0283007281873022,0.0,18.186377917414724,0.0,8.476251215536445,True,pNIBl6jeqdwen4fI
18.333971034199735,1.4354374342963703,0.0,17.4473558742898,0.0,8.476154049977483,True,WpauETXxStmDS3da
19.1331900211651,1.4497931569624767,0.0,15.764384807823518,0.0,8.467063016763676,True,SHu0IZg2GThcsud4
19.967764133085865,0.34522439585730724,0.0,15.925345324901016,0.0,8.465437137625239,True,uysChF10CJqcf97M
19.997884604240237,0.2793535229795853,0.0,15.954154727793696,0.0,8.462326971186021,True,j1RoXbmUVwHMXjK3
17.923659333154767,1.3074697559113162,0.0,18.38450789681737,0.0,8.461641423446865,True,HuvFXfZYDtMQcZxH
19.63969530646856,0.5676114133027961,0.0,16.167433947157726,0.0,8.458926537339925,True,9WYpEyDAJEsbq3jb
18.762950116889833,0.8760126901206973,0.0,17.392015976282632,0.0,8.456690604039519,True,QzaZgLhcMatJHBzU
19.33376878115298,0.7822670189775479,0.0,16.306667682984926,0.0,8.44169754153802,True,euxcjMUOZ4gyGUfv
18.050615778222948,0.9898645141196013,0.0,18.517943233516668,0.0,8.440342347024286,True,tcCABqiaCP5yRnjE
18.278860706004714,1.0089897877584195,0.0,18.02658217597279,0.0,8.439892985136938,True,WB2IhXfKpNF1Ifr8
17.69427183168029,1.6191667684779785,0.0,18.167003795540808,0.0,8.438123810954702,True,UUwipoTjKC1a1rKP
19.259709694242176,0.6346365078719336,0.0,16.66060673656034,0.0,8.435663045724688,True,jujrl9mvjv0Vy1ca
17.24635883894922,1.275207364233793,0.0,19.609451581282567,0.0,8.434127229935598,True,W2KNy3XndBz3Dbaw
18.535670721906776,1.9673212080943416,0.0,15.855885006079147,0.0,8.43091426950749,True,CSjP6sAfQduefc71
18.741587955927717,0.8217808076963007,0.0,17.348223717129038,0.0,8.430155146271746,True,VgJNIQg859aBeFnO
18.709631165837063,0.25742404535908764,0.0,18.330771764189265,0.0,8.426861125719281,True,8ZMhpQyD4Qu8M8g6
17.825238091980562,1.3517521732509714,0.0,18.27016494955426,0.0,8.426034213340051,True,CxcwMgF8Vp9SXKpb
17.562222361397588,1.6650539376272269,0.0,18.26975010076582,0.0,8.425392707940956,True,NEgQ2WPxx6RCNmkX
19.076109012480867,2.4909124461188137,0.0,13.858155642587757,0.0,8.424284161662126,True,xIhJiUhFUFqGC8sF
18.916065986891006,1.5523539767725816,0.0,15.719578609052762,0.0,8.420845081618362,True,ZSYq25WX8bpr0HOq
17.08643373824116,2.0063270063270062,0.0,18.612784717119766,0.0,8.419429580622063,True,YbLF36erPdJAmpln
18.84564590982758,0.2162744655438057,0.0,17.99619115634113,0.0,8.407191062785394,True,13h6IcSjyRyOLZh6
19.480648762204602,0.7776336140764244,0.0,15.77870552847215,0.0,8.40540886145131,True,1J2dBwmmO6mYevmQ
19.10520496345617,0.12999393361643125,0.0,17.5485863567557,0.0,8.396347925954315,True,b7NCryXe9NeUOQDF
17.86577952197955,1.6550743979186202,0.0,17.45044123289423,0.0,8.391068641007656,True,bomhHnAf3YeSmp0P
17.795376338317745,2.3652366270072993,0.0,16.387933269945545,0.0,8.388112048738979,True,rh29cCzL51kVBiyO
18.576067313726398,2.0545223616455024,0.0,15.33228096492299,0.0,8.386292929267743,True,90PHXq5Yks2nSVSh
17.682137544324682,0.7549086192294482,0.0,19.261062566235427,0.0,8.38252780304008,True,sFn4R9dwVQE20SQC
17.971398399777343,0.35369479163390166,0.0,19.277182822712852,0.0,8.371420641248605,True,4iYTgLRt720bit5D
18.125273743382028,1.184762369336879,0.0,17.525820202320105,0.0,8.362645745696843,True,KVEfCP12IxyHgDyM
17.837938067136456,2.994632522451979,0.0,15.024700572200304,0.0,8.353744636583976,True,QrldR5wwRPwUvWoR
18.36347856668521,2.430930469745587,0.0,14.786176902258068,0.0,8.33470272278067,True,H6MlB7cGEGI4lZ6J
18.16626648372958,0.7329717924837447,0.0,18.004813290893566,0.0,8.333844886873845,True,bcqSpAqCxHtAA5Zr
18.48078471549495,1.7499316311563036,0.0,15.65165582984351,0.0,8.329466696914086,True,ltihQJSWoGu4qxZW
18.31318305117967,1.3569882981742092,0.0,16.614615135950576,0.0,8.32539426029004,True,KCqrk0do3UzdEI6X
18.530218913479647,0.45453398133997863,0.0,17.672926327131396,0.0,8.323638118448597,True,bVsOqm5fH2TmPtpB
17.457050029892685,1.885910019102826,0.0,17.376171997396902,0.0,8.315018313353047,True,0DFBEVC6x3enGEDQ
17.58467015281803,1.30999528524281,0.0,17.99179223324758,0.0,8.301668702143248,True,14IXk49pslIq7TaU
18.467371044941633,0.4721887291438133,0.0,17.62206262206262,0.0,8.301567889077836,True,IMAXPyAav6pslHfy
18.181608307871784,0.373148608825443,0.0,18.355790622507662,0.0,8.301138237944045,True,vsVI78ZmmaK9xG8F
19.25905391807429,0.14436958614051973,0.0,16.575624389563277,0.0,8.300152230391909,True,LiFHJsXrFONcLJyZ
20.18185848490048,1.5654981968983377,0.0,12.351513710153352,0.0,8.29865915121773,True,fnVHxtsWuCRDbjNL
20.444164059734117,0.6070528927892789,0.0,13.306695827725436,0.0,8.28101681527637,True,zOYUxc4wvhKgQ0VZ
17.83038306012025,1.2773928280595626,0.0,17.416818322288226,0.0,8.280985873394199,True,UL8ikhp4e6Ec55fN
17.878964183006175,0.7941208266941167,0.0,18.102019478382093,0.0,8.277522383332695,True,iPWmH2tQy1KNdWRR
18.696057109939574,0.3416229137196357,0.0,17.199580434626693,0.0,8.274159926605785,True,wv2LBCroooQQHtQK
17.838314110392737,0.8334498182834779,0.0,18.088550864999334,0.0,8.27313931743859,True,2clomzf5A9wvGbAW
17.876996836907225,2.037238964309714,0.0,15.977924152998337,0.0,8.269097415099345,True,8uO5nvI30O6tA1qc
18.36770334480844,0.2933049946865037,0.0,17.890664423885617,0.0,8.267236915697001,True,RrIYgsc0KIZSqfUd
17.73725773444023,1.7967911234662577,0.0,16.637016686558425,0.0,8.265927604182396,True,7RjZGxVckf448wuU
18.786012771572434,1.0092879256965945,0.0,15.835838229266292,0.0,8.263501547285822,True,42YP1QnJp3bRFDv3
18.006306970360576,0.6124273391292558,0.0,18.035429730344987,0.0,8.260313385442235,True,KNKJBnlqxWpujCVL
17.65454940312431,1.8458216837527182,0.0,16.6801394109704,0.0,8.259841153521032,True,EmuCWqijn9nSjj8k
18.22080803079034,0.9097415806524524,0.0,17.069187795444776,0.0,8.25405597371693,True,6nJTFmz4K1Omj8pI
18.247394688235087,0.12405609492988134,0.0,18.31249118991522,0.0,8.25210610869028,True,9e3BFMnceq6Ifgza
17.508080615200505,1.2284234054786065,0.0,17.94305346385542,0.0,8.250988055508117,True,BCZc0CEybtXiN6Um
18.395284617606197,1.0529500072939142,0.0,16.37709114178627,0.0,8.238386558373278,True,c2Lj59DkdNrGcUYm
17.21612320653093,1.062699404297093,0.0,18.69661154989867,0.0,8.235003545518353,True,yyctFtC3pnJL1fqD
18.790767081893836,0.13382207482399489,0.0,17.075234838318686,0.0,8.231970869021954,True,vxkSpSkiQYJ7duG1
19.394882503303958,1.2067210016387635,0.0,14.075802260353075,0.0,8.23151534045384,True,66kgnjGo1mY5JNS1
19.562505729934173,0.5955513035159052,0.0,14.64759199134199,0.0,8.214778343560527,True,AiMUEU7nKQ0IPX4H
18.882889279589858,2.0568441975615386,0.0,13.545540524564693,0.0,8.210908911952046,True,LlRfPmuptTDUdwa0
17.904918028226955,0.35502958579881655,0.0,18.285580084546737,0.0,8.2030698175998,True,fh6vXk0uuGRB1lDC
18.221369251789316,0.4812459896167532,0.0,17.43915980383085,0.0,8.202596243515611,True,vRMEm8wGy9E31061
18.66713864203265,0.5630147842246094,0.0,16.404953482524515,0.0,8.201638311044624,True,JmDPCOtpw6rVd9S2
17.28055595986857,1.781279677186983,0.0,17.094367094367094,0.0,8.19364177141238,True,qsATscp6vbC72AM7
17.918082297414745,1.5794148727802,0.0,16.139537987070756,0.0,8.191209105480088,True,quX3RgfyaJK52w9H
18.379310451667102,2.179708528589877,0.0,14.175088478175384,0.0,8.184983539373908,True,8zPd20EvRCHNUY1U
18.514783111381107,1.2550036219421365,0.0,15.43618031054677,0.0,8.183612885481882,True,q3uPcTOiqbXxpCFk
20.28452134705787,1.1214509870349676,0.0,12.097110429092595,0.0,8.180285715239991,True,JY58PuTT5jK3ryWL
18.214040136712743,0.6766730197512283,0.0,16.925534507974092,0.0,8.172210472147743,True,1r1HsYsEMpBUYQwA
18.61366239159333,0.1793319866442808,0.0,16.931349819680577,0.0,8.168634187091156,True,kKdTvlVZtLlkf0L3
17.368460405270817,1.5090453918987405,0.0,17.20258066670005,0.0,8.168186569560937,True,0ZvGzksVcRwCqqvb
18.102348422697276,1.3968839619392597,0.0,15.890607543244597,0.0,8.163516648780687,True,vb5ScBB5QyBrfea5
18.372165780880493,0.7270089780950131,0.0,16.41934664530499,0.0,8.15630397558365,True,Lhs2kAuja5h1k0Tb
18.437135038073915,0.6371503082029398,0.0,16.427384274458305,0.0,8.154535729641655,True,w41jGxUP98J3NGzG
18.09903534475593,0.4157808189470621,0.0,17.4477171592039,0.0,8.150813382044129,True,nUoxp6a47WdtNSZL
17.600421387780237,1.8108466138759782,0.0,16.103185032225767,0.0,8.148315824636931,True,OTYAxvEZLi2Xicpa
18.525805035000367,0.6560467367491466,0.0,16.15991394765149,0.0,8.14574028683512,True,MtfiGvpET1dcYy38
17.64887273352972,0.3013159512975034,0.0,18.42997687808859,0.0,8.13448733959658,True,mdluwL3VGXFLU6id
18.421486583794,0.0,0.0,8.236647873976587,13.702934410804415,8.132236597315128,True,Eu1lFwsPlTGT6Q3m
17.852018570852145,0.8520279647641663,0.0,17.0573680180769,0.0,8.12721776515822,True,mRWOIsDzWyMf4MZw
18.433087774521418,0.6783494933408278,0.0,16.180356525804417,0.0,8.126567184562296,True,ymqcM0eJYwGawwIV
18.799648807859384,0.19416029583243596,0.0,16.23890826226565,0.0,8.12427095565577,True,6azNwPimvCI4zuXi
18.520137527678166,0.3949721682190035,0.0,16.450935445348854,0.0,8.122424617160528,True,cj4DY6Qgz5MHSJPT
18.439634865226264,0.8068173581701646,0.0,15.706971714372614,0.0,8.089640556266312,True,YdT9WKs00ed4fblO
18.573713912023646,0.5696654306843094,0.0,15.828310409434867,0.0,8.0887770926934,True,ovrP9UOFtgzIv4Px
18.226278510731653,1.8058111707046223,0.0,14.368071143400558,0.0,8.074547017405735,True,SEYEZ7fwp3MbYkkB
17.734228910492288,0.3790657862558082,0.0,17.616183403006318,0.0,8.057462630162586,True,MLxbHPNerTkSoSoa
18.35091646572171,0.27042721196450986,0.0,16.470096283747562,0.0,8.043396185269774,True,32605K4Fi1rvjJrh
19.087373975138597,0.11000523834468308,0.0,15.233230698397168,0.0,8.038698106887324,True,QsoYWbDpit1yQBXH
16.46216707261443,1.6221033868092691,0.0,17.96215573608084,0.0,8.038499328898773,True,ZIgj7KPYIHPy2PYW
17.69257093406647,0.5742407746590388,0.0,17.179480103758486,0.0,8.028253489448474,True,z1uffJgR4uGnV9CY
17.090864184524257,0.5972906403940886,0.0,18.34211647568004,0.0,8.027899386807805,True,FRfkhhJBd1PeIf5h
18.754912478463655,0.4008581752484191,0.0,15.277569782436872,0.0,8.018323754716732,True,fw7lp5IzCyEmIXQl
19.714909838434995,0.7203177123454519,0.0,12.759021311276422,0.0,8.008405576308324,True,FqhTkuo9eQmEQNu2
17.67208222741065,3.9856266788189174,0.0,11.32049013932936,0.0,7.996104858827328,True,htKQu1q2lCDbCaDc
17.62182013338804,0.46513551503571465,0.0,17.28478900883219,0.0,7.995548270100169,True,2Am6SzvKFlFzDBHF
17.114866859937205,0.45528455284552843,0.0,18.23752749982258,0.0,7.983910321165931,True,simfQ8IiScWS2y7H
18.78061935161453,1.0186777513510188,0.0,13.865422333893111,0.0,7.968668593406079,True,ewYlEIEmas0JBluR
16.811639459779162,1.5954814505721562,0.0,16.83126017205301,0.0,7.967051226384738,True,tlIG4kS1IsC4cvjc
16.70610161830614,2.7344151425516254,0.0,15.141182210431626,0.0,7.966611602694492,True,6EtdIS453FF3iecC
17.003567299776893,1.1205477339788232,0.0,17.234561465566994,0.0,7.966391343262822,True,SLtjPnq75cnVCarm
17.61698159195605,1.0118597379217065,0.0,16.128448129971233,0.0,7.9573266315629265,True,NtrVjAYSfIr20vun
18.877558625573798,0.16354065518474983,0.0,14.971738596192745,0.0,7.949913540897239,True,tDuwGdmcNOag7zH7
18.40062618172682,0.09527439024390244,0.0,16.032350254163838,0.0,7.948858990203597,True,AUbjIBx6U1nJn1KP
18.280643130457484,0.19150788277396266,0.0,16.099247597094767,0.0,7.9469570493949515,True,A7edNqhc2VeCWxMO
18.740545352893633,2.376428660009921,0.0,11.498997818782055,0.0,7.941120443687878,True,kM0IDYRoPHBYRrcd
19.782650271859893,0.988534106676123,0.0,11.70644369210164,0.0,7.937895162042245,True,tcWjg7hB7HjofnFN
18.298341672740083,0.5225901692750786,0.0,15.3534496760571,0.0,7.923167495549359,True,1edBIb3eCD44Wb6n
18.313744309989303,1.2820958628770758,0.0,14.055680745748349,0.0,7.922999370578312,True,8N7HXIxOkShFJMuv
17.397616869377533,1.630016227342976,0.0,15.30496639433332,0.0,7.922534076799002,True,9bVFZcBcbFr8yg1r
16.517274209304198,1.3465628871280648,0.0,17.484435146443516,0.0,7.914488256539803,True,RyHhUXOAoA1apIKR
17.173181941596578,0.6892823354507366,0.0,17.248515236174583,0.0,7.911552451767845,True,RnfSxbpkgMGxWL0R
19.09147750292277,0.48492485985213957,0.0,13.751334614563312,0.0,7.9113746580243625,True,JclfPGRJ7NobyoWw
16.750473695978044,0.740360902846252,0.0,18.00377559417203,0.0,7.910798673630781,True,Bwm4qZqlcdsjfRGB
17.303641209515664,0.9667283913446609,0.0,16.431066776101183,0.0,7.897434477106042,True,t58smyJCfQUO025y
17.65395912398952,0.9472656855298772,0.0,15.758408017731522,0.0,7.896765361239053,True,nM9nz3Q6iEygDA60
17.933659049038724,0.37314231248054774,0.0,16.154855075597066,0.0,7.896611554171313,True,qZkZtKxZAlK0hE6Q
19.457661246151893,0.00624512099921936,0.0,13.667834634024254,0.0,7.88903484919901,True,uipEGmSNbqN96FwE
17.826530893513198,0.5125755543715897,0.0,16.083256853278,0.0,7.888591684638557,True,hocBeaMWj54igzJL
17.53954226917586,1.27758056727289,0.0,15.316243619570125,0.0,7.878694365506499,True,oRldxGZyKKCk5r6x
17.099097512205653,1.3968095334134598,0.0,15.918600476516858,0.0,7.866721708492589,True,2mWELvGkL6gvI98O
17.0645675577788,0.48097341856123416,0.0,17.513279651632036,0.0,7.866605569718754,True,V0FccxjiMfHrwD51
18.198104155362028,0.1447578517262853,0.0,15.797832028110143,0.0,7.865295513756701,True,M05k6pw29zwqapbC
17.266201832656524,1.3906976660637078,0.0,15.547996209044136,0.0,7.859734397669504,True,MCag8sQOPuxFa23o
17.265365318079407,0.9986380047896231,0.0,16.138588316237175,0.0,7.850057344056804,True,ZrwZjN15lBC381BN
16.642296963522657,0.6054773873775104,0.0,17.887698443731914,0.0,7.827213202460962,True,8RFbyc9FW5fEqIff
18.94373928384432,0.07389162561576354,0.0,14.114193453691472,0.0,7.818723709610958,True,YYLWa2J8KZyrX9Ly
18.570758321848114,0.6835363391724412,0.0,13.840404402431192,0.0,7.818172241712223,True,YVsAxBXQPxmeEdGF
18.159931360476566,0.7553364535515428,0.0,14.479608853850818,0.0,7.808754849608478,True,BuM3VCVtq1WkwjyQ
17.648648558648482,0.4145854145854146,0.0,15.862455360396472,0.0,7.777609225300369,True,6GHPNDLIHD8Evsrv
17.343401955164886,2.64873415728435,0.0,12.696969271389246,0.0,7.7697495165789405,True,Y1yJ4jTNbVxTixzv
17.14340704721517,0.7349541710409432,0.0,16.2752838072699,0.0,7.768053228015272,True,CqIayzgeS658l5AY
15.773289909814377,0.7175603329449484,0.0,19.01592247152366,0.0,7.7637654269090985,True,pROMG7Hq8r8jDJKw
17.18257404230482,0.13261943896407902,0.0,17.16560003631082,0.0,7.762767077879088,True,KztthBapmWlIJGaE
18.611394327552514,1.4453245283409921,0.0,12.07863394878941,0.0,7.756544522669414,True,XVZP5lXyctlov3RL
17.690203588323545,0.46109830159089793,0.0,15.508699413630683,0.0,7.748640563939389,True,iZ6dtH3hYScKp69d
18.16088493846147,1.2607646656492433,0.0,13.196119432017117,0.0,7.74287456275332,True,uNFOlWymq2TFwvZC
17.658139672276107,0.34387804075399486,0.0,15.722875449790655,0.0,7.741842729339929,True,gLJpzK5eYuCnRDBX
18.02118152246878,1.2965172965172964,0.0,13.380725702216198,0.0,7.737592636202388,True,mpu5A2P6nyMTW15m
16.653763812565725,0.5371347714550142,0.0,17.29385195416029,0.0,7.724490629757514,True,jz8ixQ85YgTEsmhR
17.74290312123229,0.4332508460726042,0.0,15.228062772519944,0.0,7.715393063765829,True,L17n22GA39IkEJYq
17.97626826083246,0.018249285236328242,0.0,15.41442693148688,0.0,7.709606839281852,True,PGrsVzaCJNX1b1E1
17.210670957208457,1.087802776544906,0.0,15.11782202632309,0.0,7.702825285247227,True,s4ZRrORurv2KwRAY
17.365593010931065,0.2530868931666539,0.0,16.128612204929475,0.0,7.692241457310404,True,j5pSJnzITPaBdYf3
17.86427473555967,0.03626546319055486,0.0,15.435366018673042,0.0,7.683653689266495,True,kHaLisghwau0bPN9
15.936842281950693,1.1473231526645962,0.0,17.25770707190629,0.0,7.6565395335373,True,kepw0KAhGQnd0QDU
16.832449949190224,0.5028797478001841,0.0,16.416608836456167,0.0,7.637946247175538,True,YBaHhzYrXg8S4JXa
17.550986179748264,0.28608825729244575,0.0,15.307965039577835,0.0,7.633012674184265,True,TviLw2mCVDYq403b
17.143731931202428,1.7232748233128605,0.0,13.712882359013179,0.0,7.63087063904092,True,IuScGN56J64MF0Fq
17.768434766563374,0.7399324813117918,0.0,13.979206049149337,0.0,7.61239445766936,True,dyV6PZfMsMKXLhm6
17.263084301515065,0.3205395390796197,0.0,15.654542278890029,0.0,7.607241517057928,True,ihXhjbXkNf4STnGf
17.645223039375782,0.050100200400801605,0.0,15.325751118687407,0.0,7.604954629716046,True,ExXxCyDlMNehTvsL
15.80522472650668,0.6962959734362495,0.0,17.88560283844238,0.0,7.598481837077423,True,8Mqn9A6okDcxAgq9
15.938589449884116,1.2149128339289124,0.0,16.685529970844144,0.0,7.588134539074085,True,uJif6kylAqn8MxzE
17.14616975612244,1.0769584416421798,0.0,14.488700819303142,0.0,7.586395660142747,True,vjCXuOzdakipcio5
18.30868557733106,3.8874217525150545,0.0,7.3694481423211915,0.0,7.569878332676262,True,79tMUVyfIdy3GzkG
18.75127937652509,0.1932715331319627,0.0,12.53482919645798,0.0,7.5539260757092155,True,rCYduDSOqXYknJX3
16.691033411479125,0.3029301608283763,0.0,16.46882179854085,0.0,7.553365833431959,True,t6ltJZD0pLAkyiwM
16.50439110888809,1.3236544501367342,0.0,15.087300896509706,0.0,7.545326079677066,True,7Ei4U1aODW1oJ3T2
17.010096802336527,0.45174319727891155,0.0,15.495435016111706,0.0,7.540280092437442,True,O5EVdjDUuhaa49w5
16.035176419418573,0.5397066459458079,0.0,17.179965231412663,0.0,7.5224743720239236,True,hx3bcgefoNgvtH9a
17.692567671172657,0.6386261891318543,0.0,13.262318691492645,0.0,7.456774652358658,True,q2vcbApwuSoEmcLV
17.527344023081685,0.12185508325835981,0.0,14.437804373428397,0.0,7.4543376337533545,True,vQKErCCBwyXuL5cE
17.408796849662547,0.9914493521050898,0.0,13.14530677860141,0.0,7.4422974097152474,True,JonvoMhcg9ygkwYX
17.52733943834373,1.844441112690073,0.0,11.474179119650302,0.0,7.440438977623183,True,JsWJIlzNSemffTM6
18.746558976013475,0.1560094853767109,0.0,11.832514232884044,0.0,7.437847199080826,True,qYeY5tNhzK7MLpWM
17.695467869741652,0.011798481928658512,0.0,14.041370252818213,0.0,7.417795519327392,True,moorrnE6QA1EQZn9
19.821064080121403,0.0023592324630386913,0.0,9.706912987448584,0.0,7.402945980269468,True,gbIcQ6ecZn0bkl4g
16.391654502083355,0.5799806157738887,0.0,15.586916402253447,0.0,7.400528964906496,True,FHXdHOGWUA6TTWBW
16.633513061705674,1.5378278908428618,0.0,13.493391976428892,0.0,7.398519687686751,True,yhc6bG1OMQ3J6ZRE
16.361132522360695,0.2134146341463415,0.0,15.976204128440369,0.0,7.358124034510849,True,QUi3QTPXo3RN2M7o
16.138830100561602,0.05654909168021488,0.0,16.65282930752666,0.0,7.353710699217533,True,gg5hfS9d6SHxZS3e
16.237249135505767,0.8790969248734916,0.0,15.074120859727667,0.0,7.352067100829252,True,VYwKACuCFMM2fgRm
16.38002139420019,2.4665026952309663,0.0,11.74288520832765,0.0,7.292064873316947,True,xHKVc0qg7H2OkX3G
17.500971309997944,0.273509972457424,0.0,12.99562994165747,0.0,7.26801337736236,True,9T8MhQPkE7dyvMor
17.628556525039016,0.04572647944213695,0.0,12.981186991184039,0.0,7.247176626049845,True,veRn1vmHOPgrGPnE
15.934898454537006,0.3456755860835511,0.0,15.4457505769117,0.0,7.183751019418744,True,CtyaslLp7D9gEUJ6
18.64826285958465,0.4954494324573065,0.0,9.762335766423359,0.0,7.182691580953225,True,8H2ITJSWZhAD6eh0
16.103709536680974,0.11374788116691945,0.0,15.483594934233045,0.0,7.182089071430978,True,R6Fry5gVhVpU1KMW
16.914458809193555,0.2028985507246377,0.0,13.412790195909208,0.0,7.136980809825607,True,M9wBW3SDiQfFyYXe
16.11961729524803,0.945411332577108,0.0,13.479553069492926,0.0,7.094170982142625,True,taGghVXrqZfxClIh
16.678977987210015,1.6751751412518434,0.0,10.993375046006626,0.0,7.071493438376959,True,Lo17KAICfGBYQFeE
16.831877149339448,0.3016910201001578,0.0,12.97079207920792,0.0,7.070604711708062,True,bE4V6crlP4ow56DX
15.989613771446649,0.09394898917846828,0.0,14.413930215745214,0.0,6.982460911090394,True,2tqVGDygRZva0TWs
16.765019688923104,0.5586592178770949,0.0,11.777093066967403,0.0,6.935734671191316,True,b0h4Wr6FAqXjFG0Z
17.532169024556648,0.724079623646013,0.0,9.86817217859804,0.0,6.920896440068203,True,Hpbi7Ib2eb5tgNs6
15.856034074121757,0.7637196669712661,0.0,12.80039585870889,0.0,6.867799517785677,True,5KaPaEpFLsNLN2Y8
15.93755204932846,0.007690335811330428,0.0,13.191489361702127,0.0,6.7619116030066895,True,tV9UoqZGTxEemnMX
16.15100210891108,0.8906330981112482,0.0,11.169137802143034,0.0,6.743329577522591,True,eBdSEKQgF187Lgn6
15.632955550285752,0.5085658695472312,0.0,12.790297194704195,0.0,6.735572711678162,True,UlKTlFB6s2bur1ER
15.974478227335974,0.8877182169515918,0.0,11.462559394812292,0.0,6.7336569316605335,True,2K5sgBY468TW4yCq
15.896051347189536,0.20678246484698098,0.0,12.710512189252725,0.0,6.727087848756515,True,L165bOibyaFgpVzP
17.355047373904156,0.569847203095285,0.0,9.11593783183705,0.0,6.716366687720626,True,YErAYWX2JPimutA3
15.130534609495992,0.26226642912653986,0.0,14.020585502466858,0.0,6.707814815500462,True,6x6uZheB1nZMPCfs
15.762410794650247,0.3021593721471886,0.0,12.675038103999889,0.0,6.7055187970318535,True,MMrz6M319zzRMp3T
15.54060739901303,0.1537015137061647,0.0,12.624399194272154,0.0,6.594267477271273,True,jutAafJ5Mf99YhnZ
14.970543004312248,0.40601533465540357,0.0,12.50453125871396,0.0,6.468346423764619,True,crGEocrxhLquvVGA
15.182591197449886,0.014135607595533149,0.0,12.380107374235346,0.0,6.4153273672691515,True,YpoQ37N3votJffau
14.78286243374888,0.0,0.0,11.859585862735253,0.0,6.213796609534952,True,nESgBfgxH7yBZHBh
14.494476917309056,0.2181603046849001,0.0,11.267564018384766,0.0,6.093017754121657,True,XbEoDnd9Z4rfwaU4
