dark_patches,contrast,noise,ink_fade,blur,skew,difficulty_score,success,ID,split
35.01308291232464,0.0,16.908669906089923,52.59096365468041,91.59058590235902,10.0,56.88729324004868,True,W8wdFrxaW9VMnV3p,train
27.111438602881684,0.0,17.26715788569262,52.83888264403898,91.56424884894852,10.0,55.013922304829535,True,lI7LJVeZlTjPYXoQ,train
29.319130516254297,0.0,20.09309565216473,47.484476430159084,88.68040213755104,9.999923706054688,54.77465855510039,True,9d3AQIGYHQyCQTYs,train
22.463821063246733,0.0,17.04154678083686,59.656663800243585,92.02776343548966,0.0,54.704908214760415,True,qpbdzpSeKg3c0B2K,train
14.427532908015966,0.0,15.544273396818454,62.0442061181959,93.06853466660539,0.0,53.00079219349621,True,4qF3zwG4TSmNQXT2,train
16.30311322980414,0.0,8.858736317716637,63.58011378621967,97.3383768626436,0.0,52.987530355484644,True,bOI6uZuHCjnvFGsW,train
37.03784268835888,100.0,99.49048411972166,41.92191706507951,0.0,0.0,32.56741670306387,True,eNeHAUkUmpMXWl1l,train
47.04886620457606,100.0,100.0,26.527303125375283,0.0,4.999961853027344,32.31767526887044,True,PiLIRZm3itST5H6i,train
37.21328661014119,100.0,11.97729703146235,79.98890509777807,95.27702057158763,0.0,31.861548255389646,True,79tMUVyfIdy3GzkG,train
46.500304584141944,100.0,87.53364408629517,29.416295515770884,0.0,20.000076293945312,31.638385676831202,True,cBwSeId75e7EcsAl,train
41.498006048944745,100.0,93.50592596244947,32.54106568524281,0.0,5.0,31.15860354365217,True,aptc88H5YsQICiKF,train
36.28507820337548,100.0,97.63645413335892,36.67793163938268,0.0,0.0,31.05232399872424,True,JOeej3h27a9peXXY,train
44.01925411109535,100.0,98.64302964253403,24.570819897635445,0.0,5.0,30.96543195368103,True,kjcw3052hnxzp27U,train
41.3711908353041,100.0,77.830431313055,42.08802611222497,0.0,9.999923706054688,30.934963813532008,True,fNmdSy5qBOKhjyZF,train
37.2839423800379,100.0,100.0,31.729047431270047,0.0,5.0,30.916795081263484,True,WpIvFoB9JbSegK5i,train
37.83749343797854,100.0,91.09379316873807,36.226484635958826,0.0,10.0,30.868739261997113,True,mjt21n9iMJnLwriU,train
39.78589381374606,100.0,100.0,26.46771019637984,0.0,9.999923706054688,30.740011678015218,True,hSFPDAAww1IBHWvh,train
43.653917566373714,100.0,99.49961426930099,22.88105958553858,0.0,4.999961853027344,30.66463154174766,True,ejDLHm5h4lWWqiJR,train
35.953730726984325,100.0,19.51358997203257,71.01786274077135,80.76938106151064,9.999923706054688,30.657508964083505,True,gbIcQ6ecZn0bkl4g,train
37.07124927850212,100.0,100.0,29.350155155380207,0.0,10.0,30.637843350701573,True,xqfxQ5PkdzOtUSWo,train
38.02585283113109,100.0,100.0,30.1128606297369,0.0,0.0,30.529035333730153,True,oWOcKIebP06E7KPy,train
40.73566796039186,100.0,100.0,24.196108300017556,0.0,10.0,30.523138650101473,True,PUdqLhSHFl5Cs2kc,train
37.26401857330582,100.0,100.0,28.347975226564543,0.0,9.999923706054688,30.4855958739421,True,DwtPoCmS3r1E9yrk,train
42.85268384707536,100.0,100.0,22.543126519069304,0.0,4.999961853027344,30.471794358234067,True,cntBfvyPlBjstyR0,train
34.98274324707104,100.0,100.0,33.04861312139026,0.0,0.0,30.355408436045813,True,xndf85l6oVLJXq0F,train
40.179236003442156,100.0,100.0,26.409635422691068,0.0,0.0,30.326736085398753,True,2zLG0JZJsSYnNmWX,train
44.09932476785226,100.0,93.25990878979434,23.98279857729331,0.0,10.0,30.31037722589088,True,EZAP4ZkhiSUd82kg,train
47.160125839673576,100.0,24.31589877784091,52.92981153456634,75.2489560162775,9.999923706054688,30.285822569624408,True,yFxcfTtBHpPhrzxa,train
44.83085188140811,100.0,96.27735484384766,20.563451322728795,0.0,10.0,30.262006461474936,True,7ZzS1VuuCroe8miX,train
37.66689141409034,100.0,87.97062304952442,36.886634609729796,0.0,5.0,30.23964323289721,True,pDlThTpkOMWceyia,train
39.27882365035358,100.0,99.78956681439462,27.160072964695374,0.0,0.0,30.220155527686664,True,fH6m4Bk1BqStG9IQ,train
46.661166160707765,100.0,82.69248088568855,28.111449968720393,0.0,9.999923706054688,30.19144985207704,True,buiofUS8irrEm9fw,train
36.912557405881174,100.0,100.0,29.69051513556994,0.0,0.0,30.166242378584283,True,PbN7AgFVWN7IgOCG,train
35.48978605362463,100.0,100.0,31.410319803877783,0.0,0.0,30.154510474181713,True,9yQmtSy5gOSwFf4O,train
45.939050151931795,100.0,82.09171069522267,31.663978383799602,0.0,0.0,30.131314819026272,True,XBS5QXXuqkXerXdy,train
35.74560823320122,100.0,90.70433140457376,36.49217015338556,0.0,5.0,30.09048579966348,True,pLl5zyMnE21azoi0,train
41.71955411993868,100.0,73.83125183258697,39.8899263811915,0.0,9.999923706054688,29.98255776641375,True,pU1TO7gDyVvpMEcu,train
47.406107286458614,100.0,84.76300235581853,27.07873557605089,0.0,0.0,29.981724290197608,True,j6eS8tpWzt0nIOg8,train
39.49708730336713,100.0,94.02355532439807,27.431022454911925,0.0,10.0,29.964009615483878,True,ckVIKetfzSh1iUJr,train
34.93727390592826,100.0,97.43007961497042,30.57122251715292,0.0,9.999923706054688,29.963071107460948,True,7jBbNmf3dyAHtSOo,train
38.90084296011246,100.0,98.73531255006299,27.11549224945216,0.0,0.0,29.958606072427997,True,s5t2kTT7SOlYxGoh,train
39.51307281117148,100.0,100.0,22.87030026826295,0.0,10.0,29.952328256445462,True,Fv1ocC4AJ3g55alZ,train
38.63439987373663,100.0,98.92454155967417,27.129692205624664,0.0,0.0,29.923219643510215,True,JJH5OKhEHRQPFYNe,train
47.67437876763052,100.0,90.39062848942719,20.933262310242895,0.0,5.0,29.913841427370286,True,qhNgBuPc3mSsrbYK,train
45.94858763712108,100.0,95.0259676877993,20.636488709212713,0.0,0.0,29.868339804292706,True,RVRqLy0O8xgRoEbN,train
43.70546295280726,100.0,97.5857346314445,20.24311319695599,0.0,5.0,29.862848572309687,True,HggUoIymmHQpKO8l,train
36.426395851245275,100.0,100.0,28.780636652973627,0.0,0.0,29.862726293406045,True,nEUA5avlpc6quJGg,train
33.259043911442795,100.0,23.262595874888113,63.80231029643992,85.68987701796866,19.999923706054688,29.849102454583065,True,JmWAisJCtGvzln0C,train
40.85976458085381,100.0,84.21162311930658,32.414802541930555,0.0,9.999923706054688,29.829641306798283,True,JjQrbFo1Sop4oCPZ,train
35.68142702747088,100.0,86.37019074486174,39.6493957157475,0.0,0.0,29.80576451174648,True,jXIRLu3aNdTWwLhX,train
38.941420770012265,100.0,100.0,25.266377981498422,0.0,0.0,29.78863078880275,True,6SVyPySNfbd5W412,train
42.11244823874089,100.0,90.5961850436065,27.0797864271607,0.0,4.999961853027344,29.783495194309705,True,x9Sv9SXsQUxM4lcu,train
37.64080510884285,100.0,100.0,26.824076675972222,0.0,0.0,29.775016612405153,True,fk4LdCXvWMzu63NM,train
37.09258279319843,100.0,76.45157444353342,39.75196939270147,0.0,19.999923706054688,29.691271928672645,True,A5DaidVD9OeXwmDJ,train
37.150696759531236,100.0,92.26702407987779,30.261586888586777,0.0,10.0,29.680045179581832,True,5O1IEicLNIBPu1Qy,train
49.71858562717069,100.0,91.76601312750819,16.013966241363732,0.0,4.999961853027344,29.647339716843014,True,5JaYHCXmvtpE3Q6J,train
41.760001545236236,100.0,85.51727520091353,29.343630898259065,0.0,10.0,29.6363178460979,True,kG2FiZcneMx1thM5,train
46.56061473346644,100.0,90.98870069603969,16.536251280119544,0.0,19.999923706054688,29.595705229099206,True,Ah7PQ8QJULt7Tn5E,train
38.82619015859417,100.0,97.9372261484061,24.589583949428516,0.0,5.0,29.56504825179516,True,dPqW0hdkDzEtEV8W,train
40.000370625786786,100.0,95.97694385645019,25.827828139050055,0.0,0.0,29.562199862724235,True,UYYE0ehKB9Urjfui,train
42.75045844126642,100.0,30.621587228734963,53.558477637820324,61.03934877296565,10.0,29.544515660839195,True,G0JY1qL5SUuMe2ly,train
30.21843198544125,100.0,94.56403598277763,36.27443949009293,0.0,9.999923706054688,29.49409747709828,True,jupdOYr3i2G9L4Fn,train
48.83939979654921,100.0,20.23165198646919,48.93621206746285,83.02613356896205,5.0,29.433146839048355,True,9Gf8JfyQEf5FCQgh,train
38.71682758096164,100.0,100.0,23.591645926228267,0.0,0.0,29.397536080486066,True,CwfudMPmLHoY7Xrm,train
46.222942941227586,100.0,88.91625131328074,22.477153144544445,0.0,0.0,29.388604061207896,True,PzKYZmjAuDp3ViW7,train
36.25450940406176,100.0,100.0,26.564133437309792,0.0,0.0,29.376454038477398,True,AEDnvMju3TuU3wzi,train
40.9192168580153,100.0,71.58465057236421,39.43131113808604,0.0,9.999923706054688,29.3537602132784,True,GmFC4yErKMBfWBZx,train
43.4836428301308,100.0,87.70596221228696,25.231443210230182,0.0,4.999961853027344,29.32309177407315,True,wd0BGJlBKgFO2FBW,train
36.30756210129399,100.0,88.53710497900589,32.178544736172455,0.0,10.0,29.293165219408873,True,yuOHmE0mTFMTlEsU,train
37.27764146452585,100.0,93.38063771697091,29.772491470597927,0.0,0.0,29.281004317796683,True,d1J5GmKIjku2HChR,train
34.104125682664744,100.0,16.383346188124573,63.20168703163233,92.82060608154566,19.999923706054688,29.264897244591356,True,DdPdFWMBX77PVnnS,train
37.92107840714649,100.0,100.0,23.84543423579892,0.0,0.0,29.249356448946408,True,78OwFiWiJODdTmkj,train
49.34220354141258,100.0,80.63978428188418,22.817814207650258,0.0,4.999961853027344,29.24507946181719,True,xkxwnQrS7RPeMOkI,train
37.80089758454693,100.0,90.6473135825376,29.590747641649358,0.0,5.0,29.215470961847245,True,sV3vZhD9ejW9o3RU,train
35.16141429322574,100.0,96.3636231445024,28.52021350453964,0.0,5.0,29.198939745889724,True,xZFuryblCoqPew5f,train
40.262312875479054,100.0,78.97695746700049,36.368811715584144,0.0,0.0,29.185884182036666,True,WWPel8XOFDWKWLCR,train
39.48076501259899,100.0,83.45624683654486,33.98274376922444,0.0,0.0,29.185177032476364,True,QY0TKRiTyHVpguHL,train
49.229129313315376,100.0,84.15542580281385,18.71397761177559,0.0,9.999923706054688,29.17338790640877,True,R2pIu3TFBVlWy31t,train
46.21003821424998,100.0,97.98499386524986,14.555976240423576,0.0,0.0,29.16145388143469,True,0osXjXBzKJ98dANS,train
40.30052462451284,100.0,98.57692142113295,20.211676561361912,0.0,4.999961853027344,29.1540027742219,True,EmgbnkOsfE2htYzE,train
34.47553848436791,100.0,100.0,25.160879077288612,0.0,9.999923706054688,29.151056621852437,True,oZSmA6hZ1peEN3Hv,train
26.088797605918927,100.0,100.0,38.08893477460235,0.0,0.0,29.1399863564002,True,nP0aFeBFwmYRSkhy,train
39.51607565739728,100.0,94.6312672429789,25.329672010195765,0.0,0.0,29.139643402835308,True,tQAuzSsJimAQ8yRV,train
38.526699041636256,100.0,83.36801417571496,32.37757223305228,0.0,9.999923706054688,29.112387518679498,True,h4sjsrlBXaEYWHeL,train
36.003874108499645,100.0,100.0,22.863052401300138,0.0,10.0,29.07357900738494,True,ESinjOrHCAp8lNSc,train
37.71308405763128,100.0,94.54660566452657,27.219637554832573,0.0,0.0,29.054189375053316,True,BTbk77u5yXroUqQE,train
39.32588968110792,100.0,92.97363369315197,26.321502999850637,0.0,0.0,29.0418180742199,True,a8xYoGsr4Qqt15Y6,train
44.78030039848537,100.0,92.76866355579584,18.274515321196873,0.0,5.0,29.015277697230093,True,vorNAwYueXwXPBt4,train
30.69419922375478,100.0,100.0,29.193537329616518,0.0,10.0,29.012257271861998,True,AtYZFxDSYcvf1W8j,train
37.55098194934606,100.0,92.34216587000684,28.84704175051793,0.0,0.0,29.008478717941127,True,0wm1HqLu4ThzUoZj,train
32.538728236442,100.0,16.874395358630785,63.63574360332056,92.22267394766388,19.999923706054688,29.00411996625516,True,b5vRxXTxTw87Uy0j,train
38.525632923222055,100.0,85.71453743483247,30.044671318195142,0.0,10.0,28.99752310966941,True,aVTe6fJsU1J6Lww9,train
50.14794829132994,100.0,84.16505257664248,19.15327237215017,0.0,0.0,28.99239943375889,True,HUV2Ush1Y2DhwLtS,train
38.7294927867256,100.0,92.84682595516972,24.328412337607958,0.0,9.999923706054688,28.975075742781183,True,zbZycsJblY71lqaA,train
30.25389652675794,100.0,100.0,29.325565503302713,0.0,9.999923706054688,28.928583417652764,True,3sxH9rFtmZzlhTmb,train
52.73836788705975,100.0,20.178143301515444,42.61929177631964,78.6564778838918,4.999961853027344,28.917993809102143,True,wh4zzfKbF4zqtr5M,train
29.17866746011686,100.0,22.403450478369802,64.76024356645178,86.18515750517616,20.000076293945312,28.916494840031113,True,KkjuePEr3FulMrNC,train
28.93980022495686,100.0,19.80137460400225,66.0064392834098,90.13674520714814,20.000076293945312,28.91328517857619,True,2uXhwofies5eR2oT,train
30.720144473283593,100.0,97.75072901424622,30.342699032471472,0.0,10.0,28.911185276952125,True,BIEQFgv3AZKl8jUa,train
41.58195565213015,100.0,97.67915504926681,19.31325892559896,0.0,0.0,28.91001395554235,True,rlkjM8EvGLeCdZT4,train
36.91752058744752,100.0,100.0,20.86899036254742,0.0,10.0,28.903178219371362,True,riOtNIfGPkL8LjkQ,train
37.496598617431225,100.0,92.29935701520375,25.86519715254117,0.0,9.999923706054688,28.892088822449338,True,p6dG2MI4epIJfvHI,train
29.567247415382546,100.0,100.0,29.929689449736983,0.0,10.0,28.877749743793036,True,yaTnnrWTZYeKgZ3I,train
27.483432105531485,100.0,20.145860334368834,67.51139158774046,89.54444106508231,19.999923706054688,28.87223363264314,True,h62ysfYeMN2fSmBx,train
36.80031408992408,100.0,96.6793507669832,23.324962355526225,0.0,9.999923706054688,28.866969793936477,True,zvX1Sb6kx69rWtFj,train
23.134384613000705,100.0,22.1762357983476,74.40217353188126,87.45927640385308,10.0,28.863430049571225,True,ST1nH2w8W5BhBlSD,train
42.14724103838924,100.0,85.09282966837911,27.789652719656104,0.0,0.0,28.858665253785396,True,85QhQi7IOUFfYSv3,train
48.95801517534609,100.0,83.71616559574682,19.052168193151076,0.0,5.0,28.857362271828762,True,PHC1OR1kc81LyjIK,train
40.622191966776725,100.0,93.40122323884837,22.172344050476724,0.0,4.999961853027344,28.85019838026815,True,UL4uKVDSEkTSgyJH,train
39.846163184317255,100.0,84.89789300060227,28.156490814371438,0.0,9.999923706054688,28.827519094346677,True,6ErMq1Ryw1OnL1Gs,train
39.206248566611656,100.0,87.80478152984023,26.72303426950141,0.0,9.999923706054688,28.816882410331964,True,t3e59A5xQQ4fz81U,train
34.73290840316449,100.0,92.80730926205094,28.53337810136965,0.0,10.0,28.810999110372695,True,vn0SLBYBKYvISplQ,train
38.684020736414254,100.0,82.02391674951275,34.131782045409935,0.0,0.0,28.800949105612464,True,qlri5n1JPoLCkHpp,train
35.873973970167356,100.0,85.83075224251564,32.27466702308408,0.0,9.999923706054688,28.798035918838735,True,dhReAHIbNUkU7uxc,train
40.45195924734639,100.0,91.18668768386212,24.962585954486272,0.0,0.0,28.783510155313166,True,YwshaF7RjDRjH9sN,train
38.17837716071148,100.0,91.29781488112914,27.701663109935225,0.0,0.0,28.779599144334284,True,T3Hhat7cR2M3fvD4,train
35.89646132202608,100.0,85.86004406181408,32.09836614557294,0.0,10.0,28.772795168893218,True,AnBi72G3gqOqRrDh,train
24.959205052263872,100.0,21.812931720024306,71.64500713781614,88.2765357209733,9.999923706054688,28.754565419984242,True,T8SgyApXyBlWjHrx,train
35.87751806048227,100.0,83.62877156683304,36.19072656817869,0.0,0.0,28.75184056378126,True,nk50DlEWyBLJZPoq,train
36.56737610812327,100.0,90.46051155954189,27.70414110146278,0.0,10.0,28.751748981254657,True,N4n0AEU28HgpZBC2,train
37.39027181211232,100.0,94.76005278636066,23.440123268790458,0.0,9.999923706054688,28.749596710043004,True,3YaxWayIjfQ1kloO,train
29.886009376152018,100.0,20.621584243066653,68.66541738207538,88.92752030167506,0.0,28.744199471996833,True,s8J7dnQVgBmzEHeD,train
36.9543844406328,100.0,91.1501614832475,29.16468907755238,0.0,0.0,28.7440581481558,True,ZAySEi2vlgtwlTB4,train
49.41363753049454,100.0,83.78572966675316,17.72754853573396,0.0,5.0,28.716778539783398,True,kstboOXSpcrVh0Yy,train
38.05356717111223,100.0,89.07572794582826,26.68815343988331,0.0,10.0,28.712381672628958,True,pzETr7KDIvjqMeqh,train
41.673106582576764,100.0,78.31869900961743,30.19169629450289,0.0,10.0,28.704420755987385,True,crAhhCkMuLypKbsb,train
35.24445351464647,100.0,92.20639732703266,30.153300613986715,0.0,0.0,28.67273310051386,True,uWQSLzoBpDQUZjPA,train
29.26058542641917,100.0,100.0,29.269998353081974,0.0,10.0,28.66914602722119,True,prlZ86ciY21iiRSo,train
38.410166522359496,100.0,91.1618696082986,26.901455231192998,0.0,0.0,28.657113118073266,True,SUfGVwdgBo1evMXN,train
35.18265948253042,100.0,94.41661312744435,28.48974602129296,0.0,0.0,28.65610604400785,True,WuDkRr2vbcWaXbXQ,train
39.061688357696454,100.0,92.80959773837974,22.34467414047458,0.0,10.0,28.65579657827599,True,nwOsTMsUaglG6SNE,train
35.53078872384493,100.0,92.72160757283046,29.26388476460839,0.0,0.0,28.64371526980748,True,USsilUa8S8Kz2X9K,train
30.431790921570403,100.0,100.0,28.892815500280065,0.0,4.999961853027344,28.63650892309998,True,C94Hlq6Rw4vzLA8r,train
38.14851358468255,100.0,99.48104499009949,20.855753920972234,0.0,0.0,28.630435928880004,True,wwU90P0jpgjqmlMj,train
37.81691336203747,100.0,28.330515579902546,55.90528498712703,69.28350164594181,4.999961853027344,28.599035849868613,True,5hPYf7Fz46fDbygn,train
29.883352200285575,100.0,99.86197612581041,30.685503699511727,0.0,0.0,28.5872352088453,True,F48i2GDrmZhvkUDP,train
39.75490623214843,100.0,89.99441427455213,23.224144656689816,0.0,9.999923706054688,28.58271381586062,True,4s3offmR26jZyygg,train
37.22201095016035,100.0,99.24718626234508,21.808733309814812,0.0,0.0,28.55432733885481,True,KlyPyxLP51eHqy6o,train
32.86202526121275,100.0,100.0,24.185838932503714,0.0,10.0,28.55267410180393,True,ecQoXsf2o3gyrDO1,train
40.78084614512977,100.0,88.79630481412158,22.491198182325306,0.0,10.0,28.512896894865744,True,3qg0jJo2Yo49pD5j,train
42.42186937468729,100.0,84.86722367837038,23.342777156837002,0.0,9.999923706054688,28.504102512097518,True,T1q6KGtToB7krfHy,train
36.5672916707649,100.0,92.1319420696094,27.66634145864073,0.0,0.0,28.494882519860777,True,SdPy7BVppEc60xOT,train
37.62512268243158,100.0,100.0,17.922961088420948,0.0,9.999923706054688,28.49086907359482,True,vKzcNrxrQqYPZXMa,train
37.21834666164802,100.0,92.49864098557131,25.261555309620476,0.0,4.999961853027344,28.481691967823167,True,aP49RqsWkedeFw5U,train
36.968786053077636,100.0,86.05979829470671,31.628683054731482,0.0,0.0,28.476902868421714,True,9Vg8WnOnqQfkplJe,train
39.82921800178145,100.0,22.351805759231468,52.98530902023521,81.38592752585487,10.0,28.47643354466987,True,lHzpLKSzktZbQkoG,train
37.58330044402401,100.0,91.20982316339304,24.384334148144163,0.0,9.999923706054688,28.454161600446525,True,kON2zsrtDX1F36lu,train
33.25074741359186,100.0,100.0,23.205514205399595,0.0,9.999923706054688,28.453785879780618,True,2LeOtpJJjp5kuPxS,train
46.5389835399725,100.0,85.44515737089125,17.49551719636014,0.0,10.0,28.45062292989884,True,uSKMA3arSnWJYFIF,train
45.162784886451895,100.0,25.340009895772802,46.64043714277145,75.58320690099495,4.999961853027344,28.4489435722343,True,d0ZninoI7QZwZqpC,train
29.483729011939097,100.0,100.0,27.882773140799486,0.0,10.0,28.44748688114467,True,sozSptQLxEJHwBVJ,train
39.06398820235998,100.0,86.05998881419801,27.61141779171524,0.0,5.0,28.447278931062744,True,QirrDMYOugoobTuo,train
31.207412028133152,100.0,18.331485671656658,64.08401628998996,91.2797452763871,10.0,28.432366379599138,True,taRKyhVCdKLG8Cne,train
24.253355382195032,100.0,22.42201903161942,73.01650718539358,87.76598642567508,0.0,28.41824245865414,True,wZNLBsjAdOy0dTbN,train
36.03238979957482,100.0,81.10090806223445,34.92790219571508,0.0,4.999961853027344,28.40881219102326,True,tufJDaxmsKYtVNpD,train
40.426235714973785,100.0,93.74049572982939,17.42580082874953,0.0,15.000038146972656,28.402795361316397,True,w9A4Qhj5SKNBvbJZ,train
51.244619755191366,100.0,22.301999942727644,39.51321589535065,76.84108987473951,9.999923706054688,28.401148788316824,True,Xhf29bJraRpNbVKl,train
47.00596766209568,100.0,75.62337964639127,22.749707649529384,0.0,15.000038146972656,28.39494229973712,True,xqZz4yYi2OlXAvSs,train
28.68751672539271,100.0,100.0,31.099173912431766,0.0,0.0,28.391713963834533,True,rebdTSFSL1TrgKnk,train
36.05950694005032,100.0,98.06630107469536,20.776911134616114,0.0,10.0,28.380204123140103,True,MTpqQiES1gUIzz9V,train
47.94515599214968,100.0,85.97968843503621,14.972348476385392,0.0,9.999923706054688,28.377708143872663,True,3wK1giuCntNGLK58,train
36.690250044937834,100.0,76.2690210802821,38.82055147517753,0.0,0.0,28.37702596831228,True,8NzDIKPDzcK9HEne,train
40.6754546919675,100.0,82.65271261252431,26.546686677842274,0.0,9.999923706054688,28.376104085741712,True,4yLtUAW47U3fgOKX,train
49.245252511097334,100.0,72.0528525269875,26.2117848632887,0.0,0.0,28.361597979480194,True,9cCJ5RJR4SAKGV13,train
35.1911771962557,100.0,21.685435539903374,59.683611604029984,87.07622500874696,0.0,28.341143201292777,True,NOr4ncE2T6kZg5RG,train
37.768568122982316,100.0,88.79669016060511,25.36842429510041,0.0,10.0,28.33533041385643,True,QOpmX7bZjB92Ow7V,train
26.134838294678183,100.0,16.1749589424155,66.07814784492436,93.06341570968212,29.999923706054688,28.328749954803584,True,4GtMFxyYwU7CISo1,train
41.504332491184755,100.0,81.74256957839697,27.180555290453086,0.0,4.999961853027344,28.32357771029772,True,WcfzyyJEdOaSkfF2,train
37.855685017940445,100.0,88.42163956352654,27.935478061741847,0.0,0.0,28.31426280136246,True,Zy4Eb89rUP5ucj2p,train
37.414678215674336,100.0,91.44972139561918,24.946617793346164,0.0,4.999961853027344,28.31044941458206,True,8tEAUvCYPSashjd4,train
38.30645712769967,100.0,29.76051514921587,51.80430738661375,68.15357816434846,9.999923706054688,28.309228125150206,True,WaRyvzKsjCPAOmJa,train
40.450409650617566,100.0,26.952602527851226,52.26339984300698,73.8562913557501,0.0,28.300987328220973,True,klGWOini4uRn1tGQ,train
28.938484134836358,100.0,100.0,27.831207622021154,0.0,10.0,28.30086255811332,True,mZMi3qdPE3xJ7gT2,train
35.19762983434231,100.0,87.42204967798969,31.91322592992799,0.0,0.0,28.29536009626963,True,W8tTDPj2Gg6io6xy,train
39.273946734041736,100.0,82.86892447778914,30.226844941252352,0.0,0.0,28.29419434342927,True,TcMpwgeGChGepnuK,train
27.690972639141023,100.0,16.925715897474387,68.61721497209507,91.93002360165038,9.999923706054688,28.281540904210683,True,VbZcY4RkcIKyFzVc,train
35.631646879098064,100.0,31.7146982452888,60.204532986055455,51.46195943400666,0.0,28.279121025479263,True,nESgBfgxH7yBZHBh,train
35.377772436407824,100.0,100.0,20.920517095507535,0.0,4.999961853027344,28.27854462085483,True,tJTuSsoZPjZKHDAL,train
35.577199820688975,100.0,94.90179604300383,23.190326180824485,0.0,9.999923706054688,28.26763078309045,True,iAmP4ZHpOZIYbyYT,train
43.00198569017897,100.0,81.86840666902376,26.168378726844736,0.0,0.0,28.264433168267253,True,nIn82gLotIW9KfJ5,train
24.712938503930367,100.0,22.70040193757496,69.28421002749799,86.43829605166367,9.999923706054688,28.262047910004352,True,QuRVyODa5n6kCg8I,train
39.446253511785805,100.0,95.32142960361404,19.236844194475736,0.0,5.0,28.257146657383704,True,d6XfPKoIVU27c66l,train
44.60880087260642,100.0,84.96438717935132,21.78659740500916,0.0,0.0,28.25417777605613,True,0x7CLKlC5bF8QKw4,train
28.517796320351707,100.0,30.755422351451777,65.89423180168687,56.58686930868275,9.999923706054688,28.250948443879942,True,A0FOd3p5MonyC2RF,train
33.30857064664978,100.0,21.01244544019088,59.29699791423218,88.188116205639,9.999923706054688,28.247811056122195,True,FBafS13DwW9hTVI4,train
30.169442391608868,100.0,23.068325666027015,62.03737075961042,86.66268331432009,9.999923706054688,28.24321395074709,True,0U9WVefldiEnb11P,train
24.978201338003853,100.0,21.20898553098899,69.38952333241325,88.64205609040874,9.999923706054688,28.23590182045513,True,0MyuuckTr7Vk5Tf2,train
38.20628387928361,100.0,89.37987163090611,26.372250377558203,0.0,0.0,28.23300178996846,True,IriYg7VRBnc5QKda,train
39.937845074647726,100.0,97.17967069971654,15.80596862255527,0.0,10.0,28.222605598130468,True,NE87QeXu74dBz0Bj,train
31.021491771613732,100.0,100.0,26.04970652315025,0.0,5.0,28.215314247533485,True,KQP0GMkA0juYByb9,train
45.54984352734412,100.0,60.333510319673316,37.62471620219214,0.0,5.0,28.212430670225455,True,lzBOQnk84MVuAorl,train
40.920195500601736,100.0,93.31499382244029,17.315377984094425,0.0,10.0,28.190373545335362,True,FuN7WNHVO4cRgYef,train
35.330842245239616,100.0,90.76929954867512,26.169761263241014,0.0,9.999923706054688,28.18205393156211,True,QMg4og8fgDXG8ygM,train
30.331669971336293,100.0,100.0,27.94442047518575,0.0,0.0,28.171801587871226,True,U7aZFNSmheajM4hH,train
51.259710494769834,100.0,27.45554510657157,37.99239476054389,67.63845421115995,5.0,28.16366105234497,True,OpEIfYoh4P1NexgG,train
36.02722686210464,100.0,85.02482644081337,29.514539366182504,0.0,10.0,28.163438554884664,True,tVvovXkeGOhHGm5X,train
42.52193894800107,100.0,76.68025277060896,30.147660466710562,0.0,0.0,28.162054745933723,True,giUQfjte8mKpWTB5,train
31.648336953711514,100.0,99.90398414687422,23.726185380931682,0.0,9.999923706054688,28.14291512194808,True,G2uCGWo7RFvAQZJe,train
26.306062463374523,100.0,100.0,30.317378644853434,0.0,10.0,28.13999134481432,True,FT6Ce5fuMjeirNOL,train
42.11272578937225,100.0,71.69965509639547,31.775975731815905,0.0,9.999923706054688,28.138321043468295,True,ec6qdyV7RjLgfICk,train
31.481579421523236,100.0,100.0,23.81516636951713,0.0,10.0,28.133428129284233,True,2z3wHTMzmvLvOR1E,train
45.744342691250814,100.0,85.4711626961078,19.367146007195373,0.0,0.0,28.13018927866795,True,wCFGH1hETIR0I5sC,train
40.61228820176575,100.0,87.96966071265216,21.406472146846355,0.0,9.999923706054688,28.12981177201127,True,xZZqBxx577puIwe9,train
37.2382926434607,100.0,86.5653074789528,26.637974378967314,0.0,10.0,28.12196415850156,True,Tdug2Ir2mPNVbv1R,train
36.84768395128265,100.0,84.9511488650208,30.733414662819342,0.0,0.0,28.10127625013765,True,cuwMP4psiMzEQhQe,train
43.05733926453878,100.0,78.31829295989922,25.421171539451166,0.0,9.999923706054688,28.096309253312548,True,Xo1u0E3cUeCb9pAm,train
40.76456786760383,100.0,73.00565696810125,33.481290781003096,0.0,4.999961853027344,28.088246760968133,True,OUq92PlJ8EF47pHm,train
29.065192012996174,100.0,21.06536027456634,63.51734641392091,89.14545675640161,9.999923706054688,28.086840350340996,True,0qAbkepBWI2IsexF,train
30.175877717387596,100.0,100.0,25.189932677669702,0.0,10.0,28.08195596488084,True,WfgqNjfP74ytopVs,train
37.84568101108062,100.0,77.89435979361346,32.17668324703216,0.0,9.999923706054688,28.08090705652134,True,Ecq99AlkzRH1gDZf,train
29.446449636269236,100.0,100.0,27.33387916680512,0.0,4.999961853027344,28.0783863350797,True,vq3qKZ8XFNTUhl5C,train
36.72601507055497,100.0,89.49882608545087,24.75871245389567,0.0,9.999923706054688,28.05806635653824,True,7D0RFhoTnm830Yrs,train
44.38317946745485,100.0,85.91200881647424,20.35951877284674,0.0,0.0,28.054499943904197,True,TimFlG8hCK0nlmdV,train
38.65995482936027,100.0,85.95611749731758,24.980455517328352,0.0,9.999923706054688,28.054493620706108,True,9dj4ZPfPQFC4seDq,train
37.49852365526783,100.0,96.54026088188064,19.684059098979006,0.0,5.0,28.042481865894857,True,lgsriTCUaofjaFnv,train
25.358605292231175,100.0,20.824845539774213,66.78231252419499,89.14151079991828,14.999923706054688,28.02691238416157,True,5SBSKp2ISc5ugqwp,train
36.36485300488157,100.0,85.83499329184475,29.047689282872412,0.0,5.0,28.026000101571586,True,O4NvcCsc91FgWCTm,train
38.11365097491349,100.0,76.32742294656992,32.669692323965506,0.0,9.999923706054688,28.0114608358097,True,kXuSBTYEizYlbVGr,train
39.97695411960723,100.0,31.24140916371162,48.21848591608692,63.58977396942776,9.999923706054688,28.003631971450055,True,uKAotL71WbWb7fLC,train
39.79187335965327,100.0,95.06006156591772,16.4780270686624,0.0,9.999923706054688,28.002579173836192,True,7i97uwT7kmw69zgD,train
37.15416960178427,100.0,84.4587768621257,27.653343116436673,0.0,9.999923706054688,27.98802373835499,True,eqF93vAKYa4aOeHr,train
28.589559852352913,100.0,100.0,22.943959889168354,0.0,25.000076293945312,27.986185755619168,True,5OOq9SHy94KQYyY7,train
35.17006498791504,100.0,98.9174829649653,21.77360693095204,0.0,0.0,27.984860077913964,True,pcDd6xTmrx0DGzO7,train
17.868827058959013,100.0,21.37440885226234,76.89664205657533,88.5847755630125,9.999923706054688,27.981931467347533,True,xAB86eNAZzUDRyYa,train
28.217519933945546,100.0,100.0,27.087390028197163,0.0,10.0,27.971857989125816,True,qSC9yKEXpWv9XDRD,train
35.98472091712294,100.0,82.38709551934471,33.07500170097043,0.0,0.0,27.969244897376527,True,7iEAfPDM0tUJbRir,train
23.833777150356855,100.0,22.36371793363963,69.12100016392407,86.64028543519308,9.999923706054688,27.96921246748236,True,uj7Pzt6jW4VrnCtj,train
30.969180499092815,100.0,100.0,24.840760465148676,0.0,4.999961853027344,27.960445310454308,True,4Py29m6mVVaSI0mm,train
40.86807722074784,100.0,85.6874070756399,24.437886241677973,0.0,0.0,27.95770761486854,True,3wPbWUgzZFBES3gG,train
48.27649751451501,100.0,62.12489301725416,32.84730481909166,0.0,0.0,27.95731929503521,True,WbD9vSK9HINEPIAw,train
29.498302994815532,100.0,100.0,22.87597085241201,0.0,20.000076293945312,27.94977373388355,True,XiXPUP9Ax5yC366y,train
36.10435766574286,100.0,83.49562050814689,31.985715907157058,0.0,0.0,27.94757567408916,True,3ZCkKrYCBp6JaIo9,train
39.15440401644913,100.0,96.25975680956509,18.59895432540077,0.0,0.0,27.947355390627198,True,2G5R0gi9WYA6dr3P,train
37.62077246163085,100.0,89.35243956103949,23.172732285494035,0.0,9.999923706054688,27.942601691965177,True,eWCKNzFbJaJYMDtR,train
27.9056761360818,100.0,90.97527572681346,32.84480600002988,0.0,14.999923706054688,27.941667778351178,True,6l9h1ovTqYyNTSkj,train
40.441216946493476,100.0,89.02557643833701,22.383151148958802,0.0,0.0,27.940770932165684,True,Exy6jl792cJZ6TVP,train
28.511668578390868,100.0,100.0,29.061562615800725,0.0,0.0,27.940229667757862,True,BH8T470otO2f8tAX,train
29.849812720140605,100.0,96.3433465669114,28.859664948838727,0.0,4.999961853027344,27.935886247490973,True,6maa3GUUxFz7A8zV,train
21.33731424637424,100.0,23.84165851117167,73.59814981036486,86.07915515487456,0.0,27.934165058086013,True,SbthGBN0yaNxyz31,train
39.98950179617842,100.0,90.13937982410367,20.777699941182675,0.0,5.0,27.92382241089669,True,nPFz46PDjqipVJIq,train
42.02609888411462,100.0,74.61067268376237,28.61534361416865,0.0,9.999923706054688,27.921190531729472,True,Fru1svJKiK2FYv5R,train
35.52773279339783,100.0,71.60607564287903,38.9842447064864,0.0,10.0,27.919693486078593,True,GTjQijyKVrd6UOxT,train
46.628321969861794,100.0,77.90815995021688,20.365825217508984,0.0,9.999923706054688,27.91646571380251,True,KOeFDGxdF2KkxkqX,train
38.03479450226751,100.0,74.73150343728122,34.73848082577328,0.0,5.0,27.91612030631372,True,2DvJXNMETQxTChgW,train
30.98452395697478,100.0,93.67824360865754,30.560336093424567,0.0,0.0,27.90993474922724,True,68XTQQxO8JgaswWF,train
17.95597999957437,100.0,22.960212087379183,75.84062351526595,85.92291486444898,10.0,27.89729725927611,True,oFBwvqCzeCiCwE8o,train
30.49101714878656,100.0,100.0,26.36760390236161,0.0,0.0,27.896275067668963,True,rxXp1JPedNETNtg9,train
35.51461176880218,100.0,89.67365908454357,27.83018684333466,0.0,0.0,27.895739173549014,True,WvicwIv0Pl1XRDSE,train
37.974467821908405,100.0,95.66782808289821,18.976967792987608,0.0,5.0,27.889184726509352,True,cQyrjSv5zKaGT8XF,train
29.930003059990796,100.0,100.0,22.01407233292086,0.0,19.999923706054688,27.885311416884605,True,SRrsPVIZrAm2elis,train
31.52900232862411,100.0,99.57246881432357,24.083527197230538,0.0,5.0,27.88482634375067,True,yMH37QycMgL1YP9g,train
21.373160682473607,100.0,19.51865432671061,72.83845958505692,90.71183478077594,9.999923706054688,27.874368160977912,True,fgkXxGbttS4odzuR,train
34.61219716599703,100.0,35.1572466646289,54.969515517964396,54.06621326867967,4.999961853027344,27.873848150871822,True,EMV9gMy14NZQdM3e,train
36.10038940151233,100.0,81.59772123995663,30.5202848794698,0.0,10.0,27.868812512265535,True,YCLZJobTtWvDAjC3,train
49.033817129533226,100.0,75.07176047479788,20.47168151925308,0.0,5.0,27.863554657453605,True,igyGLtke0ct8sDUH,train
28.906913474363716,100.0,86.16623576327262,38.50163116169069,0.0,0.0,27.85198996541996,True,x2zrClKiKRo0gUrZ,train
24.436694311091024,100.0,23.50999395467868,66.98687065606907,86.12914105726095,9.999923706054688,27.839500040354157,True,OgKEf6IPNVRaheld,train
38.5206685935911,100.0,89.25615688810089,21.594656039113303,0.0,10.0,27.837521889435568,True,xI29vf1DWXsPmlJc,train
46.5669447566658,100.0,81.86911391005644,18.310299895896208,0.0,4.999961853027344,27.83416134750552,True,BnqtRsnOMqzGXMyV,train
30.072591212682433,100.0,100.0,24.033856940747228,0.0,10.0,27.824919191320053,True,F11cuBXGia2Kji23,train
28.933176537530148,100.0,86.0303036874875,38.43181143236954,0.0,0.0,27.82420197397957,True,tMAnF6JGefK15nH2,train
30.600112082463873,100.0,96.71738606671386,28.316345241158118,0.0,0.0,27.820904978854667,True,qAEKZsb6Wo0XBU2B,train
42.08550944103277,100.0,88.43526988759544,20.146814699997577,0.0,0.0,27.816030783397025,True,ueT7zFzXUCazmAOo,train
31.347097382502476,100.0,90.84866077211998,30.496161597019935,0.0,4.999961853027344,27.813303873498974,True,4djkWNdRfrCQBFMC,train
38.34296765692219,100.0,86.27787732866392,26.411183983658304,0.0,0.0,27.809660310261798,True,JscFzFGLUN7R503F,train
43.48642554622349,100.0,85.40441111935615,20.62668192505187,0.0,0.0,27.807604439469667,True,v9BJ57z06xkt8cyj,train
30.60543276577441,100.0,18.189985618375776,65.00832978969856,88.43537808165597,0.0,27.80329089622248,True,mfQxfOmeRmwBh0g8,train
29.235495933992233,100.0,92.12047065814468,32.12992033963691,0.0,5.0,27.802928650147145,True,sMnHngJrTM84Z3Qe,train
39.4065705619062,100.0,78.14744262544954,29.886527065705764,0.0,4.999961853027344,27.8010625400865,True,PFgjIXBnNPg6CTqg,train
33.7365338983067,100.0,100.0,16.821915372107412,0.0,19.999923706054688,27.798512734300893,True,YOB1qMVWwkwqKYlb,train
28.957979310935194,100.0,22.0984472019766,61.77340074403154,87.72128134700061,10.0,27.795006124186628,True,n38Ncug2Vch791eW,train
36.51342943662636,100.0,75.76161732151763,36.47648120885976,0.0,0.0,27.787896199156187,True,ZOatEE55qiuQIx9N,train
23.625830551718686,100.0,20.765277668183064,69.00176779641784,89.12421346559563,9.999923706054688,27.777809706023216,True,lPtejBQACA5PGbYP,train
29.990362691282268,100.0,100.0,26.347290185156425,0.0,0.0,27.767048709851853,True,m0Nv002bd8eyHdNP,train
45.63711247479843,100.0,84.73263499418925,14.473954367275894,0.0,15.000038146972656,27.76396614863181,True,Y3oobQmzvr3e9Xrw,train
41.08409148984042,100.0,89.49591523580322,20.325508914801787,0.0,0.0,27.760511940790945,True,84S5jIc1xLJjBict,train
30.725585498324936,100.0,86.64171878493826,35.4046227948396,0.0,0.0,27.758578751289892,True,nTLFf5GCZdDiGADK,train
36.26032659636071,100.0,92.77656387000245,22.624767085284248,0.0,5.0,27.756519646647394,True,cFTCJsISFmKlIwuU,train
37.637132144012355,100.0,74.61643288448249,35.77168596000867,0.0,0.0,27.756085160677195,True,MNmDgita8zv1NyZ3,train
44.303432719855024,100.0,82.76104512937789,18.737530858624723,0.0,9.999923706054688,27.737517306398118,True,OfLougfEQ57tw1wu,train
37.21003010033845,100.0,71.67404747732805,38.418559053374835,0.0,0.0,27.737326457358787,True,glE5NMc4YIGWhfEQ,train
21.83794729703558,100.0,23.82784376834552,72.0072392019926,85.94930625173987,0.0,27.73257654249624,True,LJ1X9U8YCkrZOuJf,train
36.386784006257514,100.0,20.33499738049139,53.08961589240158,89.34763184451324,10.0,27.73225037934407,True,wDZbfK5Fs3n9WQQu,train
34.995770906302425,100.0,20.58945822672073,53.32813237911651,89.25592919707536,14.999923706054688,27.71578058156352,True,wCJDmEY8Ifv4Ah14,train
45.55734936294354,100.0,80.79992646894655,21.024688484773236,0.0,0.0,27.714264008032515,True,BInQlEimJy17x1Aj,train
39.169072150097364,100.0,25.975916196643006,50.753833274855786,72.44687370089088,5.0,27.711765807036493,True,NkSnbEIhrhi7XXvD,train
21.381598970737194,100.0,21.531330759555605,71.24104860239598,87.74025926412554,9.999923706054688,27.710318225605846,True,4EivAd0syZD5GkPc,train
46.30806949749281,100.0,82.55638163233735,16.223441295740145,0.0,10.0,27.70516287837183,True,zhrsbNknpX2weDt2,train
26.205251802561957,100.0,21.572504416305183,62.5625564149857,88.0567788544696,19.999923706054688,27.702535024109622,True,KPUBE47zl7VeGilt,train
28.724880442437247,100.0,18.498237704679745,61.02473475374539,90.67353955021046,19.999923706054688,27.69457587987361,True,7h9d18xLf696wVD5,train
42.420961551837415,100.0,75.11247796752053,29.064380783865516,0.0,0.0,27.684988239860537,True,sQjpjiUTThaMf4j6,train
36.99597602009474,100.0,83.1050439016243,28.577881972152568,0.0,4.999961853027344,27.68032507734921,True,PnSZuAxgjBPLqq2I,train
35.4912107440804,100.0,75.17167498017048,37.60791158073809,0.0,0.0,27.670136249193288,True,K2rVcYAxzwUGjpVs,train
36.063439170391895,100.0,21.703745576044803,55.91917847363768,83.98243964262609,0.0,27.654379305863536,True,QH8gKPh45OKsJ06R,train
22.36283427242631,100.0,20.612778988936903,62.990397070240896,87.28957895349978,40.00007629394531,27.645187592867547,True,MfT9S5oghk9ywNSC,train
35.348588291018196,100.0,75.5059386595802,34.90390900368726,0.0,9.999923706054688,27.643815857731767,True,BDbcMdaQq4pywOvf,train
31.123923367216516,100.0,100.0,24.31233486564652,0.0,0.0,27.643447814933435,True,xpPakfrXzwQzzLmH,train
35.88556211651086,100.0,71.24532239323243,39.91797527246769,0.0,0.0,27.641783942606118,True,mgMCJ0LNM69dffZr,train
37.44239413952831,100.0,88.32971211954086,25.154011124705747,0.0,0.0,27.640857577754353,True,hw0y0Mwyl1XZSahD,train
39.91602850826377,100.0,85.78948333780744,23.96387151035273,0.0,0.0,27.640203929807605,True,dolcEqkTDBh57FcC,train
28.687353654921285,100.0,95.02572357032426,31.05874635312132,0.0,0.0,27.637446219903225,True,aSv0h3BSiEeoyfUZ,train
36.54858256917133,100.0,92.39748012846653,23.194201653234416,0.0,0.0,27.635607992209696,True,2BpLwzgiVzW1y7XC,train
42.93567085586585,100.0,81.03824273793951,21.17700759704732,0.0,9.999923706054688,27.62505182936959,True,NMIsYI3b8ki56c2v,train
32.732365407632,100.0,100.0,22.190458362558658,0.0,0.0,27.621183024419732,True,TtNZPHaQ0Jt7Qg84,train
31.502839992718343,100.0,99.71573224128532,21.404848826285217,0.0,9.999923706054688,27.61403578493216,True,3NQ6EnkaYonf7ZNj,train
43.23799168070191,100.0,80.06188070266793,23.9466680063464,0.0,0.0,27.60811362684495,True,WoMRbyY6qYZKc9KU,train
39.11014250243764,100.0,78.06802419525359,28.061438492793144,0.0,9.999923706054688,27.60002313875881,True,v4NN5l9IwwWWp6xR,train
41.02712198773537,100.0,64.9137868608968,35.50812945723662,0.0,10.0,27.595474417515685,True,ECJo1rCf9VaAlQIo,train
37.35993197651642,100.0,65.01335953973924,37.50144242095803,0.0,20.000076293945312,27.592279223978863,True,v5Blm9Pi2Z21CFPT,train
33.602959315581714,100.0,16.15410112284139,55.64844562109488,92.74209216831406,20.000076293945312,27.590652544653583,True,Zf2tTj1d1jJzgi0j,train
37.95274884419338,100.0,88.12777135321821,21.89966728005939,0.0,9.999923706054688,27.587282555345688,True,nRXVpa3NBF7mMCNG,train
40.308461742683626,100.0,88.15308736988575,18.935167988477787,0.0,9.999923706054688,27.587108324152062,True,STzzzgoU04SrFnkY,train
30.94004504603138,100.0,20.52208149514253,56.845571041177095,87.87583229395604,19.999923706054688,27.576225494015183,True,7QUTqAN28hrkTGta,train
36.05673851502564,100.0,79.61437573197058,33.09064158151516,0.0,0.0,27.574469304855032,True,VPBr1xiRUv4EDCwX,train
40.179428159797475,100.0,86.94884635839227,22.39629294950855,0.0,0.0,27.56644258360992,True,jRDeu8Vng8lXnq5v,train
40.03315997562526,100.0,87.5450923640434,22.123853683435783,0.0,0.0,27.564824585199982,True,AEbv8xhtpF4F79zL,train
38.42286944455629,100.0,85.14423442337585,24.68092720534345,0.0,5.0,27.56353796571414,True,Ep7XOjODFkBXrIPI,train
38.43729111292737,100.0,92.02131228117597,19.49758372633636,0.0,4.999961853027344,27.562034458326877,True,97oKGKOJUAIUh24H,train
40.70061553955794,100.0,83.5160959999807,21.783970587487445,0.0,10.0,27.559362402384078,True,1oHGkWjXggtZVvCF,train
23.386906857673555,100.0,97.98903951090595,32.53117240864255,0.0,9.999923706054688,27.551313308085525,True,vwal3jKQzejVObfV,train
37.96748699297807,100.0,85.59834527999999,25.994520020989313,0.0,0.0,27.53052754444238,True,2U9XCV3ZnyZHoIxQ,train
23.86435098999196,100.0,100.0,30.313360194768904,0.0,9.999923706054688,27.528755971754507,True,utGWhpJzyXyTEwt1,train
29.83273336950555,100.0,20.67324652676811,60.25848052061169,88.10880405488928,10.0,27.51630662825841,True,GD1NmcK7jRxl2nMd,train
35.66016796230143,100.0,77.84246170464652,33.27891959621185,0.0,4.999961853027344,27.497193258166075,True,8K3R5VHfGgPa9cZR,train
38.283184537024006,100.0,77.96221563976525,29.90630972173065,0.0,4.999961853027344,27.496388517218286,True,3qORES0hxGUKb2qk,train
19.741507886874512,100.0,22.75617044521636,71.51578238419764,86.72237153604956,9.999923706054688,27.48807377744582,True,ycsirrualw12yFOd,train
27.87189309942229,100.0,100.0,27.594526541499775,0.0,0.0,27.48687858315553,True,VAYhFhKkJZ9eE1aD,train
43.18779040476691,100.0,83.4774543991428,19.574199043188926,0.0,5.0,27.483405569700935,True,SGoNc4BiqzEjWHCM,train
40.97370937790423,100.0,85.65557011067119,21.904287168932782,0.0,0.0,27.472620294863294,True,fiPZA3D5YSM7BNlD,train
33.02408538660163,100.0,88.42354183078044,27.25976656398349,0.0,9.999923706054688,27.471502119366903,True,EBYdY0NQbMmFg6As,train
36.505444227203995,100.0,77.12666416157668,33.867478553669855,0.0,0.0,27.46885639177147,True,HEJ0WPahQwCp5PN6,train
44.483808942997776,100.0,79.28721862196167,20.988043061672045,0.0,4.999961853027344,27.46164173402947,True,DrK1dDNCFLBe9kbJ,train
38.01993017539313,100.0,83.19400209686086,24.868502386395974,0.0,10.0,27.457783335656607,True,4sOpnMYO1vl4PZFx,train
31.764281763999183,100.0,95.94489726726502,25.61830205190698,0.0,0.0,27.456465441470947,True,mAl2HLzOK45yVqTY,train
48.56580941433797,100.0,68.48395393505582,25.203742303631017,0.0,0.0,27.45479390456907,True,JEC02trNKktyHCQf,train
29.115789068677245,100.0,99.89918291614616,25.95125447308108,0.0,0.0,27.454075599207453,True,NRC3nf5giWhLUyw9,train
32.276091502043386,100.0,100.0,20.673200325123872,0.0,4.999961853027344,27.45366103318699,True,kaACSMEscosTsS3D,train
38.90331233494321,100.0,95.96421330349622,15.396174050968455,0.0,5.0,27.449694889453923,True,9Wvgfygw2wMqZcUD,train
30.449690958577467,100.0,28.876795694417424,58.56948408270182,70.66394006639746,5.0,27.441035913667218,True,LobYyQZqUy4hs8mG,train
31.197082349116485,100.0,99.0141036103006,20.159513711642887,0.0,15.000038146972656,27.433290778501423,True,sD9kN7kTIsll1TS5,train
26.757485641855112,100.0,22.756609327509157,64.93823113378915,86.84384876831304,0.0,27.432701474763633,True,GViYjblidreaAs5K,train
26.665429027098675,100.0,17.280154888642688,65.31203005664293,92.12765317623926,9.999923706054688,27.427165345514357,True,JY5Qoovx8wzpGxLJ,train
29.139582361197455,100.0,25.93327912969858,57.79907537728877,73.7633313571105,19.999923706054688,27.422865288370165,True,kZLBPQwB8giZdY18,train
30.67334356549177,100.0,100.0,23.7690092712717,0.0,0.0,27.422137745627282,True,10QrhU8DPSyyasuA,train
30.75552947968086,100.0,93.90255304461107,25.724379401400697,0.0,9.999923706054688,27.41913739219475,True,agEX0GmnjvRQ2VVG,train
24.643262322368933,100.0,19.241434765294684,69.21473224436937,90.58305344038709,0.0,27.419129916279662,True,OOkbONklvlhlXX0o,train
36.83824520562276,100.0,17.355408108219585,55.117824889299285,91.37397145025167,0.0,27.40513606801107,True,Ju8y4IxbU9BWyr9G,train
37.76577158392428,100.0,93.99050716459766,19.304684548600278,0.0,0.0,27.40095588039077,True,KAoQXDog96R5bbIP,train
36.6355217556878,100.0,82.24486369760511,26.9452878241661,0.0,9.999923706054688,27.38466374369867,True,xbqy3aEbQcfs2P6r,train
41.97079812985093,100.0,68.25083643804189,30.764684299663216,0.0,9.999923706054688,27.383258043404393,True,K5cQe9X4rTsUEmZr,train
46.1986736545511,100.0,87.83935306688485,13.280682867555669,0.0,0.0,27.38170794718164,True,4CX8r7WzBUuQovnJ,train
33.22411182490244,100.0,96.27917352212863,23.156070840034147,0.0,0.0,27.379118152551733,True,7IoyRTyEqjH3Bas7,train
38.93409627733943,100.0,82.2792764147352,25.21222227650675,0.0,5.0,27.367859986846486,True,kKpK12yR5IvyWViY,train
38.87570267930648,100.0,84.65941685750356,22.242838061122683,0.0,9.999923706054688,27.366401995979423,True,tGw27fQsPjdjxM0p,train
31.985079989349018,100.0,25.521888265592246,55.959018581889296,76.99533967594297,9.999923706054688,27.366120122653836,True,HCtCrb3CmNEjKOAg,train
40.9777252884578,100.0,88.23465891727523,18.180092397362486,0.0,4.999961853027344,27.3656467318296,True,x9BUUW3VkWBq4glW,train
16.94020082077349,100.0,23.346845796414215,76.6242248814055,86.07088451891892,0.0,27.365466276882547,True,gQKyaXjubNUTQjFb,train
29.34285342752144,100.0,16.645979838768238,62.057300770107624,92.4128652522595,9.999923706054688,27.36470993463283,True,9mx4CCCsfQtLcxEf,train
28.652391424482634,100.0,88.82448382288733,31.85556348990528,0.0,9.999923706054688,27.357879312837547,True,CoGoL6Rv6M21TQDi,train
31.272770780825482,100.0,89.54548897731229,30.521532733765866,0.0,0.0,27.354322588556386,True,5fg6hZ3GqQbzwqGI,train
35.99363049187802,100.0,20.600195885686922,54.086796270366705,88.83002885069509,0.0,27.34729770243064,True,SgPLOWVf8Dy3v194,train
28.20999307629878,100.0,100.0,23.950428463037056,0.0,10.0,27.34258396168211,True,FEz35iQHIZ9nA7pB,train
37.459459753999724,100.0,84.65537967138135,26.35809441048538,0.0,0.0,27.33479077130421,True,WbWUD9VaX1QumiRz,train
26.955111652281296,100.0,24.982916037735066,60.74920417471809,83.96275942350098,9.999923706054688,27.334190310151985,True,DRrNfG3VubxS4I49,train
41.803539462014534,100.0,25.843355191869087,43.91211126451212,74.48738504818635,9.999923706054688,27.334175834898474,True,AHUUMoprxadqgNxf,train
20.738594324334375,100.0,100.0,35.72421853274929,0.0,0.0,27.32949228763345,True,yakxcIlR15AgfWkn,train
29.197352389379418,100.0,83.40256565800016,37.597698420126946,0.0,0.0,27.329262630070268,True,Zg0QfulBfV4cVxo8,train
32.83131944393018,100.0,99.73857460998424,18.299198954661833,0.0,10.0,27.32845584341255,True,6o52HAS5xDVfLgGi,train
32.224430633560914,100.0,81.87082126905443,32.447680221833835,0.0,10.0,27.32626689311516,True,xqVbwYewpUQOgXLV,train
36.736267305300686,100.0,72.75535627754641,36.13458885379931,0.0,0.0,27.324288038716993,True,l2jg81lYexVsGQ64,train
36.526793351525484,100.0,81.55080341009116,29.797570306734784,0.0,0.0,27.323832910742006,True,UMRld2RXExpS7y4S,train
21.47898739056285,100.0,22.23318286948002,66.25876843758134,87.27340216572142,19.999923706054688,27.32014425916779,True,g9NIE4MigAvag2H9,train
39.538206486534044,100.0,71.94593841606849,30.679051789921317,0.0,10.0,27.312252742028043,True,wmYBFpx4RYwTHMAc,train
25.61657492046574,100.0,19.063149834337768,67.71064801871273,89.93963087875093,0.0,27.302727352947194,True,yXPPcN2dGvCvoXVD,train
48.14270819357602,100.0,74.22234878880943,18.154360092070732,0.0,10.0,27.299901385129566,True,ohbaT1zYspnRjlXW,train
33.7140034728635,100.0,94.10463553706556,21.258062555369477,0.0,10.0,27.295808709849602,True,bfI2CRQ9fGzmFuMM,train
40.72548205176905,100.0,80.63791876625575,25.062284332585435,0.0,0.0,27.289515194397712,True,k15qV1Sfsbydk2KX,train
41.909192368940396,100.0,85.8615931633268,19.639123531694253,0.0,0.0,27.28436177307297,True,zu7WyNEAqHCGsLBk,train
44.60112729843298,100.0,66.24803056770945,27.194578458871447,0.0,14.999923706054688,27.276398286841687,True,KPgjD4gVhpb5Dlrb,train
42.072744880710125,100.0,37.719640512248546,43.96294891255647,36.129046829079435,9.999923706054688,27.275170606282817,True,q2vcbApwuSoEmcLV,train
24.555355592546253,100.0,14.396820355280587,66.19548578916141,94.71275812697871,20.000076293945312,27.273100830307136,True,rTe2jJ4aqsCg43kc,train
31.916277786221393,100.0,19.508580726759853,56.89084739137758,89.73535624216674,10.0,27.27029384595318,True,gxLPauNi31vAGDat,train
28.903703898744567,100.0,22.79373399906834,61.34228245359676,87.04470708471446,0.0,27.26567791950147,True,NvGXQiMqIApYZdMK,train
28.32662442946718,100.0,93.66032973328328,28.160651970819615,0.0,10.0,27.26283596152321,True,V4HcQv4XNiMyjkl1,train
45.329149889006366,100.0,79.32690526168673,18.89516496784836,0.0,5.0,27.26035625507427,True,YsJV2oQ87wPJ8BOk,train
38.979229658637045,100.0,41.31823259987105,46.50921252618823,40.316546340419265,0.0,27.26021212689853,True,x7SQuAEZraKYldhU,train
29.26211351235124,100.0,100.0,22.214490893997848,0.0,10.0,27.258426556887382,True,RH0NzLgaGQ911xJP,train
42.19122769705885,100.0,85.39300070307411,16.989248764210515,0.0,10.0,27.25460678256793,True,VYrfGXnqnDqc7hHQ,train
42.55093204333852,100.0,82.50293930104982,21.20123083205469,0.0,0.0,27.253420072403042,True,MibJx6ArKT1dh3mj,train
41.28499511731855,100.0,86.47639202634355,19.803290649875905,0.0,0.0,27.25336571325635,True,GEitygznamZYXspH,train
32.872818223046465,100.0,19.622113075848784,55.51142381382368,89.54575336150457,9.999923706054688,27.24109013328163,True,9hPjXosn6qrdT3DS,train
26.340997707474287,100.0,95.50938906551448,31.618610515269054,0.0,0.0,27.235379889749552,True,wx8t1eB82PtoSfPP,train
23.883387568290686,100.0,19.472134393567753,66.8891248798358,89.30281962486958,9.999923706054688,27.23462919362121,True,whOi8uoG5Pd3PYAm,train
26.15109268066366,100.0,100.0,25.964681758307748,0.0,9.999923706054688,27.2307057071302,True,asUt1LLQF3jCIEwv,train
34.77800784838234,100.0,81.30775239157447,29.193519357567382,0.0,10.0,27.22936869234523,True,xgILw0jaiHsxXFAv,train
34.631003774021075,100.0,89.23476847017218,23.38739720434714,0.0,9.999923706054688,27.220441840203257,True,qAgNY1M73l7qdyxO,train
36.83118014884234,100.0,78.05064346777974,29.023606995581062,0.0,9.999923706054688,27.22010914179649,True,uDMih4ThyivbzSZL,train
37.367029780730945,100.0,51.844951480546044,44.59331939983633,13.601242137710955,9.999923706054688,27.217222339420193,True,8L7LqwrQ6ULrVMCj,train
40.60302283360432,100.0,18.174147487492466,46.38162414812132,91.24438229547145,10.0,27.21542177592279,True,RnBNbzS6guTYSwcQ,train
29.06732706780304,100.0,83.45004138869626,34.62760032483149,0.0,9.999923706054688,27.209854225524232,True,B8SjIneOUrOSPmTx,train
35.12138777339033,100.0,72.84573662837846,35.010042121747176,0.0,10.0,27.209215861953787,True,BSIVwpVQ86048HRM,train
39.979288392830895,100.0,86.53060225852654,16.154362704798885,0.0,20.000076293945312,27.205288792643746,True,ktvEjpdISrOIhb0c,train
31.841290432039912,100.0,19.2407331031334,56.749082808324886,90.15056802101682,9.999923706054688,27.203773721498543,True,HSFHB8bewdGTWOZo,train
38.0162926601733,100.0,77.17449937462524,28.104825258576767,0.0,9.999923706054688,27.2012093082552,True,MBfj9Lon0ieWmrKw,train
41.365517672500616,100.0,82.17799153447207,20.132415107939153,0.0,10.0,27.19456116988379,True,XMFgTIY72Kkq9gMu,train
31.168390387343422,100.0,93.47336516507005,24.396226472330838,0.0,9.999923706054688,27.192343851365266,True,wYYpLublqdiVAHhV,train
36.01274406681414,100.0,80.72247002076688,27.88262894707657,0.0,9.999923706054688,27.188078494536615,True,15qhODBLk4TS3YFW,train
39.7315575055708,100.0,80.2338685552932,26.04147804245379,0.0,0.0,27.17626526817744,True,lbTdtygujA5uqy80,train
35.30289131998855,100.0,86.47583129842548,24.38360222406955,0.0,10.0,27.173817969574866,True,sWVYCoIpt9ZYE51m,train
28.94823797314991,100.0,19.550839948122345,60.02976347515856,89.91286616202689,9.999923706054688,27.171277673941624,True,rNbtGWDVowUMFxro,train
35.151160752635775,100.0,84.02999642729935,28.894707363802112,0.0,0.0,27.171231125014266,True,ejAgBoS0krTHTJ4R,train
36.385280936151055,100.0,86.20670766392561,24.35764219008219,0.0,5.0,27.14885482164304,True,R41U5iE6Fh4ACceq,train
29.391067260287812,100.0,91.55332733833822,27.818359531391636,0.0,10.0,27.144437822101015,True,SFZCsbViLZU3iIzs,train
30.85109146862289,100.0,100.0,20.90058582701974,0.0,4.999961853027344,27.142888125211037,True,iZDQHJMu8W5CN0U5,train
22.7577866487822,100.0,17.590621534645983,68.60571333635805,91.85303876781506,10.0,27.141834498054813,True,9Yyul1VsgVuFoeQG,train
38.34426697320091,100.0,78.85356016400786,26.111317434676167,0.0,9.999923706054688,27.136360440139374,True,7sajZ21mmHA6IBbG,train
31.35861201384126,100.0,36.00471722534979,49.86648137732465,58.44184597201645,20.000076293945312,27.135752976025806,True,C5akFGsEmttD1KYm,train
36.76576935680864,100.0,85.31493558520052,25.728751685249023,0.0,0.0,27.13443301403204,True,HqF4fpMhXZuv1LVy,train
31.426732592601038,100.0,26.94939066140198,55.168653907307586,74.01456989498163,9.999923706054688,27.133547208873892,True,trQe5eMPRmws6XCS,train
29.42529807287575,100.0,90.74188779724274,27.066787086861424,0.0,14.999923706054688,27.130961290480368,True,1VRzuhRKIiu19YnW,train
37.315153266969496,100.0,81.5791705553857,27.82540576905619,0.0,0.0,27.130745053861467,True,PozUoS1fWwKlV8jX,train
38.984251140505755,100.0,80.10138454238611,24.316077481459743,0.0,9.999923706054688,27.12448214807904,True,dixFsmjynPcp7UM8,train
39.19269053355542,100.0,77.57907294461126,25.946901728446903,0.0,9.999923706054688,27.12441010607266,True,qFknTJDwbIkXEzHT,train
30.303671338066117,100.0,95.49925076131692,26.116294142606634,0.0,0.0,27.124064277235394,True,COiiH1kbcQw36u3E,train
28.474057867930075,100.0,99.98122397858452,23.783254715096646,0.0,5.0,27.122349006789527,True,qMBQQmXN4YiZXSsm,train
34.00231165281862,100.0,95.9361846785287,18.63351735986589,0.0,9.999923706054688,27.117705272259872,True,tym5EyycSRrSyvxZ,train
40.42578188767297,100.0,85.83492023433126,18.134105751825217,0.0,9.999923706054688,27.108500842735708,True,fWxwvfAvWeFzIdHA,train
36.55411868867728,100.0,85.67793499746699,23.075994759978585,0.0,9.999923706054688,27.105415059087818,True,uRaa9Eq5S1Pf4GKY,train
24.54009318681266,100.0,20.98690083237523,64.52259035319,88.3224875685548,9.999923706054688,27.103697055927924,True,3vaz098miVDY18d7,train
45.36348937203564,100.0,69.94603038570357,22.588723450000586,0.0,14.999923706054688,27.100517776167298,True,k8Jx68hM2AhhxKsc,train
37.000608378291616,100.0,73.56478215692466,34.074538737764826,0.0,0.0,27.09977716566457,True,3SUBokfmU5Zx05Ia,train
18.03694169144382,100.0,20.8992430088755,72.57490379183261,88.78438640024478,9.999923706054688,27.098318137873775,True,iapgXHACB1UY0Drt,train
30.98374247081698,100.0,91.27815143426318,25.793626314225378,0.0,9.999923706054688,27.096379780991533,True,bNjpiEQhK8nDSqXx,train
47.67180769752998,100.0,65.95598607591828,26.409346197904824,0.0,0.0,27.0932190753512,True,BJNdu54JXecIRb8h,train
36.52883764444725,100.0,95.9450839800846,17.84474647233428,0.0,0.0,27.092921302591357,True,yHtAd32jimvAK56D,train
31.354324974013117,100.0,18.420242953004283,57.096452332374724,86.42716042020825,14.999923706054688,27.092262359242014,True,0ZEKS9pLg7MtFroD,train
27.793795067757326,100.0,86.95038767858549,31.754522726246606,0.0,15.000038146972656,27.09191337132511,True,vYfu2mBX8SAnCC2J,train
44.403349518676706,100.0,80.07994837850018,19.878803971217863,0.0,0.0,27.088590430687777,True,qfrrFrPnUi7V3HVh,train
37.28004345134099,100.0,62.51785544525107,39.449158930917406,0.0,10.0,27.087520965806387,True,ctrKB2ty7ejUNoKd,train
40.261568790964645,100.0,87.991168650063,16.609980628109525,0.0,9.999923706054688,27.08605980617525,True,9nt1exN6uL51CEvT,train
38.918539804163665,100.0,81.454839376875,23.15005878117374,0.0,9.999923706054688,27.07786879910965,True,Hm3L8CPAOjdUxoOr,train
30.591020905650176,100.0,95.33277699071833,23.141453843921624,0.0,9.999923706054688,27.075958729107352,True,KvjcxyecdA9FK8Ka,train
30.525052439799325,100.0,91.36115049329892,28.652467070985907,0.0,0.0,27.065929098141847,True,XqfD3c0ys8Oykw8W,train
28.600289728356156,100.0,92.64392762427308,27.585564722094986,0.0,10.0,27.063774520148996,True,CGbZE5Gjmv7EU3Ht,train
38.80432550504895,100.0,72.4324196776473,27.482760998607844,0.0,19.999923706054688,27.06249271293364,True,dhyxDNcxxlPJTeJT,train
24.177519433564058,100.0,21.5999748346885,64.4455486700997,87.77971683378746,9.999923706054688,27.062467844606335,True,R1uViiAitMYfviRH,train
31.55075303347048,100.0,97.09915149408317,20.52644410530236,0.0,10.0,27.05784980354057,True,0AVFWH3x0dGYketT,train
44.688804081376915,100.0,81.00887789006435,16.150306380297195,0.0,9.999923706054688,27.053590165216058,True,yiB41hfs9jqnYAQi,train
42.082138540951696,100.0,84.79102689760555,19.06819634557189,0.0,0.0,27.052827938993136,True,jA2oQjwFbpKVSBxn,train
39.83052130893276,100.0,92.68238147077507,15.96070043758013,0.0,0.0,27.052127635365476,True,MeR3pzh84KpLMcNf,train
32.54741472189385,100.0,96.98319382188257,21.829018084519873,0.0,0.0,27.05013637065982,True,RtN0sw4gr6FQx7qZ,train
33.78875603871385,100.0,94.47767214710912,19.654156729526065,0.0,9.999923706054688,27.049667362952775,True,vnzULIZIgysXLIbq,train
30.92404943899423,100.0,95.940351182164,24.61158504040594,0.0,0.0,27.044382045154343,True,1xbuBYyuJJVmZnNG,train
30.96352627016018,100.0,90.16863529326673,26.35660807574864,0.0,10.0,27.037498476679783,True,TPYcy4OqXINdMdQg,train
29.50712425837466,100.0,92.49712930451778,26.42448722245581,0.0,9.999923706054688,27.036244090065228,True,fc6OFtNhQyhYKskp,train
26.95837755957983,100.0,24.173924973256323,62.037428425946196,85.17192502472777,0.0,27.031765072309035,True,JySqF9qa4X4hM0jO,train
34.818746084647415,100.0,96.17080108281527,16.971581941925763,0.0,9.999923706054688,27.024619257272033,True,2YjzLWwIRjBQrfYJ,train
16.288299527261376,100.0,20.004366738627795,69.9210180992936,89.27672546758875,30.000076293945312,27.02077360054494,True,baTY3OlGskirWgFc,train
28.64106865624593,100.0,89.34280626763692,31.02738314413979,0.0,4.999961853027344,27.017162825686345,True,JTuyMHsDGMBgYSh2,train
28.618969172120096,100.0,22.220394021291423,58.382937336844925,86.96184644617138,9.999923706054688,27.012477371204028,True,AG4l1kGDKuTzetXf,train
29.690977693095643,100.0,88.76021251342401,31.346715250010988,0.0,0.0,27.006119350289712,True,VitdyTslriKuAo1m,train
36.48013972831262,100.0,87.69204571745549,21.148225751771832,0.0,9.999923706054688,27.003483125353576,True,3OjzxaBY0Q5ljL8l,train
38.39535520444852,100.0,83.90114277397609,24.060330312780053,0.0,0.0,26.996076279764555,True,CfUGhlXL85SIizAu,train
29.80307370134128,100.0,26.819827054951944,56.98651784695193,72.4686828824035,10.0,26.99448019708867,True,eTzOlLZJQ8FcZkvj,train
28.905464755300482,100.0,23.650032226365727,59.54737908613724,86.20000560857703,0.0,26.99334712043628,True,HfOYQS2TRfhUooYE,train
37.28194064303047,100.0,84.86034590427592,22.175379942277303,0.0,9.999923706054688,26.984609220157196,True,UPDVV4FokZzsp8bK,train
37.03060642025511,100.0,68.12882941229861,36.26516978634658,0.0,5.0,26.980009974177886,True,lfjerzft3TC3AHnQ,train
30.783091911019504,100.0,85.50375900921955,29.783820781100474,0.0,9.999923706054688,26.97809717066064,True,GB16JC5kV3ECqWp1,train
24.342692698369436,100.0,100.0,29.452371364251135,0.0,0.0,26.976147447442585,True,EgRt7NnKRjukmXzY,train
38.65927210856727,100.0,79.20961228579942,27.13882667515817,0.0,0.0,26.974025205043365,True,ssS7mS2JzgiuWYL3,train
29.88032854659486,100.0,70.28599976968044,42.30378190708377,0.0,9.999923706054688,26.97373466882027,True,qYhMWpQKAayfbqD7,train
36.231651460507564,100.0,69.13322688207508,35.21873774504293,0.0,9.999923706054688,26.971640631749473,True,XwfESp9Qk3ILwfrw,train
37.11113833364154,100.0,65.98199695163062,36.47206327227579,0.0,10.0,26.969496780610136,True,o3SovHMYRxgo38Gg,train
28.20230412496269,100.0,86.08313650889004,32.528572537848774,0.0,9.999923706054688,26.968757200446667,True,Eul9z9usVSOF9KYp,train
29.551309473242615,100.0,19.019341282904634,61.05866971226685,90.30783551282539,0.0,26.96785427884099,True,oEmdHRDf7rWmLbmN,train
31.31030843059301,100.0,20.285726456485303,55.61804521141331,89.43463886797609,9.999923706054688,26.96577324710525,True,djN5Xq04IWatSBGH,train
40.522320787011395,100.0,68.47402947957066,32.81853333596702,0.0,0.0,26.965391285881854,True,4yZREsb0Y9YSvnyi,train
29.12515273070325,100.0,92.99977011431211,27.38348893033816,0.0,4.999961853027344,26.95794957854163,True,hRbpxFMCl93ELJww,train
31.19697595378726,100.0,100.0,20.79224631386873,0.0,0.0,26.95769325122056,True,wTJFDFh2U3jhwfn3,train
43.92140273954017,100.0,78.141787150606,18.751285618019793,0.0,10.0,26.9518758810799,True,Zer3bZ5I7YFGoqS6,train
31.224490636081853,100.0,84.596015553722,29.78026974794693,0.0,10.0,26.95157894166815,True,GBJ0CywolBMaKF2U,train
28.135724371112488,100.0,16.4850411373235,56.58251971411837,92.55060199720167,30.000076293945312,26.95072512075767,True,woAgiCzLGCzlX3kY,train
31.12466031057947,100.0,92.27458824465742,24.129719105894594,0.0,10.0,26.948297135522402,True,PWwZ5CUmbSywUiq5,train
22.897774803882143,100.0,22.918343673751586,67.39778207164446,86.04004420411776,0.0,26.943753876568053,True,R2KvElU31GpMCHma,train
29.003637156265306,100.0,80.53663924988878,35.55003728811084,0.0,10.0,26.94141263417181,True,WdinJ0Uv7WQ64dpF,train
41.12122505266144,100.0,64.3228922881882,35.041215406185046,0.0,0.0,26.9369831876306,True,HuvFXfZYDtMQcZxH,train
39.96845869584338,100.0,80.891786614177,21.544630523200937,0.0,10.0,26.934808770727578,True,KbQrml0koVcUlm0n,train
28.867652940309526,100.0,22.579453571480236,59.939816690453995,86.84138242411387,0.0,26.93386373009591,True,34eJBM0tG0tzRDsD,train
28.98303218925687,100.0,17.771674726692634,62.233276487011175,91.48430326307724,0.0,26.932379716874213,True,dB64zH7GewwVDhSu,train
29.233598043894574,100.0,87.50836402716456,29.95231540675441,0.0,9.999923706054688,26.92511338170194,True,UfYEYQNekGyW4PWG,train
23.976062277440057,100.0,22.280745925564442,63.69123175173164,86.9949342845051,10.0,26.924120522766266,True,neyVriWyz17oohyg,train
23.670832595203656,100.0,21.404187297657376,62.220201278144756,87.01623731023813,20.000076293945312,26.923192179287646,True,Xmv7RLL129SILBPl,train
28.996682395365358,100.0,100.0,20.869210884353734,0.0,10.0,26.923012775712085,True,zpB1axciUH4PfPOB,train
31.738567900333113,100.0,94.51452869889874,21.543017579517894,0.0,9.999923706054688,26.9204209811244,True,XLgjgkCDuAhIw9Xn,train
29.776024924742522,100.0,93.28833806980732,24.901616778562612,0.0,10.0,26.91758029736925,True,1S9BAdOg3Xr1UUr5,train
47.23452029009242,100.0,20.30912301663573,39.832548784233175,81.87663765600416,0.0,26.91534016466531,True,4kJHoznTvI8dQxWn,train
18.422164193001326,100.0,11.563120629113294,76.20829964877905,96.61876359319824,9.999923706054688,26.912603437335783,True,0Wg9ew4uHl2l8eJh,train
38.939010452616394,100.0,79.68583388897012,23.603961225064992,0.0,9.999923706054688,26.90841612681535,True,WgOCLhfd6cyu42Se,train
35.26726163821605,100.0,67.72212184945747,34.654537685347165,0.0,20.000076293945312,26.906045038739332,True,tBL3M2yCnog2fATC,train
31.89387528760298,100.0,84.89593477733501,30.989439118109658,0.0,0.0,26.905746862122932,True,IgAEcrBJSBeefq48,train
33.04668121242064,100.0,88.10979853745516,22.133482572778505,0.0,19.999923706054688,26.904832783581867,True,vUAimd7mMDtq2bG6,train
37.345248759066514,100.0,76.40144400002113,30.52895056340897,0.0,0.0,26.902318902451594,True,hKfKA9LKmnxpRcnO,train
22.720219226185378,100.0,20.651700516419705,67.02922616996887,89.33362510196193,4.999961853027344,26.900334465752536,True,IV1mn6z8vNWCtF4c,train
22.618822109051692,100.0,96.32605409428515,31.480733329168075,0.0,9.999923706054688,26.899756492542043,True,UeukGvrDOVGRXeTS,train
30.592529779104247,100.0,23.55064579052731,54.74891478888803,85.33112107501994,9.999923706054688,26.897064510186496,True,onoiFNXJVZ8UJ8iZ,train
37.03276266762265,100.0,77.09992582341489,30.36131760704761,0.0,0.0,26.895443061827418,True,QBptvWq3587sVotT,train
28.098247244885933,100.0,100.0,24.31503154923888,0.0,0.0,26.887568121069258,True,fkgRJlc0SMFblme6,train
37.2301177356409,100.0,77.84017352660524,29.495645156552257,0.0,0.0,26.88268449421146,True,wb0zaLRZ2Vv166Gc,train
37.40335987863775,100.0,93.73641061625317,17.308932346369232,0.0,0.0,26.87308803137126,True,jOkYRBMeyyMDHqJ3,train
38.66614345159939,100.0,31.539595524123154,44.46337735757039,61.4757864457937,9.999923706054688,26.863936170624818,True,m2hBfXjaPMNj7JAQ,train
29.577766389468817,100.0,94.55265378984726,23.883339921636406,0.0,10.0,26.854007650171575,True,rLcW2ctSM1dpERkM,train
24.57014277679037,100.0,100.0,28.541137199816674,0.0,0.0,26.850763134160925,True,uCE3ViqlRL0uZsmf,train
28.203336534377705,100.0,21.467756309749912,60.86930756566445,88.07738110824012,0.0,26.84872814860181,True,XtLO9GWKpMCxNwvp,train
35.40118401402875,100.0,72.93488607846547,31.538190003972787,0.0,15.000038146972656,26.8481688234202,True,yyctFtC3pnJL1fqD,train
29.740508092845722,100.0,87.63012983670158,31.31635333083986,0.0,0.0,26.842917164884643,True,WyB2fW66tMIjJUlq,train
41.78043364794141,100.0,85.82775150959068,15.117749851834745,0.0,9.999923706054688,26.84281729409364,True,cXQyS96TFprMLydg,train
40.63737486741095,100.0,84.31517782059902,20.177825871066318,0.0,0.0,26.84218556415585,True,m0y9JGPFARFAT1CF,train
37.34587134244548,100.0,75.07759613709985,31.20945740022836,0.0,0.0,26.83999873622202,True,1YHqj2lEn3zV1iDU,train
24.834410876246693,100.0,22.198407670592427,64.91516466872338,86.36501148503038,0.0,26.83964737764673,True,tyandiRngieFHhCY,train
36.464508914768516,100.0,70.38988436465937,35.82485498494118,0.0,0.0,26.839580880379273,True,NIFyIj2NK6BGFT2j,train
29.46872632691796,100.0,94.50865382547137,26.467164287427366,0.0,0.0,26.836912513035667,True,hu97IL71fkZBI4zW,train
39.485246568471595,100.0,85.48064524273497,18.20748883719989,0.0,10.0,26.834906195968124,True,WYqtPcC9BzmRtMXm,train
19.706457077673416,100.0,21.32010127590217,69.17976354200869,87.4235770359194,9.999923706054688,26.831757206304122,True,gOlKOJwyCSiqdxxv,train
41.44532034423929,100.0,79.342605564749,21.588763665660565,0.0,4.999961853027344,26.830471746555652,True,KSSmCPzf8z0uklJ6,train
30.726235476884575,100.0,99.28420682581498,20.016298632169153,0.0,5.0,26.827449619527222,True,A1QQdem0WGjUrflC,train
41.904230757634735,100.0,77.03064000581819,21.461832178533427,0.0,9.999923706054688,26.823016311290832,True,OJhRQ83sCjOmDnwA,train
40.49403161013821,100.0,81.34163523819348,17.48254173329046,0.0,19.999923706054688,26.8212577202244,True,4IKJm3QZcvEtQ0IJ,train
38.62653395255917,100.0,70.57159075332844,31.64188196916257,0.0,5.0,26.82074849497157,True,8w0SwLIwhyciggKQ,train
45.030143650577145,100.0,78.3862421639504,19.026345419292014,0.0,0.0,26.820741321095248,True,vuzXkBdzWcQ7Pj5K,train
41.97147215481702,100.0,87.08495711330184,16.306714802227646,0.0,0.0,26.81695456614506,True,zQSrZsP0fXhgQTNF,train
44.897530980319864,100.0,74.16130713958951,22.33675904703736,0.0,0.0,26.815930625425864,True,HuVNG1r8qr4cJJQK,train
29.549328318013607,100.0,92.69411355720845,27.621489130190056,0.0,0.0,26.81574693912268,True,bKBlwI3HRwCBTBMq,train
40.11846513531542,100.0,12.137677363865018,50.85236939078628,95.88229553983915,0.0,26.81485654355782,True,TL99t1Mw8fyRUvNL,train
30.28195644142942,100.0,85.09275462045255,29.876060394357367,0.0,9.999923706054688,26.809610567599442,True,zWnpQsPPRVkFkbm3,train
29.703396015783078,100.0,90.23183864289695,26.736571520936437,0.0,10.0,26.807939104567595,True,5c2b19kEWoaaQ2GB,train
26.607676389325903,100.0,92.17163809256849,26.64794411483868,0.0,19.999923706054688,26.807249819487218,True,d3IR5RXi6O5mfCWe,train
47.228081350277364,100.0,69.67785730719883,22.682325467922837,0.0,0.0,26.79516402723373,True,2S5gUysMmTj3H4KY,train
30.04435710821191,100.0,22.525346344039797,59.52078639544855,80.0046993160867,0.0,26.79428347355299,True,zBqPlEpI7TBOM2z1,train
16.28468964504945,100.0,21.703003870491145,70.64927660030851,86.75358700595729,20.000076293945312,26.794161476892867,True,icFv4Q6icqzY5L6d,train
32.28039734157749,100.0,89.643982596677,23.885366282771884,0.0,10.0,26.7937699814503,True,g6gHjpmNHq0wrYzf,train
39.36747653820096,100.0,86.59544470988568,19.8001321403338,0.0,0.0,26.79121226909985,True,BSeyiWakHVhkmC3h,train
29.003129529250614,100.0,82.81430052796675,34.3298197948063,0.0,4.999961853027344,26.788889513120292,True,NGbPQJvgmnUgoPIW,train
32.25088380217613,100.0,26.771083486553984,53.46525543827462,70.33866852003695,10.0,26.788367987183904,True,Um15UG3VeAFtTUiS,train
31.346874399463204,100.0,21.62361550838691,56.53666643974262,87.97837498278072,0.0,26.786512963211397,True,S7HFCNO6W96psFjs,train
41.40797840921207,100.0,77.15945721803826,24.302555520786825,0.0,0.0,26.78642428916612,True,i4detMeZh3HOXKsg,train
35.920249811639486,100.0,79.3044139353996,27.053059382534812,0.0,9.999923706054688,26.786332605029507,True,Ed3OLL8NeE4mGh3R,train
25.78883787973532,100.0,16.385548959302856,63.63534351444756,93.04737386831499,10.0,26.784479210134517,True,D7jUel63z88qRu8s,train
30.9038622337833,100.0,79.14026189075966,33.43203997533347,0.0,9.999923706054688,26.783409022429204,True,LtNd5vIXaEDG5EKU,train
38.761892349108805,100.0,73.30049496330989,27.980196772538207,0.0,9.999923706054688,26.78158287158406,True,Z4R7IsiBH3x1hF9L,train
31.302195679204672,100.0,32.30731315336759,53.22405293865162,59.29442371395185,10.0,26.78117766623422,True,Qors7XZio5ZJg1Bl,train
38.11802656797563,100.0,73.76825516192721,30.92217834004923,0.0,0.0,26.77918058429284,True,gXd9E6aDhBprJx3Y,train
38.94902122108281,100.0,27.043981443280117,45.9995068837313,65.69827154704029,9.999923706054688,26.778663661163726,True,k2kNQku9HEPMYAXU,train
41.01522466285763,100.0,84.94608475838879,18.904643686671562,0.0,0.0,26.77664761680704,True,VVIZM5oForBFbyvQ,train
28.205900971751923,100.0,76.90844922455177,38.41359382030319,0.0,9.999923706054688,26.770457575984118,True,9yvlFSFx7ZHrZfUB,train
41.917991280193675,100.0,78.09305461306681,22.86709302353887,0.0,0.0,26.766874616716215,True,U9msClRel9lVGhyc,train
21.996084829274494,100.0,20.69571736673477,68.40665860338314,89.44278032430046,0.0,26.75684954922049,True,pvc9AiedHsceu3E2,train
42.61647691458884,100.0,86.18235441457057,15.875600595880783,0.0,0.0,26.75659251000895,True,N8OAXNKZy3XQs1JP,train
42.612829984969466,100.0,81.31127818446461,18.27298694946529,0.0,5.0,26.754496613805117,True,zD9aDrlh9v7peMpO,train
39.80063355820086,100.0,80.3831983165179,22.484144542908027,0.0,4.999961853027344,26.754465138260873,True,CZaeT06qk4B29Qib,train
29.421372678264525,100.0,93.76426731854752,26.668406758423117,0.0,0.0,26.753664619032882,True,zGccciTvZEHDjM5G,train
31.20507543118754,100.0,88.19259992439598,26.1148922315286,0.0,9.999923706054688,26.753133478064736,True,rEiyj3K8cujNfG0X,train
35.3127130051456,100.0,20.306391023088274,47.3834326406995,88.01618612706208,20.000076293945312,26.75163655393991,True,HP2oj8KXGCyZSJfP,train
22.833762156778143,100.0,22.493500982119336,63.9760759479851,87.45096617401937,9.999923706054688,26.750225370113164,True,ySU4ONT9JONcITCz,train
29.487838810499202,100.0,19.36571874166344,59.96537936886352,89.56368474992269,0.0,26.748077625143157,True,h1mqRdoFFNeDaX8n,train
39.96356153246188,100.0,80.71783599930706,20.729859385139278,0.0,10.0,26.744537660039384,True,p3bhTzdtNV8HBa08,train
38.09979212661604,100.0,73.61178673561558,29.63764728142526,0.0,5.0,26.744245498281394,True,8AEEISYk9SBw6SKy,train
21.306702113786635,100.0,17.082341424749778,68.68451804249001,92.35248511107898,9.999923706054688,26.74355079151381,True,UJWwVHbmobHAOq0g,train
27.46339290494919,100.0,100.0,24.369797794737764,0.0,0.0,26.73980778518485,True,RSvcsROd2spn6nnW,train
29.273415715517444,100.0,89.39961807109285,25.036292114600812,0.0,19.999923706054688,26.735551247766185,True,Zl9hBJ9QnnxY7QES,train
36.89585117040644,100.0,13.995527937649957,50.88151636529042,94.57313789810141,9.999923706054688,26.728248336514994,True,z2EBoCk8bmPCosXq,train
35.6300072620751,100.0,20.181525332236866,49.24278958751101,88.86581015514086,10.0,26.726579040613554,True,NxaNW56UrkHPeBIo,train
21.634434946911867,100.0,24.11496681825225,64.55973649945615,85.72915928160694,9.999923706054688,26.724255208740118,True,Kc1DJCluvcTxthv4,train
31.533679640065515,100.0,87.17290214649921,26.28885471998683,0.0,9.999923706054688,26.71712236129136,True,pG6SDBl3f6w5ETFZ,train
36.28358046684588,100.0,68.90029543434139,34.01805198353682,0.0,9.999923706054688,26.709546013872774,True,Z2mR1OD41ELWIjS3,train
30.26740865326148,100.0,17.25817568223727,57.22941259569103,92.12606972741264,9.999923706054688,26.707760706462533,True,td8YAjp8lg1xhS91,train
31.82925243273362,100.0,26.26713356202642,55.383860157837894,74.63893860941315,0.0,26.706102104525606,True,frwEdBu7SI5SBXGB,train
22.313817072335958,100.0,100.0,28.137375112681866,0.0,10.0,26.70592929062036,True,pTjsBaNwpKAlQQfH,train
28.382559226105503,100.0,92.69155630675161,24.775737363969654,0.0,14.999923706054688,26.704516910635782,True,ERaEE8rxTrsEUS9Y,train
30.90019088784832,100.0,100.0,19.8618515696769,0.0,0.0,26.697418035897464,True,rmAMD7qwDT9Hnue7,train
16.616463547483335,100.0,15.199034741288349,72.83191592602054,93.85270315766557,20.000076293945312,26.69299325584874,True,mesbSOn5eKS1hzBA,train
34.68362263189326,100.0,82.54516474510851,28.158797814677726,0.0,0.0,26.684439932675136,True,Rla5fQilC5uYY5Kw,train
23.240643381558836,100.0,21.115789029590918,66.39340826045111,88.48134167402488,0.0,26.680277935619813,True,HOB6EEZcBBFiSfMU,train
28.80104823585006,100.0,86.93256733341147,32.200121600751814,0.0,0.0,26.6801714791246,True,fsGQONvf08WpRtoZ,train
42.15057981018096,100.0,10.659068153098051,46.08990993704062,96.4776987610369,10.0,26.678372100969916,True,qM5q4bWpR7YWPR6N,train
14.524493055365424,100.0,23.492675895230217,75.98101358049453,86.46365653675298,0.0,26.674410191062446,True,OkjmIPbenQC9clb2,train
21.572502876232488,100.0,99.47253998784228,29.273065822034937,0.0,9.999923706054688,26.668616066944185,True,aqypCWr9vtLUKaqP,train
34.66258481362979,100.0,63.127177944116426,42.64988045872715,0.0,0.0,26.66469898677034,True,vsVI78ZmmaK9xG8F,train
30.02852029082152,100.0,84.52498855903843,29.859715947009846,0.0,10.0,26.657821545963113,True,fnkzgge74EJdbXzH,train
26.804874516208812,100.0,17.48487489417572,63.75516155593135,91.61322474938537,0.0,26.655643411834102,True,MFkLAHVklUJGQ5vV,train
31.541399741595974,100.0,97.01610703504619,21.08585580504679,0.0,0.0,26.654937151665276,True,ngbzEjrvmbFzkt19,train
37.53439924673626,100.0,82.1693795694517,22.22672551215922,0.0,9.999923706054688,26.654348034836396,True,JNm74xWqztzn0LIS,train
29.058990302563373,100.0,100.0,21.9143678721656,0.0,0.0,26.647621150073963,True,sqkfI0jMQKIEsFH6,train
45.27317652031053,100.0,74.63747351170028,20.667853970300555,0.0,0.0,26.647485950892786,True,ovO0ctCAoK4kInXO,train
33.47778052757289,100.0,100.0,11.388087662993541,0.0,19.999923706054688,26.647058849794664,True,tzQPxC5HChpoevbL,train
37.922978350969935,100.0,84.09866950164891,22.747039258064433,0.0,0.0,26.644952864602708,True,CrpQuvnD9Mvb6SiP,train
32.54871733660316,100.0,19.697852669191313,55.34353366468568,89.67587326586619,0.0,26.64435763075993,True,Y8q5eGRNcW8Qiss8,train
29.95432920919709,100.0,89.27441866123468,27.542568985578797,0.0,5.0,26.638258898600235,True,6rlLBO0FfEwAvuQg,train
41.310179634383324,100.0,81.43607376450603,17.956641888360068,0.0,9.999923706054688,26.634280536246486,True,Y1oYwoioBBfGwcEz,train
31.360439236315663,100.0,88.92760870829414,26.004067460906256,0.0,4.999961853027344,26.630062700155655,True,A4PZcbhOWnBx4Shd,train
38.86957700633144,100.0,76.66701240551876,24.557818313990737,0.0,9.999923706054688,26.629005960511556,True,PdY5Y9pFyhpFOMeH,train
37.11683790578641,100.0,91.161325279722,18.32278762920089,0.0,0.0,26.61796579424508,True,mTTGusap5mALLMvi,train
26.22484640987981,100.0,20.089260163624925,60.34217115148977,89.57683090624639,10.0,26.616876402623966,True,o5bo2OIsyMgRlJgx,train
28.611184831628492,100.0,16.36260707156925,54.51528373357445,92.12933640802105,29.999923706054688,26.61670702106119,True,eTLeR7GdZtoG5tSp,train
38.696056574975636,100.0,59.99909105217347,37.212834641481,0.0,9.999923706054688,26.616440915168866,True,OOT3KVdDZMTYK9Bx,train
39.11426975425142,100.0,81.80892192612433,20.33238060105657,0.0,10.0,26.616381847692814,True,bvBlAb3HuyqfhgIk,train
32.56971301381887,100.0,86.79489037438309,27.27295193514057,0.0,0.0,26.616252196640296,True,HjJV9Fio5RO2jtOt,train
36.50707822125746,100.0,76.69213491243177,27.418803732902703,0.0,9.999923706054688,26.614346724062404,True,7d6Y22onHRFVI4HR,train
31.103929036490374,100.0,20.546555316839633,57.98706332148773,83.1622695424289,0.0,26.613491698067534,True,7cL8lDtLpRK0cLHf,train
34.3590678559768,100.0,81.11151917394409,26.778594024019426,0.0,9.999923706054688,26.612209830192434,True,D7Mhgjsq5lfeF2x6,train
28.088340315771266,100.0,21.159369981228952,59.94919100147632,88.52187179961939,0.0,26.611922366403395,True,gZTYL1EmGfQU3ZRK,train
43.602816168353,100.0,75.9353472926392,19.08987566690888,0.0,9.999923706054688,26.608977454668636,True,INWVUFR8NU0fCC5X,train
37.067956410510874,100.0,66.78333300815123,34.08677864167389,0.0,10.0,26.60184478218518,True,EFxKnxYJBen1XtfF,train
29.2361463123366,100.0,22.6919641046329,57.85013197622501,86.37038327988938,0.0,26.601376753018556,True,iFSqEaAMW62x9pZe,train
37.62341306074103,100.0,78.47917829688075,24.613817366633185,0.0,10.0,26.600493483044005,True,L9jxuiM12PdvbN7l,train
30.174460029605026,100.0,10.688173345024376,58.30796877756679,95.82201295805493,19.999923706054688,26.59953159787375,True,OgnbsKNw2dtp7GKR,train
31.59308312070634,100.0,94.53638770399303,20.103976974415232,0.0,9.999923706054688,26.599520515961316,True,qiA3SF1GYZD399cT,train
35.217797528709035,100.0,92.62094193706113,18.237216328653105,0.0,4.999961853027344,26.595032031118418,True,khog99sweNvhx776,train
39.406859804407915,100.0,79.22925222529656,21.789470026389694,0.0,10.0,26.5939967901744,True,5DCjjVWyA8b3iYuy,train
39.84619454668784,100.0,82.42732188071673,21.334529004133856,0.0,0.0,26.59255271960624,True,yhoWBp0GQuiDFIKw,train
30.940245619365555,100.0,89.49297041498365,24.666061452523124,0.0,9.999923706054688,26.592215442896293,True,BPfTganEeiLoHRCa,train
34.58788145377272,100.0,60.706601730806156,44.18291675490836,0.0,0.0,26.589543974045775,True,mdluwL3VGXFLU6id,train
33.7132059407528,100.0,19.630238552802666,51.21313575046555,89.46306018512027,9.999923706054688,26.588613612760458,True,HEbMU8OlL2vgARkJ,train
41.227613628253806,100.0,86.34323417542362,16.642923149800524,0.0,0.0,26.5869731633371,True,yEHt0ntRcF19SndC,train
21.6841333789489,100.0,21.914549065067,67.5139875067334,87.45788452193652,0.0,26.58390743194078,True,YkA0wZ0PXB9vlKo6,train
21.725497590491294,100.0,99.68220194952826,31.000630305071184,0.0,0.0,26.5838307510663,True,c7ij8vKOZM6MK3zy,train
32.77928032036715,100.0,22.23698769841552,53.770853303711256,85.95764257165527,0.0,26.582421024179133,True,xdQAW32IaMImGVne,train
37.584469285673514,100.0,81.20708405104256,25.013960770394988,0.0,0.0,26.579972083153756,True,TNj9e2WZsERqMUIr,train
28.494967673129338,100.0,84.30719290956031,31.5277997659324,0.0,9.999923706054688,26.575376993205595,True,T9JS47NYwoQL0lyt,train
32.35152231544758,100.0,89.21471075520607,23.018869355706357,0.0,9.999923706054688,26.573857248586812,True,akPEDSz3Q9VMUFtN,train
39.410197498677725,100.0,75.75316248881222,24.283769991681893,0.0,10.0,26.572277746327643,True,jXQqoEzxtxB5lIZr,train
39.579812355706466,100.0,57.12186894449336,40.54234859485252,0.0,0.0,26.57170314957112,True,6Qx3gbs34PyoyGTg,train
25.190562705678147,100.0,22.11482208328119,60.339304774223365,87.77784513951481,9.999923706054688,26.571613386034866,True,Gn503tm7wISRQxNL,train
31.026818106372954,100.0,20.855688503542215,55.248728822524,82.62424275557362,10.0,26.566015704408052,True,APJMGJUc4FCwE3O7,train
29.063884264713806,100.0,85.50164465034693,31.117004163883976,0.0,5.0,26.564618596507287,True,WSMdtuELSi1Egr1C,train
26.477922182875083,100.0,32.99659130984292,56.449730916151736,58.99241724146263,15.000038146972656,26.558538194847323,True,nKV1PcUwCTNIyy7i,train
21.573398928439833,100.0,100.0,28.2928377681435,0.0,10.0,26.551917285738657,True,kXXVzJAwWnA5MruX,train
41.581786783807274,100.0,74.91939340211522,22.09025970201823,0.0,9.999923706054688,26.55140383197548,True,3dH4nxyz4Mf03Wby,train
39.547904386902786,100.0,78.5862312435706,23.132040630597416,0.0,4.999961853027344,26.551317002032135,True,GZwQPAMCD4etmRnS,train
30.688890938950404,100.0,87.09093844209052,26.552236772745132,0.0,9.999923706054688,26.54630704090294,True,WyjGNFSmwgHMZykj,train
43.2526823519282,100.0,84.78032057670988,15.080089469181274,0.0,0.0,26.546236568324787,True,atIr5I2cLtS3CUZn,train
32.769496791970596,100.0,82.56691811895028,27.31211661563289,0.0,9.999923706054688,26.539831424264506,True,BEqypcdb6M01LGrR,train
28.56780544442165,100.0,33.96244239890029,56.9916803977204,58.05102578371794,0.0,26.537205089670433,True,XPY28ckUybV2lHPt,train
23.299002785225,100.0,23.282038596048164,64.85438982147966,84.94050396367646,0.0,26.53495964819323,True,gHqA1DLdJDEZSoEn,train
30.38775717176547,100.0,88.23678197155265,28.508647206485392,0.0,0.0,26.53418602997134,True,dSgQLeE1M3kbjxjf,train
41.36068037842677,100.0,56.81894868724298,35.85363730972374,0.0,9.999923706054688,26.53373604494062,True,YBaHhzYrXg8S4JXa,train
29.2807098740047,100.0,78.48006218011521,37.203556007883684,0.0,0.0,26.532897997095194,True,HWLoLuYn7bKAKZcA,train
39.29589474456566,100.0,79.6784843516761,23.770872375988603,0.0,0.0,26.529920814090552,True,Szcz44vSpdVE6r5x,train
28.935323378053084,100.0,23.72339922707317,56.87823286754477,77.23242866923162,10.0,26.52960873554478,True,FvcrsYHZbzPpOlqr,train
21.63724118352578,100.0,17.341831246715827,67.17990389517976,91.632321963021,9.999923706054688,26.52817804537856,True,O0YfVSIrZ6xGe3yo,train
32.05791593681395,100.0,97.0708944523739,18.50301140197837,0.0,4.999961853027344,26.525713525106614,True,xG4FDgZUEW1u6nxu,train
39.48195457034536,100.0,78.63436771678849,21.768657667607897,0.0,10.0,26.51937533362619,True,lVZvveUUn17Y9rXs,train
22.070163564084538,100.0,18.331277391686772,65.9685252445872,91.08611649379841,9.999923706054688,26.515239558684243,True,ZVy4yTSrn8cJybZs,train
40.53439532812279,100.0,81.4069169464607,20.851815619275243,0.0,0.0,26.514999497854852,True,WiGfAv4dAqzmaR0d,train
35.98428257689006,100.0,63.24065722262752,37.65782298596784,0.0,10.0,26.513733824810213,True,Zqqe0TRAec5gNSD9,train
28.730738240742596,100.0,18.503773092831953,57.57204091378355,90.79641089106197,10.0,26.51247925142025,True,dG5rP4H7lSaCkEej,train
19.3217732486964,100.0,22.974087351202574,69.55007073087626,86.49667648471278,0.0,26.51140438526538,True,myFAGP8XEN9BEQty,train
27.074559175679184,100.0,18.48690473889619,57.038034307621466,91.23680601001276,19.999923706054688,26.51111885208189,True,9GpGG5k6a6TeuhrL,train
37.539341720202444,100.0,78.3182913904325,24.387474623131013,0.0,10.0,26.51007406324169,True,xXcaTMlqrMTOlH8C,train
39.946343912950375,100.0,79.10828227905921,20.78564973110356,0.0,9.999923706054688,26.509954451619922,True,N5ETbB8PkM4Bkdgv,train
24.81890207618594,100.0,19.734104154480598,61.77598917822494,89.67304633394079,10.0,26.503691294560603,True,PEDuA2X7UMMTNVaB,train
30.554106245185043,100.0,87.78207396593513,25.93390496585984,0.0,9.999923706054688,26.492614834661232,True,o7ecVjFPbE66NcpS,train
32.25045050425666,100.0,92.0867368583354,20.57030629975509,0.0,9.999923706054688,26.48968060006823,True,pFlZH3cvf9jM70j1,train
40.36732011161537,100.0,87.08808243519059,16.672557089501083,0.0,0.0,26.489553811082647,True,PNOo6fDmqS2kdzNB,train
25.818925179457715,100.0,24.13222945609207,60.96504048592579,84.41806515559469,0.0,26.48847706824313,True,94cFv3adbzN2X5NR,train
34.58662349164001,100.0,16.01952133070712,53.8212829740545,93.4080599856707,0.0,26.484243666610507,True,1wiG5k9iT8ZWyg1K,train
16.65202302402569,100.0,26.404452232904966,68.55834175963541,82.95488338615499,10.0,26.483086112177,True,1Zs6KlbsKMnbT9As,train
37.66553667916257,100.0,82.32422735933972,23.58125654254988,0.0,0.0,26.481269582201577,True,yDtDsyJMEeviTEmj,train
19.946025763721707,100.0,21.469651577954963,69.2795781631826,88.31157049269171,0.0,26.478448334894782,True,4wXSHorPPXrobi0L,train
36.60130171897822,100.0,17.00942741416411,48.44740083487451,91.72095645232505,9.999923706054688,26.477263716763062,True,tRD66zb6Fu2fZkfd,train
34.33757986142729,100.0,89.19756013285794,22.559335548172754,0.0,0.0,26.475896094920063,True,J5GjDUWzL8Q72EQO,train
31.768428353956086,100.0,86.16641512068783,25.538256278252618,0.0,9.999923706054688,26.474716797545454,True,CblDL5T5m4DfquSP,train
28.99650980712631,100.0,19.822102960730945,56.26139579763708,89.96125908495614,9.999923706054688,26.472781194969176,True,Mzk8N5UXVbRfb7CN,train
31.355369354317446,100.0,87.79185721487475,24.80585938834082,0.0,9.999923706054688,26.468788983781472,True,6re06p0OzvPmiLGu,train
24.147106278353903,100.0,21.704338599161225,59.080313805887656,87.17895136410381,19.999923706054688,26.467433874148117,True,DM6NmIPMu7Ktx45J,train
29.346832413351905,100.0,90.68985864008764,27.635615149268418,0.0,0.0,26.467309929204802,True,NYZyrSk7iLDhiu3j,train
39.325792157279785,100.0,86.84844650449496,18.03519060819349,0.0,0.0,26.465753136632888,True,cta9imAKmAZ04jBJ,train
18.926531223876786,100.0,25.65378899228786,67.46806131127792,82.80069603694398,5.0,26.46334821891516,True,8Qe2wC27oQOAHvaP,train
30.611175740534797,100.0,90.24677107174318,26.36466593437217,0.0,0.0,26.46274278276961,True,zIfY4PPeIb510QCR,train
39.59519957283634,100.0,76.62893620613352,22.84591943901654,0.0,10.0,26.462324211932422,True,XjbjE7dBhxNkEoJF,train
35.17572797788404,100.0,68.69680563583023,34.29312171827543,0.0,9.999923706054688,26.457073368803364,True,PQdfn0i4L5WOZaWj,train
22.75384796677626,100.0,21.077896309967834,65.89452099250494,88.54674419359687,0.0,26.456387846370074,True,EO27lyMGATma5YfS,train
34.4206858262059,100.0,18.147072437045825,53.09756531073476,90.1909506879448,0.0,26.456292918652544,True,iFPHKbk2DBqxhmaR,train
28.57523025769738,100.0,17.192942660154017,58.22068920162789,91.77247463634819,10.0,26.455510535590438,True,9eddjquHX2THRWBr,train
42.610143430185154,100.0,79.62758183081593,19.27932900855133,0.0,0.0,26.45253893387894,True,TPdI4dn8HUGKOWUV,train
31.113239836575403,100.0,77.94672265305525,32.38753436140777,0.0,9.999923706054688,26.447821414686427,True,h27paD3ripxXTLhr,train
31.82848600072286,100.0,17.093317681561846,54.126850869905454,92.01193680821362,10.0,26.447086166806766,True,od6jHCuZCrcwGNW6,train
36.51400238610351,100.0,78.68617115306351,25.069324599003053,0.0,10.0,26.445291189286017,True,oV6iEN8YG4AP3WOk,train
31.998092080398948,100.0,84.0979323050141,29.14946616000502,0.0,0.0,26.444106097852856,True,Vyq37KAnllxfF1tY,train
33.12275180945142,100.0,15.849535988136937,53.13350459243979,93.16855954682961,10.0,26.443247246412838,True,ysa9Bsfjm7S8YVPe,train
35.4308087192743,100.0,19.847122872635772,50.67392983776563,89.44809300681233,0.0,26.441961228607685,True,963XlsHLeavPxEKK,train
16.864105400146812,100.0,25.751800555251773,70.7862554687856,84.07589010726736,0.0,26.439842032444957,True,mfPIBCibEwLgrr1V,train
28.86191177529277,100.0,83.48326250424749,30.99545909839071,0.0,10.0,26.43705913913846,True,5hdmpWMLpFGWGy8h,train
40.997477275249345,100.0,77.63223318135904,20.207085031988157,0.0,10.0,26.43562130241382,True,GsOTGXABSzfOIINj,train
29.899290818399596,100.0,27.472985952001565,53.83596342694627,71.44171359663554,9.999923706054688,26.435045147923898,True,VruDceE3Z999Cpo1,train
44.53092993896769,100.0,64.10412320580174,28.431718596423025,0.0,0.0,26.434694684896787,True,bhgU4jvOaePGz1Oc,train
40.5976655026548,100.0,79.37635312547562,21.89411183856106,0.0,0.0,26.434691712197257,True,l4xQdxIpopq8m80c,train
24.218794333233998,100.0,15.42815416981295,64.57794278252427,92.97833671649744,10.0,26.43342710111017,True,IHqrQwinzqL6qeg5,train
32.759832322522975,100.0,91.90370543405524,19.76018853990537,0.0,10.0,26.4275516037201,True,9CsOlh5i9maNWqaD,train
36.607064377759286,100.0,70.38832737134283,33.587570094370335,0.0,0.0,26.42752921901531,True,LLuAmVR5uoXhuogp,train
28.286611589091013,100.0,88.1753109225894,28.126905025475935,0.0,9.999923706054688,26.423326726059088,True,mdN0m6aKAEfnRLFf,train
36.77863541941302,100.0,80.71398601373322,23.100600647752458,0.0,10.0,26.42187688646373,True,msrIuXCQhrjkrha9,train
22.130329588846326,100.0,19.93877919368144,67.21758596666282,89.09179720333384,0.0,26.421506329763055,True,JNTDkDq4aSufqPSp,train
31.70196771337436,100.0,92.53704776548248,20.562512442441033,0.0,10.0,26.418551581654167,True,gL0DWPJAcXVg4OWy,train
37.638973621991504,100.0,91.51083059796582,16.396933119557247,0.0,0.0,26.4157546191042,True,0SDEuPPz0ykdZxPB,train
25.264423653070878,100.0,99.62545292954525,23.265569337254334,0.0,10.0,26.413037720150374,True,wXKNACbyMleNv0IC,train
34.62486145079246,100.0,79.03999598057729,29.48828054169394,0.0,0.0,26.409870868123498,True,KFljH24u6I1SjRxJ,train
38.74586150486949,100.0,76.59566245740258,21.16642379927768,0.0,19.999923706054688,26.40909568998603,True,pmtDslqAnPgbtoQC,train
32.89224413148454,100.0,13.944271052169674,51.96573970159951,94.01853825127942,19.999923706054688,26.408772728883193,True,xiVS42zcHPIwmlMZ,train
30.495505352929943,100.0,86.9529331975277,28.70071952489856,0.0,0.0,26.406960222841356,True,isacZcS4VRQjbIzQ,train
40.52605270308888,100.0,76.63598830559815,21.38958342003228,0.0,9.999923706054688,26.404824290921134,True,fcGhNtSIXqTiiB4l,train
23.65906991657134,100.0,23.476563774905227,60.785220125631106,86.13353097858528,10.0,26.399972619434106,True,y6DBNH5E1ec1hsNt,train
31.956977830855777,100.0,90.56572267224735,22.87545685818668,0.0,4.999961853027344,26.399192322839745,True,QYjkphcuKiCqxlnJ,train
33.75845115722084,100.0,72.50703603136066,35.40755561084627,0.0,0.0,26.397179316178566,True,2YImftXDjEBbhk5j,train
32.0847922890505,100.0,94.06775283461829,21.31645390070922,0.0,0.0,26.39465177759721,True,N26CjmzZhd1IdK4j,train
29.23044509737164,100.0,85.62303360467642,28.705580150135418,0.0,9.999923706054688,26.39217853037419,True,ztDVKMI39rzbWRuG,train
22.04869994831819,100.0,100.0,26.898757081618513,0.0,9.999923706054688,26.391922588705985,True,Clt9zeMgR0MX0yuF,train
19.29956346683724,100.0,22.852296779966814,66.41526494117532,87.10110508386698,9.999923706054688,26.39083981143548,True,LwYAWfEBQ6xvJMkj,train
36.861834834808704,100.0,78.00521053501618,27.344004919420584,0.0,0.0,26.38504127283872,True,Lc67u18NryL7TMHW,train
29.005855284264083,100.0,30.289118722367828,57.62073783600115,61.23171500824621,0.0,26.38056494703374,True,kWkdfO4v2jN97SFN,train
39.914552947069566,100.0,78.847984935971,22.83737092400966,0.0,0.0,26.373310161964973,True,bJEjzOhDWA5bPClV,train
38.443626589582415,100.0,74.73924231866488,25.25408079847989,0.0,9.999923706054688,26.37260534019405,True,QEDO9rMQavcPN8Cu,train
31.66006192365445,100.0,92.84229044965562,22.64324854215873,0.0,0.0,26.370008756793702,True,OupQzUicx5r0tMmX,train
28.608421187890762,100.0,85.95668617698075,29.10080470285422,0.0,9.999923706054688,26.36576534939338,True,tM5D6cpTucAFuDGN,train
37.79754366632636,100.0,83.4653364689354,19.481243122866218,0.0,9.999923706054688,26.36543119679788,True,8A56WcB2SnYqMslN,train
30.651922503954516,100.0,91.43723363073656,24.913322417242014,0.0,0.0,26.361230154047515,True,oWo8j93iGuuyWOQz,train
32.22437565346135,100.0,26.287230238898722,53.14296952155192,69.61933843042098,5.0,26.358739275031578,True,6LVP5uvmZtmmsKRD,train
26.686988711667627,100.0,23.72360853850158,59.514916955554334,84.49477920773431,0.0,26.358010810189725,True,7QaVlv0iRRxZZOQT,train
41.75435233784968,100.0,81.68261821989992,18.33439256432733,0.0,0.0,26.357859330312877,True,sKl7bTCqLZkzWMTK,train
28.177840414492103,100.0,82.76313926758984,34.488394024502725,0.0,0.0,26.356609798662042,True,l3cmgFmgcKP1yQFH,train
29.551993229214812,100.0,78.10668423673836,36.25428073171001,0.0,0.0,26.354857089156457,True,BKxNrRzWnAJYJElx,train
33.72448707951004,100.0,24.153965107534304,52.46125802163593,76.0190564755298,0.0,26.347420964111336,True,joPD57E6xAFEN7r7,train
22.92868814068818,100.0,17.34780944498143,67.00463949211809,92.16707450528867,0.0,26.34362507560731,True,vYble4e3h47GEaRc,train
26.67487254108363,100.0,15.833139274632252,60.75627512502757,92.85758561586167,9.999923706054688,26.337819517567077,True,KuHdta2fXsyh1uMY,train
25.52578226205434,100.0,18.299234933303865,60.83090305051209,90.90387474509865,10.0,26.33770515286652,True,Ah36eonLvAmliq6x,train
19.28829869105138,100.0,17.409195092144973,70.30517956630624,91.84036407636974,4.999961853027344,26.336506146315696,True,3HolfvkK7cd19Fse,train
28.51021680420441,100.0,95.57815657638503,24.360124593599053,0.0,0.0,26.336302606228664,True,0aJY5MmeUQLNjuQ0,train
21.309526137897475,100.0,100.0,27.530472572717215,0.0,9.999923706054688,26.333472234320546,True,GNlm2LOOjohizcrm,train
26.628239427364473,100.0,21.362666054492404,57.780291415387246,88.31226566345045,10.0,26.33313133126495,True,GGwWCJCH6lY4H82a,train
23.27742728438064,100.0,100.0,26.306705426648563,0.0,4.999961853027344,26.33069599907624,True,Rz92ZJxfYzaqIhDx,train
26.76288712905978,100.0,20.218077807083606,60.67759914166942,89.42314612269037,0.0,26.33011058779589,True,SPJhiXny2jrTlsNP,train
28.37372368914353,100.0,69.04743213011014,41.890575035664845,0.0,9.999923706054688,26.328656934238104,True,vB6dpofLaoAVW4ZY,train
41.7302595550479,100.0,80.17052195155993,16.822528379412972,0.0,10.0,26.322648857378557,True,H7nLSXKRFVK1ITr1,train
16.068462884831234,100.0,22.735879646717706,70.14933811805422,87.28304761011582,10.0,26.3215176723321,True,UDTjHvuSOrhCLnS1,train
21.717220684943506,100.0,23.914110787626015,62.57608359413772,85.76416384674746,9.999923706054688,26.31984288584743,True,U6l8avRSbQ01uEI9,train
28.27242664032854,100.0,22.14628247431754,55.45413035651329,86.70881278903578,10.0,26.316315741984212,True,B91D6rYSd5HRKgkR,train
23.909782760700114,100.0,18.944290087807826,62.40354838651325,90.22908025117893,9.999923706054688,26.31124907851053,True,XB8v1iKQMbvT5oyZ,train
29.13397242625546,100.0,20.305313294096347,57.57274123692016,89.31370824586898,0.0,26.3095237603558,True,m451q8QlFktCZDgh,train
27.147495160130596,100.0,21.812550456565837,57.016678609084146,86.93879964580282,9.999923706054688,26.30902824792723,True,F4RHudZS46CH3P3B,train
35.36815084151914,100.0,77.0359465968484,27.05387806083438,0.0,9.999923706054688,26.308201497376654,True,P0Q6Yx0ZDGyJRad4,train
33.4417845592168,100.0,100.0,14.721944257961582,0.0,0.0,26.30483499139652,True,PGzR1Iv8bh4qlL9q,train
21.988888445524314,100.0,23.45651257163835,62.37260689927143,86.25374847780205,9.999923706054688,26.30290398617396,True,8wN1va4ksj9qPXiA,train
35.458536434953906,100.0,60.490165199780506,39.31210073609568,0.0,10.0,26.300579035924688,True,jz8ixQ85YgTEsmhR,train
37.71361152541046,100.0,64.07439343958369,36.28326253755495,0.0,0.0,26.296214404801155,True,VcwPYC2DK3Hc8z0Z,train
31.533626899485288,100.0,90.68574325521774,21.543220391447022,0.0,9.999923706054688,26.294908476746123,True,07XIMeVcLOC43CNC,train
32.32047374972599,100.0,81.36061122037466,27.55073361255218,0.0,9.999923706054688,26.29435302830087,True,9Sx5ZRhI3p2Cya69,train
40.56823382752373,100.0,74.97335093239997,24.514051581431985,0.0,0.0,26.290871413027325,True,CfMMap4JrNOJ00nd,train
31.83623396182307,100.0,95.48703294021303,18.764646837606833,0.0,5.0,26.28504279900909,True,v4V0jo5CDCiKBzRu,train
32.341378169228705,100.0,92.88936189362613,21.320205783439164,0.0,0.0,26.282789983038924,True,Ahic8ctFhgp4IiyD,train
31.05841445651498,100.0,91.99793176463268,23.586041482308318,0.0,0.0,26.281501675285313,True,CDtrEoWxOnwXjtC3,train
29.94717479837165,100.0,92.0085982902217,24.963760315041057,0.0,0.0,26.28083550613438,True,ofAeh9EDA25ICi2M,train
20.303765248251622,100.0,19.82996021656747,63.78499564889612,89.42925532170057,20.000076293945312,26.278901055109547,True,3JyPMRah7BH53ejW,train
23.166425649422866,100.0,17.10937797386789,61.66329873533259,91.75079972407337,19.999923706054688,26.278209027008824,True,w7evzbKwhrUi7DEd,train
43.369238373459055,100.0,68.0669929056207,23.627443333169452,0.0,9.999923706054688,26.27784338114449,True,Y4HzzVFg7wuqrA4b,train
35.362278913287014,100.0,78.50233038553564,25.808675608980323,0.0,10.0,26.277654407948162,True,IUKKNzkyMDYaHoIB,train
37.06639144260695,100.0,77.93741840569857,24.08978633944956,0.0,9.999923706054688,26.27516407469917,True,IBcVBCmLJoTq5t7I,train
36.227476157174635,100.0,15.88361719617704,45.957227980618626,92.7431343270228,20.000076293945312,26.268017745892347,True,VqlG0AQAMdzlufuF,train
41.85099718723771,100.0,74.53356439348461,20.621085167673414,0.0,9.999923706054688,26.266997174669537,True,xEqGh8DbayZAz92g,train
28.614049864206358,100.0,20.608424005158078,55.28784884474753,89.28894238073731,9.999923706054688,26.26678914011441,True,ALHUjp89XlcCkOt0,train
29.67295006506992,100.0,91.698972331319,25.4344349896012,0.0,0.0,26.25997036388557,True,1BJCFSYqRhJ5BPwl,train
29.19792908794866,100.0,80.81488826072325,34.190836754580914,0.0,0.0,26.259882862011835,True,25QaQd6DRUoZxXOB,train
32.31600837316515,100.0,23.53750065296405,49.3573869128797,85.54463076808482,10.0,26.258336112216075,True,1BlKycOk8YTM2B8P,train
30.882850404377002,100.0,88.46004412203047,26.336786766020737,0.0,0.0,26.25707657260297,True,7flfT8faBYRondTf,train
30.814845705797417,100.0,17.917474817603903,54.2324644014123,90.34069441498251,9.999923706054688,26.254856435424262,True,ZNIAY93G9oOih7ld,train
35.649540913071654,100.0,74.84513133010705,28.070606829198724,0.0,9.999923706054688,26.253272478926448,True,ScMutGShr2TKEO1n,train
29.678349140129278,100.0,22.379640907009573,53.437149956607016,85.69614699774681,9.999923706054688,26.248766947595232,True,qQmJra9K87T1jXFC,train
28.661078875801664,100.0,92.91534119476219,25.719567734445732,0.0,0.0,26.246484445053888,True,IoI36CjYREOjvG37,train
35.438120477110836,100.0,26.400101145312757,46.73169175838572,71.53320614528171,10.0,26.24254395001585,True,fdoxzxFrPJdJ6tmF,train
41.08287273165606,100.0,82.17699488002032,18.219807654370072,0.0,0.0,26.24122894579108,True,J3JjhcaKMzIJ8ftn,train
23.12400434297087,100.0,41.148134671932276,63.18463658495375,33.01100967085253,0.0,26.240699087065938,True,G4hbQz79mWiYA3CW,train
28.15359608640313,100.0,22.09018175281367,59.15107935881039,81.16883598067639,0.0,26.24058395531873,True,Rfjicl9WevPgiPRG,train
32.98881863835125,100.0,19.094088125176263,50.70559456688121,89.75325517053213,9.999923706054688,26.240095735569835,True,eVTSLru10zQstBqX,train
33.57009095935794,100.0,95.92247255942303,14.79549738368155,0.0,9.999923706054688,26.23998928579198,True,Fe9mdOj8niflLJ1Y,train
36.581822800708416,100.0,77.8375206615317,22.082907889511887,0.0,20.000076293945312,26.2376691920065,True,IDAdn1Ay5XL8Sb24,train
35.83923056548136,100.0,22.507366797930267,48.24240352877782,85.06188256736144,0.0,26.23748749518352,True,JznYIhpa8mjVZAit,train
21.18984903181134,100.0,19.207139844556295,65.10705297220503,90.66692218263968,9.999923706054688,26.233286123512002,True,0rk1s1XuWmTjbBur,train
45.467725118142674,100.0,78.86289164056126,15.178226129819436,0.0,0.0,26.23201025158374,True,clfk04xtmQVrfZUl,train
35.48821450156239,100.0,75.59784528980636,30.074871767891054,0.0,0.0,26.22670477243976,True,9QrhAFJFZRTiuWWX,train
32.60900887141411,100.0,90.48581266582492,21.25271306129426,0.0,4.999961853027344,26.225664822637484,True,Up8ac2bW8HgGzYFc,train
38.60167775925584,100.0,79.77814205205284,21.79239601534357,0.0,5.0,26.225619950690604,True,fCtxAqjtaaH0W2iw,train
31.5973973883107,100.0,95.89064660021407,18.46229290409849,0.0,4.999961853027344,26.225403010580848,True,6U6ZefyJzJu2rHD6,train
29.951125427828188,100.0,73.52232798588327,37.27627971301317,0.0,4.999961853027344,26.221384590093535,True,j3NPdohPclRG3CLu,train
45.39037090383321,100.0,76.61755005586268,15.65460108842359,0.0,4.999961853027344,26.221143544673787,True,qsTf9Bti8mTgywr5,train
28.879783415355664,100.0,89.64257147459739,27.77340553418675,0.0,0.0,26.221012681865876,True,WSlmnVErULWHMsg1,train
43.39942232653022,100.0,73.70570663519814,19.07433352859067,0.0,10.0,26.22057828263041,True,JZznAupATPigGLqu,train
31.343891832326605,100.0,30.943449260460135,49.62992014538498,66.30472940717505,9.999923706054688,26.218707031889153,True,0rQmhnOTWuSRRFta,train
32.874608539952746,100.0,21.755425268640096,53.64839728528301,80.12267126523683,0.0,26.217778945602646,True,spkBD9q4ItBrOoeX,train
25.411763253116572,100.0,21.424983048109844,62.45580841298318,83.19840098055371,0.0,26.217770002119945,True,Xeym5MC4Oxbx4C0V,train
28.371483552965483,100.0,92.694477138408,23.60343152916934,0.0,9.999923706054688,26.217724950139175,True,RRxTIJunZDLHlhUU,train
42.176221688456124,100.0,82.24629218048878,16.67733113549602,0.0,0.0,26.21646547628655,True,JBBP5cmkribqYZrQ,train
36.86845265539539,100.0,75.61690628569943,28.27570084576641,0.0,0.0,26.21478927585704,True,8kVoRTYvFhuU1ZxJ,train
37.832544956508116,100.0,70.60818733889775,30.79554955048296,0.0,0.0,26.208474250058284,True,UpD34LSJrrbSKEeU,train
37.907588990177395,100.0,79.01335293550318,23.14622033774519,0.0,4.999961853027344,26.208142348070233,True,Izfwo4nQvvxsn8WN,train
26.134599594864696,100.0,100.0,22.120457232273125,0.0,5.0,26.2077413451708,True,BcbfnoGMbJmTPSIA,train
29.609360446008015,100.0,84.63699830360582,29.295080094325414,0.0,4.999961853027344,26.206903968559327,True,ODIlyY41BgiHCSuG,train
40.3556661130325,100.0,75.53367720933579,23.891464167249595,0.0,0.0,26.19726094310841,True,qsNVyBKvsi1fVWSE,train
32.46681981996153,100.0,87.81241158985353,22.036557387960656,0.0,10.0,26.195878171060542,True,0Uk8nMMGjepCrvvA,train
37.29950987738849,100.0,83.15480250588107,21.96940246527552,0.0,0.0,26.191978338284382,True,BuakYrLhzYpacLYS,train
30.24344766313586,100.0,82.9214483204855,28.46381702693742,0.0,9.999923706054688,26.19183875454701,True,1JIyRk0e5EwTaPId,train
32.9569474559045,100.0,90.5390539017944,19.345883610963938,0.0,9.999923706054688,26.189267856740805,True,wwtC3JfnU4CVAZCs,train
32.5092263320416,100.0,92.85125549760494,20.65522089051433,0.0,0.0,26.186039085754008,True,AljEeatSmmSgIDvg,train
28.937744107542564,100.0,72.74689458297419,38.94592413846966,0.0,5.0,26.1856550420257,True,Jb8UD8TnCZs1Se02,train
23.77008264157974,100.0,23.248084512116545,62.373832374430435,85.62005274946097,0.0,26.185502449571555,True,3xcJOXyKiQ1iD283,train
35.35703702977956,100.0,33.017648728256745,48.76781596249773,52.77792539597971,0.0,26.184366028981934,True,9T8MhQPkE7dyvMor,train
38.476608910299575,100.0,64.6444245718219,34.323279610183064,0.0,0.0,26.180471835384793,True,FRfkhhJBd1PeIf5h,train
29.310571241320087,100.0,91.8170147394123,20.401234976734813,0.0,20.000076293945312,26.180445831286093,True,8B5kpbZ9mMTeeXgr,train
33.42589589977057,100.0,21.225772343478887,50.4937661093158,80.8256998297478,10.0,26.18037803981503,True,yy3Iun1lrh9WsGsj,train
38.8605312337635,100.0,76.8127592171943,22.181525937310496,0.0,9.999923706054688,26.173348063784854,True,AMEjNzwvy0hMlDBF,train
29.4295682319138,100.0,84.46433432621893,30.71903095131104,0.0,0.0,26.170848397173497,True,Fdt7T4Se6Efa2PnS,train
42.09506406566986,100.0,87.12675387379463,12.873284560772774,0.0,0.0,26.167436009641214,True,PPgdzUvZ3gpmmICi,train
20.353430702236583,100.0,20.63432501570824,65.18605223691512,88.93367934412056,9.999923706054688,26.16739702780717,True,CZZoOwkZAoxMxfEZ,train
35.945645067542685,100.0,19.405405350131147,46.88486944751389,87.7269100187707,10.0,26.16054145984666,True,kNHxbkpQQbwO7Vb1,train
26.600172190057755,100.0,22.21052674763748,58.89683499959136,87.98396084112561,0.0,26.160187101634616,True,1utesWaIOvDN6728,train
39.70230583617623,100.0,78.6512975049794,22.17391841527069,0.0,0.0,26.158054767845105,True,z0pfDCZKCf2FCuhF,train
44.93012213965771,100.0,72.05491067478594,19.300367988224366,0.0,4.999961853027344,26.150838826428558,True,7BZjlemlbtSecskN,train
28.792127233170888,100.0,87.70540193163419,26.451799202688235,0.0,9.999923706054688,26.144198123878233,True,SMpib8fiB4SWwD29,train
30.306579434010086,100.0,79.46813718525564,33.23487332585539,0.0,0.0,26.143840101461947,True,KnlH3G7dTKJ7nkjh,train
39.30790953485794,100.0,76.10720669216398,20.736105425939627,0.0,15.000038146972656,26.140281380075642,True,6ngD8l5oTueTnFnK,train
18.971815437883215,100.0,23.857315392832813,67.8001730592586,85.11421957263249,0.0,26.13729675887907,True,vVaj1wCJFcRV0ZMc,train
36.28524858293166,100.0,18.303736447520272,49.043200840765344,90.17509766670486,0.0,26.134267664349267,True,ektv7klLjqZxyCRb,train
38.366557802481566,100.0,79.22913240457484,20.780755950566586,0.0,9.999923706054688,26.13215668672267,True,lmHBUTrePa9aMvoG,train
38.99980416350846,100.0,71.31714205679822,28.422099034942292,0.0,0.0,26.131942156385307,True,vPp8Ebgi7VUqkQsQ,train
26.350975216347727,100.0,20.464947933017832,60.33619380155196,88.13401361601369,0.0,26.131425435150685,True,SW7TaOdDOjk649Cz,train
27.042718773812297,100.0,18.505211592375307,57.95711332012775,90.0331148355738,10.0,26.12953983811361,True,NSQD5TpJutr32lZr,train
22.07919571346697,100.0,100.0,28.041498611618593,0.0,0.0,26.12809865069046,True,ImvmRvqtV0XR2rmT,train
24.764852421722686,100.0,11.688904850305311,67.2435282686848,94.64179429917432,0.0,26.125344201672142,True,WtbRElZ6GfYN1wNG,train
46.581878757229724,100.0,77.11997572717763,14.536375336005918,0.0,0.0,26.12074111558526,True,SVluJ44eOV1581q1,train
35.45155128845243,100.0,62.65441027384148,39.285870061932656,0.0,0.0,26.11822337557586,True,IMAXPyAav6pslHfy,train
35.35094631988719,100.0,68.66179778214698,33.64024535276782,0.0,4.999961853027344,26.115053410498774,True,92J6T9Y27xbF66Sg,train
22.09096565153628,100.0,26.370592005068723,62.390265016604,83.11288071082339,0.0,26.112027252506348,True,gICNJLE4AXopRWci,train
37.72096693819039,100.0,85.21165721386015,19.495160587013288,0.0,0.0,26.111022434029277,True,URtapn2aqxr6qe8b,train
23.795960928797978,100.0,20.23447284919825,63.319774704688655,89.23381563433784,0.0,26.10980688223386,True,2JIoSPp3gIpIbhzL,train
23.383042724162095,100.0,23.792455906687852,59.734042831340965,84.96724456598638,10.0,26.109799861611215,True,ItrTMIJYXZpIamCO,train
38.465877310496694,100.0,72.93822586676542,27.756606236296435,0.0,0.0,26.108524454898273,True,UVGvkqDt3t0iamuM,train
32.537021069515916,100.0,90.57492204010512,19.43124558458564,0.0,9.999923706054688,26.10673887561461,True,Pxm5ccCmaKwbQ7xP,train
34.11342057479695,100.0,85.9121188174224,23.45369716599123,0.0,0.0,26.105912399510842,True,ZSPjdaElcis1xRR6,train
33.18719694258163,100.0,87.39932197106921,20.98260528445931,0.0,9.999923706054688,26.103214773500383,True,tanz0KqG2QfQhlPA,train
22.728580590152035,100.0,16.2677840788025,61.6967686446011,92.82682661446242,20.000076293945312,26.10301163369899,True,xgfTQzv0SXYeBaIz,train
30.236861635030273,100.0,91.27259382718503,21.723036846621753,0.0,9.999923706054688,26.094708037462407,True,54aEm8ZLLlX1G1Nf,train
24.393713469581385,100.0,91.9033964078956,26.036599113307275,0.0,19.999923706054688,26.091253836543878,True,FUO0E7y7dkKS7MeX,train
38.18472517313036,100.0,84.47199587729983,18.117041281633576,0.0,4.999961853027344,26.090387023855648,True,iSq0yjrv2AeHxeFt,train
43.570956402392966,100.0,76.22287401961358,16.30353823950402,0.0,9.999923706054688,26.08687403674382,True,JP5jNnH1qsV9chpt,train
23.562378220588464,100.0,22.027615055410568,59.954039111461555,88.02085777157559,9.999923706054688,26.086583709632524,True,X3OwvQCMDOZbUDMY,train
40.48969557853027,100.0,66.50249237662516,27.437903267391178,0.0,9.999923706054688,26.08537458990731,True,0PPIgSLnC18UBGtX,train
36.57103910940433,100.0,82.47605743169918,22.852744972067867,0.0,0.0,26.084717386519532,True,5EYrJvKYvSm5i9uY,train
28.80037579030032,100.0,78.48525230254953,34.305797997005456,0.0,5.0,26.0840413923586,True,bO9QgncZi5axXAKI,train
31.359247115469216,100.0,16.981082101691555,52.984170200666185,91.98112203147276,9.999923706054688,26.082860421130647,True,Yq1dCVQMbtOtIRf8,train
28.011010418036324,100.0,84.17158170713589,31.017276141121243,0.0,4.999961853027344,26.08194318145508,True,cLlvehrjWAkSxJkC,train
36.434287736379844,100.0,80.94578621208844,22.90469920175802,0.0,5.0,26.08137970625983,True,lz0SbzJ0IYZHFeH1,train
27.77413634309693,100.0,84.04603672833585,30.1392556903797,0.0,10.0,26.078290733100552,True,Sb3ZUbfukWVZOLff,train
37.12071191573487,100.0,65.02669491833058,35.214257040305114,0.0,0.0,26.077033624744328,True,bcqSpAqCxHtAA5Zr,train
34.50010348929626,100.0,76.7586275522334,27.18790413736805,0.0,9.999923706054688,26.07639701793542,True,nUeUuYElF05SSK06,train
20.819191473753726,100.0,30.222466630509285,67.21122221194983,57.9045470182569,0.0,26.075639656317634,True,dvKdrhhDQ1KO2REC,train
39.00732523436502,100.0,84.05251917889076,17.32275976384372,0.0,5.0,26.074261138193613,True,aW5IagELHzETFJim,train
33.68083112011432,100.0,86.5349854098998,20.86702856287218,0.0,10.0,26.073861304087984,True,W98g7gKXgYs3I4w4,train
37.66446277298307,100.0,60.12668099462003,38.18182682011272,0.0,0.0,26.071483206461316,True,PDj1S5WmTa5YGZgF,train
38.31190842545372,100.0,79.65396158538462,20.219427751825094,0.0,9.999923706054688,26.069953079838875,True,ZfpxRSWNKGMG4XLC,train
30.657575217088635,100.0,81.23986610061877,31.088182642106432,0.0,0.0,26.068010247786262,True,qSiKl0PLh9QpiTco,train
37.713637616894005,100.0,82.79769888050572,19.847198488155158,0.0,5.0,26.06750393393039,True,BHew23WKtXD5SqXD,train
23.68732071403607,100.0,16.850256469684968,62.62597978716383,91.85645386547,10.0,26.06738729966803,True,FKOPnbAgZILi4d5a,train
37.83375092829228,100.0,76.69210650119882,24.265064376392175,0.0,4.999961853027344,26.065264675182693,True,4Qz2qjTvIwzi6yg2,train
23.57782635336136,100.0,23.86456776930903,56.70144629793377,84.97971210337187,19.999923706054688,26.063412803794776,True,51X1nEewj41TrmYh,train
19.41937990062863,100.0,23.637078271659263,66.86822082304427,85.78314602820132,0.0,26.06320818192497,True,cb50eDMQ1lWueoz3,train
19.205683784557877,100.0,17.429301282708984,67.76485773637027,91.8571120804784,10.0,26.06164328984379,True,2OdfQFZuXk2k2ELW,train
22.493144701624992,100.0,95.1177497307597,29.60299253306681,0.0,5.0,26.061547141633564,True,hkpHTX1PWi2MRAY8,train
37.02929891505707,100.0,72.60390212035097,27.053096521916302,0.0,10.0,26.05852935120017,True,dgzOvMMwo7daS7RB,train
29.586957647166397,100.0,74.5078503377976,34.92770175964813,0.0,9.999923706054688,26.0584534996936,True,s2tr2CsJMaXrFBbC,train
33.11726442659615,100.0,25.474442075955213,51.051255396419776,74.93901250884934,0.0,26.05768412276874,True,k1X72nCGxSWCDgR4,train
22.24417133721591,100.0,13.300950922829259,68.96295575265204,94.13435235346901,0.0,26.055494240932223,True,Eu1lFwsPlTGT6Q3m,train
19.76037604591999,100.0,19.02162363457142,63.83710078173785,89.86574660211707,20.000076293945312,26.0540488578164,True,OSD7Ybmxq6DBy70Z,train
37.22952910526231,100.0,72.53207849457371,29.33355708597759,0.0,0.0,26.05390546769715,True,eEMNnCTYJgaPRPW6,train
36.827518740072406,100.0,52.92462394533706,42.041425260477894,0.0,10.0,26.053858328914238,True,R6Fry5gVhVpU1KMW,train
25.958047062238492,100.0,22.918926893782853,59.003650400991006,86.48198181571878,0.0,26.052179970611192,True,WwlTCykxjP3c4kfo,train
28.502443463169907,100.0,100.0,19.63180820021759,0.0,0.0,26.051972505835998,True,oRKzLbru2nVXQL3l,train
31.16871358664629,100.0,91.79134206938582,22.453719406530524,0.0,0.0,26.051623588375552,True,ZVVp7BnjglnrCAq3,train
28.443873190460366,100.0,79.17312162245223,32.820683815111806,0.0,9.999923706054688,26.05106948930802,True,mM0ygbeDwNRbQ2cW,train
36.53315721687811,100.0,73.60252107240069,28.129589509642145,0.0,5.0,26.04958536700806,True,qREY4lfqBfDlFvId,train
28.066549498072543,100.0,20.800669007701856,54.95368107269635,88.38968283724233,10.0,26.046958082074802,True,BvTl2Xitz2NzHZv8,train
28.469874649842374,100.0,74.85880042855251,35.99521847565242,0.0,10.0,26.045332421873955,True,t8xXJs3PpH5ruSIG,train
45.22614665441289,100.0,82.29710965761927,11.970113226649886,0.0,0.0,26.045125757576088,True,8fqY9qoaO0haZyfr,train
16.67633523215423,100.0,22.352937274952648,70.73794499818868,87.50284041214583,0.0,26.04475541952648,True,EASNjYXyJK56LqCo,train
22.015371522569158,100.0,100.0,22.680621901294828,0.0,20.000076293945312,26.03997107559852,True,1iphKVG7hHQ1L8X7,train
26.41951033974872,100.0,100.0,20.92405814841004,0.0,4.999961853027344,26.039687307270555,True,Ih7yfJs1ON43xKmT,train
24.48989279667827,100.0,22.239690380154695,60.9556570465868,87.7913386488114,0.0,26.039125097950702,True,mg6tupUAvgmn6H9B,train
22.556001654593377,100.0,98.15146350273004,27.13142348267381,0.0,4.999961853027344,26.038002728243978,True,dHlov1obK7FBBM8Z,train
21.890009578985115,100.0,22.27226395876915,64.22977562252223,87.5545626068291,0.0,26.03702524340755,True,np9xlohQDOusGCF8,train
40.15844072020563,100.0,81.17944244403861,14.09974711309411,0.0,20.000076293945312,26.036479783973288,True,QQQbOZQOqg2757I8,train
39.47347591812543,100.0,86.90227399832537,15.660500758583439,0.0,0.0,26.03581023099685,True,wfibP5q8ITxaFVBB,train
28.181856685079854,100.0,21.884438783759386,54.04695644261103,87.8748940269321,9.999923706054688,26.03126216400542,True,qelRraRW1qmKBHsG,train
37.56513604521694,100.0,60.445898346431896,37.86226457276123,0.0,0.0,26.030621677821266,True,jnnZVmVPaxU2KgRY,train
40.05048072667995,100.0,81.86447843679343,18.67991775136521,0.0,0.0,26.02827549746204,True,XHtvcSDP11Jybspx,train
34.3754832005875,100.0,94.37212389875305,15.138398442926032,0.0,4.999961853027344,26.027367166196406,True,ourn8QsAJvGVBpQK,train
29.662290527883115,100.0,85.18141191989298,26.670109867213526,0.0,10.0,26.026806393397433,True,FRIAx9BfMq4iv7wP,train
32.50440894994056,100.0,96.72552584206866,16.9513549919198,0.0,0.0,26.0252021121794,True,i6m0LHT6t8Ftl047,train
33.87213939181993,100.0,86.26447154889959,23.0820612039729,0.0,0.0,26.024117821084502,True,qxxJJ7ZqwbAhw3R9,train
37.45015347794729,100.0,64.30513397229203,32.56939719977966,0.0,9.999923706054688,26.022184090589292,True,AN58NPhn9jW23OLp,train
39.04567958826423,100.0,71.76414727258955,27.460521119762646,0.0,0.0,26.01814621190702,True,I3fk5Kh0yowPdtXK,train
34.22092643192276,100.0,71.30052217593152,31.339168055880023,0.0,10.0,26.018143545546426,True,7S9DADWQidhMXVRf,train
41.56693134219499,100.0,77.14980792021893,17.740806733150805,0.0,10.0,26.012365370211747,True,YVntXQMkEyAJdKOH,train
23.04611211582383,100.0,100.0,26.248037009667115,0.0,0.0,26.011135430889382,True,964P0mmTC7ge8INv,train
23.55255657603024,100.0,89.555729490088,30.939130691998542,0.0,9.999923706054688,26.009320891223204,True,NIVZ19ou1tg6UfOz,train
31.60027886709295,100.0,88.58789583397092,21.6047705076585,0.0,9.999923706054688,26.00920437870331,True,T3gCkSt5bcuYdswx,train
29.914164122567968,100.0,19.535724303585003,53.09245819998959,89.62915550087936,9.999923706054688,26.008845276524365,True,djbsbqeT5aDZgKei,train
24.080012462823518,100.0,19.359931663839582,60.380088762829516,90.14725525642062,9.999923706054688,26.007369565971487,True,oXxLTGasmnphZWxR,train
23.10103562275623,100.0,100.0,24.89639713763161,0.0,5.0,26.00453833321538,True,O7jjWrI8DbLUVJEj,train
35.278318429734256,100.0,69.72645036709227,33.589261500391686,0.0,0.0,25.99639946257574,True,3IVyZNKLBLHGXj44,train
27.503902933328682,100.0,21.59737472919601,54.83861194539678,88.18241705392367,10.0,25.99242518448711,True,3LoqBuSdlWFuG8Bd,train
24.574399057855064,100.0,99.97490278843767,24.250324049443734,0.0,0.0,25.989899992618163,True,9uQhwSzTiX4E1Z3F,train
32.51865727243153,100.0,21.279050518870108,51.458847768735865,87.49262557362893,0.0,25.987922728367018,True,zWyNM0OW9CG4qkc7,train
27.839537453900622,100.0,22.80559147323014,55.316537238450024,80.86251464245068,9.999923706054688,25.98715244957495,True,f7JWK1HEvxFL3QI2,train
35.14272090196522,100.0,13.226835370544935,47.34486514742176,94.95552290940863,20.000076293945312,25.986458520725094,True,xrsbWjDCydhQ3iog,train
30.40607879816526,100.0,28.233805492739393,53.213932855083385,70.14123761369142,0.0,25.986438975153472,True,EMMr9Uqpm1hFIkCo,train
38.046897028362274,100.0,83.05639155989616,20.0811963340157,0.0,0.0,25.986422257878132,True,9XAfWiN6tYpLGxiN,train
27.73812823795227,100.0,94.78655650517383,22.89955636224782,0.0,4.999961853027344,25.982424900365075,True,cdPxsnBqvNZ4WDcg,train
37.512685777817,100.0,76.85016629053843,22.878933469566036,0.0,9.999923706054688,25.981479267250954,True,46E1O3apKBZ5M39B,train
42.599151191682914,100.0,45.25497365962899,36.94607236790866,13.07210012325524,9.999923706054688,25.980849511912304,True,3T8vpteNv3WiYWGW,train
23.681003647436214,100.0,20.817233430965572,62.360550371918315,89.29431290270713,0.0,25.97966164602291,True,pVGFW0NPc1GUemR8,train
34.644137927689364,100.0,22.36042220856819,46.059947103676926,85.03675891024312,10.0,25.97892517945511,True,R0NHAtbNqzzxZ0rK,train
24.26505687571715,100.0,17.160788567984724,61.31091138293858,91.52292722415028,9.999923706054688,25.97870732722496,True,TBl3UE2gqnWxNmqh,train
28.053323664641994,100.0,89.33091713449977,25.32632798367584,0.0,10.0,25.97823408307063,True,Can6yHzdv70dzpcz,train
31.04766391944674,100.0,91.8436845678389,19.68537123286768,0.0,9.999923706054688,25.975539096913792,True,fLTAHKXSZVoSfpxa,train
36.10563291957852,100.0,55.263989731391014,43.293641021013485,0.0,0.0,25.97473489380598,True,ymqcM0eJYwGawwIV,train
29.900103852724193,100.0,90.15013051357562,24.868859230022295,0.0,0.0,25.971317386221852,True,lZWmq53ACO6Ng3Ok,train
23.600026348866777,100.0,42.81120988431001,60.26001189852718,31.93288685962486,0.0,25.970334792549878,True,imjJw6qgqi7kA0oO,train
38.12192072343882,100.0,79.8978675121848,22.26905246823422,0.0,0.0,25.96897080133427,True,XYfcXwlDyNH8hSLH,train
29.64690906727714,100.0,28.66645385892741,53.52156538360923,70.92000935119628,0.0,25.96200888994006,True,VFwAvCFLKZ2dyhG5,train
31.18132350559952,100.0,7.596189403720121,60.81377414937953,97.27644841072456,0.0,25.961336537370034,True,XRRpqOq44BAzgcwg,train
32.870626552762644,100.0,19.029316397188307,49.50419501476503,89.75211992682713,9.999923706054688,25.960495282366004,True,B3LF272aHYwAW2Cu,train
29.588620542735377,100.0,15.818615791813698,55.188804432511596,93.03987301811989,10.0,25.95970204186421,True,4MDlMv01Cuw4hjBn,train
35.121828834194154,100.0,83.48937809796189,23.262974262602583,0.0,0.0,25.956458775763338,True,vXrj3Zoragyoy8gY,train
18.341099381026076,100.0,22.510994216669758,65.66649638045928,87.2148031130174,10.0,25.95596340949971,True,PBQMm03hngY2z53t,train
19.150563237329067,100.0,20.57717757240528,68.02105293353821,89.55053486150693,0.0,25.955954774976053,True,A2lpTywdszc8jA6P,train
33.016397384147325,100.0,92.56042726519729,19.07764633290725,0.0,0.0,25.953692702397873,True,8iVnzNdozl0VJM1e,train
30.214171068469525,100.0,23.096209788273416,53.31869467414351,80.3678998703331,4.999961853027344,25.950106256355117,True,2Y7Ud1xzaLPtrOz3,train
24.34130409418762,100.0,17.53136252263023,60.73487056837074,91.71420655088644,9.999923706054688,25.947711028462646,True,pc45xQeZU8vgnoQi,train
30.702590292963,100.0,27.272455573578462,52.84450376562583,72.18814375737152,0.0,25.944823850271263,True,OuEGYmMT09IcmEbn,train
42.443469506484085,100.0,78.96804673132219,14.94016963280744,0.0,9.999923706054688,25.944104498183574,True,5uVLnbmlOcDO4xBa,train
30.65840021155455,100.0,80.07668522329902,30.089668268329902,0.0,4.999961853027344,25.94403458270084,True,6RfxfZH75ZWfDIGj,train
29.009851343405046,100.0,8.092808592526382,60.40166860561738,97.94198063851219,10.0,25.943816877779305,True,xdYDV87WtLphzyaH,train
41.69679082965756,100.0,70.57829185404395,22.154128187789127,0.0,10.0,25.941767123078805,True,NWc2ehWnqItnoKgm,train
38.09640059450071,100.0,77.00758037650618,21.816398526831378,0.0,10.0,25.938516910467378,True,G4eFqSu5iDoY6wOm,train
40.344898673898506,100.0,77.2612420341658,18.79358910105276,0.0,9.999923706054688,25.934124979112784,True,c1xObXYvpF7zBB9Y,train
31.179298017635354,100.0,21.1947294547899,50.22694002697876,88.26630736319889,10.0,25.932737296183024,True,yuAlAcaJaxLIbQ3h,train
41.69555782298226,100.0,59.854989604904546,31.381722411230513,0.0,5.0,25.92848237872735,True,quX3RgfyaJK52w9H,train
33.4209819529485,100.0,21.002036623080336,47.95803349239094,86.59245520597035,9.999923706054688,25.926776625778615,True,VnKwZVEYK4Bu8BkJ,train
37.38211072974067,100.0,77.33495563144885,23.63559490645271,0.0,5.0,25.922890008443037,True,xMoMBukg200oIoua,train
25.6756796995553,100.0,75.06242965777747,39.96761874978681,0.0,5.0,25.921808123512807,True,6SWprz9vsCZiiAMS,train
32.741755251288524,100.0,17.769263437070176,49.86093965813778,91.96743856328708,10.0,25.921388188174568,True,fPQsGsRu9rt73mba,train
32.84721224611661,100.0,20.72489118187004,48.4393183481437,88.22464497352978,10.0,25.91963265711489,True,wWv8kWjsUWkScxMY,train
28.94249969972278,100.0,22.282058173425266,54.74445440768909,87.79733282983446,0.0,25.91669117397403,True,whKg2IDhBi2IKCtC,train
35.391908181999526,100.0,66.3042978983036,33.11402630924108,0.0,10.0,25.916426992093637,True,8Sb22Q4tnHMGmVzs,train
22.781981807763717,100.0,23.95391350410884,61.61350253402589,86.0087507413267,0.0,25.91172052142877,True,TK1QseQdnBFuH8ay,train
27.053053058600092,100.0,21.70596870251063,57.75203023921094,86.82084758138332,0.0,25.91060699693797,True,rg41PsSpNebVnl8p,train
35.504665970663616,100.0,67.83455513328133,31.7628723462948,0.0,9.999923706054688,25.903920417219798,True,Wh4XLWfNqZPtxq7x,train
32.36530539568656,100.0,20.024706674253693,49.322839701707345,88.85815202314087,10.0,25.90250789155821,True,XtSzA1aS8OyoGTY0,train
30.098169442957655,100.0,89.8011071806838,24.53734066144291,0.0,0.0,25.902176570130568,True,5L3bEhqeyOYoRSoZ,train
38.92662083689806,100.0,68.82074585908936,26.732994439890135,0.0,10.0,25.901365976065946,True,I61wKPcFqjMrftjQ,train
35.600354197262014,100.0,67.51721847545839,31.855146824998926,0.0,9.999923706054688,25.89869687093678,True,rZvzuCiBEzxRrfXM,train
25.442624167825464,100.0,18.351212205558742,58.82923191734012,90.38076831328944,10.0,25.89822267192267,True,IXeRCMikOsgQNNYD,train
27.465484762331535,100.0,86.90589209836659,29.971013704406502,0.0,0.0,25.89645774621917,True,bKUPLyT0lhJ5mAyC,train
39.50882529390077,100.0,77.91422059382614,21.65176855209451,0.0,0.0,25.894693122968015,True,qQqHhFR48D8OpOA2,train
30.33027657957681,100.0,83.78029812403165,26.196797118210498,0.0,9.999923706054688,25.888969472443783,True,3zMguIvuDs29L7by,train
37.63870808786248,100.0,81.99974825482863,19.64539818544452,0.0,4.999961853027344,25.888716989930188,True,hyCu2yCDcclJQ3Xt,train
37.48654619407724,100.0,62.84318389560628,35.451288169405714,0.0,0.0,25.888371766741397,True,HNaxXJWmBAJmsJjy,train
27.093997210339104,100.0,83.60972965556097,32.856336207486805,0.0,0.0,25.88622599241628,True,zqaHoco80CpzaBd9,train
32.059569340969624,100.0,84.07417418663638,25.04043862043862,0.0,5.0,25.884106187325585,True,VO4KBHOOIt6wEIoZ,train
20.74942340438169,100.0,19.3801006373301,61.521473742817136,89.69686393392935,19.999923706054688,25.883505077257567,True,muPFoSF3ql6YgR5t,train
31.232320271910808,100.0,81.78349030107468,29.037899542005448,0.0,0.0,25.88318352153999,True,lB45GZDqr2RP4RFd,train
34.68552265446995,100.0,30.624033437206016,45.65497793766908,59.714237152681065,10.0,25.88169312436626,True,FSdjngDqO59ciHVe,train
40.476565318186765,100.0,74.0601747858927,20.76357285255662,0.0,10.0,25.88088211794192,True,7AjOpUt60TfQMKRy,train
17.611190122923887,100.0,23.401084018956425,65.84949955534404,85.95243862110613,9.999923706054688,25.880478161001285,True,4yFnuUaEJWfVdQFl,train
25.732413942848982,100.0,98.03275842407191,21.194882587989525,0.0,10.0,25.876993766920936,True,sT9Md8X0lOFCam2Q,train
19.777984943704084,100.0,19.02235819394149,67.8294575679459,90.25450721613436,0.0,25.87646683941314,True,0JyWVVHSH9E8N9kr,train
29.491317251272093,100.0,19.709758802324362,55.45050286640097,89.11766554430355,0.0,25.87527698366205,True,tgsptsz5klZGbVFq,train
44.07076909144086,100.0,71.70646302737502,18.002245252069102,0.0,9.999923706054688,25.874106962683022,True,tXu9omYGZMbBip2Y,train
32.65119253625584,100.0,86.84084573380238,23.38859974032023,0.0,0.0,25.866644942198363,True,Py1yoqfBOpHWZ6NZ,train
26.210071706054915,100.0,14.609729848583477,59.63027085853732,93.90316956200783,10.0,25.86519005360911,True,CKB6GJz8mOQfk59Y,train
45.46457125932004,100.0,74.44040372842485,16.661136012494097,0.0,0.0,25.86443057659256,True,h3s3bpBSLzOuTyzy,train
28.934312678021072,100.0,19.98257677112896,55.7905403034279,89.48035303491852,0.0,25.863090397606122,True,cV7NRWoBFjWP8v5c,train
27.308042207691567,100.0,34.76621198096248,56.398620845876984,40.80783421948671,9.999923706054688,25.86205441451973,True,YpoQ37N3votJffau,train
30.92364176205138,100.0,83.53005667326254,25.48688154968673,0.0,10.0,25.85779525143957,True,v2PiLBtv4u7leFxd,train
35.17546264427361,100.0,14.349154688137727,48.450842089430296,94.39525982175405,10.0,25.856170273262823,True,GbgzzrI0akpBiId3,train
36.58095985673052,100.0,82.02213244738746,22.00018801702953,0.0,0.0,25.848597434696657,True,o7KX7MePvy6TVVUy,train
34.24164569574311,100.0,66.46564755039901,36.58985886131438,0.0,0.0,25.848230328758504,True,iOGqwAEUNClpiZcd,train
22.228462878061965,100.0,25.249150220100113,61.378540751178605,84.55256751935254,0.0,25.847824778733855,True,66nula27BklZydRK,train
30.779228104432992,100.0,16.800337907990826,52.76911121109266,91.51817749777004,9.999923706054688,25.84458501471664,True,EjBHn3N8xcXDVSbw,train
42.73242542434356,100.0,72.02293805964416,19.257016325683793,0.0,9.999923706054688,25.83794651547201,True,tJBAEfHAq8rj9BiX,train
30.7342510791917,100.0,86.19841483261635,26.090800691494636,0.0,0.0,25.831485132989304,True,hihszYmLXtYXCzlu,train
20.62957113707364,100.0,100.0,27.116693139820043,0.0,4.999961853027344,25.830729504883784,True,h945WWsACupQBhlD,train
38.55929544482512,100.0,78.0705141356643,19.898262378591596,0.0,9.999923706054688,25.830049642576974,True,vIO1Vk2ZKi0Yn0Sz,train
17.650267962796164,100.0,21.474025489437416,64.08163261315542,87.58547078466452,19.999923706054688,25.829267061281698,True,GAg3RfvBZ4R1YXWk,train
21.88498843898352,100.0,22.396890533281105,60.81810937310489,86.58751787071506,9.999923706054688,25.823774643197513,True,LSfpUIVE4THF3ahJ,train
27.126026705282914,100.0,17.221698692781352,56.73777121422681,92.1931523310403,10.0,25.821973339635306,True,Gh9CnJ3UB9Ig6ywl,train
17.310778129946808,100.0,23.435475962627756,63.63020277990586,84.9496799172584,20.000076293945312,25.816544293422226,True,maYQjXjJX3TlM7oZ,train
39.168675042206814,100.0,80.14508047818352,16.256538958260776,0.0,15.000038146972656,25.815240531280022,True,T74IZPeQ36gvNsJ7,train
29.516677424383552,100.0,16.710368551021606,54.11121478635077,92.10190023293801,9.999923706054688,25.813058792968917,True,XEhx6eusUFtBNhhD,train
32.18210662486458,100.0,21.46604782382063,52.328930953539015,81.60669170051659,0.0,25.811554605522872,True,HPvWOlCY08BG2lbK,train
35.32921721528162,100.0,59.73653780580699,37.58707149572553,0.0,10.0,25.81019927383656,True,hx3bcgefoNgvtH9a,train
28.67499592476383,100.0,72.35697407278427,37.68739455379427,0.0,4.999961853027344,25.809772095518817,True,o8eSPJcwF78zpfR1,train
35.59854060315812,100.0,17.241767984289716,47.63829194955431,90.92091959827651,5.0,25.809604718257674,True,OB07He591st3fB5O,train
33.925971981104354,100.0,94.47084133008542,15.779781994553659,0.0,0.0,25.808075593699634,True,bN5LAkx2qmGrH56b,train
29.74421269737684,100.0,93.09382872588384,22.03010598844702,0.0,0.0,25.80614868091619,True,zrpTs5oyM4E9bR7K,train
37.10860186388724,100.0,75.8044337699627,25.791214765701994,0.0,0.0,25.806058484606613,True,zl54SNMfCkgFs8kM,train
24.48793892949551,100.0,18.039944048486582,59.49561888594646,91.55381851513496,9.999923706054688,25.80478722789564,True,YIR8LOsatnLpXxhz,train
29.112332317181956,100.0,22.840411595564255,54.07503197899841,85.6872968285129,0.0,25.803516055855457,True,Lvc0CU5A6R7xXXuD,train
36.86235436807368,100.0,55.31316341410536,41.45000153734877,0.0,0.0,25.802563411603977,True,QUi3QTPXo3RN2M7o,train
33.0457288783617,100.0,13.209997228258562,51.64858220814567,94.56141782826634,10.0,25.800719136871663,True,s2iXzUdT53CJ09j2,train
31.91975632770378,100.0,80.87920265674526,25.898722004051947,0.0,9.999923706054688,25.791560066550858,True,S3NkJ5R1Zo3n66O0,train
15.221475725723774,100.0,24.249699641850903,66.84020890280956,84.60410703502967,14.999923706054688,25.79106719532471,True,5qMbB4b2HPlFBhba,train
29.723236759050874,100.0,88.78012360657686,22.677186547754076,0.0,9.999923706054688,25.783261225602796,True,ZVpObjxibMqvkSmX,train
37.41981559098599,100.0,61.53589118915972,35.98667541010164,0.0,0.0,25.782672658140783,True,qLAsM04P89Hwzbhl,train
29.100807734619572,100.0,16.611626083523024,57.11944345922041,91.80870466593285,0.0,25.781269771324073,True,nJRIommgPuYQ84Ug,train
38.874550764808504,100.0,81.922696537717,18.860070951816425,0.0,0.0,25.77905636222296,True,fvHJi4UUe1H39D9c,train
32.93662552897681,100.0,15.809427786823697,52.61656982496967,92.96194016891546,0.0,25.776981523707466,True,SL9zBwTQiNt0Hm2c,train
30.62136008165968,100.0,81.62082179747333,29.386279388467372,0.0,0.0,25.775719167729395,True,nSVUT4xQGwlpOIz7,train
39.63101550540631,100.0,68.43677709887528,25.486238370568884,0.0,9.999923706054688,25.770514300599384,True,M1wF2LuWweK9P0jq,train
23.1130893312674,100.0,24.596683078560787,63.57818108970482,71.73047851995896,0.0,25.76993493853988,True,NN3iWefN1lrCq9nP,train
37.786157193336315,100.0,68.67026929514915,27.610421064680665,0.0,10.0,25.769163905542584,True,HhqEOtmx4d3QnhpO,train
24.796272157995123,100.0,22.16538287540476,59.56215412923917,86.64797773794628,0.0,25.768705183554644,True,e75E38DWZci4jQnJ,train
25.942414907539536,100.0,19.415397407712888,56.935489560507456,89.67195645924737,9.999923706054688,25.768605258408414,True,GEondblFO0ypTiZD,train
33.28202389396151,100.0,85.34188988865543,20.72170813818927,0.0,9.999923706054688,25.766127269729278,True,yIpUq7NBbrCGtjeC,train
16.29651984185756,100.0,23.443797401656454,66.91139515165798,85.82989620627839,10.0,25.764473411358374,True,bvNtQfVwBFheDCun,train
17.602120030393607,100.0,23.977451472345845,67.79814999462758,84.13727245639389,0.0,25.763641350195492,True,4DsnLbOz0q6IqEFm,train
32.0591275295701,100.0,88.45804787322807,21.132278793229602,0.0,4.999961853027344,25.75994291467402,True,x7mCaoVbWrR6Twmf,train
21.545321244330253,100.0,13.833738295754268,62.758847645955946,94.71970623613618,20.000076293945312,25.749149711140966,True,ihy0YATKtHf6S2Od,train
36.639973906076065,100.0,79.24989522853511,21.00596537292546,0.0,9.999923706054688,25.748667020687108,True,JNBBFAduYBqka0Y7,train
37.781153917671006,100.0,77.23396391792049,21.084589672851962,0.0,10.0,25.747301001676217,True,KxwfelTXDqEqW4CP,train
31.299840251550794,100.0,24.55470835917248,52.32203122986235,75.46521252939712,0.0,25.745833189205896,True,gfJDEHzpqOersJ5E,train
37.77265500914693,100.0,85.79174006621889,17.147619901812135,0.0,0.0,25.741448742581994,True,UQtvTDQLHHK4rW5i,train
33.04201078141266,100.0,20.649331558367436,49.85983130657114,88.21890566041789,0.0,25.7408139734434,True,1lGxcTsgAjWDva2Z,train
30.853001161484848,100.0,79.29238196158948,29.418399097407217,0.0,5.0,25.74078740409108,True,shKRIy5z0w9XZjsc,train
31.00164015647966,100.0,80.37351062370692,27.164691832593817,0.0,10.0,25.739374999194716,True,4TYcHgCD04c4pHIz,train
27.2639832064028,100.0,86.38039982716607,27.33127463916165,0.0,10.0,25.73931070350794,True,hSOmrgF67O0ddvs9,train
30.224756167836343,100.0,18.898470789403436,52.748791850393225,85.96734871338971,9.999923706054688,25.739081651420467,True,sXe2iqnAezdxaSlM,train
34.33141951569399,100.0,91.76029208751166,14.427530351301712,0.0,9.999923706054688,25.73240094761332,True,2A1FnBz1tHupjb3Q,train
29.843552175706723,100.0,90.05433231440959,21.316611272421824,0.0,10.0,25.732360145572486,True,hTxIj3BIAIFzt5ag,train
31.01298609865945,100.0,18.083489623313397,53.54504977950774,91.06998533528318,0.0,25.728279190827582,True,NWyuJVscjSKpDAqu,train
28.251575448679862,100.0,76.92105675580069,35.59702799622262,0.0,0.0,25.720457974784594,True,7NDlyxiDUmOwrmvi,train
26.432254488596605,100.0,89.78498471453106,26.95078292172262,0.0,5.0,25.715967913673335,True,UpwQWMO0k03nTAgo,train
27.32288586014611,100.0,17.865562503103742,54.36978101107624,91.44601198279838,15.000038146972656,25.70681454920589,True,HR2juRvjapl87R3U,train
25.193443787820343,100.0,36.71663437823257,56.803516069489774,50.78875607077339,0.0,25.705997121126593,True,8nyC2jUQfe1uyCWU,train
31.454101978638484,100.0,90.52310214701777,18.80484193769655,0.0,10.0,25.702959204251595,True,dkyayq7YYDsBS9UY,train
30.23532069770252,100.0,77.23811946100548,30.28815445228993,0.0,10.0,25.70217898403444,True,8s1oFRDjMsjVQ2Z0,train
39.33067704727302,100.0,67.6721593867287,27.339544999690517,0.0,4.999961853027344,25.70140026241703,True,1C9RlZ46PTW6FeIA,train
39.20044497020488,100.0,74.49279045858673,21.135637496553613,0.0,10.0,25.70115731064995,True,jwPso64RyR4T05hF,train
20.87477234131373,100.0,100.0,24.909791805672015,0.0,9.999923706054688,25.70064763176557,True,8UV0VUuaj5D7jF3u,train
29.383325361335984,100.0,90.10637941789676,24.179603657820465,0.0,0.0,25.697708984582604,True,YXihu6wNMB3Eiu7B,train
36.055929577894325,100.0,83.99832324001069,17.91858460347254,0.0,10.0,25.697447801169695,True,MCpYlDGPhZM1v366,train
35.322238698425274,100.0,70.62934922116503,31.36043603033977,0.0,0.0,25.697049263849028,True,SmPrS72Ia4Wc4jjQ,train
41.612440116989276,100.0,83.91461875560697,13.521848506042346,0.0,0.0,25.694672543796834,True,DA0BjbsDhKyaLtcP,train
28.78033363688509,100.0,29.50374329278093,52.32401969353593,62.16320317895249,10.0,25.693609000793224,True,cf143agQ48sKkAke,train
29.59778907717066,100.0,19.235474369623685,52.08500802588733,89.80346636811927,10.0,25.69194334831965,True,gXzGIuLlzzoEOUba,train
38.827151953271205,100.0,64.51594313181002,30.281880225659734,0.0,5.0,25.69055550322125,True,v8KlPPDOrfeAIaB7,train
21.76087673588366,100.0,97.0166878996672,25.989161416695964,0.0,10.0,25.690554652260186,True,jIzCSPkd77jXccMv,train
38.02309575248029,100.0,68.0641713382168,28.612376649437323,0.0,4.999961853027344,25.68787306139142,True,ofCPDGBv57aYpKPr,train
31.996057299640007,100.0,18.256347810912605,49.42182311740624,91.27579246315865,9.999923706054688,25.68561692848881,True,mwMsIlO63Yi6qxis,train
26.770712428250164,100.0,80.9467166019557,31.75367463533614,0.0,10.0,25.685420524423122,True,pNQq47BRKT35Otn8,train
18.5629799322504,100.0,12.01158446499058,69.66852173840842,96.18413236466874,10.0,25.68539361872631,True,au6o6wuP8GHi2n6q,train
30.85502449429189,100.0,81.09202997609404,27.78859913120307,0.0,4.999961853027344,25.68527853887906,True,PLCIN5unDEde9krK,train
35.628041391048676,100.0,66.23816453977584,31.71117435644028,0.0,10.0,25.6849699000166,True,woV3tAY4vxqLsD2h,train
29.76644533206293,100.0,80.27242168237555,28.511324637599145,0.0,9.999923706054688,25.68473569819463,True,m07cCHgh74eCgKTW,train
45.41962686048683,100.0,70.7590233933382,18.57777325447512,0.0,0.0,25.684314875017456,True,KIgiuvNEEDjBuM1F,train
32.808893519131054,100.0,80.01166997719318,24.89378275344528,0.0,9.999923706054688,25.68272661235353,True,PABzZFZd1Hd6GxbK,train
30.562975093727893,100.0,75.26761007360999,32.503605140172624,0.0,4.999961853027344,25.681604405159362,True,MPzcsDZRRkjbuoM5,train
32.2770304115304,100.0,81.70091600916383,25.535068411534624,0.0,5.0,25.681408686564097,True,OHKJ13lyatfJ2aW8,train
19.76935387448527,100.0,20.777062981064827,63.27717134646842,89.33795794466312,9.999923706054688,25.68122626761062,True,Vf0sgib9T70aFqO7,train
36.76261078455206,100.0,78.81270560941994,22.07614917087038,0.0,4.999961853027344,25.67778646437645,True,cOEdAnpAM2NJDNwY,train
40.89845670824372,100.0,76.25347479334165,17.563850989873202,0.0,10.0,25.675405594036818,True,bGnOHxbCzvZNDwNu,train
34.79791404693989,100.0,72.53452303332656,27.977601072449716,0.0,9.999923706054688,25.675173366526636,True,k9icK383XZqcQd80,train
32.47522279208154,100.0,19.887570351595492,48.28281986791362,88.28844657869466,10.0,25.672927553277166,True,xSiD5pSpPOOgOH1Z,train
15.032225101510551,100.0,21.155103707037263,71.43671263142167,89.07318473870474,0.0,25.6723235946528,True,ZlB14AiurFXG5dRc,train
31.632824867839282,100.0,13.638679128110201,52.64614090808154,93.77154716588294,9.999923706054688,25.671809811389544,True,xAcjpX3hdUBtXcCX,train
34.97849369032761,100.0,86.95272037916631,18.170184842557546,0.0,4.999961853027344,25.671566540619725,True,OuwKbsQ35zh4cdDM,train
38.626071274925266,100.0,73.13960382133207,22.719832496115743,0.0,9.999923706054688,25.671421076457012,True,BRVeiQGOK4HLNUoa,train
20.22935200069743,100.0,90.44901312783819,33.9797585484782,0.0,4.999961853027344,25.67063977169709,True,zAUguBuQqx9jR7Ee,train
29.32256402259717,100.0,79.8107049415865,30.565911746338557,0.0,5.0,25.66542909615498,True,SuH6wMIGnSgQ0cpc,train
31.53866592729029,100.0,80.79440975360853,24.54725492060831,0.0,15.000038146972656,25.663280836334145,True,JvQhAw3Q8WB36Ud9,train
28.538129064157417,100.0,18.588810132646206,56.04267674542617,90.5998019972541,0.0,25.661379234884226,True,FvmjiTF3RN7N21FS,train
38.502539363750444,100.0,74.2980882673798,24.442633232388374,0.0,0.0,25.658874727522257,True,A9JDzttIQWBFztKC,train
40.180540761981376,100.0,69.95593249974635,23.0987995246262,0.0,10.0,25.65828497038254,True,oTWJalmBS9kgPYMU,train
14.711726121714731,100.0,98.90850751598055,33.215842258269575,0.0,9.999923706054688,25.657372294782412,True,tFI91ZC9bcvdvYUc,train
38.209495444235024,100.0,75.31219380831223,24.023919784264464,0.0,0.0,25.653986889158485,True,HvLmggaMTeLY1m5K,train
41.66048975962035,100.0,61.833686086130086,27.297974520751453,0.0,9.999923706054688,25.649766442277624,True,FDwWTjwT3PDjoe0y,train
40.48968568544093,100.0,72.2113191029191,23.47465670711773,0.0,0.0,25.649050628221644,True,GvOh4O9I6ZW0Xzlz,train
28.922926210272763,100.0,78.09023764334111,32.26807647350002,0.0,4.999961853027344,25.64788058642073,True,ihad1Xoim0zxRO8P,train
35.775332363691504,100.0,70.1744772272439,28.38483038482852,0.0,9.999923706054688,25.646966937277902,True,gvPSeD5TFWpWqvsS,train
17.899535062887576,100.0,93.88376176357585,35.4293474230529,0.0,0.0,25.64331751486885,True,8iO3WFg3aKsEECvl,train
17.876752375617258,100.0,23.122671163936115,64.31840060283491,86.80814570935348,9.999923706054688,25.64167235983212,True,ybHdxwIi0RiAjWm7,train
20.42096277712043,100.0,99.81672479601497,25.31663863478154,0.0,10.0,25.64107714063866,True,xe9HIGYGJby3EcOy,train
40.83970931861498,100.0,77.00137993325899,18.14236897881915,0.0,4.999961853027344,25.63860620805779,True,niiVoLq5ygigkTJL,train
30.047826939517066,100.0,26.053403731286412,53.029373940310336,72.13408593087891,0.0,25.63254637917824,True,8MP11YZ0hPpCfAYu,train
22.771759986862364,100.0,88.26969595028334,33.48932028508305,0.0,0.0,25.6312584462747,True,z9B6NB4pQnZ1ITZK,train
39.77939856926335,100.0,76.72571098114838,18.384991038481445,0.0,10.0,25.630704497184386,True,p0qwcM0zGuNnGczk,train
31.17299679899412,100.0,91.66732056137499,20.428987022737033,0.0,0.0,25.629144688502187,True,kNwKBAWbWsJVFpy6,train
30.334228013139032,100.0,76.40135589775127,32.918621134869866,0.0,0.0,25.627484614921425,True,m0XxDgjTB1AffdB4,train
30.95620352770416,100.0,20.44129913012781,49.62997345905556,87.92176650247008,10.0,25.62732876837983,True,OfuQgiRM8vrxWZJM,train
40.493490251784216,100.0,80.44847070704057,15.918114129519836,0.0,4.999961853027344,25.624264087557474,True,FTDi9TG3HhSnDEcV,train
22.858149821040037,100.0,100.0,24.5463455624909,0.0,0.0,25.623806567758187,True,ggux4tiyX0W3iPRj,train
36.46400493968102,100.0,22.027327889332287,44.527068642846814,85.95615441615047,0.0,25.623321867696983,True,9ae8JUPDyXS3Mk1C,train
34.271812907936294,100.0,83.9178549517674,19.834648485519054,0.0,10.0,25.622561166852993,True,CFw27iS4gpxTmc5X,train
24.49378592194202,100.0,86.29483040781,30.264624419816883,0.0,9.999923706054688,25.620592110923116,True,jlsaq14SPRnlAggI,train
22.63188963230167,100.0,24.038841573923058,60.60606459111472,84.66132627463156,0.0,25.6180778761184,True,Y5uiZta8r58h7uOD,train
36.60176280003059,100.0,61.21839734811934,36.41573639442216,0.0,0.0,25.61634758110998,True,RyHhUXOAoA1apIKR,train
35.95039699405343,100.0,73.41183283375372,28.07712306624576,0.0,0.0,25.614798786825567,True,UYExopv1vlBSkdiM,train
24.955911247757715,100.0,23.184535912705062,58.05997009145152,85.5766184357727,0.0,25.607483138924128,True,1bga6jWiiUhkSzJ1,train
31.34795288884947,100.0,87.04857503731031,21.06049772581831,0.0,9.999923706054688,25.606370208275308,True,Xqbz7HRIqemmmDof,train
38.3922926738379,100.0,77.65967941944929,19.296489806821256,0.0,10.0,25.60632304274112,True,oLRXuIDPQmX0K7w5,train
40.06853210039249,100.0,27.679886457700725,38.50035332738975,64.73248516101586,9.999923706054688,25.60580710258471,True,vQVynWmEcBM6vPg2,train
39.72625926554713,100.0,71.74449968994799,23.31193179321299,0.0,4.999961853027344,25.605624221172945,True,nNTsRw6RiTP9lGIS,train
34.70209140945856,100.0,18.935986330174536,45.98131108916761,87.84759531135116,10.0,25.6045627852919,True,PC5itSrXBdN8xZ9E,train
29.103261800950097,100.0,92.75138393091869,19.573612469666088,0.0,9.999923706054688,25.60324171911128,True,Ni8dhjp9FzmeEDtL,train
37.832432822999124,100.0,78.55751357709751,21.80315131019597,0.0,0.0,25.6023655043536,True,FBY4HvubFGNy1CMn,train
29.87795379211235,100.0,79.5952836729401,29.716950107003427,0.0,4.999961853027344,25.60216911302115,True,Di5Y120oFRllvWLn,train
34.51294429822524,100.0,84.59672276781164,18.901635613787818,0.0,9.999923706054688,25.598067797788353,True,sWbo2UvvpnId66Qp,train
37.473054207513385,100.0,58.301149174297265,34.903781378554726,0.0,9.999923706054688,25.594188389036617,True,qTlaVvYsKRWmlN2O,train
33.775992875970815,100.0,85.65680687432472,19.00313324406754,0.0,10.0,25.59314589895492,True,MmKKPPIlXswuRGFX,train
26.026342525811607,100.0,86.32544228625164,28.18725267644659,0.0,10.0,25.592852509679965,True,oABRWzWXSItuLbKY,train
25.942592967872354,100.0,87.85170245153043,27.112521163821597,0.0,9.999923706054688,25.585904027764705,True,s28IDBKUKXHqk9yD,train
35.144450837753844,100.0,75.23168962662564,27.57481677321789,0.0,0.0,25.585829508075882,True,SmE8ZgCY5IPxdYOV,train
20.799345858592638,100.0,20.509607792924363,64.39378291976792,88.57493995154579,0.0,25.583781215117686,True,oTlS8jzwjCHkwsyp,train
29.840798340921875,100.0,86.78972057979863,23.024362632499702,0.0,10.0,25.583530198700203,True,5z0BGufzQgliEu7p,train
31.460572202349425,100.0,83.17987917468255,23.691277746271567,0.0,9.999923706054688,25.580376661346783,True,DX6jCOyJkMCWug7r,train
29.31427978168898,100.0,70.50289599579959,38.36252075771381,0.0,0.0,25.576508496334945,True,IPHTeLyRAtZxkmh0,train
23.84791825465129,100.0,86.66657622944001,33.07230655718908,0.0,0.0,25.57642730951664,True,SiBSBJihCh5N5xwm,train
31.529535140080075,100.0,87.17938089129758,20.579805293533042,0.0,9.999923706054688,25.575248162724,True,3HD1dfdr1PgvMg0s,train
23.97596890773291,100.0,21.19004414232455,57.38020253297776,88.52239917797883,9.999923706054688,25.57465549907914,True,nvIX2ptLkT4ymJLX,train
40.49257771055002,100.0,42.45823229628367,34.182214205588835,44.89310308604978,0.0,25.57297726750031,True,DhleKLK9m2SP3MYf,train
29.795733167983236,100.0,28.74397168173785,52.90762555843537,64.55904494863488,0.0,25.570006403375306,True,qYeY5tNhzK7MLpWM,train
14.316825378318521,100.0,92.46415398455605,38.08091392745551,0.0,9.999923706054688,25.565008413056873,True,X9iBG63d1hHjtkku,train
32.11762290292064,100.0,79.49466788321064,24.300760024011723,0.0,14.999923706054688,25.563754098316835,True,BU7IrN4RM2C3UZC0,train
25.5886972315863,100.0,15.854218131284718,56.88429975542022,93.21543662101985,15.000038146972656,25.562940717072955,True,3vvacXumVuEY62OO,train
26.556565692192855,100.0,16.541572455858642,59.01478271745563,92.7873572620407,0.0,25.562701698020174,True,xYEOjcHbjs8hbYsf,train
31.993398216841236,100.0,85.00682231651854,22.81383554330459,0.0,4.999961853027344,25.562138103000375,True,TjTVl32ifA12hdCO,train
34.233601776532105,100.0,84.59907994863305,21.54823720883698,0.0,0.0,25.557909878195378,True,EkRIZETw3zQFKJhQ,train
29.015307515265402,100.0,77.02163721329018,33.75192674518348,0.0,0.0,25.557457809846575,True,OVXBQ6bnKlbO8vgs,train
29.288751734917007,100.0,95.86224112557953,19.27154912830936,0.0,0.0,25.555833928228054,True,sb6H0XxGZGCFcs5P,train
30.74166654216345,100.0,21.405408573170842,51.65138259507973,86.43905569478218,0.0,25.548457225271548,True,HAeGBRWQSOHV9mWa,train
27.84034924615127,100.0,35.29769212088078,42.96109251555248,53.994452477482696,39.99992370605469,25.5466784419573,True,259Ksw56mJJlnipt,train
30.849825623969714,100.0,81.51228708745771,25.53042574355719,0.0,10.0,25.54538461782252,True,VLSw3TNOBkNiYn0n,train
25.82560641696496,100.0,17.467642133013904,59.625321730060655,90.83594921925591,0.0,25.543409731168254,True,uxKzFbF0hBWN1qqJ,train
47.50607379600322,100.0,61.70894662788626,19.544504595185188,0.0,9.999923706054688,25.541757547523517,True,enrQLaLXBOe0MEMF,train
28.181538010740482,100.0,76.81605810073873,32.36978401346222,0.0,10.0,25.541750020488376,True,j7uMdX7ON1QtFYKJ,train
36.827283522966916,100.0,62.090189658687564,32.60299536500722,0.0,10.0,25.540948402546306,True,XStGH8IjmVWF0Oju,train
25.258276966717684,100.0,22.125805186909613,57.717108944181824,87.26726902444447,0.0,25.540225259774452,True,X3YabLNZL6GBB5R7,train
20.033066335851885,100.0,22.709251590346167,61.480458913195406,86.5401953773675,10.0,25.537755874022352,True,Xf53GrwovECETF4H,train
33.20568401074983,100.0,91.04080420791607,15.400757695910954,0.0,9.999923706054688,25.537689358359792,True,vr8RbWnLaMGq9RyH,train
38.65240214973274,100.0,67.31549131514025,27.61673246112693,0.0,4.999961853027344,25.533768819580974,True,b7A7jpiDUjoPEhCN,train
22.64424859472763,100.0,73.78879323985828,42.76407724399946,0.0,5.0,25.53219658346054,True,eq8InFTV0w562oCT,train
28.164469241103472,100.0,85.04083640219955,26.172348411795937,0.0,9.999923706054688,25.53170863826772,True,O6zqyg55jSb4NBhC,train
23.715898224269335,100.0,90.03197662259767,27.984270822562934,0.0,9.999923706054688,25.530621399272306,True,2OGnY9jxIkYpI8B9,train
30.862813093893838,100.0,9.43374829341441,55.236097220176084,97.0342456534694,10.0,25.52969724419431,True,msOTKPhl1nkhyQRa,train
39.32010633129891,100.0,80.35535213423884,18.230006154305954,0.0,0.0,25.529330633821747,True,VC4fyNsDO9j3kOZ7,train
29.397441427684388,100.0,80.47177899596053,28.041067942748967,0.0,10.0,25.52834079486497,True,cSHBo8ZEYXywLZV6,train
38.44136408330002,100.0,74.8419545812994,20.95378359653803,0.0,10.0,25.527390927327524,True,RWUXQR1iOg5OPctY,train
28.840631091640386,100.0,86.73577355046947,25.28385571977681,0.0,4.999961853027344,25.527293042087248,True,irdmkTgewSo3vwau,train
22.805042945550277,100.0,100.0,21.61982477415161,0.0,9.999923706054688,25.525221876520625,True,xOgQ4R9OWOuGIIzo,train
27.851625459608762,100.0,19.117817871571187,52.218179487273915,89.96168747769917,15.000038146972656,25.52230122432624,True,4kGBhajHwOvW1gqp,train
25.11601895207003,100.0,18.63706698609599,57.041899685105314,90.76888613114708,9.999923706054688,25.52138521481306,True,fGa0q4XicRjkmauX,train
46.01078366062356,100.0,71.70396141803533,16.304382905411458,0.0,0.0,25.51916670894348,True,BOJEICPYOmlWesKM,train
39.562081332535186,100.0,78.77504676802145,19.05336372569451,0.0,0.0,25.517450093475915,True,OSyR7XSivlOW4Su2,train
23.236088256117252,100.0,9.643799581216498,67.15606891880648,96.59684277969455,0.0,25.516647923957812,True,kcOVsxdSTK9JaBV1,train
37.25993101463149,100.0,78.6998325550372,21.981816134396652,0.0,0.0,25.516320863792785,True,kH0SImE7WOwbv2yY,train
35.389519812408224,100.0,73.27525468452828,28.371091487576237,0.0,0.0,25.512886453296545,True,MBHHxNnqU9iHJnOZ,train
39.37134905449831,100.0,80.72342750171943,17.807361124199304,0.0,0.0,25.512823613722354,True,d75t4snl0VFahJwe,train
22.459596463939192,100.0,22.606962143268852,60.85091649574333,86.72596392981562,0.0,25.512424933114573,True,xwp4hCvuZaqz1gBh,train
23.655272665541524,100.0,19.394449765752828,58.74005402199438,88.78484731013073,10.0,25.51023880115372,True,OAGbSSJrB0MUaagv,train
31.489575245531476,100.0,84.68196042101881,24.659619590107766,0.0,0.0,25.506611792557244,True,sEIaS7F8WEtaXBZs,train
31.31336576109866,100.0,36.8288799806448,46.424807595292506,47.34318670470202,10.0,25.504794291664986,True,rTIOND7IIUfQOqgS,train
38.25302890760733,100.0,14.614801863087111,40.26162946173067,93.8831459866948,20.000076293945312,25.50196451274304,True,7eGjxzMzeLif8jPT,train
43.960102115815644,100.0,62.68102119043684,25.54528128870983,0.0,0.0,25.5012349652614,True,G60ly3eQ50XebPmu,train
34.04748898656494,100.0,18.417216204958127,48.48483543438085,90.53012780179269,0.0,25.49792815435076,True,W84Lw7FYVOL8tFrx,train
37.65612388100577,100.0,67.25173543223296,29.96529257829353,0.0,0.0,25.49484980074509,True,TM0lt6kgSM4xKDV1,train
26.848909222642167,100.0,28.94123253156732,55.33370256403916,67.46964127521372,0.0,25.49363476196416,True,KuxK31gOkAHfocFH,train
31.273224444600068,100.0,12.551327729529728,52.58086166331402,95.40100275098999,9.999923706054688,25.487223926094515,True,ThfnPfGddjfVrMHd,train
38.522296122406246,100.0,70.03041619906048,24.248381993710723,0.0,10.0,25.48481285920278,True,h89NNviMIb8UbZyf,train
31.676690457681634,100.0,81.77949480959177,23.993239536654784,0.0,10.0,25.48474474319013,True,FEVA71vTB460g0kS,train
30.452738621400233,100.0,89.02652197127095,20.08577735575426,0.0,9.999923706054688,25.48431460749429,True,p4fRXp9utROMSbhs,train
30.487846427162157,100.0,80.40369375627603,28.987099476984056,0.0,0.0,25.479935565628754,True,63QHtDP9bdE2zBRg,train
33.817346524718424,100.0,88.55001807825894,16.191339244744512,0.0,10.0,25.47510719186735,True,IIFtuTS0GCfUQidO,train
28.936040955857347,100.0,94.80501707216314,20.0938072221782,0.0,0.0,25.473524244224446,True,z6PLTV0idHlI4oZi,train
30.287950719571317,100.0,87.20961942937267,22.808031224011728,0.0,4.999961853027344,25.46503493175244,True,sMkYYO8N5kKJ2ofA,train
27.559807720701805,100.0,100.0,15.364936532129917,0.0,10.0,25.462939236601432,True,oCLrZ3aWZkSBvrjn,train
28.5532852115536,100.0,88.94558122367097,24.911217235054792,0.0,0.0,25.462401933450003,True,vIrJvJdvkZzplQhh,train
19.460215804139793,100.0,23.052645140329297,64.17129684553572,86.08869841599062,0.0,25.461645011991017,True,NLRY0aR98J4GWWH7,train
31.099852509348743,100.0,84.96550760297046,22.208831968539215,0.0,10.0,25.4615556614906,True,nNMe9jKOFgZajX3t,train
24.228152313300132,100.0,23.872163250010775,57.87076966466892,84.97657865703219,0.0,25.460845431612043,True,ipLd6mFhuPx77Hza,train
41.46277118029382,100.0,81.5434033520074,13.06624092955228,0.0,4.999961853027344,25.46044957643639,True,nzB2pspNZkvkMuLy,train
29.266586222553713,100.0,84.11503669787686,27.61470944352439,0.0,0.0,25.456843949024837,True,X0qJrVwrVkk5xLvv,train
32.78444466904268,100.0,88.78415165435035,17.207719644736272,0.0,9.999923706054688,25.45527402966321,True,9Bb67GcVWLcgcf6s,train
37.98574838565368,100.0,66.90904892204935,28.35532568160555,0.0,5.0,25.45385957104193,True,tXHgjWYslgfsbYJR,train
29.821513538103922,100.0,82.23910601238768,25.810711181522507,0.0,10.0,25.453386522688632,True,Lg2HfQPu6HKKSIHz,train
30.757839839265646,100.0,85.6165997636646,23.34970427167562,0.0,5.0,25.451890778701223,True,n1oDC215ogiNEm48,train
28.944358312621247,100.0,18.12080544676256,52.296299425237315,90.76616455165166,10.0,25.451778507799744,True,pUIuo5O3ovG3QsKM,train
33.755519346774996,100.0,91.98355675067353,16.06012675532878,0.0,0.0,25.448438700360533,True,3Q3jk3jlXTdAttUX,train
25.700744210268745,100.0,23.95371157438026,55.684421592452914,85.83951192141878,0.0,25.44710270328575,True,beFmgX7qgjEl9wLl,train
31.4685620738045,100.0,76.67931553338724,25.377777942478602,0.0,20.000076293945312,25.444597251652198,True,Q6GobLKKErSVgYLl,train
42.93316460790944,100.0,55.81999929551148,31.68949512298856,0.0,0.0,25.44419007090179,True,7RjZGxVckf448wuU,train
30.706666602156066,100.0,86.80686749740394,23.72316009941642,0.0,0.0,25.442328795032893,True,ccb6jE2RlUietluD,train
24.506345136937576,100.0,89.53760381204667,29.414888642426163,0.0,0.0,25.44020458452663,True,4BnNG9Zu4R8vOqWT,train
33.725016438325696,100.0,88.52929336069481,18.642474740970115,0.0,0.0,25.439143061879665,True,KEysBfo9AJrEs6SI,train
43.9327679517139,100.0,72.63983499110304,17.79904505140628,0.0,0.0,25.438976246875185,True,XUA0j3jLtKmJfCpu,train
31.717839196582513,100.0,82.29795147394367,25.82330812747834,0.0,0.0,25.438814145732845,True,FWAXypQCUOknKU1w,train
36.24897338741568,100.0,64.04150677039432,33.85054276238722,0.0,0.0,25.438577914890516,True,KVEfCP12IxyHgDyM,train
24.545339797672757,100.0,19.276473007890825,59.406081375388816,90.48759714840413,0.0,25.43340203309978,True,3XThBktVRQzNUIHU,train
39.18296327005734,100.0,75.22892299091632,21.744402869933595,0.0,0.0,25.428959840138504,True,g5KRUhoVGac23apc,train
14.421582820509714,100.0,94.73502976656701,38.065243428422264,0.0,0.0,25.428698855796934,True,0veJ7lEuwn5Krl8V,train
31.269128724537378,100.0,88.94138338918819,17.597365268091266,0.0,14.999923706054688,25.427958928433558,True,J1bJkWkzEKLdNAQz,train
26.82523223587464,100.0,76.28925955029803,33.88783151410182,0.0,10.0,25.427263294333727,True,EcxuqKeZl7OQexfB,train
31.84734618777453,100.0,18.76621201067001,48.17662442939703,90.21180546121346,10.0,25.422683507484216,True,BUe23HdIqp5HH4ey,train
30.34597490882213,100.0,18.89671025746871,52.45370837289792,90.20040476817371,0.0,25.42176217881411,True,BqjxsMCIdyroEfN1,train
30.02916113656118,100.0,81.85139132145244,25.677009945875838,0.0,9.999923706054688,25.420397156836064,True,oQW1edazs9RNntXU,train
28.852695042655363,100.0,17.858272198928727,52.268325003005664,91.43142358384107,10.0,25.417150770296338,True,YRXwkzhuHD86HNT6,train
29.576345508619372,100.0,70.65258220804574,34.62207145892097,0.0,9.999923706054688,25.416384185448635,True,8S0r6JGJK7KjgcDw,train
30.351067968126515,100.0,75.53545493978085,32.489310765274126,0.0,0.0,25.41594738605358,True,iVqUZJW6l8R5vPfo,train
36.51175038711066,100.0,59.3842356114647,36.883172469949294,0.0,0.0,25.41220743248723,True,vRMEm8wGy9E31061,train
32.97864460233586,100.0,86.4176046467517,19.766145459330346,0.0,4.999961853027344,25.410529032114155,True,dNOQ7N6EQFbaIJAa,train
28.25275544090031,100.0,67.99092114350584,36.990573288024024,0.0,14.999923706054688,25.409937874658493,True,yXqQdrf7jObOL3gh,train
14.79830242105184,100.0,14.329604001776627,71.68391553784706,94.4760380290042,10.0,25.409601214549077,True,XRqbvEn65zI52ULg,train
30.275952812431694,100.0,25.915643720421556,50.045414920171055,73.84121455055708,4.999961853027344,25.40747656538459,True,BIJxs2YuQvpX3ORz,train
33.301901212350515,100.0,76.52588962751034,24.264445394225476,0.0,14.999923706054688,25.40724401136201,True,byRhIaPUNeWVLcS2,train
30.43713776411444,100.0,95.00077660808857,15.23837424999408,0.0,9.999923706054688,25.407071967543448,True,gYNNY28g0JcGgkOh,train
29.56087536552693,100.0,84.76366288329945,23.992138978497735,0.0,9.999923706054688,25.40319225487893,True,1VQZ8dS6YQpqJytO,train
18.996125470445378,100.0,20.67765590042506,65.49066909314917,89.07024273944153,0.0,25.40232570827701,True,5GPoqzPnPH0Mg4Bf,train
33.833948407300035,100.0,82.68287851253548,20.183203730790538,0.0,9.999923706054688,25.397555810166175,True,Wuo90X5U6WqtyUc4,train
21.186334582890478,100.0,100.0,20.504606639012536,0.0,19.999923706054688,25.39750115882786,True,lmbl1q6gb1RiyPY4,train
30.26689108280526,100.0,32.530284535846086,48.960696067499235,58.17827288712245,5.0,25.3973183089342,True,FMEaIydt5PpDWE6w,train
28.025585243422043,100.0,19.21317131018541,55.085380488178714,89.79106746868081,0.0,25.395001478453107,True,6uyPGvm01Ma1LgRC,train
29.931340798370712,100.0,80.11043262222057,29.477624998616108,0.0,0.0,25.394925092648982,True,XEhKI7wvRtzdO9Pf,train
30.355283757458587,100.0,81.72125897510625,25.23881558216854,0.0,9.999923706054688,25.394769087367024,True,vzKgnn4aobomqADC,train
18.40088406036271,100.0,22.821148948447895,65.36786055521372,85.9091344615171,0.0,25.39242219147646,True,asclvS0ZVIPNVGJe,train
29.67630296620685,100.0,79.55128282537811,27.700945661048905,0.0,9.999923706054688,25.391953482870946,True,fqSf79prKmYh5WE6,train
25.416687105077337,100.0,21.334295523952775,57.318769014527305,87.43389486029324,0.0,25.38976465078237,True,6BG8YK5KoncxnSFr,train
29.203310542574677,100.0,18.533454954784023,54.17524415012876,89.47359014719572,0.0,25.38957421624681,True,3iWJWzFR5Gv6f9wR,train
21.59366531713587,100.0,14.382472554526792,63.064530654952215,94.36123205359243,9.999923706054688,25.386751131435787,True,Go5yxAEaDOgLOSaw,train
40.74728862435592,100.0,80.55910029412692,15.579069478646645,0.0,0.0,25.386501095937344,True,Bc9G3ZuYIFsKvOeV,train
22.66292947789222,100.0,21.16912834633097,60.55741576405333,88.64746059572107,0.0,25.384957804019418,True,dr2pGIv5Uj33HCe2,train
36.787470888827315,100.0,15.45035682008844,45.971311962664025,93.48274802127042,0.0,25.38282103881642,True,zQ2uFZs132mLAFEc,train
36.05749932813505,100.0,85.89075200868251,17.41532478739336,0.0,0.0,25.38105259081481,True,mWB9qX6WUwGTFOSx,train
28.06081263626178,100.0,20.59988749364296,51.77900841539656,88.31715706720925,10.0,25.37684581955167,True,DPsYv0RW59CVFE6s,train
20.15998945439993,100.0,21.843160656463912,63.54206457345974,87.03432895101214,0.0,25.376600824312124,True,XXVo8pxx2HGwD29j,train
28.0538738490131,100.0,23.584409828740693,54.57028247555347,78.221014246036,0.0,25.376237143976873,True,BdpTOWKA3SebIrY8,train
30.628662813588022,100.0,80.49280685404294,25.72040729692401,0.0,10.0,25.375168190888246,True,xpMQh6zdPF0Eadsa,train
27.10642463989862,100.0,22.4532331813303,54.39641582383752,87.01507816393226,0.0,25.374628210138315,True,TXyLhv8XEnTqMq4m,train
28.50069971676726,100.0,22.331632771048287,54.733661602173264,74.03969939262181,4.999961853027344,25.37363522756617,True,YErAYWX2JPimutA3,train
28.15856738221894,100.0,91.64982834293689,22.923246407051096,0.0,0.0,25.371765378405488,True,0G7ijRfOZFw7OzkP,train
36.20484813760791,100.0,19.701827676386223,46.671705983682976,80.61252667753529,0.0,25.371453716473273,True,wfnyGrcus1gTyQvk,train
23.54389015463083,100.0,21.92365041576828,59.18002300931892,87.15931664470018,0.0,25.368490535121744,True,gNSav5n4F15yMnkU,train
25.042576026893393,100.0,15.627796122564146,55.49938097659102,93.23590535402316,20.000076293945312,25.366488702824597,True,C0BJGnJUYzHLYHjw,train
21.038188421770283,100.0,23.578454740156644,59.999889045370125,86.33678936793159,4.999961853027344,25.36313068658804,True,yEvswCA0LOdLsfqi,train
29.558983384402858,100.0,82.45981173458145,26.76527157257621,0.0,4.999961853027344,25.36177001345454,True,7C2xfIU1mdryRMMc,train
31.833900743506145,100.0,84.97517650460722,20.784735359312677,0.0,9.999923706054688,25.36169491873289,True,qopdPRJbdP1SoEcc,train
35.65197420750352,100.0,19.9582845770253,44.94181060421441,89.18331829338527,0.0,25.354264273941823,True,FCbXuoztr99Zp0q9,train
32.161227913262444,100.0,75.89522388686456,27.14431939570015,0.0,10.0,25.353454440485326,True,2a3w6Toe13fcwRJ8,train
30.112659649215985,100.0,75.88429232097951,29.704224983433065,0.0,9.999923706054688,25.35164994244027,True,A0iS8DqvzBMJoRNO,train
30.028072259622093,100.0,82.29904569289064,24.99616804382042,0.0,10.0,25.351108527603202,True,4dnbGOIcHO5392eD,train
34.88016575365528,100.0,80.59924723129879,20.1993658195658,0.0,9.999923706054688,25.349797872324533,True,lstgZJk54jkAhI6N,train
43.21975991697313,100.0,63.096694713957156,22.901787379799345,0.0,9.999923706054688,25.349797847599458,True,oQjNYvRMswl7o2fu,train
30.379062566546427,100.0,80.85329016518472,25.628603759477656,0.0,10.0,25.348479918309845,True,ZjCUgHoi2j7Rr5bk,train
32.38335180411603,100.0,84.9305301053432,20.060888986071006,0.0,9.999923706054688,25.34759144934742,True,OhbVrpoiVgRV5IfL,train
38.85181966422394,100.0,67.82248917913282,27.304671373036783,0.0,0.0,25.347262567533264,True,THZWM5WJ8LJFTJ52,train
30.210392541037805,100.0,9.740665220728197,57.463927349544775,96.80185761262058,0.0,25.346576268908667,True,pRIf9rapdPFuu82M,train
26.427039935886153,100.0,79.85021719047757,32.558535157929654,0.0,4.999961853027344,25.34599768678047,True,ccPugT9HO1r1VqLI,train
31.850359030470127,100.0,85.26636446028327,21.705030947312224,0.0,5.0,25.343550616122467,True,VLB5LzxoiGFfWd3h,train
34.34331777407739,100.0,27.462007915113176,43.16792580936819,70.07697002279401,9.999923706054688,25.342560479102396,True,hTfSt1GltO42f1Vt,train
30.78464043752072,100.0,91.51650890150589,19.59138474317774,0.0,0.0,25.341913393241608,True,kJyoGf9h9bwa8iT3,train
34.63098979639891,100.0,85.42437251107708,16.842397722055352,0.0,10.0,25.339882870172357,True,Qkew66HYhHK6FUaR,train
22.075424007907127,100.0,22.93414589575095,60.61068478151305,85.1611286252394,0.0,25.339171273904007,True,AudVzGHOUGxDTBXc,train
25.106314941156594,100.0,25.480858391367853,54.7530803454428,75.79548272986351,10.0,25.33909769957606,True,Sq9NjdoeEOwNequa,train
27.887252054924904,100.0,92.17173094294232,21.45135357018343,0.0,5.0,25.33784336920926,True,gllj5F8yVqpoJDlk,train
32.3962636582636,100.0,86.51563296173214,21.305422960007604,0.0,0.0,25.33749545082724,True,8RljdKCx8vRbzgDX,train
35.36565029319996,100.0,65.37032390233216,30.907867519897806,0.0,10.0,25.328534662629377,True,C3A7RlNAwd2EZsR3,train
30.841560828968223,100.0,95.78870935172858,16.24439959202931,0.0,0.0,25.327576528407207,True,vHHSSNgBQUpEwQRP,train
30.11948710973075,100.0,80.12932118905209,26.379942440750554,0.0,10.0,25.325258443940612,True,4fetzTUEHAXA0Kei,train
22.302354590046782,100.0,31.71080334304505,55.76196671326705,61.80568936816503,15.000038146972656,25.324888867378746,True,B4oK8r9BHsxGnTgZ,train
36.855557550778514,100.0,16.40119226345973,40.22739126476003,92.0550840661232,19.999923706054688,25.322296868774494,True,TkXLDVTuKfT2r61t,train
22.739500880314043,100.0,23.081398186842506,56.7309695149535,86.52630843922036,9.999923706054688,25.319590458359343,True,g1CakP8AQ3EhMKye,train
30.100954909186445,100.0,19.590984296935776,52.11180669440681,88.65963213090178,0.0,25.319229317263428,True,s6xHicEjZgzl1rCS,train
31.622823049715212,100.0,87.83301317701532,21.181808886718386,0.0,0.0,25.317019516324777,True,9uFuM4Im0ZPm97MM,train
22.805057859492468,100.0,93.38694195919263,26.77981924680904,0.0,5.0,25.315269608113816,True,Zwez3VcBbD6e3uKB,train
29.16780951644434,100.0,92.00883887182042,21.090189063734428,0.0,0.0,25.311316022631033,True,I1vWDPlR6gyLPAAA,train
31.72735845017017,100.0,79.13781488511653,25.004118609445058,0.0,9.999923706054688,25.30333175250177,True,v8eBVF8dtvcTvUN0,train
41.50625885790994,100.0,8.415348556147087,40.195485736057954,97.48584990240873,14.999923706054688,25.30225282553431,True,GFJbP9EWpEzQORZE,train
38.717806558057845,100.0,69.43180206431559,23.529652089483065,0.0,10.0,25.300152367058413,True,IZoWOOJLunpCyJqh,train
35.52141672669232,100.0,40.279291201089585,43.70263214172596,27.7387671318821,5.0,25.299712646775813,True,JclfPGRJ7NobyoWw,train
27.8228663530359,100.0,21.249446627073205,51.543069044053055,86.9560457950141,10.0,25.299549680881274,True,wrWfGnmXFJHgtPFW,train
18.899875854179065,100.0,17.94498178971626,66.59249556139443,91.27163413614751,0.0,25.298797051088467,True,RjevXoIyhg9vhhf6,train
24.79224329339536,100.0,23.517877324101658,56.45583881545618,85.61286534861634,0.0,25.297553452486145,True,aqTw9otCG3kCDQiu,train
23.71645000955901,100.0,19.073752255107255,57.84101583060294,88.74290375137963,10.0,25.295523694345412,True,Jtc8PJLiiOEbz35K,train
20.125693212658994,100.0,23.920434824543726,61.99814015817416,85.50711474124714,0.0,25.2944722955435,True,s2MsNg2IwhtVDwB8,train
22.208904605836853,100.0,100.0,23.69446453312561,0.0,0.0,25.291119058084334,True,R3i1amI9QDkg6ihX,train
42.421688206270616,100.0,71.97043036555478,16.92344571930974,0.0,10.0,25.28567575026282,True,z0QbEkIoiVzYZ2Is,train
32.80549632716897,100.0,83.29344307124299,22.94856825632401,0.0,0.0,25.285104193743493,True,EvpaaQf6h1KQFj8f,train
42.24944259722881,100.0,66.68256185983827,21.08426615142895,0.0,10.0,25.28159815856873,True,3KPWRokCeZ2csbuq,train
36.41072325673419,100.0,74.39941098321091,22.57502118074669,0.0,10.0,25.277596697814523,True,OrXXHFOprCeTsprv,train
35.14567770123081,100.0,19.505461856932957,45.704937014478524,88.47610968338472,0.0,25.277031590912586,True,r7VJrwvUvTQPEy81,train
29.68509998564849,100.0,17.079186221227612,50.94507600938584,92.07380703615443,10.0,25.275858483281155,True,SPUs4Tds25E8DiqO,train
39.482233514496684,100.0,74.5567691017223,18.607747244514343,0.0,10.0,25.275623192785385,True,yEPSBtKigueT63YI,train
25.07178106729906,100.0,18.50912927038378,55.884326728526204,91.06918855612165,10.0,25.274639430893657,True,spu7CIVYP6r2uNbV,train
29.89780109978379,100.0,81.89883001519875,26.32049125246205,0.0,5.0,25.273373027718172,True,BYjohYs0QvMBJQSG,train
38.218383835913734,100.0,67.03466255895496,28.315650005327953,0.0,0.0,25.272925343887266,True,kY87HT8iCX75AFEY,train
30.553783322154818,100.0,29.05664929363598,49.39219216928069,67.94089693283533,0.0,25.272426505082006,True,QFCtC8AXmLCQUe9b,train
32.64596009210705,100.0,83.36243793939586,20.52468394203487,0.0,10.0,25.270792502343117,True,7gSIGxAVzAKvtfpk,train
21.2005165578395,100.0,100.0,23.58466850839592,0.0,5.0,25.26706284113906,True,4TkFBitTyFWhKRFQ,train
31.063572671406096,100.0,86.82671260542557,22.383787456151566,0.0,0.0,25.266657549895672,True,LiRXmqiAJmttftK7,train
34.7513445083619,100.0,79.4131942745646,20.82592170253082,0.0,10.0,25.26499960878133,True,qrnDdzUyfIWC1P92,train
22.70013627274421,100.0,97.1566788195316,22.56374271181842,0.0,10.0,25.261284433479478,True,xFHDluTxHSET9FEr,train
28.63175849851752,100.0,19.31976148831094,51.1354432155255,89.55359754897452,9.999923706054688,25.260668553732582,True,nWx0gk0IqY3Jny2M,train
29.853096126895835,100.0,21.243063373457538,48.61525251724539,87.73927100971399,10.0,25.259747591677367,True,9NeEfZ4Zydpm1VZR,train
11.712609936941305,100.0,23.43518353349328,70.03404470110932,86.16456970267058,9.999923706054688,25.25846362491745,True,bZwxYanfxUHGDJuc,train
25.47046921549029,100.0,20.074992188118802,54.701004695538245,88.77563624603611,9.999923706054688,25.25784506880258,True,JiWKnJ0vqSO6cOQt,train
35.597502378366165,100.0,65.79283174532902,32.43654541748329,0.0,0.0,25.255609439887554,True,q69wZ5I5ZGaTWLEh,train
28.77283207161196,100.0,73.05511748692336,35.51945068742813,0.0,0.0,25.25536577842712,True,9MzXubOrYCFowJ8y,train
38.016038098437335,100.0,65.57227207930617,28.324503867485504,0.0,5.0,25.25475111000236,True,YbLF36erPdJAmpln,train
19.773646276092006,100.0,21.30088273319292,64.74887946679972,83.28430520822664,0.0,25.252535132773218,True,JDlXxmDfFicRhuop,train
39.15073863068582,100.0,62.53936924980054,30.400838299461284,0.0,0.0,25.248757705033793,True,Fu5kdPpStqCBvcrV,train
15.501989774265493,100.0,18.355795729149584,67.92741022503836,90.67426999708128,10.0,25.24806234780055,True,6yURfWu7pp8cajFa,train
32.66398115357546,100.0,83.96001659311537,21.188003343693197,0.0,5.0,25.24759844609981,True,c0r4BZeEu2vgGJCb,train
22.960608226641085,100.0,83.21589040033813,35.11388439347316,0.0,0.0,25.245312495405624,True,7jhrUxHqSgr3QHZt,train
36.20354621020764,100.0,66.33623807033268,31.215584150476403,0.0,0.0,25.244439093197094,True,n7KPL9l917bulljK,train
33.98037731939779,100.0,88.71711810537558,14.706870567780797,0.0,10.0,25.244036159211944,True,R6HfPQBGxbxtl8nv,train
22.867458423506186,100.0,17.179794045552626,61.66552397051027,92.31649633007159,0.0,25.242763323315074,True,fvj7AEm0PCheaCWa,train
29.238123500221548,100.0,37.683949977239195,50.129912002430636,45.047438183212236,0.0,25.240477681288006,True,qINa3LHvMjCgqoRA,train
35.16754238534476,100.0,82.53471156784454,20.337405585221077,0.0,0.0,25.23957344855709,True,IsoozHEv1bLiWAmk,train
36.25858478764118,100.0,71.72179987764213,22.08307807234324,0.0,20.000076293945312,25.23953560772253,True,bNx65z9FK6XOCxB5,train
38.906665962633745,100.0,72.4572154845435,20.711183192844018,0.0,10.0,25.237485451908764,True,tXVhMBUinsQlhNjT,train
22.707743427881045,100.0,17.622364068228894,61.64776118093621,91.73381370552792,0.0,25.236533388668235,True,N50J8aGUyuu2haHA,train
23.993037811028493,100.0,85.1615609127443,32.31171772556884,0.0,0.0,25.234837134782538,True,URuJIbnKRvZ64Ywe,train
30.420066134151273,100.0,84.47347310790273,22.28676742481896,0.0,9.999923706054688,25.233387169989754,True,WLhHuqJIdyttWi11,train
29.073820594532762,100.0,15.416657317920146,53.55069657084452,93.83645321024045,4.999961853027344,25.23291381365351,True,My0ALCzdVlimyrtK,train
25.11845567960754,100.0,18.27919389403099,55.802748594430824,91.01317012123647,10.0,25.232701228954525,True,wof8rRYnr5llcF0c,train
21.17734583168311,100.0,18.31569357981541,60.889126940896105,90.21480478399045,9.999923706054688,25.230252307574567,True,VE514TqfK57aRAzM,train
22.1539569386785,100.0,24.61281020092005,54.06733365218749,83.68312430309604,19.999923706054688,25.22802989570267,True,jge53Fb3Yj0uq2tY,train
30.043497720862064,100.0,78.62916730196693,29.568813661777682,0.0,0.0,25.21901225786609,True,5NUBDy6QlSKgzS8c,train
24.06934258225428,100.0,22.770703823328226,55.982619220241574,86.78439422476856,4.999961853027344,25.218682867000915,True,teBDKuOQkPclDMX6,train
22.266276211359674,100.0,92.21172684709842,26.600711558839876,0.0,10.0,25.218470391672653,True,G8d6QxzjT2Bxyxas,train
33.874301420198854,100.0,34.404649973842986,42.13446456451762,53.17740913720615,10.0,25.215036220889992,True,F04TJpsiXPaAqmmQ,train
33.96853893839828,100.0,82.67541864152759,20.344856160127335,0.0,5.0,25.212418762854178,True,ne1WJnLn03ovXjY5,train
42.01066728827575,100.0,63.15130276059013,23.68418160815095,0.0,9.999923706054688,25.21219474309038,True,XrinnJgazc6VZGNe,train
21.71154005583372,100.0,96.83268259708237,26.286819052593273,0.0,0.0,25.21015121403944,True,ju3TlXfFvOluOdaC,train
33.86251409957502,100.0,81.34190247839823,21.459495226197475,0.0,5.0,25.208812941892987,True,FpfJWaSUA8niwspP,train
37.17741836973021,100.0,48.5864002914754,40.4542377806433,0.7084757125118983,10.0,25.208585977908115,True,MCag8sQOPuxFa23o,train
38.74889573038055,100.0,67.05778477755578,24.812811650649977,0.0,9.999923706054688,25.208450164661233,True,ntPunwpG7SeeSvFw,train
28.95312801441594,100.0,65.4954060869322,40.72292281801144,0.0,0.0,25.207177480246102,True,RiqyocZf3UMIV9yT,train
40.014056258304834,100.0,73.12045159441013,18.669294301329728,0.0,9.999923706054688,25.20543684930641,True,UWZaMgyybh0aW1P7,train
32.42687444799896,100.0,22.810802784109196,48.58579829245924,79.18235320695018,0.0,25.204616348455477,True,JbFpBA7V5XTOtK9F,train
37.96532626670143,100.0,64.83625078970738,27.428299079918204,0.0,10.0,25.202429001115107,True,ZyrsKODZ6sEaTdai,train
18.108602099849392,100.0,21.81035031758748,65.03246499513864,87.9264825162917,0.0,25.201520197442782,True,NWgPy4CJ74OCuVS7,train
31.516103767129565,100.0,81.83908850980569,22.7314117767675,0.0,9.999923706054688,25.20116775890948,True,OddwPjSIYgiFouJY,train
24.05037944088009,100.0,28.12327545981985,57.360124770865156,69.92693017414044,0.0,25.19945764207305,True,9Vlswu1Fe6gXylZS,train
20.86325574212966,100.0,92.87401889393769,27.759359031324394,0.0,10.0,25.198788575887946,True,Ia2gBi4qUxWzxczd,train
29.217389889902684,100.0,26.02417369026921,51.87783992322878,72.30313550172949,0.0,25.198698285748282,True,G7WoVUJi8mFdQVIr,train
32.50564970643918,100.0,16.265860754278165,42.54118710881657,92.44399921471017,30.000076293945312,25.19673273694761,True,q8h3Sxwe1aKQwr7i,train
29.42589385484514,100.0,92.04527057389964,20.158817284871844,0.0,0.0,25.1950275067706,True,ZyAi3AlpuSWKy7ax,train
30.016389517212257,100.0,72.10793913383976,31.84537519454598,0.0,9.999923706054688,25.18935947359096,True,2dGWTiQjCCXvtCX1,train
41.87055972077965,100.0,75.02182464357412,17.340173707291328,0.0,0.0,25.188948368189298,True,j69inCHPIPEdvQI2,train
24.73862219211999,100.0,34.80421221228881,54.314622414297716,53.36989137319989,5.0,25.186706431392857,True,YtjD7nVrqLTFK0VM,train
13.820810543119496,100.0,24.141449463020372,66.66245752057384,85.50376351276766,9.999923706054688,25.18409592028882,True,marjZ0np0oSHHOWp,train
15.635995882240714,100.0,19.574853330300986,69.46040484357377,88.93465242705383,0.0,25.18404056017277,True,JtHEKW0GOMAVmfKB,train
31.401940087970836,100.0,82.87091317334301,23.258922867711377,0.0,5.0,25.18290657153644,True,GwhdWP8hCtKVaDvp,train
27.600391184664094,100.0,21.37950001605573,53.3292550871701,88.1859101122841,0.0,25.18216932162261,True,GDAdNAC8oCkxcdKp,train
28.846349480306486,100.0,20.867329649357888,52.19750208610021,87.99886804928123,0.0,25.181130637164408,True,aFm4oxbaATq2SuXu,train
35.37885595406259,100.0,69.02295989837667,27.413115290124594,0.0,10.0,25.180781031297066,True,fmUhGrx6AbvN91No,train
27.84288475311039,100.0,41.588273203787175,52.734319066306874,23.628973937221275,5.0,25.177274678968114,True,2tqVGDygRZva0TWs,train
37.43067272545342,100.0,63.295987758169964,31.62450672922583,0.0,0.0,25.176967690934017,True,5QSbZqH67HzLRold,train
45.116854826889515,100.0,70.48672639719624,16.617061510321463,0.0,0.0,25.175634968366104,True,sTrJhkocIpscOj84,train
39.45974725702098,100.0,71.01747373656715,20.78923441912991,0.0,10.0,25.1754047585663,True,XBosP1YYbKqflZTf,train
36.30152966519661,100.0,54.96487773776414,36.77172577811998,0.0,9.999923706054688,25.174455417890506,True,M9PQGXznlhcyZgV7,train
38.5083062799513,100.0,68.88098115715528,23.56673283480417,0.0,10.0,25.17257031052195,True,kyElHcaE8jTFk0aU,train
35.598786877541606,100.0,74.26148999423188,25.664954149552273,0.0,0.0,25.171911048430637,True,onqijI8wSzkX8XHo,train
29.19125484932094,100.0,70.32697360745368,35.37111740431892,0.0,4.999961853027344,25.17108132696344,True,tNUzHGfrrLNcGdn9,train
35.695576723592865,100.0,87.3759005246239,15.702104384810355,0.0,0.0,25.170700136553872,True,5FDJ2S72SQUSas6w,train
30.180248261274496,100.0,35.14426330436503,46.69196158193865,50.27564675096461,9.999923706054688,25.168872400212077,True,ro7qE721txjtvUw1,train
28.976846173488916,100.0,75.17041681228537,33.243546612101696,0.0,0.0,25.16848338763537,True,YiHQMLogzaI2Duj0,train
23.631216840946408,100.0,24.509507081848284,54.30245786345014,84.40477404306803,9.999923706054688,25.16495673266001,True,GBuYg6OqB1AZdYYg,train
28.31996779179346,100.0,75.77533892296597,31.07847299514107,0.0,10.0,25.161987385421472,True,40BA73h3XoVP2M7a,train
16.65867189445947,100.0,21.475636470581183,64.47380180232744,87.61964233167336,10.0,25.1617559212512,True,kGAO73ocDQVbDHfV,train
18.50884074098019,100.0,18.108855172035415,63.6939823112964,91.58826591686456,10.0,25.161748219152866,True,0CCrVKAom8EK53jj,train
38.604515624535836,100.0,82.29596352974102,15.827551890740779,0.0,0.0,25.161033813743266,True,n7rsVUNPzQyH9BBC,train
30.310031021260908,100.0,68.56899331714222,35.225456978357414,0.0,5.0,25.15794814855804,True,LDUIMQ5Q2O1e0itH,train
38.87183205845733,100.0,74.5459400665514,21.287735730086183,0.0,0.0,25.157396170614277,True,agqoGVHJLSKoCxzD,train
25.975091522675857,100.0,36.82326210983125,52.38828919152321,53.24761336245468,0.0,25.15730070357103,True,51AjLmd7KZPyhw3d,train
29.4008152883747,100.0,71.31495597179375,35.547109932321206,0.0,0.0,25.15686920432698,True,W2KNy3XndBz3Dbaw,train
34.51555511731711,100.0,82.90510846506733,17.960979339860458,0.0,10.0,25.15685091706147,True,USCuetcZThb2vPgR,train
34.39737125088067,100.0,68.63867264938024,28.79640727529609,0.0,10.0,25.154425165186417,True,fn5XUXecqvcjwXJQ,train
38.1024740660538,100.0,72.32836293916012,22.642817875645264,0.0,5.0,25.15343653251652,True,uKzDWM9cJLIXRrpB,train
39.288801193853125,100.0,62.04307035316003,30.11729325979742,0.0,0.0,25.15211950339677,True,G0mct83aOEEU5VUx,train
30.80197018462478,100.0,79.02714326014099,25.487319800080428,0.0,10.0,25.15202799519343,True,eECXxGLgCGo8NcUY,train
32.50474817479422,100.0,77.57076954055938,24.450610857196466,0.0,9.999923706054688,25.151920831524492,True,rlnNnuSqn6Wo0O4D,train
38.815514690835045,100.0,66.15270371954205,27.623962093638795,0.0,0.0,25.15157664936783,True,jwGxmr58AXuI0fwn,train
26.956253476748582,100.0,37.384823018283704,47.33230577080768,41.715842402031726,25.000076293945312,25.14904391089009,True,Hrp7PnLhs5fLTJhW,train
34.11129693103036,100.0,81.0091374646738,22.344241954527703,0.0,0.0,25.1480432433642,True,mnXyL0hflG6LUHhk,train
33.50184859826746,100.0,87.0664152137481,16.062289409318055,0.0,9.999923706054688,25.147878498795425,True,FDyW22kvuankOw1a,train
30.22114369691711,100.0,26.623107812124996,49.890376287818874,72.40279253236724,0.0,25.14696698023016,True,JHBUYcVNBRLiuX8o,train
29.317280077238273,100.0,83.89110747288407,23.66332883994876,0.0,10.0,25.145651908231933,True,exmvmM2zho1BUFrW,train
39.464662754027046,100.0,75.37977799172319,19.8470660028637,0.0,0.0,25.14254558783798,True,KUMdqR0AcbHlSV0p,train
44.96327914833631,100.0,17.318057712923775,28.565426126499744,91.79256635521057,19.999923706054688,25.141238172385854,True,QrEjY256VfDhW7ks,train
37.03334780509145,100.0,18.199541083317396,43.2225013448884,90.11421403361612,0.0,25.13847908442896,True,MCanhcJdHnqJUaNI,train
17.525795634651455,100.0,22.944223559477805,62.38447782751849,86.74000128439002,9.999923706054688,25.13697425761047,True,qRbdLkX6UWngKw77,train
29.59656946460125,100.0,31.392277200727456,50.20233198617536,59.743429964134194,0.0,25.135621841701212,True,1LkKJ4P9ajTHr8Pq,train
40.21563517665035,100.0,77.61883941295702,17.186727306767267,0.0,0.0,25.134080167459594,True,97N4C4A2ICG22rYN,train
24.256345680558937,100.0,22.475945565776332,57.00510488545612,85.94154409918579,0.0,25.1335764370567,True,jYXRd00TByCBzusP,train
33.64627943810569,100.0,12.487614311253452,47.83809846997161,95.60905020269733,10.0,25.13278421034363,True,RlSZEwc1lFOeMjyt,train
31.978737552166812,100.0,87.41019394892041,20.125825439284867,0.0,0.0,25.131378568236737,True,y0qX93InnWnB2CRK,train
28.085582875719624,100.0,23.570702544167908,51.20124275303738,76.68004073446963,10.0,25.13125168788605,True,dGNYoOwfTS34omVW,train
28.95224454503702,100.0,52.903480918427036,49.78248071323776,0.0,0.0,25.13007941667086,True,gg5hfS9d6SHxZS3e,train
37.14980650943702,100.0,76.60488544347149,21.7585694355179,0.0,0.0,25.129898330983558,True,KIOp1Y9WPWuNARA6,train
40.01864111417098,100.0,56.96491241775979,30.40217106016206,0.0,9.999923706054688,25.12982753854186,True,5J5pKHkRykirtrFj,train
31.208295026280496,100.0,82.28788549280775,22.415506939976098,0.0,9.999923706054688,25.12835415378924,True,ageXSAHAPsUBklxl,train
30.610174467248743,100.0,79.16223196686335,27.9999405608053,0.0,0.0,25.126866524002747,True,Z2eMYy9p0cqvTOmc,train
23.731704733148753,100.0,24.910213163060224,53.91335521687838,83.47289971223775,9.999923706054688,25.12577037203652,True,65I6eUyKmYrULhaY,train
28.777425424306486,100.0,81.3458251216902,23.646047093456346,0.0,19.999923706054688,25.125435728324156,True,37E5BATnl2FQLSTd,train
23.539002310955574,100.0,13.986834045064992,62.26456268500897,93.77601515868477,0.0,25.124488979434673,True,FeLiTY30QJJMiWc3,train
23.005979846550773,100.0,99.31431723566733,19.864567932902716,0.0,10.0,25.121556133568337,True,6LbgMnZuGTXVGYLT,train
29.777483641715598,100.0,16.231271955208797,48.05321469865669,92.63289718735277,20.000076293945312,25.12135331750646,True,WzsPgzrwcHyj4UT7,train
28.759301861664035,100.0,83.66324508198609,26.89274323777782,0.0,0.0,25.11786087526949,True,TgNODagxcUgKBFM2,train
36.20169292882366,100.0,67.94030251670486,26.860561636966693,0.0,10.0,25.113580937104985,True,GQcMz6lRsraAnbYA,train
30.394564930220636,100.0,36.12233010161805,44.938139278372795,52.158553318121115,10.0,25.112546269378477,True,Y9vUpnwyAGZkiXWH,train
31.294666935275007,100.0,87.42956324835913,20.869599763906294,0.0,0.0,25.11202117385388,True,s9Tfw7CPqVEnm0Ir,train
28.533829404402102,100.0,70.43388624570147,34.5573671261961,0.0,9.999923706054688,25.1100098984977,True,gMPtcUZKyfXd6Xvw,train
29.012973991579226,100.0,86.26879479017757,24.568104365412026,0.0,0.0,25.107183589503844,True,bXNXO8827HliedrZ,train
27.704873451720857,100.0,91.00008483508677,20.150816119129075,0.0,9.999923706054688,25.10639049732178,True,rfsOMe2VudDAXl3O,train
29.973526116164415,100.0,79.59585289727411,28.358716559214656,0.0,0.0,25.10450277547515,True,G8Lbj4koER0KdcT0,train
29.637845330990196,100.0,20.80979755598082,50.93959020178165,87.6904801475534,0.0,25.103373013878674,True,79hJ8wURdHId7IEu,train
38.64691776309312,100.0,57.550581785900675,31.54114981565023,0.0,9.999923706054688,25.102542857091162,True,Xm4tfcIvyUUV4iHI,train
29.141960014865408,100.0,17.163591862854968,48.34649561278305,91.3620352855112,20.000076293945312,25.097433484674035,True,RkBY1IMdbNG2B9Rd,train
41.07132602723878,100.0,68.02253890481938,20.630527821169935,0.0,10.0,25.09731790676659,True,FDefJQpT8CiE0r1k,train
31.383307138026765,100.0,84.36949267152052,20.479891696098676,0.0,10.0,25.097229024454506,True,HYZAZH2isRdweAyw,train
36.81638448711201,100.0,15.282207803203589,42.53519381776616,91.83867549894047,10.0,25.095399830758794,True,OTnJ8Jg8ekaW6KNB,train
34.188949365107014,100.0,92.02465308992302,13.71408666499184,0.0,0.0,25.093752637763576,True,RrjCwlnTc5RInCSd,train
22.148804144542517,100.0,21.999310474560076,57.12730715442428,86.5927364556111,9.999923706054688,25.092192046287785,True,KP4J42f1Mtae36Wr,train
34.113970049670584,100.0,81.05579383358733,21.996006897398274,0.0,0.0,25.0860629669354,True,WvRMZ0cyEWnKAntR,train
30.050215817713273,100.0,77.77070478136247,29.534193444078,0.0,0.0,25.08499836044829,True,cfbIMzPvsAYgkuoz,train
49.446007649087406,100.0,50.31866920434828,23.61022183338578,4.06813257748037,4.999961853027344,25.084751381126633,True,LeHp1iS2EbcdrzAB,train
30.711675471040063,100.0,83.15282431908233,24.661241822814304,0.0,0.0,25.083090880185225,True,7YTsBM2uqHKNw7iN,train
30.974392281811532,100.0,72.90816383529261,32.005207261482965,0.0,0.0,25.080864098043367,True,gr2NL02Qt9clZmim,train
32.32349956909624,100.0,80.45480388485947,24.65766914887611,0.0,0.0,25.080629304778203,True,SROatAQgQHrNMSiA,train
21.727000653650904,100.0,79.60974366334929,36.03137132668724,0.0,9.999923706054688,25.079482163555305,True,ZuBYlwpenQxxjXuh,train
27.482970142702584,100.0,89.19117874447413,21.646222936189886,0.0,10.0,25.078663934584743,True,Np9cR4uy6Y8hyqIU,train
31.525623611788205,100.0,89.73429705178398,16.1822484684143,0.0,10.0,25.07800015439751,True,HnZzJDtDEU2FqaDb,train
36.49613350991992,100.0,59.62736657091699,35.04589977797485,0.0,0.0,25.077318318712496,True,JyvxZH143hyDwWNl,train
30.322909073239355,100.0,79.75510441770521,26.414257231207287,0.0,4.999961853027344,25.076842469858445,True,5JdiwoObGrmEUzNN,train
37.92824911990036,100.0,63.2995687610233,27.995202748780073,0.0,10.0,25.0760381438846,True,xvG0aNMWz6ePoiFm,train
31.8185307465151,100.0,18.02406773603991,49.2638372055219,91.29663822267851,0.0,25.07584219927307,True,NEPwl39BHzA7xdIn,train
24.715375310617542,100.0,98.15066074774379,20.869334880370275,0.0,0.0,25.07530991589001,True,hYRAqHUaC812iOCO,train
31.484748281150864,100.0,20.10829379460035,48.73726262939725,88.80148407331572,0.0,25.07495786902301,True,rPC4VZoIhgoYnCdQ,train
25.385099820090822,100.0,24.61510573897755,55.76576072691425,77.5933676261825,0.0,25.07136134256131,True,SrgUdoOFiGWedj6W,train
25.326692741381265,100.0,24.285678314808564,55.72942270903256,78.99673641230532,0.0,25.07024629498838,True,xqsfLVcWYqmFD3ck,train
37.52796117893851,100.0,74.10800651005928,20.353636830836336,0.0,10.0,25.06891863741079,True,mWMqvmu5qzhPsCbC,train
29.798217410895585,100.0,73.8537958347793,30.203977934345474,0.0,10.0,25.068419314809887,True,KcVzW7uqdk4wNUN0,train
27.39105590003811,100.0,19.381975563403078,52.903973111596436,89.64884609545163,4.999961853027344,25.06829532926323,True,5SqgTBDyjgZIFVsp,train
28.95490114626152,100.0,20.5641088505257,51.58435744364661,88.55235618038651,0.0,25.067830911892884,True,tOjgQGfuqqXFJGLn,train
26.62111692160289,100.0,12.184968443856055,56.54619194741932,95.44857818408497,9.999923706054688,25.064687980969975,True,XcwLLZrZsSDO4XzL,train
22.611894188670746,100.0,75.02047123776339,38.27823439755973,0.0,9.999923706054688,25.061687297646873,True,6sChDStSz8rGIFCf,train
38.28794494359586,100.0,68.91297329957564,24.509557809146116,0.0,5.0,25.060843792664535,True,RMmejeBpD6PzgUHi,train
29.816153557223945,100.0,18.667199207437612,51.4095738930107,90.44239862391021,0.0,25.058152980219283,True,unP6NNH4FxWPKZhx,train
37.12291116157508,100.0,56.30827985833126,36.65146688471636,0.0,0.0,25.057263146086733,True,6GHPNDLIHD8Evsrv,train
48.36228434694847,100.0,51.565427545859976,23.638034890954785,0.0,10.0,25.052992196807068,True,At9rSOKh69umYjUh,train
32.89311664136082,100.0,79.09459631088792,21.06064948973983,0.0,15.000038146972656,25.049600412269996,True,5Kteiq67Syavf9zq,train
32.127272126061904,100.0,15.221944081840634,50.50002987767712,92.67773150299415,0.0,25.049002194476707,True,ZSUU75O17YylVFGP,train
37.564744331066436,100.0,66.96654614399338,25.542169921117292,0.0,10.0,25.044601988589076,True,WQDQfvJci37NaVKb,train
41.605800545208,100.0,73.95115166370115,17.730824366708006,0.0,0.0,25.040287759198776,True,ntJ8UoHMouQQM6xP,train
22.05281150282198,100.0,84.68338192588257,31.622674840837817,0.0,10.0,25.040245132755445,True,wEIYFw6KGuyrlbuM,train
20.94293932977846,100.0,21.464275831370554,58.57122415100998,87.40427703669333,9.999923706054688,25.039831074489594,True,HA1JbHZGpvHTVx5w,train
42.58621354156682,100.0,79.94283426319166,11.983595751300456,0.0,0.0,25.034697675130545,True,JesQeqgmULF8vwiQ,train
29.56496554189714,100.0,78.65389849090987,29.223762671154944,0.0,0.0,25.034078693341755,True,0lb8z2CJVJpgDgZY,train
32.77904041298607,100.0,85.47764610434197,20.07785467053985,0.0,0.0,25.031977953005782,True,h14ckzi9DczzsJM5,train
27.582681033498023,100.0,32.258117168666416,51.11416433707346,61.44966953301198,0.0,25.029704177739763,True,XKA2mP9zjbTLeAa8,train
27.740100571568874,100.0,95.88879398200987,18.552924139001803,0.0,0.0,25.02892906799406,True,j79CYx6adancRwUy,train
39.36415970091799,100.0,69.93163013159071,22.2199258527815,0.0,4.999961853027344,25.02476770817577,True,OqCVfww1OZVpr2C6,train
33.973378936878625,100.0,79.54303571720774,20.49342124060638,0.0,10.0,25.023484339922096,True,eKfJXhIkZG22fK7D,train
23.37047448559666,100.0,90.03089278524276,25.8663474203791,0.0,10.0,25.020522023261396,True,n8zeIymEgvK9CO5t,train
36.17985264746131,100.0,68.44528825636186,27.28902479228981,0.0,4.999961853027344,25.019559451428936,True,L27rgpkg9a5WKCid,train
25.622459534697157,100.0,17.50875046455942,57.03567492025171,91.5958558560321,0.0,25.01885523021015,True,27HMZThz0UJ3pgEg,train
23.32135211199596,100.0,15.446865145739165,61.03548292601638,93.26162907205304,0.0,25.01754583866579,True,Mu3q1uOG2qUt6AwD,train
31.004893648363204,100.0,82.34874195507905,22.065144790353898,0.0,10.0,25.016563663423437,True,kR1wiT2ugzhGuFxN,train
24.034269401449308,100.0,20.227002388453386,55.286799628581875,88.31061292631868,10.0,25.015508280662644,True,bYRLk0bwp2yubsOw,train
25.84308727902779,100.0,26.64640722733253,54.62485303933653,72.65030295873146,0.0,25.015218659660707,True,82mvtOuzWerUo2hw,train
35.023759489574886,100.0,73.85654964643439,25.896452440161895,0.0,0.0,25.013712807391258,True,GmJt9luZoy6Z6O2t,train
34.50728862470229,100.0,82.4883748866708,18.811399415834956,0.0,4.999961853027344,25.012356364994552,True,gCijUesXvSuLpTEB,train
36.483407839276424,100.0,76.91319553443154,21.752412732290225,0.0,0.0,25.008313836441882,True,Rhv4PHL3WW56dgyP,train
31.11601207873635,100.0,82.59028254774992,24.189190835616003,0.0,0.0,25.005383568969776,True,PPlOCYPiazmOtuKf,train
32.26711009964477,100.0,92.96747975130491,13.717424393760979,0.0,4.999961853027344,25.005382459010487,True,dBKofM1BpbY2p7NM,train
32.73096351974015,100.0,88.70269249361014,17.578873700488998,0.0,0.0,25.00391949407436,True,tQunpDjTjcfdL4hj,train
33.792979057075875,100.0,87.18445723781079,16.13882696939187,0.0,4.999961853027344,25.00367683647033,True,oyyigbmH36GRA0jM,train
37.35892361126236,100.0,71.97573928179332,19.330223568543857,0.0,20.000076293945312,25.002140323490625,True,h2p7yJUvlIPmaRBf,train
30.66347132805297,100.0,83.13864776774439,21.827046938677256,0.0,9.999923706054688,25.002070570213085,True,kk0JN8rBzvlCWvU3,train
34.43742608797917,100.0,64.27028787578064,33.74368373477839,0.0,0.0,24.998636450317566,True,TJPsDVZFBG8z7mql,train
21.813677385947486,100.0,27.89288387477718,56.13345714497788,72.61296484723802,9.999923706054688,24.994687784363663,True,z0XzFCRbN3RxjeG6,train
26.30069329754425,100.0,31.510692971914615,52.79893729991815,62.601682093315546,0.0,24.991648834822662,True,Uj98PNlgc0gFiF5r,train
33.696418194542524,100.0,21.818456271813808,46.917058850075954,78.2134061268743,0.0,24.99095506576661,True,LnTGAfzOVfS7HQEZ,train
30.965475658806007,100.0,85.44368263256686,22.149750503749658,0.0,0.0,24.987871410336464,True,A8rvFQ7H8zuuWWw4,train
28.71844367376579,100.0,19.740152059457476,50.64931836913584,89.33727362732964,4.999961853027344,24.987359175205086,True,3KGV1V4fxvvfJtLw,train
33.231990188337214,100.0,76.04277222232096,26.36183174262939,0.0,0.0,24.986779728958325,True,cC6ZKPmuMEGj9dCg,train
16.633701203051025,100.0,100.0,29.1295459866201,0.0,0.0,24.984334498086778,True,nD0ymFgvn0LWHG2u,train
30.586459537068485,100.0,83.67641994476995,21.429180294796026,0.0,9.999923706054688,24.983910120244552,True,c4NtZ7rj6nGPAdlc,train
23.3938425657422,100.0,29.80626093828435,57.355742591295176,63.849353744792246,0.0,24.98301598767685,True,zPFZuMVMRpc7beo4,train
34.271876905411496,100.0,81.06330151304073,18.7706928519503,0.0,10.0,24.981603023699044,True,ua3sMSZQnj0AX3Bs,train
40.19192034576385,100.0,75.89220984738598,16.48829075132113,0.0,4.999961853027344,24.979467806464452,True,E2wmO30KzCnDNqIC,train
40.45943633238331,100.0,73.06288732612074,16.998088295874226,0.0,9.999923706054688,24.97390602649152,True,pbRmgyFSJEgLYk1A,train
37.591208554020895,100.0,64.51921685486366,29.4898964385886,0.0,0.0,24.973663954452494,True,lXywuFBESAMYOviZ,train
24.78196575985174,100.0,21.023142279434975,56.06991928745718,88.21341318194972,0.0,24.973617298467108,True,LOPjEfKgGLKZoJ12,train
38.690498733810756,100.0,62.92545360517654,26.79486717161852,0.0,10.0,24.970416158552876,True,btXc5htjqD774Z6n,train
31.388631194839625,100.0,80.79061733289777,22.52287594877083,0.0,9.999923706054688,24.970321773701475,True,UpNwJuTRuJuklLQt,train
32.30815230244109,100.0,81.07562159274164,21.146199042028,0.0,10.0,24.96762112292712,True,6bPvYAA2TKY8oFvt,train
20.16211277198375,100.0,88.81839556738859,30.520374368398592,0.0,9.999923706054688,24.96735858708668,True,ngetet4E8dP6SgWj,train
40.03015698849068,100.0,63.45139993414121,27.193716754051806,0.0,0.0,24.963992588054214,True,PY2Ka6Dsi19zc5I6,train
30.030671500663317,100.0,79.09121774222615,25.458868440449876,0.0,9.999923706054688,24.96312040989246,True,LtK0F9624Q5liVd8,train
29.218927532939066,100.0,62.457216487891245,38.94782674459445,0.0,10.0,24.962879705337343,True,8RFbyc9FW5fEqIff,train
32.43642253417722,100.0,79.5405076274588,22.11286338167089,0.0,9.999923706054688,24.962750639300033,True,aO980ubOx3cZVuRC,train
38.66723396629231,100.0,73.28471201772194,19.01001931585344,0.0,9.999923706054688,24.961515342704793,True,NRsUkHKPQQUtAtkb,train
30.91717058041694,100.0,85.13458633933018,22.298836797007596,0.0,0.0,24.95924795540528,True,9CAkl2biUpQq8VSV,train
23.42260756135068,100.0,86.80026215276521,30.40856698081093,0.0,0.0,24.95740460941464,True,BAd9u3XLGAYWCICr,train
34.94378308718291,100.0,61.084745241959766,35.28976449709576,0.0,0.0,24.956610457508845,True,F6JPT9bRoDJLXhQj,train
26.383818217379233,100.0,20.298929109779678,54.51595067263548,88.20270555969962,0.0,24.95411933332384,True,5Ttj4wbDZ6toH2ic,train
30.183446367217005,100.0,17.686993823005405,46.032682816747375,90.97286627456444,19.999923706054688,24.95408672763549,True,maPDcMdzp57pydiF,train
35.10380957744451,100.0,62.81200973612739,33.780881718687226,0.0,0.0,24.953930198517682,True,aC6fjed0jT2rjmsR,train
23.212834127273283,100.0,16.627532515678794,57.66047671938439,92.47512401867696,10.0,24.953189953980868,True,lHvpiPOdj7utAf2A,train
25.01884435326721,100.0,21.328171154486814,52.10778048736613,86.4980436040768,15.000038146972656,24.95039694651552,True,o94Az7TpRpEV11xA,train
34.61610586494502,100.0,81.23925630944373,18.025266357620026,0.0,9.999923706054688,24.944964369479557,True,wVsxHXvGovSA5903,train
31.6487317078006,100.0,83.33101557824065,20.13483034987577,0.0,10.0,24.938801333661402,True,xQ8VS8IALVUj4APg,train
38.40771175890463,100.0,69.85326534198313,24.284606220219445,0.0,0.0,24.936838985067517,True,VcJyHWO9dmsCz4tX,train
25.89063161948571,100.0,26.365746897979264,52.00782462426823,72.14051926749303,10.0,24.936110827796618,True,yDOQHhRfQZ0bIZ87,train
27.336227107643694,100.0,19.111483326989617,51.14716403490934,90.02336330373825,10.0,24.93138024812815,True,RoG6xCT4KjHkzZjV,train
28.50229982551959,100.0,76.02117252078288,32.010751375786626,0.0,0.0,24.930901109654656,True,JL1oKf5gzR0VtxCP,train
26.86585441041015,100.0,27.60113028274447,45.96933845187992,67.55646279682172,29.999923706054688,24.928320160534014,True,sRPnjJlo4MemiQTe,train
22.425512761151488,100.0,18.191958019335345,57.6088545451518,91.37139777703314,10.0,24.92551269107019,True,qM6httunpFS9w1lb,train
35.76812339186716,100.0,59.23324495953182,32.98005782592237,0.0,10.0,24.92302915708104,True,dqZ9oGgZDCNM4VG7,train
32.10972241198305,100.0,82.73989169464096,19.920108045191213,0.0,9.999923706054688,24.922432151532885,True,3vO4uEV8rlfzUrpu,train
33.582708789223965,100.0,18.715970898239846,43.584334816765505,90.02169171560452,10.0,24.921024381175297,True,uG4NCGRkTtiVx2Ax,train
36.0824009441127,100.0,20.219799142435402,42.275039693237964,88.21562156969156,0.0,24.91935912452566,True,pk57nExaGWnNFphD,train
30.696754034149926,100.0,75.96244734183972,27.99151444053649,0.0,4.999961853027344,24.916856590572102,True,pTGrA7IKxccKETxh,train
29.902208706261636,100.0,81.81041831204365,25.840279983835345,0.0,0.0,24.915170920139026,True,n3U7l64w9ZPRRLqC,train
21.781399324333027,100.0,70.75336238016386,41.782631193616744,0.0,9.999923706054688,24.914876612133916,True,ZCIugzN076LrXNEc,train
36.246345483443804,100.0,55.56907657654089,36.3300953089835,0.0,4.999961853027344,24.912965011790153,True,RrIYgsc0KIZSqfUd,train
36.14615276245775,100.0,67.36010986618452,28.856009269779875,0.0,0.0,24.91175652449809,True,e9D87KLAlm5wyNL6,train
29.637450004612358,100.0,85.77125484232187,19.432055953382473,0.0,14.999923706054688,24.911458103480598,True,t1aVuqx1GBBhHjsW,train
23.383197914843468,100.0,22.743838828485988,57.90805352883227,81.44100369553568,0.0,24.911036193527003,True,sbRLoaNNWNIBGMfM,train
29.846937133093498,100.0,70.18741773681873,34.604292836855365,0.0,0.0,24.910705511167258,True,ViUcPo6dyL1x8eBu,train
21.407968344406903,100.0,20.1704073196278,58.05755991142851,88.37269777300013,10.0,24.907700054981607,True,bTAWmN4PRvOeTpAJ,train
27.67316133327968,100.0,100.0,12.44525285433258,0.0,9.999923706054688,24.90733708948917,True,blV7vY7AZQ3VZprk,train
31.3138671251549,100.0,78.83044521943339,26.258898384913223,0.0,0.0,24.904813241186375,True,HuHf4M1n9k8O1rTj,train
15.95770543784689,100.0,20.654350878898658,66.75454540938205,89.31770823009799,0.0,24.90437348467783,True,kZ0lJWotL3hqna8O,train
29.364165277019072,100.0,90.21044956679421,17.655056641963128,0.0,10.0,24.903620082666524,True,WWHAYoiZBA6A5D82,train
28.152090184754286,100.0,27.20730756158158,48.84085789322257,70.32344595832586,9.999923706054688,24.903458742289352,True,yYRvosFyWsfqsYjU,train
19.252497911037036,100.0,100.0,22.950650721436148,0.0,9.999923706054688,24.903250807349224,True,R8rOSVbQCIIajzuk,train
24.10943719475975,100.0,83.95704179284263,28.907287608651345,0.0,9.999923706054688,24.90236927464933,True,7s4catKMg7vsDPIH,train
19.777823929960746,100.0,83.46811700369989,37.18227814585932,0.0,0.0,24.901129162217035,True,BSW4uJhCPNgQxUEJ,train
31.497308897024343,100.0,90.87245307104592,16.975779108619903,0.0,0.0,24.900351006636956,True,r5IlXVv2xrql7HzD,train
30.265475319371816,100.0,76.39743076418824,29.371317243136744,0.0,0.0,24.90024689309854,True,061vly0ox61zcjjM,train
31.986491776738784,100.0,17.154768332440714,44.969736856984774,91.7098197530559,15.000038146972656,24.89927846044919,True,4BOXvhynMhDkEgXv,train
28.442515637249635,100.0,15.905286805637282,51.31233146354313,92.79661549277533,9.999923706054688,24.89871518280813,True,RkqQpvdPL1FKgT7o,train
30.12909981177374,100.0,62.330274317397695,37.580810567935096,0.0,9.999923706054688,24.89797439944284,True,Q3ak7HJZPfsfhi1I,train
29.752897133857463,100.0,72.48396679208729,32.92373784177278,0.0,0.0,24.895566870632013,True,vcHTnF8sxTXzchDb,train
35.679084202821755,100.0,79.24308894598477,17.944071801844345,0.0,10.0,24.89504875297202,True,j6AcIyWMUHkkgaw5,train
23.792908459383572,100.0,16.938660985716716,56.57196754921552,91.82214728780322,10.0,24.894527136936667,True,sX9K8N4FRDKfTEJO,train
28.965288474969793,100.0,72.75769656122392,33.69144753031837,0.0,0.0,24.893266108989714,True,Pjhws4deTpf6vnvd,train
24.64387685911753,100.0,19.52934964723608,55.25326860529782,85.03541241854425,9.999923706054688,24.89279218915431,True,2BszUvG5I7KLJFlr,train
28.63561454203983,100.0,57.70760992422102,42.88092150382545,0.0,9.999923706054688,24.89122561021093,True,EoC5ibXpPFyo8JGP,train
26.014605108394477,100.0,16.863881883386,51.25231770343446,92.14127848650251,19.999923706054688,24.89075720992127,True,vjSQ7VMxTFJC9Y97,train
35.53103450680794,100.0,86.19913141198846,12.869404130649457,0.0,10.0,24.886509164630144,True,2jqpwJ9AfFAIkk8u,train
28.24336677534028,100.0,54.34437764505553,47.11186061593725,0.0,4.999961853027344,24.884868556432217,True,VgJNIQg859aBeFnO,train
28.3981107972965,100.0,77.77131074745327,28.09035938107901,0.0,9.999923706054688,24.883292372960653,True,9AiXepI7aZu6LweN,train
39.121308993785256,100.0,71.00599739991878,22.257193710435956,0.0,0.0,24.88266560052132,True,sZDZiwrlBws4eBVZ,train
24.805834992460262,100.0,21.12343260057497,55.69411325611579,87.4493361741434,0.0,24.881263098131637,True,b6oqCngDugcQlL7x,train
19.354550366792434,100.0,15.077956964220602,62.807800978999865,94.3859247920567,9.999923706054688,24.881183757036744,True,SSRwj26r6fQ8BM0q,train
30.0892825648705,100.0,70.22367984512957,31.615524045291437,0.0,9.999923706054688,24.878973612348084,True,ZUQupPMhjID9GGQq,train
30.562520457252717,100.0,86.58488665315903,21.24808692793144,0.0,0.0,24.87798049787332,True,h8AgBbJSGhXNE1ji,train
25.88441197448015,100.0,18.62012859601758,55.48193831536638,90.34379216713364,0.0,24.877699554452633,True,4sk17nCkqBBC3yV2,train
32.07911660650176,100.0,13.553242564350784,47.947318885425034,94.67757965221801,10.0,24.876108295973967,True,pT2TyeF4cac9rG0w,train
25.61062928892892,100.0,23.963154237562627,53.04601037714619,85.37535012386574,0.0,24.87510003948915,True,M2eXMWK6hHWmXHA4,train
32.415729613527645,100.0,82.83444496189725,19.225687326223053,0.0,9.999923706054688,24.874232798213846,True,eNsUTM0DLAOMvIyE,train
41.08498918757141,100.0,77.3293938915069,15.013830979021748,0.0,0.0,24.873422576423238,True,IlwUYQ7OzkW4tClJ,train
36.137365437961314,100.0,84.20584285190179,16.038080575270257,0.0,0.0,24.87283390232965,True,ppPtLf6Se3thvkbI,train
38.53211352121487,100.0,54.37313989087691,32.91812869041351,0.0,10.0,24.872625102017956,True,ygBzqLDabRIssYVv,train
12.847670207242484,100.0,18.848777132048898,69.09911718384299,90.26984379671458,10.0,24.872549748222283,True,bYlkwgDyBB1INNlh,train
38.46352875684351,100.0,78.61453351730374,14.815866746225907,0.0,10.0,24.87123556605162,True,bkGk7t4M9S8Hm8KW,train
31.90533419166745,100.0,74.2529103089462,26.259902573358673,0.0,9.999923706054688,24.866246794233263,True,0uBeAe2LDmJqYq9X,train
31.444446474368803,100.0,84.99861153892202,18.7713353680425,0.0,10.0,24.865170423039,True,BGvdCrxgdPyU7Bms,train
26.45037234620734,100.0,15.53384243893845,53.87602994527351,92.91076072565593,10.0,24.863413477730102,True,qISmAlIf3V8mshoY,train
31.641795668864074,100.0,85.50523643471098,18.125275334004897,0.0,10.0,24.861289449223644,True,odr6AICuazmvf4KZ,train
26.85557886985301,100.0,74.83469811631274,32.10270877116224,0.0,9.999923706054688,24.859637374445345,True,BfxO9sCQpfPv3y0y,train
32.13518729582897,100.0,88.75205329904601,17.54759023234118,0.0,0.0,24.85612286528238,True,GprQFnIiU74KKEpY,train
28.748655244787468,100.0,78.11984808220022,27.239129288567497,0.0,10.0,24.8529668812404,True,z6iIdvvdC0C7rTdz,train
22.09463895670636,100.0,72.79420080315018,42.041413156407245,0.0,0.0,24.851072490930562,True,Yw2t4EqC9ZzSM9vc,train
29.53177718083363,100.0,34.60500695558713,46.6191866173762,49.000834247827456,10.0,24.847574374413092,True,NwEJ0QMb2ouSSua6,train
28.271638357732513,100.0,64.63142398332636,37.921049343519755,0.0,10.0,24.846833055636033,True,nINb9kfKVNrZFhgp,train
24.062628629734533,100.0,17.061948434945872,56.01750386046112,91.34789010193693,9.999923706054688,24.84584088516732,True,rHWImyiAL68AfASm,train
31.28102805390462,100.0,84.48240270968267,18.00581982334178,0.0,15.000038146972656,24.843783291945545,True,b3x2DXQwUBnNJ468,train
38.18245887053479,100.0,56.90353828875537,33.81087426856239,0.0,0.0,24.84332031465948,True,MUeLmHEmnDcmtUlZ,train
18.204031873982203,100.0,13.355756030836636,67.65560759401049,95.15168828149292,0.0,24.84307730599779,True,5nSR44wop9nxbh9z,train
31.999726251601572,100.0,86.7328345004499,17.91060028493419,0.0,4.999961853027344,24.841974887606085,True,VwIqQFqxDa0wtTv5,train
32.77972761278319,100.0,72.20705118965964,25.328457106732344,0.0,15.000038146972656,24.841682910339845,True,8gevk4ykUeJ85fvM,train
32.78687011154606,100.0,82.33480970960753,18.969551914725628,0.0,9.999923706054688,24.8408455525755,True,7RTwDwBDA9ADb6Jb,train
28.9514651126127,100.0,74.89630870871159,30.590216894311055,0.0,5.0,24.840355963322125,True,H4rKYUX1mFJpdBnN,train
30.155851188564757,100.0,72.21615044854192,29.833443597175588,0.0,9.999923706054688,24.83807026916033,True,wpLj5zcN4BF2r7V0,train
19.873952850436265,100.0,99.04630722542909,25.05535708895607,0.0,0.0,24.836505714214642,True,syVe0NKvUpKrA4YF,train
37.8502532586345,100.0,61.188904859526716,28.47742675837152,0.0,10.0,24.836384395261934,True,A3HYU3omvwSCaZFC,train
31.65569955830587,100.0,19.118124703348315,45.63739235069016,88.5406843066314,10.0,24.83615628054832,True,QyExylDxWqvR0qao,train
36.21131650047718,100.0,53.51428882317022,36.2692249164935,0.0,10.0,24.83381743189353,True,kKdTvlVZtLlkf0L3,train
41.31480783050305,100.0,78.78370205455757,13.433597983337393,0.0,0.0,24.832976862476876,True,daVpziQl8f73e7TX,train
29.723083169852103,100.0,77.64642796534167,26.243408305096906,0.0,10.0,24.82641664828366,True,gvtuikU8BYO9FPul,train
35.35056913938867,100.0,18.121541643362182,41.33522563696363,90.02378120146226,9.999923706054688,24.82410390412007,True,faKkl4iufUqvwE6L,train
30.939017641197307,100.0,84.54152924605845,22.039505934568353,0.0,0.0,24.82388498412176,True,ztxc2RjJlYUpgpqi,train
37.5071722796998,100.0,64.89621728074586,28.561075128734785,0.0,0.0,24.823440687783787,True,14IXk49pslIq7TaU,train
38.14809161681765,100.0,53.9432872977263,34.72378510874664,0.0,4.999961853027344,24.823271113264052,True,itnTDnze5v7SYYHF,train
33.89892537902396,100.0,73.95008424804267,22.526596613767794,0.0,14.999923706054688,24.822559490018683,True,o0p4rYL7CkNB1NDb,train
39.246942113700094,100.0,69.32776992607859,23.05491379016341,0.0,0.0,24.821883775369493,True,DxCYNbmkma07JHId,train
29.9071995516583,100.0,78.40416527377387,27.919389515625042,0.0,0.0,24.821302582105666,True,vLcpd7GhKBUU21Nv,train
29.44305457112487,100.0,15.793190848024068,47.3993210983422,92.22814730452029,20.000076293945312,24.82101766957655,True,XJOANO9yBTa2NAnw,train
41.49096093727976,100.0,66.6982635430144,22.21109211210738,0.0,0.0,24.819698188193577,True,xyssAJSwpQa7qxxu,train
35.68853629512602,100.0,80.93382698006089,18.778622230467874,0.0,0.0,24.81793256688421,True,R9gl1wyBnGoAhWuh,train
32.71651328452164,100.0,80.87474581004582,21.286219647240287,0.0,5.0,24.817584122085343,True,2ozi1Own8zA4ADUC,train
39.103813318194725,100.0,40.575669409970516,33.03151924541385,36.972475995414904,9.999923706054688,24.81722757520051,True,3FQcedBxmzcwsYU0,train
29.728292483547598,100.0,66.50604685943608,35.79303912449022,0.0,5.0,24.816587974700358,True,h6OV8RYb477Elahf,train
33.308923581633614,100.0,86.24301335827879,17.763121898648038,0.0,0.0,24.81630727887983,True,tmbcb8VpD1vX6pKW,train
28.859194356339593,100.0,69.22623212187035,34.83289314738741,0.0,4.999961853027344,24.8153101294943,True,OwAlLzxDwXsj0RW4,train
25.20698733064223,100.0,25.135924132126487,54.45064250926601,76.95877828325052,0.0,24.81020286849526,True,KDplmTJgwsvviD98,train
30.92765643055965,100.0,80.03820434608811,22.83565132759159,0.0,9.999923706054688,24.80477121037418,True,bGWsFbQTSAJecmLc,train
40.073371380578045,100.0,74.34892621701431,15.669810721675503,0.0,10.0,24.804643922031758,True,D7zlLklBBBCG1SGa,train
19.389087417553696,100.0,29.540573699295102,59.906016622116475,70.89498201194411,0.0,24.804310334303192,True,2eWEY4EM27Q0UU8s,train
16.30499970635625,100.0,28.7865590695163,63.32980626953864,64.86237268804145,10.0,24.803313675326308,True,pEA7klA2UvMrhTui,train
21.443376255061064,100.0,35.172209997661824,55.530515678734055,56.1693023000236,5.0,24.80124381416253,True,snMtxO2mPr5MFnid,train
29.173804309895807,100.0,59.963053609596294,40.06514170041728,0.0,9.999923706054688,24.80093364429959,True,mUep3DpDetxco8e1,train
33.65018299155525,100.0,75.29171415204067,22.969739132384234,0.0,10.0,24.80025069717176,True,M2tYuBGVbtrDmgqP,train
21.311575305110882,100.0,24.905245705056213,58.15688018881829,82.0913891236386,0.0,24.79962617598174,True,G6SmCstI4K5kmWN4,train
27.071145528925726,100.0,88.64385028675758,23.654970119420824,0.0,0.0,24.795357949129233,True,cSKdrih2DDAkWvo4,train
39.43301843748442,100.0,72.88676553997904,16.258251166757688,0.0,14.999923706054688,24.792915859022234,True,TyBLQ7BMlXkKwooI,train
14.692745055061213,100.0,100.0,28.09642442645074,0.0,10.0,24.79247114905545,True,uquhXz3G0aQ3IDAd,train
33.26235956461772,100.0,16.54443353214961,42.06075033931829,91.64762036401044,19.999923706054688,24.791782192343785,True,rat7Ymfb6NaDEgQJ,train
41.04514451134163,100.0,68.39760736492235,21.348107641167076,0.0,0.0,24.790548760807177,True,PpgsNe5muFCvNQtS,train
30.8746579196104,100.0,15.591663411807145,50.38113369074014,93.07806686249579,0.0,24.78754407294649,True,SJoB7R0aR9KOtnHA,train
32.57026306969276,100.0,82.46681084694603,18.860474947509687,0.0,10.0,24.78468238396703,True,njasp9b2NE1CAJJK,train
21.59080340509713,100.0,90.20784543406934,29.27877084834121,0.0,0.0,24.784631836052924,True,cJTod8TqqbR222wI,train
35.80481690082474,100.0,53.5308989904105,36.50581099093624,0.0,9.999923706054688,24.781997457257745,True,bVsOqm5fH2TmPtpB,train
39.25368050976041,100.0,67.93630354921793,21.382534685935312,0.0,10.0,24.78037259700985,True,VudjpcG3KPL1Ryrz,train
39.972666104173015,100.0,74.51493599870986,18.044507068792356,0.0,0.0,24.779308339608203,True,MiWiGODWCQCj3Uuf,train
29.541724888070142,100.0,85.00040140941445,23.214540468904218,0.0,0.0,24.778399527210546,True,wJfMMYu3yasAyXfU,train
40.761151325721684,100.0,69.52805910714683,20.79165365598658,0.0,0.0,24.777827428699762,True,WKyEa8wtWy2591AI,train
35.354933134738815,100.0,77.56152678750345,21.513232694378644,0.0,0.0,24.775608840685948,True,W7WkmmiHjNYoaibi,train
28.27078364027834,100.0,32.90191885382036,47.9624978002417,58.54902200251895,5.0,24.772934398316927,True,XqV5OM8HpKeb9nla,train
29.197534110678916,100.0,34.09090232206886,47.61441793739645,56.69118751811348,0.0,24.770461839365023,True,ANK6BSVoIFYrsE4F,train
26.49514259016974,100.0,23.489585370227704,49.705267868367635,73.60611705212013,19.999923706054688,24.768579064658862,True,18fCCrK19SfhXEBC,train
29.42504045500929,100.0,83.87899010521713,22.897149149525262,0.0,5.0,24.767538459439944,True,kpDU9eaVcRRA3HE3,train
32.75243225784192,100.0,82.57022131955709,18.43775634484595,0.0,9.999923706054688,24.761188716665966,True,LINLqDbASgDS22Pb,train
21.156845231595703,100.0,100.0,21.10752806723201,0.0,4.999961853027344,24.760715013996695,True,2e51ZE8RxlaRFRgz,train
28.593135195022658,100.0,68.39950254418181,35.502895893064846,0.0,5.0,24.758788358995908,True,paN6TWcDWX0qXWcU,train
29.301841780244743,100.0,74.54886767815645,28.732424901454394,0.0,10.0,24.754275577075532,True,2kbJzvBREwWzzeHU,train
21.806736654166635,100.0,86.62605135540718,31.530808422019703,0.0,0.0,24.751753551256677,True,BlRLQyfXNsZpTefr,train
35.61123098119291,100.0,13.761784766480876,42.89124516105985,94.10493466004243,10.0,24.75057122548445,True,Q6qaOjwc8bArljDA,train
24.224263385322253,100.0,18.22138788337693,55.82996665843405,90.89604811225301,4.999961853027344,24.75006785878793,True,z9yfA30TQ8l4K116,train
36.5244702642178,100.0,62.11521328704548,29.008099609722834,0.0,9.999923706054688,24.750015666358575,True,qqH40JvsIEX8vpgh,train
43.00415444903821,100.0,17.497778758912506,34.08871649495066,91.09207352769967,0.0,24.748052401471547,True,p3B2yAbKFQKFGZu7,train
29.845929869267415,100.0,19.891430208579454,47.26862551335417,86.97028277917804,9.999923706054688,24.747432425536243,True,m2vJ0ZU473onTHCG,train
32.76450227201727,100.0,82.57572414965908,20.839696039231583,0.0,0.0,24.745423398299494,True,MHvB4Riv5FwWmk86,train
32.985430963434546,100.0,18.03891088495808,46.315538662881224,90.56473634129343,0.0,24.743538923243264,True,zHBNAMcc7fMk4nmf,train
24.191757692360092,100.0,90.87908753616384,22.81754186497936,0.0,9.999923706054688,24.743307111813206,True,so06UKuKMXR0upt4,train
28.088047392297174,100.0,87.3505163642895,20.574679518764285,0.0,9.999923706054688,24.739521391773312,True,NOTlft16xFsTsujd,train
38.471611633695325,100.0,64.89291775011948,26.935793045511716,0.0,0.0,24.738999180044097,True,VR9YIJM42zELiqaR,train
29.358027858744645,100.0,66.68597202864204,34.482138834815444,0.0,10.0,24.738830535945556,True,2BJ8SFYoT2VdsxfM,train
23.056009775860545,100.0,21.21237864896686,56.82252299133944,88.53108170382744,0.0,24.736917924769426,True,2Z8pnVcCXbyAAR5F,train
39.88321330646277,100.0,63.683341749827676,24.80675377055644,0.0,5.0,24.734655343201133,True,eXelfSHf2yD3SMmZ,train
30.563769307314892,100.0,78.58399310430292,25.269928626727207,0.0,4.999961853027344,24.73252511047097,True,E8AKQyIb5POysx2T,train
29.70040562259265,100.0,70.48257186886556,32.41546225958737,0.0,4.999961853027344,24.730577730546838,True,eHKaNPkCwUnOVj6A,train
30.69334454597913,100.0,15.081488595797891,45.869442315816,92.40760380266975,20.000076293945312,24.729831893858417,True,YnsU9IZCwkxAbs5J,train
12.845444952291269,100.0,29.636823496934994,66.11208794375375,67.00733071043584,10.0,24.729668886885612,True,m5UbUbjPg2toyAuW,train
43.07589441535904,100.0,67.58190111548454,19.114357595007277,0.0,0.0,24.729130290163898,True,90V8Dr7OIZN2X6B7,train
36.140990820907916,100.0,72.5970791969946,21.521516611972288,0.0,9.999923706054688,24.72910909247336,True,Oy1Km9n4pWkLLJBw,train
26.508460938284514,100.0,28.66697614620976,52.08614662515076,67.6824965168801,0.0,24.728515807376752,True,29IotFQ5CVcwfaP0,train
37.94595045010413,100.0,68.81646350164829,24.581235464279885,0.0,0.0,24.725204230629252,True,xvJpYswwN9v41x7B,train
19.897376328559062,100.0,93.73779610935063,25.948718610550515,0.0,10.0,24.724757220652464,True,r6MgBlq8FxvthgQa,train
25.030423227751367,100.0,21.18144109308441,53.19080401146826,83.02839152074061,10.0,24.724402349231188,True,NCMmv3Htnq5kmgqK,train
28.59305508387288,100.0,18.394926885632778,48.84953427843717,90.9331131342798,10.0,24.72406531621456,True,yAaXBC9ZwPhrhqHo,train
28.43159901247629,100.0,58.344458818923044,44.31855309944483,0.0,0.0,24.723279195846494,True,KztthBapmWlIJGaE,train
21.00160185807283,100.0,23.11455011119921,58.42534494495963,86.39723272647751,0.0,24.722513606513893,True,u6FvtEn5IGXaIslF,train
28.571613454777705,100.0,21.0564295024704,50.18300022688643,87.68720063158536,0.0,24.722327866021544,True,CMmUgt3PtqPMrZYZ,train
37.97204484111087,100.0,64.11902980658728,25.54076401130908,0.0,10.0,24.719018483527623,True,NOvwLWkOlFRCy24q,train
20.964513118172572,100.0,21.514761448688148,56.850586504138114,87.60705018427612,9.999923706054688,24.71880849219053,True,zVt078wWbVRvIhPa,train
38.728020178737,100.0,54.21760477470202,30.760803266874845,0.0,15.000038146972656,24.716808321613154,True,ZXobaKLkQV4I5ru3,train
26.12230359485363,100.0,18.653148980692713,54.304412837870984,90.53990341993565,0.0,24.716425984388295,True,ehwrX4Q5pKEI6gxF,train
27.51074342440969,100.0,18.1540186668172,52.90503508821563,90.67151785484435,0.0,24.715371566510346,True,6XmBlLjsuZMQIKET,train
39.69248267448444,100.0,73.04121061045313,16.67065825828047,0.0,9.999923706054688,24.713430097147906,True,vevgJRysqU2Q96M3,train
26.91941830632922,100.0,12.137331044009052,56.780259822656454,96.07320398410627,0.0,24.71016639692027,True,ALAqbhdftzbf4NRm,train
28.652340572820044,100.0,25.903730174035832,48.94018512737091,62.44454092454902,14.999923706054688,24.70890492631475,True,Hpbi7Ib2eb5tgNs6,train
19.126412285484893,100.0,81.86453309883214,38.237528275374856,0.0,0.0,24.708788691271018,True,PO7QQLWIFOT65BTz,train
25.88362878172979,100.0,16.583995654523832,53.26251752090561,91.95536750540627,10.0,24.70877842306246,True,H7hBCkmIzBvQAc7z,train
24.497763513771105,100.0,19.247641302699787,53.69031486669741,89.17669479143784,10.0,24.70848478675912,True,2KW2WCEcogSZEaxB,train
32.11397827502892,100.0,32.102542399349204,43.575070783705335,57.938752891534854,4.999961853027344,24.705825822628785,True,olYXw9BVl7tRJIV2,train
26.54563368584083,100.0,21.929998061012213,49.589892745740606,87.23872828896626,9.999923706054688,24.705819279511207,True,HthoIQphlDBcFIXp,train
27.860684142765017,100.0,13.43327089034413,54.92976685496537,94.78591795858583,0.0,24.70541093816524,True,K3LdBxXEseSALJqP,train
27.392552361314316,100.0,16.86610998329553,51.094260364118014,92.15344277158425,10.0,24.70457879922572,True,9fUvdTrpraXfalzP,train
34.935034138210774,100.0,83.49802931206628,15.972730526767222,0.0,5.0,24.703009036716082,True,KeBbN1eften1hL5W,train
21.367586220683904,100.0,82.54756017796862,32.39312574716497,0.0,10.0,24.70265573129926,True,iUo1aWbtDRUIBIy0,train
23.89249401647433,100.0,11.250170578046562,61.061724366121354,96.55139081426654,0.0,24.700563504763167,True,yWbHef45aDgsMVl6,train
23.662002098418558,100.0,26.695382856836215,55.87504361662408,72.1029695211929,0.0,24.699965152514537,True,0pAcgRa77LVPNKpY,train
28.618051002827933,100.0,73.79438404967583,32.37858516649557,0.0,0.0,24.69938739145747,True,siYC73VEIyiB8ISQ,train
31.425978142881732,100.0,85.56500154009484,20.039790624513444,0.0,0.0,24.69920289163735,True,0UjSzyxS90zIyWkN,train
29.512984171310677,100.0,73.23390253490304,31.67891262034381,0.0,0.0,24.699113947131885,True,yrKBNl9DCfh4OKPw,train
33.828263539889264,100.0,80.97469343572243,15.473143209417572,0.0,19.999923706054688,24.69789472751693,True,Pcxkzmwedc12Zqyl,train
28.766190426052333,100.0,76.99475415623041,27.27733280148307,0.0,9.999923706054688,24.696223475546994,True,glh7OYQMbO2vVfJ4,train
42.546184570948036,100.0,72.53225946821753,15.886565959267571,0.0,0.0,24.693698254823154,True,eQQ3IQx58TBpuia3,train
34.610118043389264,100.0,77.35393284103912,20.938248956094256,0.0,4.999961853027344,24.693267320873403,True,drcLwoThq5YfYLBh,train
36.51233890318656,100.0,12.15299139987893,42.27685048667499,95.70735078258267,10.0,24.69177107224261,True,LMj3szBiuCBdf9mH,train
37.70806801755129,100.0,71.20618838941954,22.913521492769576,0.0,0.0,24.690649561354668,True,53I5vDY0A7Vd1HtK,train
26.21492919416812,100.0,65.93856562759838,38.72691090611178,0.0,10.0,24.689899323904147,True,Io8bxxFnDgmI22HE,train
37.93682814501206,100.0,71.40163746538926,19.974311285212025,0.0,9.999923706054688,24.68931109840654,True,Mvlhl0gRwyc0pGCe,train
37.25182623520396,100.0,69.47035016189253,23.52747636499194,0.0,5.0,24.689004356083256,True,uf4PQjnhe0vqgOeh,train
26.981475609253597,100.0,18.194368354705137,50.89032283317365,90.6277711795965,10.0,24.683977281133725,True,98elRyfqNSOYMnQz,train
32.32115264024847,100.0,78.7126550318095,23.974801382752815,0.0,0.0,24.682146691384105,True,vYmG0yKqCKWakw3s,train
25.463264726282198,100.0,24.0415936539965,52.8650775418692,82.69378185477497,0.0,24.679759830782615,True,URoWXipJITCRADy2,train
42.660169534674736,100.0,52.33345826265667,28.323273718808053,0.0,10.0,24.679715866828793,True,V7pi6arZR8rfpXIs,train
30.406549475262636,100.0,72.77403083891386,30.80871514247781,0.0,0.0,24.6794850231483,True,HYRx8bCjXaTZH8ef,train
29.940832555557456,100.0,73.56032722654821,28.2999723351504,0.0,10.0,24.679251689901676,True,TWcUdm9Ie0q3ymqi,train
24.292467858542174,100.0,93.34703162791958,23.016505497766204,0.0,0.0,24.67847280837672,True,1Uf9NYUG7jEmZtZI,train
32.1727300014769,100.0,81.21678359542045,22.26132257142298,0.0,0.0,24.67796455396689,True,0NOtZTooF9xcrF5T,train
29.278517838096107,100.0,63.11270544154001,36.94550715997386,0.0,9.999923706054688,24.675632893052533,True,go0QNU5TCq765p0U,train
30.646092421139684,100.0,79.49442509027499,22.937251622975367,0.0,10.0,24.673137193421244,True,lUfluLO9bXkYanOx,train
23.461398551107756,100.0,21.19127670524679,53.77862373474769,87.45862024926387,9.999923706054688,24.672693088279427,True,m7zsK1AE8qSxgSVt,train
30.871415367436356,100.0,82.38460635207429,22.97988934867452,0.0,0.0,24.67152266440513,True,n3UK573fbXjPKkX7,train
22.803909725115787,100.0,17.7516013577664,53.62149814302111,91.6653989260212,20.000076293945312,24.671291024546456,True,UjaMqlcCMp5EqhxP,train
26.115286406072833,100.0,18.200547334121215,54.36651103403734,90.69133095253541,0.0,24.66677245607063,True,7WFFMBAd2uq6G15v,train
29.40433646871866,100.0,66.87871175876779,36.418417442789654,0.0,0.0,24.666574369552766,True,s0e1tG2uTDQlydkK,train
31.635814281173456,100.0,73.35602368114101,28.761924804418527,0.0,0.0,24.664742083348223,True,IRZ1PJjrfMTLz8iB,train
27.061247681561206,100.0,10.493370569400856,57.66480523192424,95.84574990457484,0.0,24.66456604741402,True,Td1i9ewd7Pgn4q12,train
40.032024153899016,100.0,70.64105584559573,20.292637563888107,0.0,0.0,24.662691928091736,True,0sh6VmDlDEQ5yHxE,train
14.03984596958436,100.0,23.858077710392816,61.67728080631503,84.76843863426288,19.999923706054688,24.6625474272339,True,3n99KD4mXt1xgmRQ,train
25.06474148222534,100.0,89.60228028159311,22.279327678464924,0.0,9.999923706054688,24.66238913379102,True,zF6Y0Q8CW0z7x0EU,train
22.173421412065164,100.0,82.06126187926901,31.541304645143512,0.0,9.999923706054688,24.66080174923808,True,2AqjwN98FQ7iav2v,train
41.34411693874158,100.0,68.11182794143255,18.039262828952573,0.0,9.999923706054688,24.66065217699353,True,TLbq3fOGULGvBz9S,train
42.17637328326822,100.0,71.98485098210327,16.58621211706344,0.0,0.0,24.65906339154523,True,3lSgDEOX5mvP8W7f,train
21.812628649863274,100.0,94.67058075759692,25.017386889309364,0.0,0.0,24.65722165396723,True,9wdssHO7eGmXOlWg,train
16.63389523377137,100.0,100.0,27.487704117019646,0.0,0.0,24.656014631846773,True,cu7tGz0IEqcWPmsw,train
22.961016831494188,100.0,79.47404439636165,34.97167237507634,0.0,0.0,24.655695342343062,True,misDdQCoNichU6Un,train
34.57445581545158,100.0,60.07308008261458,34.991360828453594,0.0,0.0,24.6528481319458,True,kepw0KAhGQnd0QDU,train
28.696221110032834,100.0,19.37051839325278,47.934993440362064,89.6222347894805,9.999923706054688,24.647739649345297,True,fZm2cAMACleXiIgu,train
36.061858552264994,100.0,43.853256937020944,39.19482176040182,4.233483618880456,20.000076293945312,24.644095526341044,True,MMrz6M319zzRMp3T,train
32.83020553385569,100.0,14.504998181398282,45.330032826589395,93.892360953091,10.0,24.643925723646095,True,OjZ3YibcJTPhbYbg,train
28.16845618117895,100.0,17.038862397027685,47.28427537072518,91.74660892987671,20.000076293945312,24.642132740185033,True,0w5KNUgXh5FmKcYz,train
39.76093804899881,100.0,70.46916423247855,18.14813402659881,0.0,9.999923706054688,24.640232137743983,True,XmIJfHjDpa2QBoto,train
10.29544255306282,100.0,27.60181695706555,69.71167140662104,79.5930032042423,0.0,24.636117623361862,True,fIuNZkbAnb2qhywi,train
37.71053968394133,100.0,64.95284510718872,26.067438284309333,0.0,5.0,24.634049343925504,True,GWHz0OHVXA1ZvySQ,train
30.74245681448349,100.0,75.19621617141709,27.084675108274297,0.0,4.999961853027344,24.63197974363966,True,9YeE14A7D64MKo7u,train
30.895109644613218,100.0,29.102474623527254,45.41495122939668,69.15350755102345,0.0,24.629814228112902,True,toObHFUJa1SnCHl7,train
25.012084730710313,100.0,90.9093247644027,21.194807281544527,0.0,9.999923706054688,24.62837753894962,True,l5TCfZR92uQwTeJI,train
19.108993020981355,100.0,18.83429539378085,63.436160445731105,86.71663160838607,0.0,24.62545623387799,True,jep8MgoXBSMN8Fvq,train
39.32871451410789,100.0,65.3859196083466,22.422308220417392,0.0,9.999923706054688,24.62452439916517,True,nDoeQ0rPNxce4nAt,train
26.717824801076073,100.0,29.005674456641348,51.281597680659964,66.6663375242917,0.0,24.6199437811118,True,VobrWstyKDIOLsjY,train
35.22650185103298,100.0,82.79361890178986,16.969331070458296,0.0,0.0,24.61953451211838,True,4tKNY2m9l4mgl1XZ,train
29.88933163290067,100.0,18.063347815280917,45.97384010495436,89.82869541634427,14.999923706054688,24.61803405762813,True,YRdcTS1AprPDtOXR,train
30.405968496581153,100.0,16.064130118860522,47.36609196647552,92.67335200731586,10.0,24.617997635635266,True,DbjyqbBiZYBayCsT,train
22.554032660135935,100.0,20.01203752198257,57.537105729095714,89.397637885675,0.0,24.617616833434262,True,yNyf3Tp0zc7DFj5F,train
42.68093503481905,100.0,18.890955768612763,32.269604233036134,83.16811947559111,9.999923706054688,24.616200129686195,True,gwDKldJlQpYByf1T,train
29.56701635312571,100.0,69.43206410608047,31.54013027627252,0.0,10.0,24.614589759448005,True,MWTOykz0JnGqJGCA,train
29.765705834947145,100.0,68.41118107131629,34.54956529233388,0.0,0.0,24.613016677901008,True,JU0SngC9joWB43Oz,train
39.998724252905426,100.0,71.92785972471461,16.596596282924978,0.0,9.999923706054688,24.60817546382128,True,ChtGx4491s5eJoNw,train
34.08309401405866,100.0,86.18102948264433,15.796432114305219,0.0,0.0,24.60721434877236,True,HnyADvkxtUuX8KMf,train
40.78201992742174,100.0,66.67787681112378,22.041909493412334,0.0,0.0,24.60556840220647,True,JHmacWLZLvriJG8D,train
17.588171392128984,100.0,20.70005236429314,60.70539379370331,89.1414986698342,9.999923706054688,24.60020058021132,True,g3MD4XDApGxG7zTZ,train
25.349651462222294,100.0,21.330707866303158,53.30801994986185,88.02263809850277,0.0,24.599754940398554,True,O1MRN1WeBLwo8w7W,train
25.94907326818946,100.0,20.398472400612945,53.04257540006748,88.84359512753527,0.0,24.597734013529564,True,ayQaqwTUhRNNdGf1,train
38.11925131764492,100.0,70.92265339528791,19.629255731905786,0.0,10.0,24.594061985085574,True,F7Ff2FSbmcwAGC6d,train
39.53063477219267,100.0,69.46863458800792,21.446779197564183,0.0,0.0,24.59230972076219,True,jtylWIEp2ot2TjZD,train
33.58244876209767,100.0,84.93994203657638,14.773190315975185,0.0,9.999923706054688,24.591237744508646,True,qomJvZp4iU99s8D9,train
34.00329639323797,100.0,16.521609261896533,43.83282341781253,91.88390282111344,4.999961853027344,24.589823404863516,True,GDeNTNsjvd3QvKiQ,train
28.72321885594086,100.0,16.50528930135463,51.57772289243732,92.33960977656461,0.0,24.58912317650411,True,qWTcMzVv7Wi7RA0e,train
28.957620326479276,100.0,68.90886257125612,35.06602826989406,0.0,0.0,24.58894012128705,True,RUZ2Cx1WPPduu9ES,train
29.710803643567438,100.0,36.01598178666427,43.89847719285979,49.489713643005445,9.999923706054688,24.584275484916468,True,amRikgUPCDvNNdiw,train
33.322434272040276,100.0,80.38293216530468,19.729715184025835,0.0,4.999961853027344,24.583989522262307,True,StN9q7WeNT3EhvSF,train
41.423843221833266,100.0,71.32397044664766,17.63973123551581,0.0,0.0,24.58250261955863,True,50LI0lgOmqH7AkKI,train
16.760994400089142,100.0,19.512501353929377,64.86788313289557,89.78989347633839,0.0,24.580195103507727,True,7gsNzoZwubfLnxn5,train
15.770344098953528,100.0,98.52728875628938,29.282752294298987,0.0,0.0,24.578229797041583,True,ZUQxCgjLb3UgvTdD,train
23.36553083631474,100.0,23.51303729775255,54.84158934302465,84.7866153145138,0.0,24.575986938072187,True,PsbTrCQPwccc31tv,train
30.358549666931545,100.0,78.95863093126985,23.209106864142854,0.0,9.999923706054688,24.575249614554668,True,zecb2UkogQgF7REu,train
22.351088346443042,100.0,31.95032674491888,55.100530564151086,58.482932539933415,4.999961853027344,24.574571930826846,True,u66mQQfmqVfCAllI,train
29.00400517957773,100.0,34.369042033134406,46.686484924578664,46.618138445481826,9.999923706054688,24.574557692357153,True,FqhTkuo9eQmEQNu2,train
34.743185383506216,100.0,16.609840846173924,43.952564277098574,92.09648898977416,0.0,24.572609777711065,True,tUQgU2X9ViRmQqG7,train
24.96171041940264,100.0,23.303384360413133,52.73039138323534,85.80989997582714,0.0,24.572508534351055,True,9kN8xcJzIF4Zrsfi,train
34.512076724697565,100.0,17.400201478419778,43.80775932788923,91.39486468234958,0.0,24.569344502632685,True,wVI1b4FQlb1dJOQb,train
33.99381021224192,100.0,19.09822315649073,41.189695257925734,89.28999508820127,10.0,24.565624832529302,True,xhn3NVSh4HOrfGbw,train
27.473672459837296,100.0,19.098189424274327,50.438481220775884,89.89413066862714,4.999961853027344,24.565547398838376,True,nV9uf9nuPBUmRTso,train
28.327417494498132,100.0,70.97652076831443,34.185699709218824,0.0,0.0,24.565472430715463,True,pROMG7Hq8r8jDJKw,train
28.253989039178222,100.0,67.98274316658066,34.021480521652606,0.0,10.0,24.565204839112177,True,seIKp2H7NGtzNdIS,train
28.903046765403566,100.0,18.525963587602607,50.3253918963899,89.90937472126268,0.0,24.565203344832398,True,tx4t9ACne6R7nCe7,train
39.68120576456139,100.0,69.29041586114973,21.229294652519684,0.0,0.0,24.55972275081674,True,ZfIICfPh1tHBcd3P,train
29.637756964390576,100.0,64.96606685616177,34.524062738403316,0.0,9.999923706054688,24.559158002505306,True,kN4Ixhsr1JzKJocx,train
29.842406328119935,100.0,70.88528224531579,29.828245419067244,0.0,9.999923706054688,24.559039187943537,True,ZVVPaZ7nTQKMwiXS,train
19.941756762663964,100.0,23.119881964588345,58.07030262129185,84.83071248920307,5.0,24.559017634072767,True,bx3M3TnlqSeIoiRV,train
42.91489410826223,100.0,56.96060667839388,23.93095661964533,0.0,9.999923706054688,24.55900203805644,True,vYL4qR1bbp07IgGZ,train
29.156610650743776,100.0,19.500754083619547,49.22946595062166,89.79947173041207,0.0,24.550132551873816,True,0mMw0RdPTZdCGBCC,train
36.780356535462374,100.0,56.53170909538402,31.869918257613392,0.0,10.0,24.548829149695877,True,ZSYq25WX8bpr0HOq,train
20.381237962601542,100.0,17.744011118093713,61.16115315891667,91.13252969299731,0.0,24.54576827479764,True,qQb7kITN4Sr5tnJ7,train
29.522859416904552,100.0,65.3319117422374,36.82354966831872,0.0,0.0,24.54521154922549,True,gYA8FtpnJdbw4qwR,train
39.0734606542883,100.0,63.99190654927449,25.87776557434887,0.0,0.0,24.542704260833023,True,XjXPcxrzrDPZ6vt1,train
33.18239294322937,100.0,79.6026539068109,21.51755847359179,0.0,0.0,24.539508016547337,True,P9tEpZZRztDeSdkC,train
37.96238706073879,100.0,59.141858212877445,28.384830088573963,0.0,10.0,24.53884151483111,True,tlIG4kS1IsC4cvjc,train
34.16557464631111,100.0,80.12121093118543,17.38966826743308,0.0,10.0,24.537508954742208,True,eA99xKMTmSaRiVOV,train
33.496457036377414,100.0,87.77141954768574,13.73355609519598,0.0,5.0,24.536538410286408,True,eWB1JesEihS3rvHA,train
22.592622351659507,100.0,22.024355366709806,56.01161225542647,87.61426106715857,0.0,24.534844397364573,True,5O0IFPPrNuwMfdNj,train
18.944085683223058,100.0,18.394538744634943,59.90297381010205,91.17809728179559,9.999923706054688,24.53469804391393,True,Ej4kqc5u7U7xZ05p,train
20.212704139294697,100.0,20.89640882464762,59.5258559658603,83.76000422281788,4.999961853027344,24.53080685548514,True,XV6n8iWFQH9zzH2B,train
28.241168144319218,100.0,18.370185028500934,48.53600724123205,90.12524073209958,9.999923706054688,24.529279460509066,True,ZBVJjAhegVsDy75k,train
39.73928280694727,100.0,72.65019153037613,18.483446745074204,0.0,0.0,24.529038780308078,True,6SCbaQ2B5kpRNq8u,train
29.708382225307354,100.0,72.44545808911936,31.17403023780966,0.0,0.0,24.528720317256674,True,UaG2IBt0aAVFxWA2,train
31.60628784094278,100.0,69.37958881090125,26.099555936185922,0.0,20.000076293945312,24.528425283805333,True,wZqvr4MS4rJaH8mf,train
18.53923715674449,100.0,22.545047996735473,60.98712159223612,86.28326545904386,0.0,24.528154080095863,True,lD86mhBbp1wdjSt5,train
19.125438044491027,100.0,21.47867551151125,60.70994505030922,87.64851157978991,0.0,24.52757542690079,True,kqDffZCJGERWXwaU,train
24.806969126419347,100.0,22.348572833693286,54.099793071688154,83.06306041553788,0.0,24.527139841773355,True,fxvhF26uHWz5n576,train
38.71810529017428,100.0,64.9359514061129,24.259287036388372,0.0,4.999961853027344,24.521774533389546,True,GDHnebmgqZZwW6yr,train
35.20998161642541,100.0,80.29945050107997,14.619023953132398,0.0,14.999923706054688,24.521213955197563,True,km5oTMjgRI2GUow5,train
30.42012681442711,100.0,19.445670290567865,47.61663473471751,89.5063294779983,0.0,24.520525668035376,True,xOyPD5ploJUPZmyG,train
35.02458090621818,100.0,81.33022207870007,16.567350080308614,0.0,4.999961853027344,24.519146647072645,True,xC7aIldZbqIcAEuE,train
28.295073442815692,100.0,14.970055134634242,52.720426946454296,93.10277349164312,0.0,24.518500694772072,True,XA7nBLSQ2Gv5YeyD,train
40.219129045961104,100.0,74.59584416268689,16.36568382393665,0.0,0.0,24.51729565068064,True,bGUXJjt8dm0UxR2p,train
28.164243957777728,100.0,61.73455259896388,41.07889205257063,0.0,0.0,24.51702228980314,True,simfQ8IiScWS2y7H,train
31.306969954104126,100.0,77.62214516498571,23.977452212349334,0.0,5.0,24.515554705743753,True,1LoCqt5P2c0oQ5Lq,train
29.127236568906287,100.0,70.66499430503538,30.66385887441045,0.0,9.999923706054688,24.514326248166704,True,zXdnixdP0oVRSXLt,train
42.13983419338081,100.0,67.34775868547656,18.1254329883907,0.0,4.999961853027344,24.512207041496197,True,a2vobEfkl6Ac3d5J,train
22.727161427904104,100.0,21.35453537118039,51.47312090464402,86.64227980560908,19.999923706054688,24.511705019165078,True,V2I3IbflQXkvWzZi,train
33.01913059996538,100.0,83.65127782357686,18.535721186729987,0.0,0.0,24.50961856087387,True,lKaiHjiSEWcdMZn3,train
39.65886316503346,100.0,70.81733748446455,17.349609928937767,0.0,10.0,24.5072383997156,True,xMdyFadbMPPKtZit,train
29.455396970559494,100.0,81.17170666756995,22.332375050600035,0.0,9.999923706054688,24.506076438198107,True,hv7ntDpxZxQk8HZN,train
30.037672308839937,100.0,18.897708054665717,48.37628279290571,89.70920090688139,0.0,24.504790889335055,True,MtCWEd4yKS8U1pRL,train
26.194216456627863,100.0,18.581293021822944,50.692905136396675,90.60064527671112,9.999923706054688,24.504357543848037,True,TLcJtwqHYjyiCE5n,train
28.328661083699846,100.0,33.346807866616146,49.88940748174664,48.81544630624539,0.0,24.50284026257898,True,rCYduDSOqXYknJX3,train
28.94438578448704,100.0,62.02798204838146,37.296377735208054,0.0,10.0,24.49956930042059,True,iEnCexRHzLJHXz3q,train
28.18975424915361,100.0,66.57998695231929,34.8246534262791,0.0,10.0,24.49936729039211,True,WYhUkxAQvj6pYEnq,train
34.66992890456929,100.0,60.709426224525735,28.622272118520343,0.0,19.999923706054688,24.498346768827986,True,amRVEa1WVL1bCcZp,train
31.626874306592505,100.0,79.67792491306363,20.693718944393396,0.0,10.0,24.49715110248635,True,BzslBC3Y4o34xeZj,train
34.451467638237105,100.0,17.46459272887178,38.5015891272473,91.27935683354967,19.999923706054688,24.49683767131972,True,xHncAJqR6Gn3BX7W,train
33.10490846786111,100.0,87.73858069719276,14.03576285385337,0.0,4.999961853027344,24.49416488496623,True,ZOu2b2QOtKii1hSD,train
33.97440450705866,100.0,78.83830335784592,18.367977077985657,0.0,9.999923706054688,24.492938231341416,True,45hJ7ilVlAA42E6K,train
24.503757044898187,100.0,17.699340588486965,55.67283456929877,91.4519172681365,0.0,24.48800312676417,True,DT8hpS05OChwmqkD,train
22.219837912960728,100.0,16.914613352756586,58.819102239962625,92.63871168208235,0.0,24.48790751325031,True,cWz5e9hoNbarxPH6,train
26.822374190428953,100.0,69.42330391646152,36.833430839002276,0.0,0.0,24.48577530287692,True,ZiITMkcEXPsROvLw,train
37.10292343026096,100.0,66.4489303949191,26.20521052124481,0.0,0.0,24.48411252105207,True,mzveuvMFnSVEhrDc,train
32.42921868459817,100.0,49.860321761369974,39.81862307352287,18.631472497996242,0.0,24.481651174959424,True,3gTSyCSYDs80myd1,train
40.6710973244239,100.0,77.75396683626056,13.249784761771835,0.0,0.0,24.480826308899424,True,l8CbSnyKQlrVRKXj,train
38.10549194418009,100.0,67.87989310374778,21.351545538284995,0.0,9.999923706054688,24.47866224456692,True,I8qUb66NZYXfekjv,train
39.618543749335856,100.0,70.3349844464737,17.618703770776904,0.0,9.999923706054688,24.47862054376313,True,TBkSCwCcU36wNBrO,train
34.21359097806493,100.0,71.19251821126002,23.727206398028514,0.0,9.999923706054688,24.477712941113673,True,B6XjP7K6kueJI8Uh,train
41.37451181143701,100.0,72.43426955527212,16.33709877227517,0.0,0.0,24.476188140605103,True,AYjbsqpNC6pxLRPD,train
30.324543187584226,100.0,15.143059094702451,49.78637493691789,93.29657737974485,0.0,24.474698517472245,True,ztMdG0ZsY4QFsKfO,train
42.43489150387034,100.0,73.61555013289609,14.111486069326816,0.0,0.0,24.47335260976736,True,rh8o7bdCGOIBFPwH,train
26.472249547379768,100.0,82.21582223450343,27.608885244194965,0.0,0.0,24.47221277085945,True,XujX3g08HRinUcDy,train
24.154928200676444,100.0,16.24527622082084,51.79755007849851,92.73340093428253,20.000076293945312,24.471707360403332,True,oiUl0McOXb6duLau,train
29.628810883836906,100.0,34.6439988797934,44.51321168621034,49.30513772950255,10.0,24.471701776645435,True,svwSsbUP8rjhbaht,train
24.942589837246516,100.0,21.36359692071188,50.719217238421685,87.73595343991819,9.999923706054688,24.470824302401393,True,dUX2tnyHkZEuzGqL,train
29.383096804671943,100.0,87.46507684929824,20.02592692862173,0.0,0.0,24.470721114287066,True,4W226Jw5xCOTh6Be,train
32.59037602558419,100.0,78.53721182359887,20.210326077826537,0.0,10.0,24.470240995501186,True,ZiZWgpelxejKZpXf,train
33.81006743480955,100.0,86.97166205313167,13.598082198167148,0.0,5.0,24.46788260630557,True,5zRUeTPWyqhCbavm,train
29.674908081638204,100.0,70.8334471810045,30.865160626905478,0.0,4.999961853027344,24.466774315592687,True,VA3my5oeELFd4Bjn,train
26.397894492149582,100.0,22.775832736000265,50.8939548290264,85.43307579397212,0.0,24.466293288941323,True,1IQ3BZVPaFSGf1Wp,train
32.68122484253213,100.0,16.311954116450064,43.725143349617504,92.04328071478386,10.0,24.464292033763236,True,5yWeBTAjKz4Z9wI3,train
29.5088516005707,100.0,70.25684278368803,32.73053115907162,0.0,0.0,24.461845549510205,True,8DWxKDSMxo2hKP0l,train
23.357571752964276,100.0,18.70143765037163,51.416157238824155,90.57787124238526,19.999923706054688,24.456729780983643,True,EC06U91KV2mZpop1,train
29.762280653848304,100.0,15.048322384018434,48.12742298104767,92.60970807939793,10.0,24.453788521244274,True,8R1oEPzwqnMLLrj1,train
32.201637137816064,100.0,14.386747334106808,45.42870702507441,93.156768572033,10.0,24.45200121818657,True,d97kwy9Ydcshm5gA,train
30.593062672337464,100.0,77.75638163317254,25.691616631573325,0.0,0.0,24.450046239374913,True,4FDahhRvtRNg19DR,train
39.525790960355,100.0,69.95836578161146,19.096675608451818,0.0,5.0,24.444537729020837,True,48Ju6NoPeO0D6StP,train
39.26620894093561,100.0,75.88402804382889,14.97686803565756,0.0,5.0,24.444530048939747,True,r7ir3YdPp0nIhaPw,train
23.287592617065023,100.0,100.0,16.86259063564347,0.0,5.0,24.44441628139495,True,CV4viruPYWcHYAP0,train
29.124120198657746,100.0,66.65142624632671,33.32797039700483,0.0,10.0,24.44433806601441,True,LlyOzwnUyTh9VNEP,train
24.675421641101636,100.0,84.16347648800377,25.748117489681107,0.0,10.0,24.443000381412194,True,Pbsmeb3Zo18HPvAL,train
20.133818379644154,100.0,17.809737497085322,55.875952733947514,91.25439535513036,19.999923706054688,24.442821719322595,True,Df05Zk1Auy9wy26S,train
33.83917453670614,100.0,84.04087416527332,16.883477044018477,0.0,0.0,24.442620167771228,True,DMqXRRRRo0oWFN21,train
18.40867559229428,100.0,21.32803247532925,60.26823940457873,86.67978877365883,5.0,24.439011088971647,True,77uJzMj3zpuBbcyP,train
22.908029404627744,100.0,84.33903557815549,30.29827890933346,0.0,0.0,24.43751846974695,True,BjpHAKRYlklfN3yN,train
27.510387607594474,100.0,20.49626217161228,50.386623429219156,88.14577557330638,0.0,24.43664969214961,True,zVa0H7MAcfby85B3,train
21.205773394570286,100.0,24.95571854844221,56.08688149478405,83.48078646201674,0.0,24.43621675296655,True,KyqXi66L7vGOyhBC,train
16.077789862234575,100.0,17.992248666987194,65.7724385869283,91.23096953508204,0.0,24.434320959746486,True,H4klGVFJaF6mNdc6,train
28.243617477582887,100.0,69.17765381696752,31.229431698973357,0.0,15.000038146972656,24.433440689084158,True,SXNZ5kUCcAxRUpCN,train
16.180289204290283,100.0,23.12088554001339,65.00928267475433,78.35016160100042,0.0,24.43256974707547,True,m6lTRzmvwYrANRcn,train
36.00085595231732,100.0,57.545222069771725,31.491813240684294,0.0,10.0,24.430359946681946,True,hPRgPskKL6MrGhsh,train
33.78382876577406,100.0,81.75021303892402,16.09833732509597,0.0,9.999923706054688,24.428152797604042,True,suaYMkQOGZz4au9k,train
37.52118061680328,100.0,71.96803124274993,21.253755337487576,0.0,0.0,24.426250908110823,True,9VDKtidUEWjRRiRo,train
30.354234820881175,100.0,72.86020761398876,28.284498512642287,0.0,4.999961853027344,24.424487642498434,True,36AzkhiIAEVey953,train
29.759146923543124,100.0,69.16820096345364,30.54194498903297,0.0,9.999923706054688,24.423402058513155,True,lBYF2immMMaRZF2z,train
29.786822428522367,100.0,87.53331857592856,19.231717218591385,0.0,0.0,24.423046837238154,True,6o0C4w7bAdzGxpyf,train
29.028324553182962,100.0,20.37164852969626,45.84605312447205,88.77788704786455,9.999923706054688,24.420929580340548,True,RG5s0f4GlIO78Aur,train
31.064295395637043,100.0,72.27906032939006,27.81302859160718,0.0,4.999961853027344,24.420536709290573,True,AMQB9QlyeAJq0wvk,train
37.15870593517697,100.0,65.0737743952973,25.59647825011092,0.0,4.999961853027344,24.42003638576239,True,JFMZ8R4DHGG3KCwR,train
18.553351007749384,100.0,23.659120930455828,57.08285925939516,86.3177240125201,9.999923706054688,24.419660129313492,True,CduRh5IjwfP6hYb8,train
39.42043934517262,100.0,70.18068715359671,17.68115087377973,0.0,9.999923706054688,24.41843926939134,True,4UGS9c9zz7tUEb7Z,train
28.507099058228242,100.0,71.67130045621374,32.70396313668948,0.0,0.0,24.418262460327018,True,J5KfNh4GYWEscu03,train
25.340408772223718,100.0,17.368274306150695,54.58636569334153,91.2041917325742,0.0,24.417826064275552,True,u5k0ujRTojrpqSjg,train
39.723386986047245,100.0,63.31683361354504,22.432600505403386,0.0,9.999923706054688,24.414888074926978,True,HGUACxe3JvWF5gfB,train
24.286765392977326,100.0,28.74529429311057,52.72792084310177,69.67794312998979,0.0,24.412966817330762,True,WYYOoWYNXmpGmUmH,train
24.114304147011993,100.0,21.277524389507736,54.14197889084394,87.28364668250062,0.0,24.41278280747298,True,QYGDQDZeRUB87KLg,train
30.433762892752327,100.0,80.00168356512422,24.018589298740622,0.0,0.0,24.412411117704842,True,XDoVOQ0ikJw07ZC7,train
20.992548151623822,100.0,22.64171523816023,54.62801278255981,86.78855307916231,10.0,24.409424534100065,True,BBCgqIvo7oQmXhFW,train
39.2041059816655,100.0,74.7338392963575,15.739166705872265,0.0,5.0,24.408935731044455,True,vCaqnpSewqYgUady,train
33.23077837290768,100.0,78.42322755373618,20.437312370646623,0.0,4.999961853027344,24.40863929306804,True,Nkxx6syAXvRMdYOP,train
32.60123335404922,100.0,82.31424114915043,17.055646278622547,0.0,10.0,24.40857376660938,True,mrggexMX2vbpskIg,train
24.871834938904907,100.0,21.432199797430805,54.01998014917609,83.39910378885784,0.0,24.406739923618957,True,ly9oRp3bIX6dY8V6,train
26.632651136840717,100.0,27.038587076836258,50.83185178579777,70.5177439303842,0.0,24.406208399414382,True,I8LB7Medjt2hKG10,train
29.338451082555874,100.0,61.58473167914656,39.167929315740906,0.0,0.0,24.40590838565913,True,MLxbHPNerTkSoSoa,train
31.390718871532883,100.0,86.05940546841823,18.23708604036075,0.0,0.0,24.404007746218106,True,VhMl6LVjQCxZlqYS,train
24.5568552740203,100.0,83.79543922434902,25.970329795211242,0.0,10.0,24.402595661199676,True,DoCgLHZTPOxW7RRh,train
36.36794376348148,100.0,65.6648894354678,24.802980305230363,0.0,10.0,24.40231541723661,True,Yy1NKXy9jbHmOrFK,train
16.901111413482276,100.0,100.0,23.363198968058995,0.0,9.999923706054688,24.397913832285106,True,xOW4Wt1RBjSe15kE,train
26.067488722500926,100.0,72.4240370128594,32.583881719233034,0.0,9.999923706054688,24.397250261703483,True,tJXT2CnNAgaRiL3R,train
16.23545786510097,100.0,24.493655178257622,58.526181808248765,79.1613446717474,19.999923706054688,24.396212523553743,True,lZoOTKZwgbI3P92U,train
25.987644734453223,100.0,22.061888503494302,46.33282915603512,86.38599971646406,20.000076293945312,24.392064090864945,True,NsgJafSyRKOw6NNh,train
40.749380775232396,100.0,68.57106986599996,17.08375848286694,0.0,9.999923706054688,24.389753555584218,True,CaYVhNs8WwmRNS6g,train
28.633063266380027,100.0,38.39093535536442,48.16235263365817,31.7834672888021,5.0,24.38855001107141,True,tV9UoqZGTxEemnMX,train
33.21683348729904,100.0,72.75352903922247,23.355549990033893,0.0,10.0,24.388347725714908,True,VxfYLzkJkll3waWg,train
28.82042995200115,100.0,72.42396310445594,29.093614065193506,0.0,10.0,24.38742476670738,True,6Q9xqqBd0In0I4xS,train
22.01865742210322,100.0,24.220260021758264,54.124845470769955,78.46704919855404,10.0,24.38602491287124,True,pVsqjvhfGcMuqvue,train
29.29132516575298,100.0,72.29807331049854,31.086186621529947,0.0,0.0,24.384779612319015,True,Mc4BVuMqbfo9R13K,train
20.724012478071757,100.0,20.652666290974977,58.159873956449324,89.44319703381205,0.0,24.383037706144652,True,PukGWHlmh8njNNBF,train
29.341478117113724,100.0,75.88882612694105,27.07078121753014,0.0,4.999961853027344,24.382847784476986,True,39dak3AWZS6dfuhv,train
38.177179091918944,100.0,56.15829059145331,29.572998845097686,0.0,10.0,24.382638130717268,True,EmuCWqijn9nSjj8k,train
30.52329921263318,100.0,77.67819095872333,25.49434353742592,0.0,0.0,24.38142215445198,True,or6st8qiMM8czErQ,train
26.887265565187846,100.0,20.4952369612904,50.763736684353894,88.64089151578841,0.0,24.38089384815072,True,nq4AeeHMFHFmCjHl,train
28.95529108774781,100.0,71.26589598732767,32.25170942910184,0.0,0.0,24.37904905585647,True,P2QVXduX4SWC2b9m,train
26.924726562837066,100.0,20.585261745107807,48.18936190358059,88.4205031885274,9.999923706054688,24.37786462792066,True,09ZWIIhy3aQm4xZp,train
22.08058760085541,100.0,19.095307574259706,53.638125300761985,90.29368590677916,14.999923706054688,24.3767485771469,True,JalL0RUsqS0y41i5,train
37.48823576682495,100.0,51.104818479685456,36.69011123853165,0.0,0.0,24.375803961365385,True,AUbjIBx6U1nJn1KP,train
28.59467814237084,100.0,53.05612908694377,45.09326537965928,0.0,5.0,24.375741974566132,True,j5pSJnzITPaBdYf3,train
45.38471699827899,100.0,58.497346397868476,21.273483155579584,0.0,0.0,24.375477840365935,True,quoguynXdMpa5XZE,train
42.41286989160665,100.0,68.10529429397951,17.779683258631763,0.0,0.0,24.37494826872494,True,y5SvHcsBWrS8NIKY,train
29.150499837255218,100.0,66.50577430549828,35.556256257926535,0.0,0.0,24.374742356723853,True,IVzplfIgiUjOFB5r,train
25.72561018720097,100.0,22.222552798145824,50.28962053325243,86.03206619795012,4.999961853027344,24.374310975721475,True,Rjcz7IiK8PL5UqvX,train
28.189423731277437,100.0,85.0998225059671,21.55959855714019,0.0,4.999961853027344,24.37424711279383,True,xWrgiflBCJJGAgbf,train
24.58763336940327,100.0,35.495540358756436,48.44657778986395,54.18213278241015,9.999923706054688,24.369657778560317,True,qduxCj27tFWDkfYo,train
29.540829886017526,100.0,44.541916481875354,42.34701117900883,21.638030117415326,15.000038146972656,24.36780059280685,True,YdT9WKs00ed4fblO,train
30.89982476438825,100.0,79.63749264651294,23.476555448609474,0.0,0.0,24.3658911777959,True,NqkzLskbnTSLIR9Q,train
21.312312208674754,100.0,23.55773624375039,56.33308424082685,84.74649853362237,0.0,24.365680263577737,True,HqOtrddjUF0qXGMq,train
36.48345094545882,100.0,16.104203131178405,41.19046285730072,91.81902284212099,0.0,24.365536919607663,True,u39hfeqkUqhksSZG,train
24.42237085893592,100.0,92.89387884253644,17.866126204984354,0.0,14.999923706054688,24.362895967414048,True,rp4H5pJTa7wJSk7A,train
25.47215705381841,100.0,88.37737904323171,23.684246568666353,0.0,0.0,24.36149543367263,True,hGPvLBjOUzpchpzF,train
27.630175658527524,100.0,68.56801937536088,33.33550833548007,0.0,10.0,24.35984848803203,True,sCHwoLcDGNvBCDBA,train
30.50859291020888,100.0,71.14461164631862,29.051828403633536,0.0,4.999961853027344,24.359203747878087,True,GJsLVh4T2uVbGKiP,train
24.339952028960216,100.0,16.920517395485867,55.60122848275891,92.26938754486366,0.0,24.3567806903579,True,zQCYidSLC38V8wc0,train
26.45582381356074,100.0,22.984074596631302,48.99997120000213,79.85704176056413,9.999923706054688,24.354409656216248,True,sBYwHvRVCJxz0txf,train
28.88450728577382,100.0,70.61046291577648,30.207014787854533,0.0,9.999923706054688,24.35409540168357,True,OEK432MiDgO67vSz,train
28.252146858366658,100.0,20.648222665392048,46.38679742584473,88.32160848822484,9.999923706054688,24.353706209283395,True,bCnqDIE4YWoUwthr,train
32.06384637317551,100.0,85.02616898086023,17.91762731037528,0.0,0.0,24.35341240249797,True,17MomXxIoWG0tmR1,train
27.67721755708788,100.0,22.411730123028,48.12442988304998,78.93749523232145,9.999923706054688,24.352820831254974,True,dPbGExFXvDvg8Snh,train
36.472127353856365,100.0,69.68600869671423,23.905728667523732,0.0,0.0,24.35207887647597,True,eQYfd8CWpwhiJMAl,train
25.40079337948467,100.0,17.9984928723457,53.67725240527197,91.30305368901477,0.0,24.35057544122816,True,0od9CY9Q4CKZMFue,train
37.600628685958746,100.0,69.79865465232496,21.13259318681709,0.0,4.999961853027344,24.346472099353214,True,AV1UUCv6WF5q3vhX,train
26.155727495360633,100.0,4.2006442562988395,58.60562881446694,99.10340598436447,9.999923706054688,24.34532075969933,True,GP88oBquqOJCxWNC,train
21.32590110072097,100.0,83.53431667799867,29.916559528857476,0.0,9.999923706054688,24.344930867954275,True,jNsuAPuhgHQec18i,train
12.895959296759273,100.0,18.458217549184642,66.50536224013783,91.02004767302232,9.999923706054688,24.344793473548933,True,LAEuvXCLhZib1Mtv,train
30.55265249921098,100.0,74.087090774794,25.456842598694735,0.0,9.999923706054688,24.342591446063526,True,E2PaFExaUJJ6X5tK,train
33.08726834751607,100.0,88.49666285078462,13.978382805248359,0.0,0.0,24.34199307554638,True,9aQEBvblq4ekRW2a,train
30.47227028759502,100.0,71.0241770774549,27.848979390438387,0.0,10.0,24.341490011604666,True,YlBIWy3Rfjav87TL,train
25.07214659586028,100.0,15.078382701734009,55.80295625033188,92.97115683081964,0.0,24.338943145832527,True,xmDTodTYrnD5AnhH,train
31.000232914431137,100.0,72.896165148022,28.26297622779184,0.0,0.0,24.33707824636945,True,1S6xfB2gpBLzHfz3,train
41.29067306946306,100.0,73.65985235456522,14.809217500913391,0.0,0.0,24.333489620733225,True,gt9vOLbWeYhdCLFQ,train
31.683704397987395,100.0,82.9756773761105,17.313680219659403,0.0,10.0,24.330013749845303,True,noLFawSfL4xG51kz,train
30.810778071988466,100.0,79.82542397612139,23.264847283740508,0.0,0.0,24.329477571163427,True,bAznl1dWezWkK79R,train
34.188810293729645,100.0,81.22373828407319,17.989577750214508,0.0,0.0,24.328678866086292,True,j2LurOY7wQORapJ7,train
28.850774309750374,100.0,72.4191464307361,28.764034525542712,0.0,9.999923706054688,24.328368632459284,True,XYpz5ZAUieKxmA9I,train
32.38369311358792,100.0,18.246295608729156,44.98637411769551,89.9644517546544,0.0,24.328365030978176,True,ffuyWOTIut9bkyV1,train
14.29216380383945,100.0,100.0,26.27493650920877,0.0,9.999923706054688,24.328024438104354,True,33o5fNcUPwCDiarW,train
34.047598520835166,100.0,80.91881759342277,15.888102270803586,0.0,10.0,24.327342723382927,True,UkcAGg0uuJOmNn7I,train
31.677364892022247,100.0,80.07206426694052,20.73226310545617,0.0,5.0,24.326603484137873,True,siuiSUEPG6ymaXMd,train
33.39566952868458,100.0,82.56923969162763,15.456846198997681,0.0,9.999923706054688,24.32566876101756,True,EuneR10nT6yJxMmg,train
30.61739047322416,100.0,21.855251386756244,45.3742034645451,86.32767407303788,0.0,24.32385972288039,True,iAhuhbCaVwQxFax9,train
29.556721771318458,100.0,82.2851547630514,17.95339801429988,0.0,20.000076293945312,24.322637074844565,True,Hqb4MdJdRxgka9Ha,train
30.23043480918275,100.0,82.1612990513485,19.70308911458862,0.0,10.0,24.322421382915685,True,2q4XL6UQj52PGfva,train
41.70118665974347,100.0,13.897500602005582,33.02600671078889,94.05598448055319,10.0,24.317922321422145,True,H66Ktb4aKQtyv2W3,train
37.91786912147333,100.0,70.64485337725691,18.706377121689897,0.0,9.999923706054688,24.31746689659758,True,kIvmIzm3gauOcuZl,train
20.897065613065124,100.0,81.80125536350079,31.610251883110408,0.0,10.0,24.31650508441348,True,T85PtmjHWp5dZ2ZZ,train
41.34535549732515,100.0,59.43251434168815,24.073374489752737,0.0,5.0,24.315890923535058,True,AvDjGKYDjkyRKnsG,train
21.840458350386164,100.0,82.76223362518041,32.18355550385748,0.0,0.0,24.311160732145098,True,hFN8PwCSBbksUmEw,train
32.99858703985284,100.0,18.69650255546763,41.217741464561016,90.23277420298766,9.999923706054688,24.30930533164768,True,2z9CHRX74Mqxgg29,train
41.908552081630205,100.0,63.94647580075396,18.693682294399267,0.0,10.0,24.307845849400497,True,1ZNkQXKXNddCzISB,train
38.70090998819622,100.0,63.87065191288204,22.757444068528542,0.0,9.999923706054688,24.307310282989803,True,THBj9wz9PD3Bggkx,train
30.198560767608818,100.0,82.46981177309351,20.67478733958417,0.0,4.999961853027344,24.305067518434434,True,5xWk9kubhmLt6GSP,train
24.20661625176678,100.0,21.202996263129968,51.19055383123125,86.68583246396828,9.999923706054688,24.304502077158592,True,VmrEALeZiP1Y6nF9,train
33.00575053454705,100.0,73.62966622584756,22.528967999475412,0.0,9.999923706054688,24.30167735271171,True,Do9613kZhc4ERTHH,train
25.97672601121699,100.0,21.45597825407838,48.75284009250601,86.75006766818433,9.999923706054688,24.30064582812916,True,JScl7G7twDhRJAK9,train
17.742473507959787,100.0,22.659457305486697,57.94352000029769,87.5317571854051,9.999923706054688,24.299825017445478,True,qtU33cLzD1yjt6jJ,train
15.9437304785587,100.0,15.67550198890282,66.30800671451468,93.90038702807243,0.0,24.293878612281656,True,1J0VX8ck59Y7022i,train
37.936930793095414,100.0,61.058948946829126,25.747925568783018,0.0,10.0,24.292660154054825,True,QeV7TK1FhLMDuJg0,train
33.313904267802755,100.0,76.55372620805835,19.87230087646914,0.0,10.0,24.28599517345327,True,n7v7VU27ikHT1Eau,train
29.989245331209133,100.0,79.11991337245732,24.60102605397489,0.0,0.0,24.28550354946586,True,sU7KenthbnHZKFuj,train
35.291765678997656,100.0,75.1515150998602,20.946794275821887,0.0,0.0,24.285027539892823,True,6CgWci4yEyEkXbLS,train
24.429742881084465,100.0,15.086798812118314,53.72518790818212,93.38211663499557,9.999923706054688,24.2845951407778,True,HIj2uiUAP18MK9dT,train
35.80721459729477,100.0,66.90111377876293,26.456853456489682,0.0,0.0,24.278341407436066,True,qugjl5q3tqeXGLNE,train
38.27936187721302,100.0,68.52546675410214,19.647755075553363,0.0,9.999923706054688,24.27820768283198,True,AnQSwh6VT76gbMAF,train
21.744071706027043,100.0,17.895392298247238,58.09091418305383,90.76382731833912,0.0,24.276700973771568,True,zFqR3L87KNdjd0oQ,train
28.793796279124525,100.0,91.33054561533888,15.643316105857707,0.0,4.999961853027344,24.276692225904874,True,twBcwQMYx0zntp7W,train
29.204496982792875,100.0,17.140395305661094,44.222720600723136,91.17772033273468,20.000076293945312,24.27561749302601,True,YT9l79SoiGWSa38W,train
24.527699219919704,100.0,18.644062029471904,54.1832451407456,90.18566478776407,0.0,24.274466376938037,True,IXmIF2nyJc93DlMz,train
23.13285432962308,100.0,23.04087852804033,55.59259746927823,78.32670639361478,0.0,24.27420017514821,True,NQAD74cvanuAX01k,train
33.555623685376204,100.0,72.82485082014301,23.555020575914668,0.0,4.999961853027344,24.273635752199805,True,EfkPD3PS7A8mVOJ7,train
32.40749475954104,100.0,83.65472130150053,14.365869278620252,0.0,14.999923706054688,24.273251926137124,True,MT0qUtcywTTZOs73,train
25.27885947128147,100.0,17.17901765553425,51.5483842837849,91.32910930064895,9.999923706054688,24.272696023242666,True,5snfYRc7DDkkjJDq,train
26.10729848733829,100.0,89.4790856563011,21.615645683244296,0.0,0.0,24.271816606928596,True,xCSSbM0dGxKLTeZs,train
36.49076590251927,100.0,60.19867971911283,30.58065157888622,0.0,0.0,24.26862374927399,True,kJPtwnLFqNVOLxbC,train
21.799447535505845,100.0,84.40764925081513,29.536748189241223,0.0,4.999961853027344,24.268357001998343,True,lxumDhqQ3FH9OuMy,train
31.931939780484495,100.0,78.69052133644684,19.906260210557008,0.0,10.0,24.267815187699547,True,YxLyO8KpjvKgsbXG,train
21.214441575061716,100.0,22.069043044548632,56.18064940540778,83.34113245065456,4.999961853027344,24.267151446713378,True,iyP13zd4RJ63A8LB,train
30.601112165539206,100.0,71.71331926370448,28.04111240971332,0.0,5.0,24.265498412883137,True,Lsheu7397XAncjLu,train
28.862293924392624,100.0,81.33839941656218,22.9927462080976,0.0,5.0,24.264882635202003,True,jyTYOjVyuxgfa8tC,train
37.773356456132625,100.0,67.8874252915746,20.677182140964106,0.0,9.999923706054688,24.261885521264904,True,wBcF5JPplFsR5ZSJ,train
31.090714027384674,100.0,81.74322206077295,19.881865910340778,0.0,4.999961853027344,24.260533090681633,True,p9v1d0vHYp8eXMNC,train
22.270912451792995,100.0,13.99449424968433,59.45706892534355,94.03184714961601,0.0,24.25990839295041,True,z73Vmy2diXxp3yGF,train
22.919941685134503,100.0,95.07487594109253,18.84161882577085,0.0,9.999923706054688,24.25953676290441,True,Df4U8pt1RP853mVW,train
27.220903606835563,100.0,20.521081710602584,49.6782010998104,88.80744575704661,0.0,24.259400666113688,True,VSh0HB1QVB9D2KOd,train
20.991713045016233,100.0,20.676825707902395,54.75928312461075,89.09031915438518,10.0,24.25582470008083,True,XNt6oft5KThqk6ew,train
34.55454927200154,100.0,77.4883174524031,17.456444943872597,0.0,10.0,24.25317392463537,True,QjCIsyNKCmnR4utK,train
20.39385756915075,100.0,12.585465728480141,60.113117794615356,94.87833676040546,9.999923706054688,24.25282083380579,True,sC2ZI1VF9gxPvVom,train
32.33013733546169,100.0,72.03750982773639,26.821103791880617,0.0,0.0,24.252381566402004,True,76DvW4KJYICu2K3l,train
29.824483624953007,100.0,72.24211816571943,27.288000897192106,0.0,10.0,24.25003881053459,True,ZIgj7KPYIHPy2PYW,train
28.627091257438796,100.0,67.13649807383591,32.602029214007175,0.0,9.999923706054688,24.247649553539254,True,JJQXnsecoqfrfmWe,train
34.22709278873742,100.0,79.89902285995612,18.50481479746658,0.0,0.0,24.24258958567109,True,XaDB8eucsjduMJQy,train
32.30698402299009,100.0,79.50223267878687,21.20230129193601,0.0,0.0,24.242541165952755,True,AzGee4nn9NEm7BCb,train
34.58201771639327,100.0,85.47123014272057,11.37556106840323,0.0,10.0,24.241301164187046,True,EZAmggQBwBAD3UdR,train
32.599347078174716,100.0,76.9345019569557,22.743682530249828,0.0,0.0,24.238748569136998,True,mQVKRRMKleLiVeiq,train
31.014146686540776,100.0,90.8237590370276,14.29132510310474,0.0,0.0,24.235365547810282,True,8l8WnrYo0XH6JH9c,train
19.972862071585183,100.0,20.3498783245594,56.104597891831574,89.2513185266877,9.999923706054688,24.229178956583638,True,Ym52Rv7MP6B1iCHp,train
29.48889167856226,100.0,78.39250207692496,24.234882853885793,0.0,4.999961853027344,24.228072894607834,True,7lDBxlJMkIBys2QS,train
25.43972121577447,100.0,18.163013166292483,52.9735811983773,90.96616764094752,0.0,24.22740690061033,True,cJdOKPGNYChD5oPo,train
21.584133437525807,100.0,17.94163742147036,56.64220303389312,91.21739021946938,5.0,24.226589090354096,True,yKZgZHtxrrg3RZLI,train
27.996410754689574,100.0,87.6462214340585,20.386479427976823,0.0,0.0,24.223331789376534,True,huKYbaDS0hn3iQSa,train
29.082113355614048,100.0,76.61019869016324,24.77909391467557,0.0,10.0,24.21787692536311,True,Id34joOtZXOrwBGs,train
34.788688344268934,100.0,52.403537392769515,35.7974440443689,0.0,9.999923706054688,24.217187689159175,True,rh29cCzL51kVBiyO,train
29.451747019703195,100.0,77.7579115557811,25.946558190316807,0.0,0.0,24.215935126356328,True,tn2bZWzv4IXFss4S,train
34.94327678891734,100.0,76.69971669782589,17.359503231766396,0.0,9.999923706054688,24.212673533559233,True,qncg5yvO1wBZioGJ,train
28.779644246953104,100.0,71.9319137571396,31.132235803198185,0.0,0.0,24.211145285948852,True,qsgb75V3Rk6UoYGE,train
29.875957491558243,100.0,74.93978030129998,27.504607827913674,0.0,0.0,24.21087798366729,True,9CvovHkThbE7kJHR,train
30.813582111847488,100.0,32.695596907617315,43.54402966720439,57.85073481947895,0.0,24.209077738519294,True,sbFk0Z9or8ZAgxUc,train
19.099424940797142,100.0,22.7793338173697,58.60407869693351,85.86489217558409,0.0,24.20581665597065,True,IuQEgdM6nmIWxnca,train
30.487694024378314,100.0,17.03180671709972,44.77736121101843,91.45913966845927,10.0,24.205123739286186,True,UOgcxLnMrURIguaX,train
20.100363356814917,100.0,22.869436510152653,54.72208023253755,86.08405088931974,10.0,24.204124906700123,True,SKkYSrPZ4uSb7ue3,train
29.756284261412702,100.0,65.85501773972635,34.41198385074786,0.0,0.0,24.199720496461698,True,TtFzl8vV3RmMxcXg,train
34.13015044024028,100.0,79.8564682459368,13.441567322286687,0.0,20.000076293945312,24.199325126105194,True,uW1HmbRaOUpoS4wt,train
16.57172952599101,100.0,21.95076674106667,62.073312610097226,86.98021656634006,0.0,24.199220742994203,True,GNRUSgrv2q7IfZeJ,train
30.204584009859712,100.0,66.27708417318067,31.024522253440935,0.0,9.999923706054688,24.19760926443295,True,xR8KCDXsXyGHA9k0,train
23.4147445824432,100.0,22.07906012101991,51.322896672789824,85.34045690673346,10.0,24.197147343658425,True,cAiIWPKQlkmHqnx2,train
31.416070211961934,100.0,83.14629010271663,19.354710833075075,0.0,0.0,24.196903235012993,True,gbEBZbLZO7v1qpgE,train
23.194625109625974,100.0,17.507253744192813,53.52346920852724,91.31829958628624,9.999923706054688,24.19534934535791,True,3qzKr9H1X0sTU4gk,train
39.6964591064235,100.0,65.69538558666954,19.57219455837894,0.0,9.999923706054688,24.19285771158483,True,otCiJpLw4f9VAEnO,train
29.26163234442452,100.0,20.569078827712797,44.45373610802447,88.02562608139559,10.0,24.192798435937725,True,jmVKhLTfIqzv7x3d,train
27.175071066891164,100.0,22.17869352521396,46.18402763420164,86.63865497001146,10.0,24.18931007084579,True,Q7pgXKzl396CvzSt,train
31.07552310311543,100.0,31.04581615896467,41.33539041240368,59.90918372106196,9.999923706054688,24.188286653460125,True,L6cEawVQRWBMxTea,train
31.10261821115998,100.0,79.77341307360237,22.230951008991113,0.0,0.0,24.187856715628573,True,nXZoDfDV67aIB01t,train
16.311093000655102,100.0,99.91812293878607,23.105776868481215,0.0,10.0,24.186647064677928,True,NJGgnIwJurj8TZsK,train
22.129286365338455,100.0,21.700312908236672,56.12235366648664,83.4462066139285,0.0,24.18414959156387,True,r1dHVHXv3h85PPBo,train
18.924464751187855,100.0,16.57556893168582,59.14490689452808,92.73119419004637,10.0,24.182992615957772,True,ga3ULsRukuu4pSKy,train
34.690394838712876,100.0,79.4943516416424,15.428428584439601,0.0,10.0,24.182437172812495,True,AW4Bcv5coTpCr6BL,train
39.70609630631396,100.0,71.28796214958038,15.305393273432799,0.0,9.999923706054688,24.180793239004842,True,K3wkW2JO57HZNxMr,train
33.5894080677618,100.0,15.960856260609265,38.788274182981525,92.60480581473045,19.999923706054688,24.1793717686674,True,uaHqGukJsA7FCdoY,train
29.943415902718936,100.0,75.19152611253415,24.56538812521238,0.0,9.999923706054688,24.177656702905065,True,Slh3EWcEut52Hwms,train
28.776188056362017,100.0,89.40549963145719,15.35032365125511,0.0,10.0,24.174936689060107,True,0FDQ9zYT3uCi0uV9,train
32.713277224446465,100.0,84.13675621883499,16.87279139757689,0.0,0.0,24.173391018452243,True,BbGqHhGYPCzkaLN7,train
29.43509085657287,100.0,70.61151176516555,31.104814533385834,0.0,0.0,24.171462385595213,True,Zd27TtDPkKiCSEs5,train
30.799774954038803,100.0,16.0499622260743,44.7479278119281,92.1873539345118,10.0,24.166391331532054,True,WoNq6jFJK4f3TOeN,train
22.06796036997477,100.0,21.58710224293855,52.5638927069478,87.8014439035146,10.0,24.157906165499764,True,hYoADSs2yfBgB0au,train
28.862539111483713,100.0,70.32924611379454,31.950580460958548,0.0,0.0,24.15513778713182,True,umLHe043IINRc1CV,train
40.577364693015966,100.0,13.97119816052026,35.97438759338337,94.36104805375757,0.0,24.15295081869658,True,SvAC1gLOvd0Z1YUp,train
39.317044830052495,100.0,69.38732975796174,19.557340877643284,0.0,0.0,24.14882884673604,True,AkJJOESrS25phQ8j,train
29.147102998609682,100.0,38.13859223372684,45.07757439762613,42.500321997475055,0.0,24.148095564110427,True,4UvcO2ggprq7MyI6,train
29.54296068252466,100.0,69.59153013240797,31.617899291023335,0.0,0.0,24.148049548697028,True,3Jd9swbwkfejWd1n,train
30.880396337445223,100.0,76.71192356303087,24.605573113906118,0.0,0.0,24.148002241597162,True,ZmJD8hjNwfsvl5TZ,train
19.645913558156597,100.0,100.0,21.17866825286461,0.0,0.0,24.14721204011207,True,6TYkTUhfhTCOxfHT,train
35.00944687496626,100.0,74.51379364529123,18.581305148495687,0.0,10.0,24.145691795234388,True,4T3KjmXjntlgbIM8,train
35.40090556205767,100.0,38.9110998676571,39.73530157007492,30.139657465433586,0.0,24.140934557949645,True,veRn1vmHOPgrGPnE,train
29.222925310064696,100.0,19.348979324403093,48.8231669571115,83.35574692178702,0.0,24.14049896368829,True,1jkqhkuWYaTn2HRn,train
31.975448579663198,100.0,19.738400494809287,41.480367982261164,87.76091408502506,10.0,24.13874151984068,True,Wx97WLWmyZa7hLXs,train
39.06521296583787,100.0,49.40817841686579,34.256748362252566,2.190606627380191,0.0,24.138410007808858,True,9WYpEyDAJEsbq3jb,train
21.596289059662798,100.0,21.39511920728291,55.63982392749335,87.99997765506237,0.0,24.136303814259925,True,Z6EiolVSRmaaEaJA,train
28.95633115656537,100.0,71.01248559852326,31.20813684782371,0.0,0.0,24.132582998484573,True,lUhwVOKwIsPf6OFr,train
32.194367523181775,100.0,35.505060585878496,40.10094583248687,49.74906621997668,5.0,24.13199344617343,True,7I5YYlA8ok8fHMrZ,train
37.76857837357025,100.0,66.87083909952746,20.79445851204794,0.0,9.999923706054688,24.131658346034005,True,vU7El68vyk9Kkz8L,train
29.246864790457938,100.0,74.09046780193043,26.023488941628628,0.0,9.999923706054688,24.12998034153251,True,x9hcmQJIaiFnaqjF,train
31.96424314163038,100.0,87.48705747130398,13.822427361718908,0.0,5.0,24.128604878446975,True,ZnAFa9tOkvOtRNBN,train
41.154371342479756,100.0,74.82185598400483,13.08143254543198,0.0,0.0,24.12815774230706,True,2cdfCaDJ98giRTNs,train
19.650938548601033,100.0,81.57690258502726,31.127693766023043,0.0,15.000038146972656,24.12481068545759,True,V1BsWESiUlUXL607,train
39.87841610091852,100.0,73.90494235011488,14.091726224715032,0.0,4.999961853027344,24.123688715341235,True,Qi23YZHBmahei4Y0,train
20.544127700585094,100.0,18.97232817142484,58.4490814469348,89.01985771760091,0.0,24.122690326127007,True,A7VpyqAOavK4xuhS,train
35.53508671883604,100.0,58.94542376445192,31.979040797162767,0.0,0.0,24.12139340380935,True,KCqrk0do3UzdEI6X,train
23.86951566843387,100.0,21.000146408706865,49.26963548362034,87.99727952675661,14.999923706054688,24.12118813677913,True,69p7rZuelMHjMPVq,train
29.43777457019266,100.0,64.427106230209,35.4847748525482,0.0,0.0,24.120464547589155,True,6jAabGcizwJKTnQq,train
30.630111241685963,100.0,80.74179524893161,21.75526805753981,0.0,0.0,24.119850709269194,True,2Pxh4b0BrcFc9DHn,train
25.642940321705034,100.0,21.00668031504453,50.83883015160401,87.7447657810809,0.0,24.116741447057787,True,msWeoXCpqvrisE13,train
22.122292092782768,100.0,77.80148531039825,32.06362317263384,0.0,10.0,24.113520454282195,True,D2d30FsScZO7oMjw,train
28.97248312360763,100.0,69.44106596776528,29.749500164074504,0.0,9.999923706054688,24.109176894184337,True,5uF3MIflmG9DJ7Tb,train
30.25642932684221,100.0,81.13266046932583,21.87346981106907,0.0,0.0,24.10870036432324,True,2iDMJd7wTVLRxPb6,train
29.995708258537917,100.0,72.51025871550186,28.666065575511794,0.0,0.0,24.108678987062117,True,qbHWR1QSJkjodLvG,train
29.429666575420633,100.0,17.160917400053577,44.21983992650274,91.65746257217839,15.000038146972656,24.108397275121295,True,h5xekNhh6ArWFPNl,train
32.74998615764658,100.0,81.46272032320583,13.50550904652232,0.0,20.000076293945312,24.10801021189425,True,TD9rf9ReTOsHyR47,train
29.19295445211137,100.0,71.05259826962146,29.50278249929059,0.0,5.0,24.10668485332918,True,EiydESkX1Xa8grIN,train
34.524225462289614,100.0,16.84253251645304,38.27447451268901,90.80691471560706,15.000038146972656,24.10267878870715,True,dTlQQMrb1oFxnwOS,train
31.585255044290875,100.0,75.93569562647204,22.823147654210942,0.0,4.999961853027344,24.10129572853708,True,j3m24ehi8mj7TCsX,train
32.57305303984576,100.0,74.36273499624431,21.498785936433862,0.0,9.999923706054688,24.097426881987595,True,UDOQSw2eYIzn9B0n,train
30.8665284020474,100.0,76.35763199709709,24.609622964973255,0.0,0.0,24.092201493071066,True,lyh70sdQ9qPILmpY,train
39.5486100455482,100.0,59.03819211846755,26.743889641804813,0.0,0.0,24.091659257518145,True,6jXh2H3x9exT8QzL,train
32.516754159788675,100.0,73.7226381327326,23.268624429185635,0.0,4.999961853027344,24.091307238345554,True,f5cMjlBHvMlRBj5Q,train
24.998072987746113,100.0,35.49704043337996,48.380434814360854,51.80900047523279,4.999961853027344,24.090609391228703,True,YAVMsUxqfQR1KZ4h,train
26.36848869658169,100.0,80.35538106692495,24.719519347877636,0.0,9.999923706054688,24.089329389062428,True,nSBwPZRYsnvS9GJ1,train
37.26476946229965,100.0,67.89160242114336,21.681309179925847,0.0,5.0,24.086194564731585,True,FsT9ydZvj0Tn2U7Z,train
22.04899820226836,100.0,18.449995715183206,57.32339066219485,86.80870076524917,0.0,24.084862078546,True,dAzOx3yB1d21xbwN,train
13.946419120923691,100.0,18.88366572404135,66.12846299892496,90.76043524582154,0.0,24.082869000913195,True,9QqpCXY8tJQW63PU,train
22.956335430072052,100.0,91.4598765730362,20.623071993594678,0.0,9.999923706054688,24.082675927495114,True,Pf0K2YKuhDew13k9,train
40.40547109877608,100.0,78.95720227058396,8.187330311265569,0.0,10.0,24.08241417753473,True,uTHBjqhuciF31rVx,train
25.296092781368593,100.0,16.751690598196994,50.76590784789772,91.84494420891917,9.999923706054688,24.082201750399935,True,gP7kGWfDFYMbZ8nO,train
32.089522291269965,100.0,80.92557287178826,17.103859309465832,0.0,10.0,24.0819883654789,True,FfiGe2YrqiNrr2qa,train
28.54219702789201,100.0,64.84539144499152,33.576354126968425,0.0,10.0,24.077628799115413,True,8Mqn9A6okDcxAgq9,train
32.28518262755461,100.0,82.26768202461801,18.327042090508954,0.0,0.0,24.076856378683146,True,PAXZNJnQ1Pqtp3UB,train
11.919437000301283,100.0,18.211940416696898,69.00937255590728,91.20166231754077,0.0,24.07360793963835,True,FU6KMOCDjjkjSBt3,train
28.096323258646017,100.0,45.26320924067432,41.884833205293795,27.650933375021012,10.0,24.073075510572462,True,UCmTes0kh1EQvyir,train
30.303545130872358,100.0,80.1103413700404,19.89841567688765,0.0,10.0,24.07212062360168,True,1HuW8bQ2bDjHGQL9,train
33.457540705346446,100.0,82.29407257383028,16.799783040394658,0.0,0.0,24.068452670490082,True,koeGPrnjlkxMT0hQ,train
38.123973553641044,100.0,68.91569132573086,20.993424624906183,0.0,0.0,24.067032012251126,True,WJmMffgx1nlckzsd,train
29.699922747842777,100.0,17.26088930608048,47.27315657425825,91.93836954870672,0.0,24.065663875159757,True,uxnp0dINUWimSpmP,train
29.19757913888005,100.0,67.86842727684561,32.9253463221694,0.0,0.0,24.06472814068073,True,oSVd73Xl2FUzt0Q6,train
35.976017608641946,100.0,59.920145817356556,30.41254285955229,0.0,0.0,24.064534846674427,True,u5IfijoySjTneAAv,train
23.709515670499265,100.0,81.70778631555808,29.403759503256737,0.0,0.0,24.064298765609877,True,iG2METPxl2yFEikm,train
41.75872624550645,100.0,61.324542147241985,22.11697933016518,0.0,0.0,24.061758749495947,True,Juja4QeoXylzQdGY,train
36.80391369512566,100.0,61.18369965768403,28.414209361148124,0.0,0.0,24.061375244663644,True,IMu6t28EGFyW31SL,train
38.5378254249189,100.0,62.016751008135216,24.355540023100616,0.0,4.999961853027344,24.058075104721496,True,Rscke5x07F8infT8,train
29.43435889910998,100.0,70.07898624846894,28.433576209221528,0.0,10.0,24.05715290389214,True,vjDpg8ThWDl0lzt6,train
27.96667262283257,100.0,17.012075077535705,49.880816323755596,90.74771577023884,0.0,24.05702847060156,True,kA6SRqHGeavSbpLf,train
33.878492059731,100.0,78.37192060905723,16.63771635683942,0.0,9.999923706054688,24.05295056296195,True,VcHSghViBX2b8c8m,train
28.037808223892412,100.0,87.11746469141647,19.87588286938643,0.0,0.0,24.052248333562858,True,XN6E32VUdTiHnJuQ,train
30.5088827109903,100.0,68.6857648421529,28.095727081297298,0.0,9.999923706054688,24.049227005632705,True,nywm3Q28QpFF8rBd,train
16.057425281503992,100.0,96.77763621039239,25.079027885069664,0.0,10.0,24.046807328948788,True,jdRUzCWMKGfoBsYz,train
29.376444721800393,100.0,66.12484295043856,31.402397320706754,0.0,9.999923706054688,24.04331327245997,True,2GVTk6xsn89eHnZ0,train
23.11307982671122,100.0,75.20647828203683,32.41441517576955,0.0,9.999923706054688,24.042120919439974,True,wDSNp60517U0HKDc,train
37.385590383037545,100.0,51.01554441758927,32.71011089395587,0.0,10.0,24.040751437188952,True,MtfiGvpET1dcYy38,train
22.58592079987497,100.0,87.41460182127102,23.900436949189853,0.0,10.0,24.038757862997365,True,y4cX8NR9p3eQRAcH,train
21.354467385088675,100.0,23.487809725570134,52.02049974574721,85.4512500249744,9.999923706054688,24.038446940808587,True,Jw7OQBmnEwK3GSUr,train
29.286685751521382,100.0,75.50015149358023,24.45656608375762,0.0,9.999923706054688,24.03800356397164,True,upH1gx2fIkFj3RmW,train
29.88701509477648,100.0,68.53273111676991,31.43025379276601,0.0,0.0,24.03771419976281,True,1NUV8e9YtVPQo2c3,train
39.533878502640576,100.0,69.65749141480275,18.516213689468557,0.0,0.0,24.035336075774268,True,4qNiElGdNamh3CJ3,train
27.497076071773073,100.0,20.973339767031238,45.65318712403493,87.68475557912787,10.0,24.035145186761333,True,fcyUXAVcVQYdl3y5,train
41.63855789850076,100.0,73.08208305508192,12.065856785126797,0.0,5.0,24.035123289912836,True,XqBPSd9fZO3GcraY,train
34.65292998112868,100.0,14.027769488190135,40.270763043292455,94.23574299809866,10.0,24.033337677074112,True,E12gV2pyWpvLfWQZ,train
35.975315028081326,100.0,45.13404240972362,37.43151982072952,15.619730329590396,0.0,24.031225599104296,True,QsoYWbDpit1yQBXH,train
22.812753691576965,100.0,86.84125222954026,24.00689406997911,0.0,10.0,24.0307550713211,True,rb5FCCMszkdT8C4i,train
40.973507187609954,100.0,65.44933447603803,19.828928384953798,0.0,0.0,24.026562645298952,True,WRoSDSc7WAiElI2g,train
32.789935651613405,100.0,80.7208351850605,16.0992992761648,0.0,9.999923706054688,24.02546523119812,True,SqEFJ5IqaCaZSSMr,train
39.678876914894914,100.0,67.46339342918536,18.676669288756514,0.0,4.999961853027344,24.024560193504204,True,2WuwF8h57zBZol9G,train
30.191675534484048,100.0,73.82698522707032,26.996515288473972,0.0,0.0,24.021269725376357,True,Fwg9lqEBraadyHCv,train
34.054101062124474,100.0,80.38623657530303,14.74718344291685,0.0,9.999923706054688,24.020893625712674,True,jL5kxXQ8QIQl34kH,train
22.841179871656863,100.0,88.8687140821676,22.401404229814204,0.0,9.999923706054688,24.02087911150493,True,16e55iHtdnopLWLE,train
19.229280073975072,100.0,23.58885969749018,55.87687941921498,79.91953696190322,9.999923706054688,24.016997890358187,True,PU01tMPGFSrMTmSl,train
27.766848341989746,100.0,23.297994646484618,48.22340015677198,78.7110353277499,0.0,24.01664308021202,True,IW54w3ffLLc6zuWz,train
23.1178444975513,100.0,16.566804878019543,53.180542248439565,92.31892609955355,10.0,24.016536610756347,True,epPndgbEvmx8WRcl,train
42.15133507094792,100.0,63.44071992140269,19.801204057049304,0.0,0.0,24.014182567357246,True,r8fVtHvd5XkRSDQ6,train
23.06665091120265,100.0,76.9813086083858,30.998258958656947,0.0,9.999923706054688,24.01350699609266,True,5YpfvklP6KS3gOZb,train
33.03671442092921,100.0,19.799240780470555,41.98036351336718,87.70240697191024,0.0,24.010257773571837,True,ikA6SEyeFtPCLarZ,train
27.500719888347582,100.0,15.296580932999438,50.81024614862099,93.56507370519847,0.0,24.009970027020934,True,bGXbA2Pne8UpLvNP,train
30.20200691746131,100.0,63.4527997112821,34.701173251327575,0.0,0.0,24.008656336323156,True,EBz2UXZYeIoay9S0,train
30.218367335495003,100.0,67.41817050988806,29.19435228374259,0.0,9.999923706054688,24.00618405240821,True,1xP4FBMh9FgBkdXs,train
39.42395494838507,100.0,63.13439604615082,22.147282081255284,0.0,5.0,24.005604560269944,True,EqcXS5pEGrSRiT49,train
25.31275636084888,100.0,29.449622702008526,49.61355482601392,66.71193507951061,0.0,24.00394021469181,True,kXXIcMZFakaMW1DL,train
27.882734419847832,100.0,68.85436324284446,31.01595656425775,0.0,9.999923706054688,24.00202558954291,True,m5l4DakhAqWJT7EV,train
38.530400377129915,100.0,63.641162396333854,24.107539180925954,0.0,0.0,24.00028228991775,True,Nqv4bpCZ0wrJ38cX,train
37.18373143831266,100.0,65.06226155769957,22.21248237818206,0.0,10.0,23.99776856886951,True,ds2yzgNWAo3MYQNa,train
34.09665900812342,100.0,82.6335088523974,12.879177623507502,0.0,10.0,23.995026604591963,True,kjsHRnZN8TxHMqED,train
31.43985474134616,100.0,73.39689466779502,23.120775419681948,0.0,9.999923706054688,23.99364915474492,True,2MRYCciepXPxxy8K,train
37.78935389838053,100.0,66.67686078121267,22.721131064909443,0.0,0.0,23.99309380475892,True,NQkBsbunTjO0CmP9,train
22.339259332435535,100.0,16.764832597589606,55.09718813860809,92.46211185021627,5.0,23.99208294297976,True,PPMTvjiJTEPRufia,train
32.43461883970318,100.0,11.00224586122796,44.69191172569703,95.89391025474622,9.999923706054688,23.99206563228944,True,N4IuDZuixyOnFq86,train
43.32512144118811,100.0,61.4900624200106,19.67659794215983,0.0,0.0,23.990109311730585,True,vAV1au3Dfi1gMHJX,train
30.6129026080184,100.0,80.42213502651347,18.866387129321183,0.0,10.0,23.989823331845855,True,D3I7rJCi8SIlLMDO,train
30.196631116303045,100.0,78.73734868253428,23.148418734906173,0.0,0.0,23.98944382843714,True,ZMTVZcaqGNytzQxi,train
38.99259278969329,100.0,71.80118673998415,17.35457201135175,0.0,0.0,23.989240610691294,True,XxPL1BKkQWc5zzQ9,train
29.16327175667914,100.0,74.0348685977513,25.456522973941816,0.0,9.999923706054688,23.98734900892358,True,i5MI0a58XRPBHAx3,train
33.80023318717794,100.0,7.993768741831741,44.86157968741532,97.29457588023394,9.999923706054688,23.986164524866744,True,MO5lseB8OgfMw3rc,train
41.07505350362837,100.0,68.53929264281518,15.918422478172431,0.0,5.0,23.983341767963857,True,9Qm9OusTY8YfwMZF,train
17.822291703773693,100.0,23.90166735734505,58.324135184362916,85.55222288319511,0.0,23.98326121057752,True,d4qfiedDcQ2rR9ne,train
32.92232919985649,100.0,77.14576059691481,18.402935303009542,0.0,9.999923706054688,23.983029635405988,True,lodqBAbdfiJpHjDf,train
37.35069057724752,100.0,76.5497335937687,15.812950525295236,0.0,0.0,23.982722788436234,True,LFoLBQrgX0TFJM1K,train
29.45963597649404,100.0,57.11435760688094,37.741388378145956,0.0,9.999923706054688,23.980336496087578,True,euxcjMUOZ4gyGUfv,train
35.83124137809053,100.0,61.96205019899084,26.1395880895669,0.0,10.0,23.98003549228464,True,yeYA9q4TIhTXMPIT,train
21.181543175099485,100.0,10.549337628536092,58.75000346442108,97.00355536042917,10.0,23.977964898960963,True,crVxevBLM61nnZXj,train
32.714421706927,100.0,78.40822778099216,17.63755397991963,0.0,10.0,23.9673503898645,True,eJyM8jG6LE5lZGrv,train
21.86164464795211,100.0,84.90288474076547,27.578821191371432,0.0,4.999961853027344,23.9666062040285,True,BCKdGWE6U6bPhHEk,train
30.86313884058668,100.0,75.04294303479331,24.95920386038985,0.0,0.0,23.964066937443636,True,uPeCDRHwi41XJOLl,train
32.09882378188074,100.0,73.12001282346046,22.35176795935992,0.0,10.0,23.963061460861237,True,NedVWfKopxWmINli,train
34.0300764762514,100.0,80.61641385665413,16.81350629049672,0.0,0.0,23.962682455660314,True,GpdWKDxZtlUXt36F,train
27.588837456952398,100.0,21.633578116046056,47.39789084373102,86.81530253244442,0.0,23.962589377013437,True,Zm0oK05VdxM8yBRB,train
29.200047337502156,100.0,72.3608126940373,29.04004758435019,0.0,0.0,23.962143255351172,True,xwYwMSZX7nx3vGGe,train
21.909984736467962,100.0,88.85276301196328,23.25599931269099,0.0,9.999923706054688,23.956606683752415,True,lnlfVMq3RgBIbazh,train
23.097608982873354,100.0,20.790668392698436,50.80498039809408,87.9742999002538,9.999923706054688,23.952709764557344,True,5M5oR52kZsAEePTP,train
34.589052420578525,100.0,71.45607198873068,17.922257349133872,0.0,20.000076293945312,23.950129187978273,True,n9xN4OBKHub47ruW,train
33.284503625286995,100.0,80.28463145592285,17.90027453427686,0.0,0.0,23.94387553156555,True,8kSuiV2Q5xjZ7d8D,train
32.692666585100156,100.0,17.54050556222641,42.95166432839995,90.97290975026371,0.0,23.943220833802172,True,guOhV0tt0GEBkg77,train
29.41434741790194,100.0,67.19900388448333,32.54469561635314,0.0,0.0,23.942376560418612,True,cklXe5xX08t40pNc,train
21.875613403324493,100.0,17.39179831665283,56.29354410022325,92.07518389467062,0.0,23.940141113107227,True,VjpvcFZ0OM1TONpE,train
39.084521265789974,100.0,69.40737810497598,18.785795840531662,0.0,0.0,23.939396200300223,True,VatdLIm2yBuXxZR7,train
16.62023774764148,100.0,77.63423069614478,38.17186858483828,0.0,9.999923706054688,23.934563943602477,True,o4sQFFYOzMwIEsgo,train
24.671004505023852,100.0,15.177673648923738,51.49029622119385,93.78414526266667,9.999923706054688,23.931664866269365,True,TYxkNBqpOuiigEmi,train
38.21053648345712,100.0,70.56023708347405,18.969940169060024,0.0,0.0,23.93065771719739,True,3ATzohB15YBNy1JE,train
31.421577314506777,100.0,18.583277682719945,41.28361245741763,90.60726736454193,9.999923706054688,23.929968026048044,True,EGV4gzx5BaHH9d4R,train
32.72460455212892,100.0,71.80899117371905,22.37887988350697,0.0,10.0,23.92827579079148,True,5IgPYtsrksWJ32rj,train
21.53147641549012,100.0,81.033769460636,29.451332699788736,0.0,10.0,23.928201062925677,True,ntB4yKk71xqJfiWf,train
30.536236021139413,100.0,75.81261992267892,23.360423778994814,0.0,4.999961853027344,23.92803484213702,True,kcSwAD4Du7Y28zD3,train
23.897815474303655,100.0,78.47305548496229,28.401366502517035,0.0,10.0,23.925685491823664,True,5dloZHc9ze4D3sX2,train
37.57298690713162,100.0,68.40505146919304,21.344240617153417,0.0,0.0,23.922852570592543,True,WKFGgvxqjy28OcWQ,train
33.55267102607306,100.0,14.726055502454052,40.85345515535367,93.03141006806553,9.999923706054688,23.919333801663118,True,O1PfDkb8p9uELyw9,train
19.02310488978715,100.0,34.222760181248574,53.57403351189588,56.291690320386564,9.999923706054688,23.918577653335312,True,MazVb1Mh2FXwcDvh,train
23.388099157869117,100.0,73.65291618482331,32.6115822693876,0.0,9.999923706054688,23.91727485637103,True,pLFKlwwY4hgyspz9,train
19.82296685469865,100.0,82.04552814254416,30.770184786551795,0.0,9.999923706054688,23.91660407766938,True,xjTeM1SRykYznnuw,train
26.208528073361844,100.0,76.66769064404559,26.820394492981876,0.0,10.0,23.916364513543673,True,gi3c1BbSkeiG3H6y,train
27.31805670385397,100.0,84.52009275007948,22.039570423263044,0.0,0.0,23.915442173128024,True,FhDr4mbP9BZJ9JhY,train
15.307716373748569,100.0,32.73276068495838,59.63822977229863,54.98677982017098,10.0,23.913828141649176,True,Ev7vcuBkqs10IfIV,train
30.510157891722113,100.0,73.43544217986056,23.838043595392506,0.0,10.0,23.910464518988114,True,lxjfPzajvln6LrWf,train
38.23213202899839,100.0,63.2918560410623,19.28256564473702,0.0,20.000076293945312,23.908328357053612,True,9edWAijE0kWZ8pzY,train
32.91391183069583,100.0,80.55201724440607,17.978603664542675,0.0,0.0,23.907001277243406,True,k1Iz3TosZk6xvAnJ,train
29.16788052851308,100.0,79.01420159956736,23.80596260854945,0.0,0.0,23.905292893773264,True,3ZxOeKcOr5wUYyk0,train
30.52566630926707,100.0,16.289330711265045,43.552813991510526,92.30620130441547,10.0,23.900689047529404,True,vVClo8Ov9OdfNrDn,train
29.66800012417622,100.0,72.5985664972808,27.960092323070867,0.0,0.0,23.89880347025035,True,XnmyTHMXyda6GmrD,train
12.975530486865036,100.0,22.7292450619959,64.61804977338758,86.43452837795313,0.0,23.898605754590818,True,q5OgYhVQd5W3xwVA,train
35.7837995060749,100.0,75.7702355567162,17.927887665859473,0.0,0.0,23.89706274319805,True,3YWtT2uTcrAfF4px,train
26.173358349521273,100.0,23.50576059290066,45.69833925138098,83.75259951732423,9.999923706054688,23.89649768776056,True,6Py4cvLdqDownu1j,train
21.677080375750577,100.0,76.67937995527872,29.86965129861167,0.0,19.999923706054688,23.89510353225452,True,7BshOS7Qx9FJcMWD,train
26.64910547154097,100.0,19.003710971309985,49.552669763193315,89.38386055356008,0.0,23.89255999389841,True,xS55xsBVei0QZdoW,train
18.701774688535213,100.0,18.077643059652786,59.75873051567379,91.06747922444312,0.0,23.892210195438636,True,q7i5BfOXzAQArEeb,train
23.11593641396221,100.0,81.84135913901176,29.176115345752734,0.0,0.0,23.890411043492865,True,aMaN6h88wmG0O3Ab,train
30.345869928233164,100.0,76.03731239450435,24.48138697082767,0.0,0.0,23.888341735399475,True,jivfEKVdJzqfzGBX,train
29.718523052269,100.0,72.59572272163874,25.324416457564823,0.0,9.999923706054688,23.88386864812876,True,UC6BfBqworx6qEkk,train
19.954696047969982,100.0,23.82722321688645,55.81612757509817,78.11111803665449,5.0,23.88153891137782,True,KU77yZ2bLhbiDB6Y,train
29.40909692850384,100.0,75.72122069979063,24.58891418475389,0.0,5.0,23.87824017404533,True,ni3ntB0TQEkMK8tL,train
22.656199305398964,100.0,22.423062492336502,52.836165091724986,85.66670631259458,0.0,23.878077534174942,True,pw8jI2CHNFgxU5mw,train
36.13180256947248,100.0,67.29976003995183,23.74623886419421,0.0,0.0,23.877162421199735,True,Dxd4MRxqBvRsX0bI,train
40.26005947303432,100.0,68.07368842726743,18.003011833148847,0.0,0.0,23.87667049897846,True,VO21eVMkK6yYPNjh,train
34.17237603702129,100.0,73.31920201189448,19.172686930899857,0.0,10.0,23.875511697219462,True,pcV8GSjK9kOqOJiG,train
36.423146095329855,100.0,15.767863586359061,36.41381856604198,92.41343673628822,10.0,23.874401611809127,True,tHwnSdDqHD8JeZmq,train
35.541467628195655,100.0,78.16134942365989,16.313090872424482,0.0,0.0,23.87218749508279,True,1He1NsieDM2qkPXS,train
34.872054757387396,100.0,53.5883672574825,33.0641414035569,0.0,10.0,23.869097058680605,True,Oz9tea1ybokBWZCw,train
31.30984536315787,100.0,69.5702694977231,28.018647322938392,0.0,0.0,23.86673123003561,True,VtAbbsulTf3i7HMM,train
40.381669652507334,100.0,49.64281199777193,30.995860148911788,2.509764797465124,0.0,23.866499482448237,True,xMO15SbHjAITbaMd,train
19.203736107522438,100.0,22.55109222642361,52.00304705215786,85.62922354028922,19.999923706054688,23.865664633592917,True,c6UBKLZPmMMqvec8,train
28.22374868707982,100.0,78.48114300997426,23.931110871054074,0.0,5.0,23.86433079747691,True,CJPd5wE3TjeRwe9U,train
10.80078584653392,100.0,23.566148807090716,66.63788697956522,86.02856352301666,0.0,23.864124354760964,True,BUwcz5Ky6OhRUXv6,train
34.67633280043013,100.0,14.236813562961064,39.5339550433633,93.03873810421788,10.0,23.86333314843525,True,EHBoK6f9thISpuLc,train
29.425589915791235,100.0,63.78624398711257,32.19256712697934,0.0,9.999923706054688,23.862843687713294,True,iGkrEhHmbfIhCSLX,train
20.645112159565898,100.0,19.08953336809248,56.749063439474604,89.76288498758906,0.0,23.86266498237972,True,BZDBBS8zWdSNfLhM,train
16.753638579823303,100.0,21.426840455321624,58.957870832533565,88.3274365427546,4.999961853027344,23.860379799549882,True,1s8Yupy1sNKzgTdF,train
33.74844342360262,100.0,76.7567336135956,19.548515229212,0.0,0.0,23.860323943782397,True,eFnyuqi5zlsgDIql,train
31.73159420965278,100.0,32.23387096642877,37.11098146834782,58.324653205066014,14.999923706054688,23.85640433660311,True,KFflEKofOcIj4ykP,train
29.41634274387807,100.0,16.52054018087892,46.962119107234535,92.63599571653205,0.0,23.856390320374864,True,5TTXn3gECMavptc6,train
32.73862423934851,100.0,82.93392155135614,16.15771593373161,0.0,0.0,23.85628747928687,True,zLT5UZrUX856Ov8m,train
35.091177061226404,100.0,40.40456287574155,37.89184916041363,18.882669026775687,10.0,23.855981980089343,True,mpu5A2P6nyMTW15m,train
38.845733316843315,100.0,63.28086732384946,23.256672303051857,0.0,0.0,23.854897888398618,True,oPlxlHy9hYnkpUMq,train
21.719305170920805,100.0,81.25955009640062,31.17579571425678,0.0,0.0,23.853917950041648,True,Lu1RYgcamUXbD1Wz,train
32.918208770348855,100.0,67.14748703535349,26.499558450573616,0.0,5.0,23.85158693800496,True,VV5UwnA5P2GjkloN,train
29.292500811312244,100.0,86.3870519605131,17.85131084736794,0.0,0.0,23.851445166378618,True,XIMZRt7YnoPiFA2m,train
35.19526627652882,100.0,77.63542042093479,17.03095411698206,0.0,0.0,23.850320455668832,True,BlnVS9GQLMsLK6hN,train
31.801221081560325,100.0,77.5780214938203,18.81043501623202,0.0,10.0,23.84909549770953,True,fUpjRJ2XxaEkwgEJ,train
29.549650786165817,100.0,78.00854604505659,23.788278794170637,0.0,0.0,23.846350362134068,True,ib10LmS2x9wUy1Ye,train
30.188816174632343,100.0,70.05366788710542,27.703972383380403,0.0,4.999961853027344,23.846046796051343,True,DNm9Sli1fLeWqpNT,train
38.24622785116158,100.0,63.65825453471653,23.674907540276266,0.0,0.0,23.845276651053126,True,aHIcnv3tANsyBa5t,train
26.360327986824075,100.0,73.76076730781756,30.95336826021918,0.0,0.0,23.84487074492249,True,ClcLRzhcZlWmDlBt,train
12.051801310601487,100.0,94.372209971289,30.865414779876218,0.0,10.0,23.841864779318964,True,H857L596Lv4Ck1MI,train
39.36609382807918,100.0,68.16263959312691,17.62773485998845,0.0,5.0,23.841466367986524,True,FrkKWbzQPMwjlko2,train
30.188064098188597,100.0,87.21066879432314,16.061593926783075,0.0,0.0,23.840935129052234,True,zo5XLU2siDGGfzxG,train
27.803366631714606,100.0,18.473475429299988,48.06202436693101,90.07724306569861,0.0,23.838129998994784,True,Msau6OaqEiWAbNE3,train
22.011419110491836,100.0,89.75359587204309,24.34020175242341,0.0,0.0,23.833934508914105,True,R37EK4pEtfz52TcG,train
22.784543292730422,100.0,17.304076280935753,52.199214016810316,92.01224370382424,10.0,23.832202253876243,True,qErfwW1f1BVojNuB,train
32.44295042846002,100.0,77.22476610047033,19.421272661883336,0.0,5.0,23.828707054562223,True,uBxQjLV72cV5ZyOd,train
34.181420730913295,100.0,82.7092361666376,14.384595553957979,0.0,0.0,23.82865971851556,True,UQdAdYYp7KH2edCK,train
27.163720410865785,100.0,85.86256142094575,18.291046498115847,0.0,10.0,23.82852361548148,True,IhAEG37ayOy9PrQo,train
23.357101321375403,100.0,25.673692086199473,53.17168323421143,70.07560094054885,0.0,23.8284458371435,True,ZhAsYXrTBA0GrZEg,train
28.36858563954751,100.0,54.51258116653903,41.524998532499396,0.0,5.0,23.824033291367613,True,CtyaslLp7D9gEUJ6,train
30.40483821873925,100.0,65.967902443437,31.63740401486355,0.0,0.0,23.82387572417307,True,3yxEhv5zWT2to5H3,train
30.087065198692816,100.0,57.82308708225049,38.14155023955579,0.0,0.0,23.823539409921935,True,7AmR54qrrnuZMyOP,train
28.496326109451008,100.0,58.84796410927725,39.358086796136874,0.0,0.0,23.822893502981714,True,9e3BFMnceq6Ifgza,train
24.36080539355267,100.0,86.57437733110268,23.729004038986332,0.0,0.0,23.822158755850836,True,7varDbZka3xNRyXG,train
27.03737204329132,100.0,71.40464504360295,26.759364640039905,0.0,19.999923706054688,23.82190888067399,True,CWX4uIjzHiUPNxdI,train
25.57592695409236,100.0,84.59189098873443,23.69348393923056,0.0,0.0,23.821462174679368,True,xbxZLBlxD2eKD5yb,train
14.992111271759102,100.0,20.879615905688034,59.96347890887449,88.87473816518363,10.0,23.81640289382706,True,zfmS5d1CVZpZNG9C,train
35.90387765652095,100.0,61.01717748504109,25.896426517777783,0.0,10.0,23.807831340441954,True,ebtj2FXVLEqNmwr1,train
32.869116528640554,100.0,72.63309016300965,20.958316791326027,0.0,9.999923706054688,23.803902200179525,True,tcozMdant8nXiWqs,train
29.47065237027904,100.0,70.92172994896306,28.957975422561546,0.0,0.0,23.797517669426526,True,cy7sbdrCs8HzDMt4,train
28.944434470834263,100.0,60.23744179044738,37.616002097339695,0.0,0.0,23.79492530574361,True,Bwm4qZqlcdsjfRGB,train
33.007165747157885,100.0,11.166377090177413,44.085741424528976,95.9993418480818,5.0,23.793863377625968,True,RNbd8CGjttzBzyMt,train
35.92902890967955,100.0,58.70517490465086,27.52799240738119,0.0,10.0,23.793631944593752,True,T5uJz9A7n8LXKQiI,train
24.92188384125726,100.0,100.0,12.815529410354216,0.0,0.0,23.793576842385157,True,O2qGFq562dfOB1rc,train
21.527447060117083,100.0,94.34874650943155,21.282898464025777,0.0,0.0,23.790753434249154,True,ESSDMSv2LK9vNtAv,train
22.710941859622928,100.0,30.881586229489656,49.259582182698814,62.55303317344374,9.999923706054688,23.789537679843868,True,n4bMPSssn88eRkfY,train
29.33726204720959,100.0,72.24757747311526,25.577939789815872,0.0,10.0,23.787040090732862,True,yovfBGvjPjrDzVEx,train
33.60376075822149,100.0,74.23601458906957,18.752035632555845,0.0,9.999923706054688,23.786745689729713,True,QQbkSrpZ1WxaSMtC,train
39.59048791259608,100.0,66.43622531722326,17.10970018669593,0.0,10.0,23.784995813071696,True,HjhxtxtsFbYjjYLA,train
36.924120533694655,100.0,48.46250921727893,35.41058190238081,3.924703063548691,0.0,23.778758049669097,True,fWKWQl9cjSv1NV1L,train
23.332838315505647,100.0,44.19349639934178,49.19350993617216,29.48317489299471,0.0,23.77509477066185,True,RUT8sy3VsPkdgGgW,train
28.180083272301808,100.0,78.29271138944236,24.92966741382132,0.0,0.0,23.774861009256067,True,rFCo4ks86qMWg7oQ,train
40.36858048075266,100.0,67.60763530959849,16.44499424957705,0.0,4.999961853027344,23.772287359194713,True,fb2nkyXzsPW9Pjht,train
15.8886846277096,100.0,84.34097523843305,33.232436066717696,0.0,10.0,23.769804656035898,True,l0NUsQW9lcByevQq,train
36.05352809682297,100.0,59.77362944682706,28.94710763320353,0.0,0.0,23.768847967870506,True,0DFBEVC6x3enGEDQ,train
29.601333810870536,100.0,20.09765527599369,42.268028061166156,87.89372258139345,10.0,23.763273485419592,True,3duQasRWuMWyO2gN,train
27.585214757388567,100.0,29.69479294910164,46.064166333955775,63.99243488665621,0.0,23.762977642836354,True,V4lGCqOjZxAuz956,train
37.14956343214841,100.0,53.907065514938594,29.438488851740843,0.0,9.999923706054688,23.761144640928794,True,SEYEZ7fwp3MbYkkB,train
22.562108369348582,100.0,85.9320082641602,24.902005022160864,0.0,5.0,23.76072933639335,True,9pnLwddsFM41PREs,train
22.840274806897877,100.0,68.06554617529969,39.195709960263045,0.0,0.0,23.759042620072034,True,4iYTgLRt720bit5D,train
34.68898078509573,100.0,16.492610487465612,40.50850189711657,90.19688478029923,0.0,23.75768138783205,True,tXRZz0pfWEXEeHzl,train
29.735212142629216,100.0,55.16326363831709,40.24261498856897,0.0,0.0,23.756815579118662,True,b7NCryXe9NeUOQDF,train
17.38296370064303,100.0,22.86589043382991,59.96938369053912,79.74000909789979,0.0,23.756501683238056,True,VukuiT4GWGIQZzty,train
29.320619356439476,100.0,72.77512465671649,26.285853210184,0.0,4.999961853027344,23.75359227230551,True,XKlA6epXFRg4vbsR,train
33.50800857265175,100.0,81.1815766632917,15.994945382083941,0.0,0.0,23.75322771907348,True,JlP2c9UFYbd35fuM,train
22.99318906548339,100.0,77.46349918614538,29.42581970264584,0.0,10.0,23.75298608482182,True,yb8YGk8SIMzFUVOf,train
32.79743440171304,100.0,71.47805843580004,24.155366380505725,0.0,0.0,23.75214064189941,True,b7HjDFQcuzrzh7RV,train
11.231697232365363,100.0,26.579615157040806,65.83788455841298,70.7749788024847,5.0,23.751192433454293,True,kPUj3nUprvchvrhE,train
34.189916672647136,100.0,80.02710236774877,15.992669235914732,0.0,0.0,23.750078370507044,True,Ojj6uX95vgCZre1M,train
33.40301183365841,100.0,76.94899672945117,18.016199233112786,0.0,4.999961853027344,23.746340407106203,True,U0Atr2bqDPJmXRWk,train
32.333655980208995,100.0,80.19005483117797,15.66216265257765,0.0,9.999923706054688,23.74435093554721,True,Wnh8FVMwVuAmnfZG,train
21.24342666337475,100.0,19.136834942125642,52.83447429494296,89.87159573544821,10.0,23.741856552923537,True,aI94QnYrXA1qRrZi,train
15.461668793738404,100.0,21.27925999903063,61.40964665286383,87.97026617538394,0.0,23.73774883763116,True,2nuLYXydaa4eJQRj,train
28.980295323863253,100.0,50.37816892150694,42.17116449758,0.0,9.999923706054688,23.73602825401059,True,NtrVjAYSfIr20vun,train
33.56556283254902,100.0,75.4633261455215,17.595240745817648,0.0,10.0,23.72993777912901,True,95JcLlqkGF7v4Dif,train
39.4507962476142,100.0,68.38264359385039,15.543160387343931,0.0,9.999923706054688,23.72872386375263,True,2fgffYVajIBF5f7Y,train
35.00135911966359,100.0,47.866172669643824,35.239305905366464,0.0,15.000038146972656,23.728128768784398,True,6x6uZheB1nZMPCfs,train
36.635203282116514,100.0,16.839659753034606,37.36940987954176,91.38924218313598,0.0,23.728093868549472,True,JkquVmebUGfiqzt5,train
30.81806178979011,100.0,76.49011765123132,20.23976222335223,0.0,9.999923706054688,23.725981725105406,True,pjsm46TWyF7Ljtgv,train
40.04178437071674,100.0,56.326768305200225,25.080850941420806,0.0,5.0,23.72563152674338,True,30PyrOPCxahhfhFP,train
34.03994019634313,100.0,16.401529847599587,40.80138758722463,91.90125656804948,0.0,23.725554872073126,True,AzdQ1Y6mb7KIdw8f,train
30.497969913548513,100.0,18.33556854587977,44.41945061298905,89.32469228144673,0.0,23.724952496939242,True,89P7zcSPms2WZGNF,train
34.95394657308257,100.0,17.41641652125324,36.84729663206676,90.02149645909982,9.999923706054688,23.721479456129707,True,BGlpNQVxVxqmSrqI,train
40.08987903279141,100.0,64.35427533969961,17.728636478197373,0.0,9.999923706054688,23.721334540095,True,EOJR7CbyO0EOBnvp,train
32.69045086829282,100.0,80.26903419423695,15.034464021528038,0.0,9.999923706054688,23.71985683581709,True,EQHCwqh7JfwBnjzG,train
10.353062482337668,100.0,20.90019955853797,65.36516256334713,88.40604796816127,9.999923706054688,23.716626650745336,True,QmMjkMOxcfTRQ87t,train
30.50803859167057,100.0,19.197307808493072,43.59866472778691,89.79482249274426,0.0,23.716079889386197,True,APmOaxyMvP9PWA6l,train
30.587001513784298,100.0,62.75672864783701,30.758374928691993,0.0,9.999923706054688,23.71193084666276,True,Zk12mycgaFhjzgwP,train
32.96882803131746,100.0,85.12493206717447,13.497385204206864,0.0,0.0,23.710423858746907,True,yUYGN8kyJycXk6vK,train
38.374185385979054,100.0,57.3138204916906,25.098107707296393,0.0,10.0,23.710240961707633,True,sr3yFfVECVy7kLZz,train
24.791745523075832,100.0,20.660460799292604,50.01683241665473,88.15448926966738,0.0,23.708096447477164,True,9RY5eiLjfpuggQ4O,train
29.655919739118744,100.0,66.1374342138225,29.367401069753726,0.0,9.999923706054688,23.708071466106542,True,EJdMU1iWEarxip2G,train
31.737401699005204,100.0,72.68267028261482,21.855113559456868,0.0,10.0,23.707773679034897,True,J3ZY5fFgDuk7sker,train
35.692949572597946,100.0,57.13373639094016,31.06193929071911,0.0,0.0,23.70568570993433,True,UL8ikhp4e6Ec55fN,train
23.979742278897405,100.0,16.582703161374585,50.693947097100825,91.66602073886463,9.999923706054688,23.70442768559667,True,CuCtPVsBSutTqIjh,train
28.543906892042976,100.0,54.71226787910693,41.80628033320231,0.0,0.0,23.70407297151725,True,1J2dBwmmO6mYevmQ,train
24.245737332726648,100.0,78.43607639357987,26.881652026134432,0.0,10.0,23.70317619744553,True,4Y7jxETx0tbP95Mc,train
26.81159359344998,100.0,18.933049345682626,48.33053357781385,89.87681020559887,0.0,23.702803026057605,True,LPgcPgsRXD3oKPQR,train
29.67471951410703,100.0,73.10918104202673,26.585401217967515,0.0,0.0,23.702137278424267,True,UP0tYruDR5PQq3Zt,train
29.941977467080715,100.0,12.722963724212471,47.804948167767265,94.94067270976466,0.0,23.701962194443734,True,UmfAca6qWdl6EkJ7,train
32.62975991684901,100.0,75.47986147608347,18.606081437851145,0.0,10.0,23.700635488195005,True,t99rGQ75qVQBFVon,train
26.49115408227004,100.0,61.417691014599754,36.802375587997254,0.0,10.0,23.695917290356924,True,PI50DgflUg697zXB,train
26.47194355649634,100.0,91.41938562246494,15.574203886801655,0.0,4.999961853027344,23.695732602505526,True,AlJDTKW6iml1ysJF,train
31.530695090392726,100.0,75.4076876518779,21.24843972086974,0.0,4.999961853027344,23.69351295720518,True,YmlajOc1YpkzuaKE,train
13.952046578318834,100.0,18.953249280800605,64.0960329755066,90.75061697952702,0.0,23.687736480777474,True,ywlRQxdJRhxKvMbt,train
13.723844283994099,100.0,100.0,23.77051810844462,0.0,9.999923706054688,23.685060877990182,True,LE9SfjUUH2WXrDHf,train
24.15407133986171,100.0,34.480263743942224,46.027273740027496,55.37016444033508,9.999923706054688,23.68451655188175,True,aQHPYQFW9ktqEGp1,train
37.00176785063323,100.0,52.72434793221606,31.37671596714962,0.0,5.0,23.684437345920642,True,d0KvUoiQUzFaZJq3,train
32.13527016499104,100.0,72.5156205156732,22.613276033701595,0.0,4.999961853027344,23.683813917990427,True,kt1Dff8Loy2aScA9,train
13.704117543478525,100.0,22.64538217928458,62.59483968355075,86.81643540933918,0.0,23.682626419939428,True,sTyVL2nCeZrDPJFw,train
36.89344400117517,100.0,67.5701725012627,19.117727030802342,0.0,9.999923706054688,23.6824284669464,True,keqOQku3kZyf7gLF,train
16.137758381368503,100.0,95.85634329796315,25.086583734382444,0.0,5.0,23.680207836913088,True,cvRG47ZPbT7j6O8H,train
28.465943618197805,100.0,67.64476324173205,32.063231536756774,0.0,0.0,23.675846698160615,True,EQibNiweKich2JjJ,train
19.944275839556564,100.0,26.472338812157346,55.74296015265281,71.40420079128485,0.0,23.675721851807552,True,rFe6WX3tlqRPokfg,train
25.45334891071517,100.0,13.185759403006662,53.02659234646553,94.54628890751509,0.0,23.673834052798654,True,8AwC3HmCSePRxg9Y,train
27.591193593088377,100.0,18.42477855404407,44.89569111279528,90.60930403932639,9.999923706054688,23.671114791206815,True,fBZpq2PTo2Rco8gd,train
28.35690289086073,100.0,85.52171299793366,18.731023164276735,0.0,0.0,23.66368730526058,True,KqdOELkKdQsZVNbs,train
31.364013528616823,100.0,14.740324743902974,42.29687767957323,93.03874476430458,9.999923706054688,23.663361053172263,True,dsgpzFDE9yFMxZLQ,train
29.59590943179004,100.0,29.817127634829948,41.502326455936846,59.800956824583054,9.999923706054688,23.662055820891258,True,7U6gZs4HH3ZhwQW1,train
21.518341377655986,100.0,86.5881716134636,26.46817613725996,0.0,0.0,23.661446313885527,True,CT24XlGj00CbNc7I,train
24.50142986539422,100.0,15.30055608909814,50.328557342551264,93.44622452963368,10.0,23.658463574705213,True,titBJr7Epjx4Y6ud,train
22.02757680526085,100.0,18.38827316258891,51.937796638438016,90.10620761259185,9.999923706054688,23.65800106932348,True,8uwnh2ScFmF5elja,train
28.26063332447994,100.0,25.547426505382692,44.21900991804717,68.31622280862008,9.999923706054688,23.65688161627056,True,S2YPlHHC25tUevTL,train
26.710270546569227,100.0,19.684096857049823,46.67193449932194,88.84264090891057,5.0,23.656701110509697,True,AEIelHGQpCNOoMPI,train
39.25021389881746,100.0,73.97763650376434,13.731909057005282,0.0,0.0,23.655580761670073,True,cTdWXv6pEIWZSM2n,train
23.45055828739207,100.0,80.12954406303868,26.362197123998243,0.0,9.999923706054688,23.654506791406206,True,xCVjCMXcQ7GXmXnU,train
29.847871476371182,100.0,65.9298935224219,29.005241621363226,0.0,9.999923706054688,23.65249640703146,True,2D6vMD3J62nousGG,train
29.202739821379232,100.0,78.67420872252922,22.752674354815866,0.0,0.0,23.65235113468736,True,gOw35akAEvvP5gl6,train
33.19082575050568,100.0,76.15097924260249,17.155087515456415,0.0,10.0,23.651370827108074,True,FUQEsJR1UFDadEJJ,train
20.235392975805706,100.0,90.34208404444641,25.190923979281933,0.0,0.0,23.648345646474777,True,LhYSi5doVSI82hJE,train
21.056320906676945,100.0,78.4815440228763,30.547332107774324,0.0,9.999923706054688,23.645774436958277,True,soHgfUM9M3xp32QF,train
28.95853148306628,100.0,73.97532723092252,26.54342651681435,0.0,0.0,23.644617258767816,True,nE3Re77EFxHJwyjT,train
22.733028333335394,100.0,25.606928042986564,52.21729353712669,73.53003855934193,0.0,23.64425692517427,True,rqyI7OubgQmOIfpG,train
30.633347699243117,100.0,16.44896707580909,42.05955178913366,92.10226408840828,10.0,23.64270554842929,True,vCJ6TAC76h8jyuZE,train
30.631759538267247,100.0,68.96519392314596,28.15018233807595,0.0,0.0,23.632755440653895,True,ZVLKT58OQI2Mowts,train
23.85452405372156,100.0,33.954992010706306,49.28906559693402,54.34597586077031,0.0,23.631991727461656,True,H9erbIk6Il8sW1zt,train
35.86261928454587,100.0,72.27148892888879,17.869595996276715,0.0,4.999961853027344,23.630295452376494,True,JWIyD7u3mSpKyo2X,train
11.383483058456966,100.0,23.091046991538395,64.98506562448034,86.43429952813455,0.0,23.6282559146478,True,EfSiVMeHrlSOPxeU,train
36.14422331825915,100.0,70.97821340166334,17.21106103451376,0.0,9.999923706054688,23.624996232019775,True,y3xaKqzl3aEI4PuB,train
25.269097199159646,100.0,22.714061468246197,50.03255980074566,77.86756308073345,0.0,23.624273634212646,True,y0fN5ASPOufNzzkE,train
39.66136757826379,100.0,50.82509577437547,29.16674566536544,0.0,5.0,23.622455393795356,True,0VMuvk9KBpJzmNPz,train
30.120226785798536,100.0,70.66586417172917,26.201225100728394,0.0,5.0,23.620181342354687,True,hMZZ6CGxXETv2Ixh,train
29.45007257736807,100.0,42.16927552707803,42.28841045209085,24.48009928400714,5.0,23.61959652802225,True,AiMUEU7nKQ0IPX4H,train
33.09258019948095,100.0,80.30027569454954,14.001815651220753,0.0,10.0,23.618549534296818,True,yaIYUvtI18f8236J,train
25.644839925658076,100.0,21.362549465636082,45.99744236869879,85.99377423175191,10.0,23.614769586587286,True,68CNOhib0Ck65VUc,train
33.0567580448698,100.0,77.99688050908185,18.245591808349857,0.0,0.0,23.612839949249697,True,Sz7jfKGZzxxdtLsX,train
28.113260848575187,100.0,29.887352346186553,42.566913666396516,61.70795576539154,10.0,23.61019858562066,True,sAyihMNSFGQu1BvO,train
32.70890869674554,100.0,27.59388453069357,39.989288264816715,65.910708097939,0.0,23.60970291165071,True,vTZOfFoop6wHhoAG,train
19.886395788014276,100.0,91.52238467622863,24.54618244167824,0.0,0.0,23.60919313677351,True,P8HwYMKT1VzWqH7A,train
28.18391825753636,100.0,25.22420223508892,45.371231373234735,74.07758941378098,0.0,23.607735644983425,True,LGSCjdl1LGfenaWa,train
21.038032470116917,100.0,35.934697786190966,51.51593910448564,53.06548683686708,0.0,23.606174948198355,True,2KulvEqEEErpCOkf,train
30.41166446760782,100.0,75.1447806634462,21.157343010379975,0.0,10.0,23.60610181849488,True,KmShSWeml2uWokzO,train
17.92339485035551,100.0,25.17612018896031,54.7863980705082,77.80184855014795,10.0,23.60463878254196,True,yPkbfC06jLZ9uUhR,train
31.79848406489731,100.0,68.3094113222823,24.534046053680513,0.0,10.0,23.602841925302773,True,mYSNrdDP8aeyQrQ2,train
34.316323533663805,100.0,74.87925252401882,17.690956799117288,0.0,4.999961853027344,23.5991582144936,True,z8BhongwulazPuay,train
24.66423564323202,100.0,36.1855072383763,47.93307014514968,48.294829153283295,0.0,23.59524048325855,True,ufWSnNbalLSwceYV,train
15.700320177431836,100.0,23.553076200481122,60.88021583718586,79.20290741815982,0.0,23.594230012775288,True,ZQqFCBamJjZR9GdE,train
19.89023002064156,100.0,20.97378520085162,52.84482641672176,88.12548961634232,10.0,23.593865049449604,True,68oegBchwy2vp44K,train
29.589048936819726,100.0,71.1588983626635,27.611303124095244,0.0,0.0,23.593357613423507,True,MZC9yfhWyyiXUIzB,train
22.1824913596897,100.0,17.496374902762174,54.17394570346818,91.66215573944804,0.0,23.58797600300279,True,srFK68qa6HaQmbYZ,train
25.450596377843752,100.0,16.78539162382732,48.004169624825806,92.08833972624981,9.999923706054688,23.58570493461542,True,Jz4fqVSNJsjxc2DN,train
34.28339069278603,100.0,66.01076760091539,25.561715768054242,0.0,0.0,23.58480596694466,True,Na07mYk5z0FgrLsN,train
24.292758017721184,100.0,27.940056487691756,48.766308617139856,71.34450840605581,0.0,23.58468512131482,True,XRiZ1QYwCM4upYwB,train
39.29901772866545,100.0,68.89269764299567,17.11497036819037,0.0,0.0,23.581653152253786,True,2InsqdtKzZoNV9fT,train
37.19825158099946,100.0,45.49173514054506,33.88364066293714,13.618667872636962,0.0,23.5809846925509,True,CiTAYq2kOZBejUh6,train
30.28341093698019,100.0,56.27987674323039,35.33166763515557,0.0,9.999923706054688,23.579163958063454,True,ttjajkZqSJjqII1z,train
29.53274189788395,100.0,72.09776478429535,26.90250370890034,0.0,0.0,23.578350933895358,True,E4lyNbnRlAPOwugo,train
28.128595770144074,100.0,21.144429382206543,45.03990711988951,87.3020225906005,0.0,23.576895903374925,True,uOcRLyNteinukJHI,train
28.593622625820956,100.0,16.542888416953076,46.62547417525701,92.43682217428945,0.0,23.576774862764076,True,oXTjLStwRDHB866F,train
30.507168692793694,100.0,54.051281888423446,36.70102993197158,0.0,10.0,23.574690442856255,True,v1v7RE6EZcPiEjOD,train
34.23110435615682,100.0,80.55477670671425,13.403718475320858,0.0,4.999961853027344,23.571734382761882,True,AoupA6Uur0eKxhGR,train
33.188711420187076,100.0,69.49723516615074,21.74936490472993,0.0,10.0,23.571636110915367,True,VhbM48YoB1aLPeLr,train
29.488758474107293,100.0,17.82894718615797,44.919169136660365,90.81621200721673,0.0,23.571176124143427,True,gEiPmQy7GxcqUVYQ,train
39.622146990769046,100.0,66.2269083916784,17.404537054301045,0.0,4.999961853027344,23.570478509955596,True,D2Otui6F7SeX7MnB,train
32.56626095823025,100.0,30.10468013476637,37.91071558714381,66.5944271781807,0.0,23.569131736110315,True,2NVzNO5gbW69W48I,train
25.953798161929043,100.0,15.53195082839204,49.254311272098796,92.97280716780202,4.999961853027344,23.56774287020229,True,lhValpJXC0k72H91,train
27.306046224263813,100.0,19.97431922375314,46.52486983859998,88.75927442828701,0.0,23.565597128763276,True,yjk5KweW1gOaGtHB,train
30.16520109890299,100.0,74.37552682334533,21.837746631537243,0.0,10.0,23.565178624534994,True,DCWI3Rk4cvG63OjM,train
11.487288310798188,100.0,23.58492811713333,63.31665029662653,84.83778851965579,5.0,23.564780780577642,True,JUgQhXGbQJZlKPVo,train
24.16523420042649,100.0,82.82788640343196,25.491738336981953,0.0,0.0,23.56383917801781,True,JVJAVgXOKwRDSQB4,train
26.56764237571774,100.0,24.63289281167339,42.84992872059934,83.13845461181556,9.999923706054688,23.56374917569382,True,qoL3WcLueOM1vz4z,train
30.30098512207151,100.0,17.37179420720362,44.00819185986666,91.60636961854908,0.0,23.56297226449921,True,Z3HJAl4nmxDcsrrx,train
26.498176945514565,100.0,21.385384603954336,46.86872507885513,87.11667984411439,0.0,23.56193093494854,True,148GoWNoan9NWwpM,train
29.112561240703897,100.0,61.713254519863234,32.633713895965315,0.0,9.999923706054688,23.561867452651256,True,J7FZ3a98BRG7UiEF,train
33.54968368867521,100.0,73.48778308110487,18.25631087738499,0.0,10.0,23.56185055981153,True,sxdZHLh4CWFBWGcQ,train
27.927469780332657,100.0,18.722552709201086,43.853329508825546,89.82561082482408,9.999923706054688,23.55219297977238,True,bNAsFtiMOmizHpUt,train
31.741886449445392,100.0,79.68759979440225,18.28131994589262,0.0,0.0,23.544875570700206,True,jFMqnDB6oGiF5sL3,train
32.13078248586739,100.0,68.0366981418646,26.529595922778,0.0,0.0,23.544119527302136,True,kBCuWh1VPhYNNFBq,train
23.963956059891196,100.0,22.933034072771395,50.64009767700432,79.65364301662325,0.0,23.54164581212054,True,W7hYYAfRyLnR9AZl,train
11.08264142184432,100.0,98.82401336963018,29.733189562729393,0.0,0.0,23.540900273451484,True,yfR9Q3IiP3whlIzH,train
23.85195147845586,100.0,79.15929657351496,28.518869334331285,0.0,0.0,23.540656222507465,True,RUhF8H0w6kj7hfxU,train
29.601772572394882,100.0,67.78601825154014,29.85223488134163,0.0,0.0,23.53879285709807,True,A9wZxXfRRUbivazB,train
26.548949771546816,100.0,16.81519166948286,49.02503819632943,91.47931895733711,0.0,23.53848978044188,True,UoyBxnNCPHHwHCZt,train
25.338171386689957,100.0,32.84891553982966,46.71591724102693,58.5999840343023,0.0,23.53506282756744,True,Opq31fbBxXD05iNU,train
35.80408935462835,100.0,58.92428819683904,28.717017102303785,0.0,0.0,23.533068988643702,True,zaba5estdPQSD7zj,train
21.826294159142908,100.0,69.70672045736916,38.09514798578118,0.0,0.0,23.531611205547335,True,Uy3WIdDJw0Okxq8G,train
29.578104338707483,100.0,66.31995118783293,28.441889481488772,0.0,10.0,23.530896659149565,True,CF89W3oPEuK6tMmZ,train
21.450713562355258,100.0,22.411467784023234,52.31865667154298,86.83069964698817,0.0,23.529664874850305,True,XDODdFdx2bCbNx8P,train
32.1225556639364,100.0,71.58826210405716,23.789691263833063,0.0,0.0,23.526816484359287,True,3cAEKtKC5vYyE1U1,train
28.29080584563326,100.0,14.160673089017202,48.1705981460496,93.83620846864272,0.0,23.522732477402954,True,O6lNrKRW2Bu4knYN,train
31.224438085431714,100.0,72.19492595043889,24.43635060466916,0.0,0.0,23.522618534857592,True,9EHaxoInmUIx7zLm,train
25.010969634084365,100.0,84.90264887210662,22.660091245534588,0.0,0.0,23.520157988444005,True,xlsGohMzIVAn47Aq,train
29.655030510482327,100.0,69.8615352837347,28.115167728289023,0.0,0.0,23.51602146583859,True,kXCBCqNUYbythYj6,train
19.152618608003284,100.0,19.99396107209487,56.46889548064243,88.6573738615648,0.0,23.51389660202178,True,KXUojTUXXUH5Lrce,train
32.53836856186293,100.0,74.58868149276776,20.95224462571494,0.0,0.0,23.513343289523885,True,MpDLqM2NKu23k7lu,train
15.889118973889039,100.0,33.42553090917144,60.161362007622984,49.896344121214135,0.0,23.51319898743328,True,5uGrWvBjEg5PmDdO,train
31.633426764548382,100.0,77.30024480756032,17.543286021541405,0.0,9.999923706054688,23.51204680188216,True,dp8j5O7gsxdwD6y4,train
26.554168063179187,100.0,85.57596628325688,18.931506701088665,0.0,5.0,23.51123829850106,True,NOfaAxCp4Zu2fEtv,train
29.776523610857645,100.0,73.14905693526825,24.22153278942295,0.0,4.999961853027344,23.510794093540607,True,XAzkI6PbGYZfiiRO,train
17.144739610337616,100.0,30.86307743198324,55.06598817111944,66.60456820771358,5.0,23.50907256199146,True,4JEeD7eou8R4Mnw5,train
15.827463408843094,100.0,35.08945531881973,56.693462588360646,48.97205209219255,10.0,23.50757927231549,True,e13Lg8XT1rXdbZMN,train
26.260658851685488,100.0,76.67069183056016,24.70660065201774,0.0,9.999923706054688,23.507084803211676,True,VcLTK0mvUToRIOYE,train
28.906895365786035,100.0,13.581736775172836,45.07709788492361,94.50508515677623,9.999923706054688,23.504654377848702,True,7RlGPPe4BI8Kyaay,train
24.67030785484324,100.0,15.396385620967965,49.34401886294046,93.08538468106663,9.999923706054688,23.500103998800164,True,vbmmszaTEtLA2O9G,train
30.884840112478166,100.0,16.78156694819128,43.50069419328767,91.21430845934557,0.0,23.49929933197305,True,wvyfJmj08BUj1fnI,train
34.547337915871324,100.0,52.988492074520344,33.317541833466876,0.0,5.0,23.498616656839257,True,VYwKACuCFMM2fgRm,train
33.05353314000995,100.0,81.38715876533932,12.635370889529838,0.0,9.999923706054688,23.49852746301209,True,iS3ipjTu1pW1RzFj,train
19.31342277019108,100.0,85.90820669925623,28.915626983765037,0.0,0.0,23.49771209418921,True,JypGYYZSsSQd7yyA,train
11.261746806531924,100.0,100.0,28.393106750381904,0.0,0.0,23.494058051709363,True,xcbmmslo4qUlv2Jp,train
37.67880948805319,100.0,63.28688581688297,20.399892869407992,0.0,9.999923706054688,23.492710003730075,True,D5XSEvJceRvI0r7B,train
35.56562170135858,100.0,58.682113822283014,27.703908151588877,0.0,4.999961853027344,23.48450222165124,True,UAS7vx8koKgEXRb0,train
31.1904382216972,100.0,11.320063273010994,43.36403546243258,96.27628619904758,9.999923706054688,23.482236634117577,True,SqmwXVUhg5diyNnK,train
32.42249928661388,100.0,72.9696245542556,19.637639880014845,0.0,9.999923706054688,23.478592666097512,True,PT3AenHi7AYJEcNX,train
31.826685786186786,100.0,74.97954422317525,21.356770289307363,0.0,0.0,23.47495713788446,True,lPqvHR04F5aflaVV,train
37.764485702706,100.0,42.880638785436176,33.033459345934574,9.798271780783722,10.0,23.469822701718027,True,bE4V6crlP4ow56DX,train
28.90117923135991,100.0,66.82983470576791,31.08774654711003,0.0,0.0,23.46731932312717,True,o4tac263SYOVgGeT,train
30.275306314414472,100.0,73.3238294295586,21.999360896009946,0.0,9.999923706054688,23.467269357542133,True,4B4Tehj47iYmmIyS,train
29.383020622357904,100.0,63.60819902122792,30.395201156417926,0.0,10.0,23.46602524005725,True,kgTfIMAQHs5skPsy,train
38.36339694834818,100.0,65.65008786589165,17.635025371994175,0.0,10.0,23.465367491369626,True,hQteG5BVr6RHUkma,train
30.579131139769178,100.0,75.75339909501912,22.278142911401176,0.0,0.0,23.4634212314754,True,X8eYlgiffdhHD9Gc,train
39.05322344633349,100.0,63.79837610977371,19.400927484784376,0.0,5.0,23.463247775006305,True,GYeOAWWpHPsKpWVA,train
27.6303690241121,100.0,20.4511158905873,45.406706587150296,88.09875464589565,0.0,23.461538689340962,True,aM59jb6dv2YVQzlz,train
29.462558878761165,100.0,75.1001399170591,24.13370538193631,0.0,0.0,23.457401783636417,True,pfQo1Rk0NIJ35DfY,train
30.466366849076604,100.0,67.67409049241786,28.425721361988735,0.0,0.0,23.452849558529575,True,Up5Js7uPpP8fLGWd,train
29.662629802694937,100.0,57.778799497562346,34.35092667890363,0.0,9.999923706054688,23.452658896391547,True,UiZgW7cVcDXiRQa7,train
33.79967532537845,100.0,70.12670699570764,19.906605030421773,0.0,9.999923706054688,23.450242072087846,True,58mzM9UOi1mYuorI,train
35.76682790733879,100.0,16.42232419108105,36.15440119102486,91.20807516700869,5.0,23.446339602052262,True,mMd6IDI7nQQsWFzD,train
19.681836181278193,100.0,79.26077455623988,30.66384120432849,0.0,10.0,23.44234346962123,True,IFTKtE0bxvRhALtY,train
22.346138099816642,100.0,26.55060063242061,50.43286605993242,70.69765058035827,5.0,23.44058036082165,True,Pu2f8rpvIUc1r1Ef,train
37.04521278448203,100.0,61.33118371151889,24.88422915203671,0.0,0.0,23.437826583255685,True,DsvZ7m0DhsCp91jc,train
22.585459863303228,100.0,89.18908031341749,22.064598994556007,0.0,0.0,23.437646811749634,True,7KvTQKv4ThtZlM9w,train
31.631208122480064,100.0,78.21505404016904,16.48765963876734,0.0,10.0,23.43759206439884,True,HoaT5mQrRj40OrmD,train
33.675151359892,100.0,71.35432445960897,19.069780102765478,0.0,9.999923706054688,23.435888714770176,True,Tbs70EM6qfiZ6Pp5,train
24.832702988728826,100.0,84.22459137377466,22.962707443317214,0.0,0.0,23.434405941911848,True,cwheEfBRUdo1MIWX,train
36.59260992639738,100.0,43.316088488560005,36.62078042782948,9.285889925548474,0.0,23.434016336726668,True,L165bOibyaFgpVzP,train
33.25022808543068,100.0,77.2533561826637,13.914009876213967,0.0,15.000038146972656,23.433364331348653,True,AHMUYSRoLYC56DPc,train
24.420095437683553,100.0,19.07380144318535,50.147025346575816,88.73291809752416,0.0,23.432145050090064,True,5qQyslLM4GClqCUn,train
23.046638226604877,100.0,31.750973714632913,47.21594095115573,64.27147136809828,4.999961853027344,23.43106546513358,True,gLu3GbSabYJtgzjR,train
39.29440295719016,100.0,50.56127823017464,27.6020843945997,0.0,10.0,23.42820935274368,True,WivHrN13bDm2tjco,train
21.17551163742051,100.0,38.860030298865496,52.16569046162926,37.413705219529255,0.0,23.426705807487266,True,WL4KziGK98paXPlJ,train
33.74426690349073,100.0,79.29739529231252,15.474706757938634,0.0,0.0,23.42561737130729,True,av6SGXaFLeWcOZWz,train
24.014612161089616,100.0,20.522736267132643,49.631860510648366,88.29047883059349,0.0,23.422959524001648,True,UU7WPdZZtEcX37xS,train
28.686254973727664,100.0,66.5010882966026,31.36027141993415,0.0,0.0,23.418781271909136,True,L7eton0ziLMKq4yO,train
30.611531815680497,100.0,16.84568997534601,43.292423300486426,91.59485971837803,0.0,23.41796409623821,True,UYN9Yx3NPymueZXJ,train
30.780842612772464,100.0,62.31245554835175,31.877836186684604,0.0,0.0,23.4176462227828,True,fswCOIGD9ZW6cSPC,train
31.97592455288761,100.0,58.0497110461998,31.075005105972096,0.0,10.0,23.416438816346293,True,kWhC844wHGV7oKCG,train
15.17225277696634,100.0,32.599648285120736,59.95590049153293,54.83808436154181,0.0,23.416094753393374,True,uipEGmSNbqN96FwE,train
33.57464280002673,100.0,78.58104916631547,13.671475033742794,0.0,10.0,23.415113081702565,True,IoiXeRbPkMfAR40R,train
17.551142931108153,100.0,17.092733539740827,59.21635633555265,92.2926935372999,0.0,23.409601707713687,True,MiEx2OkmrdGFcWxA,train
19.81913534217579,100.0,68.51285436540454,39.63907205521295,0.0,5.0,23.409526401397216,True,CqDTg3xidpufOKfK,train
32.053525587959186,100.0,15.984913085287054,41.71114439207598,93.08755256275435,0.0,23.40772486633577,True,qrPO3YNO1TAzSpQM,train
28.989854880096036,100.0,31.03338136605242,42.98409177539835,58.109474602181066,0.0,23.404763010120597,True,AJxszlffy8CaOdAk,train
29.365894903842758,100.0,44.20930434101149,41.78886298223529,21.356871130498845,0.0,23.398485530084415,True,kHaLisghwau0bPN9,train
35.91929392196605,100.0,55.28237616332822,30.62308834324125,0.0,0.0,23.396797573639,True,KO2k1gCDKdxujJ3B,train
32.54226675185324,100.0,80.19983724456185,16.15399215616023,0.0,0.0,23.39634070587963,True,RdhJeV3xJKgmzIjL,train
39.60697419978894,100.0,71.23887170106003,14.043574161646546,0.0,0.0,23.396289137435545,True,VeEty3Mc38kLV9Hn,train
32.20226172261384,100.0,72.93688529194756,20.771395962795964,0.0,4.999961853027344,23.395375509656155,True,IcNepOR6soVfBgWO,train
34.49460222134354,100.0,69.83722133056627,18.978898713006174,0.0,9.999923706054688,23.395009682824792,True,94t3dQgGikUWEkad,train
22.95678953261419,100.0,88.99177915055779,19.030360400649172,0.0,9.999923706054688,23.394032521169784,True,MH9Wr7FEWvMBvxR4,train
29.269919617141518,100.0,58.11688923047507,34.284185449174856,0.0,9.999923706054688,23.391846563994346,True,6gVBMZZe0au2ocjg,train
33.84041162777983,100.0,16.0599649139985,37.16553645800175,91.77277135089204,9.999923706054688,23.39083968849242,True,0mqbB5m2yIbe4NMc,train
35.32930814752918,100.0,16.367472560273978,34.917632988823755,92.38557780575943,10.0,23.390253408976115,True,71uVMT3MrDuQESBn,train
29.682621145163033,100.0,45.20510043377196,39.538735934798204,15.608323775310978,10.0,23.389583727081742,True,L17n22GA39IkEJYq,train
19.66336258687878,100.0,40.967351607919774,48.44587596690643,42.78724160862906,10.0,23.3894806617204,True,Eh21dBzhzMdoB23D,train
30.628980415004538,100.0,61.72360749299858,29.839236703374198,0.0,9.999923706054688,23.383629753678495,True,RLhX5CDQL9Gi9FaH,train
29.192595864554853,100.0,37.61368243463189,41.603595731112634,32.45258973944905,10.0,23.38354996452848,True,jutAafJ5Mf99YhnZ,train
31.173726511731637,100.0,78.29928722412481,16.72168626698398,0.0,10.0,23.382661964948426,True,NqRJ4Da8BPR8Pd28,train
29.32147263951599,100.0,60.34290879448067,32.49280400962739,0.0,10.0,23.380365280976577,True,6nJTFmz4K1Omj8pI,train
30.30699135025482,100.0,63.69360228879037,28.73334560093936,0.0,9.999923706054688,23.37745348637287,True,ZaZibqkBkQaeN3PF,train
31.537020267935482,100.0,74.46049005027893,20.36185431103104,0.0,5.0,23.37569943673192,True,rPBrSY95z3BVcpn2,train
28.415635485781532,100.0,54.905868867828964,38.92937476719783,0.0,4.999961853027344,23.37566224771066,True,Pz6xt3fTfT158osa,train
34.99427970628491,100.0,71.40975409723261,17.07735499486013,0.0,9.999923706054688,23.375500225430876,True,w4Aq5A2DiR4yWozJ,train
24.075465982174848,100.0,80.28705507687074,25.307254280517284,0.0,5.0,23.373375613177778,True,WC9VbFYSLIUOBzR7,train
20.786581405362636,100.0,21.314382793498023,50.725179099059766,86.67949416444263,9.999923706054688,23.37280948370218,True,QcbHemnW2Vt0VLbj,train
20.414609238525124,100.0,30.196968093254107,50.52304618309798,67.63776462717203,4.999961853027344,23.369693084248965,True,mr2Tuv1CMNMb6cEl,train
24.73638330196603,100.0,18.1040805616876,49.751386596790276,90.38915996958046,0.0,23.369443227581726,True,fWvXFg7Bc5rly880,train
30.35686047721668,100.0,83.28174869195604,16.4314740365474,0.0,0.0,23.367772230407056,True,C2rgepkuUE8ULE88,train
36.76676414827003,100.0,39.774289258103536,32.619456581471255,18.699888788016366,15.000038146972656,23.366722088826737,True,crGEocrxhLquvVGA,train
31.213574067518604,100.0,74.5359500512098,21.90928441624328,0.0,0.0,23.365642907809775,True,J14FwODdOoPbXjLm,train
29.224269524476075,100.0,73.77309201179412,22.45834757193063,0.0,9.999923706054688,23.363696882576996,True,yeUdyvADpoCWrxC5,train
29.40217191939286,100.0,71.89189580725369,26.14417928136737,0.0,0.0,23.36316320720974,True,68QwGt2k1Q4JlsgE,train
33.591101867562,100.0,73.42503712081685,19.746371542283725,0.0,0.0,23.36080534346977,True,EcguequVLKjbg3zB,train
30.155124475250695,100.0,64.40990015719434,28.28355284501707,0.0,10.0,23.35697671139524,True,0DTMbt1OZQMK9fv5,train
31.80129992994372,100.0,87.71480701487636,11.24540326469139,0.0,0.0,23.356626687655663,True,Nm5HMMlasx2ESS15,train
12.614105625094123,100.0,86.8213250300006,33.39665904697212,0.0,10.0,23.35605697016804,True,lTIZ0gVim1eimMj4,train
18.888371282306036,100.0,29.37060108173818,52.354805840805284,65.12676738155568,9.999923706054688,23.354978705378812,True,0OtMTL8BLzyUdITY,train
26.811981441378176,100.0,19.800073331888303,41.26311051437794,88.57600670389829,20.000076293945312,23.354432612895557,True,XJgJexw5nQLlxSGI,train
38.74302142029317,100.0,66.64398418640805,17.09965525008704,0.0,4.999961853027344,23.352282125703272,True,tpGrZdOq4y40b8J8,train
38.37069695667665,100.0,50.01269696641081,30.030437491236782,0.0,5.0,23.35066628237814,True,TviLw2mCVDYq403b,train
31.059143767136742,100.0,77.80266151499097,19.549517410212275,0.0,0.0,23.345088651075287,True,ydadQfY9Y0hQXVdf,train
36.51905926518618,100.0,57.87054337274705,26.42226964382563,0.0,4.999961853027344,23.344798343625094,True,PjXTk9GHUMPH7XvC,train
15.948447827825863,100.0,31.0178855609907,58.597155387987954,59.69179194335243,0.0,23.343815465870286,True,iAVVihsqum6EgvPc,train
29.898193923691487,100.0,45.260237151766795,39.406538387636076,13.952682075786953,10.0,23.34252583500445,True,PGrsVzaCJNX1b1E1,train
32.337467859200586,100.0,77.93764230565017,17.82806149921433,0.0,0.0,23.340625610490537,True,euYlcqNMGcZLtP1M,train
33.939529248155,100.0,79.61747376247838,14.563825342081103,0.0,0.0,23.340268444826727,True,nm6tJae12v3oCVpx,train
27.585509735713096,100.0,17.027757868150903,39.29907471308946,90.55168168751183,30.000076293945312,23.33794395584166,True,HcXwlH2nZMX4c23v,train
34.529344243238334,100.0,78.06873361615209,14.962998128077288,0.0,0.0,23.335245728847855,True,6jccAhEqemAtq77Y,train
29.996986474165126,100.0,70.75176467095456,23.615609841428437,0.0,10.0,23.335133287470153,True,UjSSQbyL5QHcqkds,train
21.145203895983684,100.0,21.630187081038848,49.65288493243786,87.45937817620607,10.0,23.334374931449624,True,eSC9eMR9O9e5yo7Z,train
31.237761375285636,100.0,74.83117450214957,21.49044136214698,0.0,0.0,23.33220479157324,True,G27BsuyuWl9jc08V,train
32.304439234279855,100.0,72.34011599698403,19.517942226355103,0.0,9.999923706054688,23.33071183869132,True,fsfyhrevbLpEFRWg,train
30.250575691081977,100.0,69.40250775772263,26.762435327026893,0.0,0.0,23.325507151834266,True,OPkstD33wAm3eZZg,train
17.04874574821386,100.0,34.190524247878635,52.533005023324364,58.529883493795225,10.0,23.323860253589896,True,BZsYTf8BnHivfgE2,train
30.388233816027835,100.0,68.75912955618847,24.537010913214743,0.0,9.999923706054688,23.31832625538091,True,bPsisEL3A9dObUdK,train
28.450465487360297,100.0,16.53171153170052,43.02399398303611,92.39067198612179,10.0,23.316705497508465,True,IUzcfFXz4SPEQ3HC,train
32.01497679282134,100.0,73.92654395857971,18.592151469893906,0.0,10.0,23.31115608597107,True,JoCtrXreXFkorwBX,train
30.154878346914575,100.0,68.12410340127747,26.515192466500622,0.0,4.999961853027344,23.310371682871757,True,Z3ZqVvHCPVyyNq0L,train
17.61646757069046,100.0,26.549063198478663,56.24762969309427,73.48679758448395,0.0,23.310342190287468,True,aoscld96F3oBeFtu,train
30.10972809452695,100.0,69.00966523945175,24.655194761830217,0.0,10.0,23.309920761915542,True,KYgjhPQJFbz60k84,train
31.31686127678791,100.0,68.91155626278399,23.210284000185652,0.0,9.999923706054688,23.308001743954442,True,kZU5BU5Ai1LMfjnt,train
30.700457574425158,100.0,17.514544359744086,39.86761367208518,90.60869404246986,10.0,23.30625348410843,True,3j3qquw8Bvlnligt,train
29.33124183205723,100.0,53.17469763112658,37.479462908654384,0.0,10.0,23.30490768441417,True,iZ6dtH3hYScKp69d,train
33.81089339536426,100.0,76.70897294939466,16.728033614514743,0.0,0.0,23.304676014153216,True,6kksOgFvzeyGc5Mv,train
34.15078519737157,100.0,73.33497750394315,16.331279985100593,0.0,10.0,23.30419892195448,True,rs063BLUtxNXz7qJ,train
16.620331424778183,100.0,100.0,19.492845545563114,0.0,4.999961853027344,23.303650057958535,True,K8ffUF0eWIXiiQE8,train
36.00355005749867,100.0,18.074367910550468,35.44278121318365,89.9452858083355,0.0,23.297863234010745,True,KjptN4xirXuCdveu,train
21.392372240497,100.0,12.761967739726257,56.33422117119528,95.19879962279127,0.0,23.289172436461808,True,hP4s5A01V0Yw3gGn,train
26.226338945258505,100.0,17.640695832337382,47.92897325885899,90.0020189070747,0.0,23.288584708290767,True,pAtIveCHkSCRxVFE,train
24.64309424399965,100.0,21.33880121187759,45.39760530429584,86.9065445346196,9.999923706054688,23.286438215674433,True,tgFBS1wtAgZqggPX,train
27.605319102844533,100.0,13.72699397138666,48.07057935087506,94.2185155356009,0.0,23.28542051837419,True,YpjAEkCppj4AiCC6,train
24.66751801188954,100.0,18.275685216718273,49.20154895714602,90.72781448763351,0.0,23.284932801291006,True,ujp0Labqe9xkt3j4,train
36.786472267254524,100.0,45.95656425539895,34.58539088442353,5.414681884124363,0.0,23.2779149762144,True,8zPd20EvRCHNUY1U,train
29.742787539844834,100.0,67.83747597143775,28.325848043896116,0.0,0.0,23.276487889456092,True,wJxLo0wGdSn8QV7O,train
31.86806846006275,100.0,18.400045184385043,40.151977224932395,90.3686103069966,0.0,23.275849853009756,True,IpUJuaGVnpkEgbtu,train
34.332745428566966,100.0,77.96047308920852,14.9806644345242,0.0,0.0,23.27339020742786,True,5kTI5aWWhHnjpxnc,train
32.899886287676075,100.0,76.43249815113346,17.906930521246025,0.0,0.0,23.271232398838244,True,RFqJwRN2Kszre9Gm,train
31.945056932160764,100.0,61.143799243754856,25.566355509459015,0.0,20.000076293945312,23.271109036192488,True,Pxv0ih2mCAXXap1Z,train
28.255538258858728,100.0,58.26546278632743,32.328560390915385,0.0,20.000076293945312,23.269419875544138,True,RRNWVqQPkdsfzshw,train
29.54310403682455,100.0,23.53015537188388,40.846121019565054,73.58529612620954,9.999923706054688,23.26378451051494,True,Sr3AHbfZSXmh035r,train
31.58600534387587,100.0,76.47103132139034,18.230248118410728,0.0,4.999961853027344,23.263203750511032,True,sggAEJI29exYLAOY,train
29.836862101947826,100.0,53.05066007631993,36.72183977463874,0.0,9.999923706054688,23.26117867716543,True,vjdAtRf7N6UZgbAg,train
31.90840414570524,100.0,74.85188617870355,20.28120403805525,0.0,0.0,23.261124770842894,True,7GXQHqiSuL9LwLN1,train
27.210850103880247,100.0,20.607827674367083,44.58436046453773,88.94070041051626,0.0,23.257793790558484,True,BLvb21REZlvMlwcg,train
21.51789905455876,100.0,21.342890165492804,48.85930526750076,88.09415217174671,9.999923706054688,23.257473135853836,True,3NyZ0vCSVx2mWPFY,train
33.32894547999928,100.0,82.25643707141337,12.922439828024636,0.0,0.0,23.255189896316754,True,WFM0BApCMYPuHfRS,train
30.392196040089143,100.0,49.92500795078935,36.93168068385668,5.599836926583265,9.999923706054688,23.253124371043924,True,A7edNqhc2VeCWxMO,train
32.393472786271296,100.0,17.35928394404805,38.6501917210384,91.28755761103227,5.0,23.246677012934324,True,aks7LkPFI7Yvk2ms,train
27.466677093705734,100.0,92.89545496114414,12.227505788448681,0.0,0.0,23.24648867528779,True,t78qy0NnYKNTvpfZ,train
16.679259521730636,100.0,89.33857348445771,27.12776802499674,0.0,4.999961853027344,23.24615260075203,True,mWkFGDF4tFbf8zGD,train
32.00146274457857,100.0,16.243941723001836,38.853788500788355,90.65702140518553,9.999923706054688,23.2405619003146,True,OHnq7mr0KnApuBHd,train
34.376326079131985,100.0,76.21802092568387,16.065641327495456,0.0,0.0,23.239912924134668,True,bnoPNHifsCJR1888,train
20.9244062092779,100.0,76.35417974870721,32.76348933492619,0.0,0.0,23.236926381610793,True,2HF3nLE1DraUBV3p,train
21.93088829881594,100.0,81.4659046057347,27.666983829547178,0.0,0.0,23.23600453147363,True,dp8N7j310savSZht,train
29.058321027386267,100.0,66.82777053539289,29.730116351642124,0.0,0.0,23.234769107483924,True,5RbF9LQzXtURcpOO,train
30.243524883826293,100.0,68.6879997442222,24.350810955248292,0.0,10.0,23.23424337363956,True,yvdq90qlCeF7mNzl,train
30.354780649490475,100.0,18.87954106540254,39.36280418564906,88.81882233701329,10.0,23.23412827616348,True,VfA8Rllc17Tz2PUR,train
13.247863903261235,100.0,79.0031780605841,37.857613545382804,0.0,10.0,23.233965393979485,True,cgHXQVtbKWtO5num,train
31.772669868655647,100.0,75.5813865609482,19.76756547752116,0.0,0.0,23.233888546810373,True,ne0uZN6X5NHUD8wh,train
13.749329003271972,100.0,37.17786611621505,57.896268321018304,47.69018442428379,4.999961853027344,23.22777314631947,True,4f0oEdScUSTeQSDr,train
22.092246052625725,100.0,77.62470539504181,27.789187615366586,0.0,10.0,23.22460484548602,True,Ze7TDLIMTNrHH66w,train
30.14945902512355,100.0,69.72210067643573,26.12863361573841,0.0,0.0,23.221406580893927,True,Vs0ckUinRP7TW9sQ,train
30.300660346623403,100.0,28.711229290893073,40.62799938898712,64.26506722956422,0.0,23.22070271956545,True,oBGBpAO21tQtUt5L,train
16.950573809664654,100.0,79.17463717167831,33.033844063665484,0.0,9.999923706054688,23.22060402620374,True,QRfP8SEpVyMaDVGL,train
42.79744813061204,100.0,14.427939717589899,26.043827089897874,92.90367686368133,10.0,23.217502251455137,True,SQGRLf6d6wY0rI5X,train
16.449523486003198,100.0,80.69215016936687,32.493711697021084,0.0,10.0,23.214945736310046,True,jXENNwW0up5VdlrP,train
32.80524020570752,100.0,80.13311973194811,14.966961158280398,0.0,0.0,23.21467024287518,True,Tgfx62G09qIZHOyd,train
26.566542767968834,100.0,17.228468514343362,47.039155736280655,91.54137619510382,0.0,23.210805926155032,True,cXcUcqwnL68TJbrS,train
12.994736224464269,100.0,100.0,24.804853220933637,0.0,0.0,23.209654700302796,True,jC3LYWViPYtzpjb5,train
34.37619134405848,100.0,73.43065425089227,18.00037201569117,0.0,0.0,23.208720376786697,True,1hIfwyb2v2skEdDM,train
27.941169697102097,100.0,55.513427823548355,39.47903833876378,0.0,0.0,23.208114265560532,True,FHXdHOGWUA6TTWBW,train
36.217086818003494,100.0,16.759237818974622,32.61560988103015,92.16195845731573,10.0,23.199377276418886,True,SEZ3udqaYKnEbf6V,train
28.60115754255326,100.0,67.37084439492898,29.71526386490116,0.0,0.0,23.198968817857896,True,JmpTPeFLn4ysPFbH,train
33.05059421351597,100.0,76.56989258549933,17.25062487840634,0.0,0.0,23.198257416885163,True,XwgzmvieqOWVfVla,train
22.66822843743847,100.0,73.7489889476972,29.83689887268467,0.0,10.0,23.19678522605113,True,2AopDNk5l6orgapQ,train
29.081398922249015,100.0,66.92925191409289,29.404424052125762,0.0,0.0,23.19062232810134,True,hhyzgi6lchNUcCiU,train
28.134069375004543,100.0,80.55121878398836,20.368701867191504,0.0,0.0,23.18994053478769,True,sJaRUTJxYwD3Gcak,train
26.2919302397237,100.0,62.429324932711076,33.75186922305568,0.0,9.999923706054688,23.187751329751457,True,KNKJBnlqxWpujCVL,train
23.418106734342707,100.0,18.718434767196914,47.83921265300689,89.11684810807537,9.999923706054688,23.185973019973094,True,e6UEWHDzajGFtMaE,train
28.11878433285823,100.0,66.82338284058916,30.65789409477901,0.0,0.0,23.184782328258734,True,PyFjlhbZ0qu37TXr,train
27.463995125034224,100.0,82.45586568940412,17.248464892471276,0.0,10.0,23.18407161316343,True,n6FAWJhxeWgGXXuA,train
18.545043487427797,100.0,84.21857355171355,29.559675022238793,0.0,0.0,23.18098190906174,True,IZmaF10bxns88KBU,train
14.422628467532714,100.0,89.11642680663473,31.037414157250765,0.0,0.0,23.18060396932854,True,vzzk3kMYRxjhFNFd,train
21.349888681311732,100.0,48.173637493100884,47.623113284919654,21.84357469730992,0.0,23.180319186142494,True,Fbs5fvY9uFI8OgpO,train
24.798035969590785,100.0,21.050539365399224,44.794596849056774,87.26858132920816,10.0,23.179438333479343,True,uXYxL1xIkFDVdSAL,train
29.14145087270298,100.0,74.96189841298644,23.247281838711913,0.0,0.0,23.179103847866095,True,hz044m8fJ2FmiHcE,train
15.130171856357103,100.0,23.862647058452325,59.501531094692844,78.30594482274486,0.0,23.177543482932936,True,NQJ8xfzwjlQHF4nu,train
32.355083612133406,100.0,76.10463889980556,18.36523114579387,0.0,0.0,23.17751296716296,True,udO0a0woU9rlqbIQ,train
33.15732916675218,100.0,82.2816743826248,12.728054557705832,0.0,0.0,23.177194360622934,True,I1af7W2pkAFEn3z5,train
29.29849566192872,100.0,66.871018655634,27.848488717098988,0.0,5.0,23.174974457247078,True,cNTmRRUpTn8KBpFL,train
26.772669981742368,100.0,34.31667538404203,44.14893107201291,50.0776110103567,0.0,23.174335567962313,True,NlKMdDkiTAENrcBQ,train
23.764625535219782,100.0,90.28793080451672,18.438713985197666,0.0,0.0,23.172088801521987,True,DAixK7a17B1ka1cp,train
19.359034384728062,100.0,15.562352930949437,56.64306314632813,93.38242430846351,0.0,23.171845380513233,True,xVD4mUiLPEEtfWdv,train
20.750704040094384,100.0,17.50628582818388,51.30403077292329,91.87377712723129,10.0,23.1681138951974,True,YCP9HgrBKwpLup0X,train
33.52521744067675,100.0,77.03712119910122,16.138446523258253,0.0,0.0,23.164561844686023,True,Z8vLvdiAnTvBaFFF,train
29.806075314729217,100.0,42.15472537468197,37.378927250602885,38.215535952584545,0.0,23.161289882634406,True,5y4unaLjqV9Asnb6,train
32.9886523012145,100.0,75.3163623862153,18.063491706537988,0.0,0.0,23.15731577454352,True,e6T87shXCg58XyvE,train
16.903197042943894,100.0,30.878677726806806,54.37162356526854,63.490891916317025,5.0,23.156470228626556,True,hDfca31A6xA1j6zz,train
34.025841972400016,100.0,73.20024374972357,15.839147624847612,0.0,10.0,23.15432658052806,True,z5ls99egkrhSjFj3,train
29.212090291991395,100.0,61.32895792321149,30.747100198427347,0.0,10.0,23.151786301165043,True,CqIayzgeS658l5AY,train
29.458391329122964,100.0,62.94018217035783,31.70429464134172,0.0,0.0,23.14648408610276,True,Xb7GCeGlDrSKyZ7I,train
22.077729009827475,100.0,23.694868626912335,50.988366559629924,77.49385663506149,0.0,23.146028690172777,True,9JxJwUvVlbeaR7hO,train
18.273760605741117,100.0,21.540706245633128,54.862449570916475,87.45243522694166,0.0,23.144657763810628,True,kQKse0luKCNNV0Lc,train
27.128689026242814,100.0,17.01698753118679,46.28230918422333,90.99514462610479,0.0,23.140939454388626,True,VU5NsNdRsYsqDrlD,train
33.20828856515275,100.0,71.66649239967705,20.44382187256224,0.0,0.0,23.140810375752192,True,VYFQGk6lea1kOf4F,train
19.833865969126247,100.0,68.22579804524383,37.24010778051547,0.0,9.999923706054688,23.140353940473965,True,zgadFFFmPkeFwdoA,train
28.557588041801903,100.0,48.8114429844155,40.610167685796725,1.1347383140065403,9.999923706054688,23.139880096275206,True,vb5ScBB5QyBrfea5,train
30.271856005755197,100.0,65.30001999026751,26.3703636212514,0.0,10.0,23.137039724229208,True,itLBG9PWwtL4IXjj,train
30.754887720629156,100.0,65.86684420609276,22.831418514697674,0.0,20.000076293945312,23.135036078708005,True,5mRM4WLOyqEFXhIm,train
34.84539987344151,100.0,17.441035851267422,34.06412256015892,89.87270491987799,10.0,23.133965104076175,True,isjAKVuE4uo1SIve,train
31.094838272332787,100.0,62.236121239157384,30.109817288783702,0.0,0.0,23.131091211713546,True,FAEf3t1KKRIBpjJL,train
33.512672552695534,100.0,76.72044338009053,16.214751744112547,0.0,0.0,23.129184994009975,True,FHG7GCU4ywBS6NN1,train
21.291203893257922,100.0,41.13811859354872,46.20883227047963,32.82918228035916,14.999923706054688,23.12674051576341,True,D3UuOLWU6rXF7Mf1,train
32.182108548824374,100.0,76.0394518060902,15.874826334527825,0.0,9.999923706054688,23.126406360327923,True,eGVxwMtaUCLNZ5jo,train
33.251931258023696,100.0,17.68792141453794,38.31077046059144,89.94118839124243,0.0,23.125384538367022,True,Od5TSJCaiEjI9l5c,train
23.345301461464068,100.0,32.46029191493664,44.84297221169965,58.998919500373674,10.0,23.12390956996513,True,tqRqYGyvDrmb5zj0,train
33.37132717554754,100.0,71.3600738603605,17.879796533846118,0.0,9.999923706054688,23.12279836501292,True,bfU4V6lm5iKV7OBe,train
30.95810024535471,100.0,68.32981318482896,23.146136145893564,0.0,10.0,23.118224268241736,True,BPYvK2g5H6con53S,train
12.473279333339327,100.0,100.0,22.49278083538323,0.0,9.999923706054688,23.11687218571421,True,qEjF0lUFsimO4f8H,train
30.44906375095034,100.0,63.182959245338466,30.12901104315189,0.0,0.0,23.11551203316873,True,280Jo59JRJO9lTf9,train
38.79194967181706,100.0,63.035104614326364,17.30849961433283,0.0,9.999923706054688,23.11494921827252,True,EWp9oeq7xryUVSfx,train
23.095167557769294,100.0,87.04504063486368,20.162301130093056,0.0,4.999961853027344,23.11300630334185,True,XGeUUg5qPoDsqDdg,train
15.306026136857504,100.0,25.95160648192281,58.48804743781821,73.88848494498258,0.0,23.111281241315567,True,TOrixRp7KSS0UZ2z,train
16.44847594972862,100.0,16.500754988105555,59.76648801787605,91.36271709081853,0.0,23.108665693764124,True,jIz3HVEOkYUP2Ojd,train
23.197083000407257,100.0,18.56101950882858,50.0405489386104,90.30061696062408,0.0,23.106564312179387,True,OG85kutgFZAIK9jS,train
35.30035956382519,100.0,54.944324108155996,30.196382672646806,0.0,0.0,23.106015041709057,True,hocBeaMWj54igzJL,train
29.206004943307885,100.0,52.475135425312246,35.51854353164369,6.586116893372349,10.0,23.105786100621163,True,gT7S2CnDnp1MEZOQ,train
35.71679350801464,100.0,13.485595678084831,32.31249490687067,93.80143879781934,20.000076293945312,23.10461246467875,True,gOSvNjpr6SBzuje2,train
22.87315669717701,100.0,77.8388848445421,26.04804857772507,0.0,9.999923706054688,23.103727801823315,True,VoCYS8kgnGzYvZJN,train
28.36742859911325,100.0,16.18656163760659,42.452970290068514,91.73076847590222,10.0,23.096973877228116,True,FFKBizRmG6YLy41w,train
20.192011180792836,100.0,83.3579558187817,25.225504673027174,0.0,9.999923706054688,23.096793287923635,True,AOYNDeh15FMIbOGK,train
34.67950615267027,100.0,16.174505802006934,36.99152621771219,92.02000259429039,0.0,23.095357781725568,True,p6OtVV5wymSp2nXI,train
22.935071463267754,100.0,66.41835910649479,36.97257980665315,0.0,0.0,23.091037693121788,True,WB2IhXfKpNF1Ifr8,train
27.0055857601507,100.0,79.0150877071465,19.93453018808775,0.0,9.999923706054688,23.090561819029936,True,WgVRi0DQ8lzCaGz2,train
24.283111881882864,100.0,18.64321909038793,48.94508953592617,88.51043013947466,0.0,23.08180024818787,True,BnzAM1HpE1wxOPxP,train
17.006818324160747,100.0,27.053356023947703,51.88744104707777,67.8220213101587,20.000076293945312,23.0783010742531,True,bGQWFIHtTEC2KIG6,train
39.59073675488077,100.0,62.59028411837543,16.459105184821397,0.0,9.999923706054688,23.07804402874352,True,4fgZU3mJya7rE1Lr,train
32.96497907449803,100.0,14.29015401381108,37.7443384324299,92.88018482545048,10.0,23.077644798454674,True,Ym4TxN8Eu760LQIb,train
26.51859369990418,100.0,17.74509769350888,46.15060756479407,91.0154337338972,0.0,23.07230627865605,True,mX81tbPnKN0EJnID,train
28.543849070530495,100.0,16.66481080828169,44.181954274554286,91.96389045250154,0.0,23.07026926641081,True,aBHuNbYWZUjppdNY,train
32.23427288440207,100.0,69.74853767149118,20.19396627209791,0.0,9.999923706054688,23.059638311546507,True,jP8UlChLQ0kAbWi7,train
30.86303380178455,100.0,19.313303419915172,40.02461069801541,88.82652796729523,0.0,23.059002501401256,True,24pmw30MZOGPqId1,train
40.99626129971763,100.0,56.390779112485276,20.47435823262127,0.0,4.999961853027344,23.05255193097782,True,ZZdAR6plUpBut5ag,train
30.66488552951136,100.0,71.7594007502309,23.110354172669986,0.0,0.0,23.05220232944647,True,wttU1SjgxFQSIYoD,train
37.09880002198107,100.0,41.66738341774082,32.510699112228366,20.497257995470974,0.0,23.051810240375612,True,dyV6PZfMsMKXLhm6,train
31.55776727299243,100.0,72.36376778449807,20.261214848408244,0.0,5.0,23.046249955604466,True,4CXPmLZONWDaqWAM,train
22.40175190110236,100.0,78.82735878754215,28.102015059939518,0.0,0.0,23.044944805394817,True,Afo16hD8hP1jF7Ts,train
31.829969968185036,100.0,70.37876322615269,20.153058945040925,0.0,9.999923706054688,23.04491495028008,True,kDaQjm4lttflp2nB,train
21.147226276842215,100.0,61.00431259064948,40.53511411309314,0.0,10.0,23.044476280426604,True,13h6IcSjyRyOLZh6,train
17.10603908293316,100.0,32.69583070990892,54.08716535235109,60.87713631813939,0.0,23.042174263596817,True,sIT2zuknXcIasu1n,train
29.89046150726815,100.0,61.53170813790432,31.68802472318019,0.0,0.0,23.03997654213872,True,IMJvEoKbI5o17RTv,train
35.640874281438684,100.0,46.38412437370309,35.261434697106395,2.3938547019935186,0.0,23.03981690093609,True,muQbPOaFGInyLkjm,train
31.41300581219915,100.0,19.86234000356716,38.9364026096853,88.38067002431269,0.0,23.038916476737555,True,xfH9BNTuAZfoQtrd,train
30.106680019914364,100.0,56.320073097343254,35.316903110897286,0.0,0.0,23.038061591759536,True,0Bdi1BTACzPv0kD3,train
20.210343125414695,100.0,22.300997091635743,52.577938998858826,77.47528829383415,4.999961853027344,23.037085652213875,True,3aNjJcp5oCZfqjRh,train
21.148078910306353,100.0,88.57492038381534,19.813334403094018,0.0,9.999923706054688,23.03592085107043,True,2V8r8Lwwk2GXUNpG,train
23.492039260236,100.0,70.59962115854879,31.597575311764402,0.0,5.0,23.0324680511942,True,sFn4R9dwVQE20SQC,train
22.563119949941534,100.0,21.367205806656823,48.92330405427276,88.02785382740583,0.0,23.031914360708754,True,WzfnjLtbzp8xElqD,train
27.154123834920227,100.0,17.217261061806575,42.95065705695635,91.35591469505052,9.999923706054688,23.029043449447574,True,t0UrASljcgzvBAnO,train
33.93938791062199,100.0,73.88910711344874,16.033479698015626,0.0,5.0,23.024908984275935,True,9EkaqCzEBy6yTcIi,train
29.164855908854584,100.0,63.473775741202594,29.80220310096624,0.0,5.0,23.02272095858728,True,s6HN2J1KWvNzw7sA,train
29.309091291415662,100.0,59.31228780727926,33.98771115251222,0.0,0.0,23.02165822444825,True,h0bSm2bnEPjPpB1O,train
27.922321781013544,100.0,33.811625270593794,41.209841010544764,54.511310270526046,0.0,23.01985795147771,True,MIJUdqbNnozUlCjr,train
29.188787250264586,100.0,53.56238015684001,38.434115469572674,0.0,0.0,23.01837693000668,True,1edBIb3eCD44Wb6n,train
27.617695872702896,100.0,20.64278033780618,43.0901340886338,87.92144954309957,0.0,23.01494031372839,True,4v8ljMY0nliKDQRl,train
30.44191270059076,100.0,73.84915751536468,19.128686679767753,0.0,9.999923706054688,23.01358532370868,True,QjQCogGz9JXVnTci,train
31.325793568794353,100.0,62.90293292473263,27.48324865977318,0.0,4.999961853027344,23.013536155514487,True,9LOWWZHYaqkxw9t5,train
26.841468280650044,100.0,16.445278253536866,43.552662832152095,92.49958271170843,10.0,23.012670510208885,True,OvbXV946cT5L2fSx,train
18.73118802379787,100.0,90.31662350853139,20.145625267674774,0.0,15.000038146972656,23.009417493112764,True,y9ZeBn5riflvsxbI,train
23.03419365131005,100.0,79.71434565506186,21.45557157803603,0.0,20.000076293945312,23.006818391391263,True,5BwizSJpTshv505v,train
29.870156124954374,100.0,63.458535922056754,27.59968123905263,0.0,9.999923706054688,23.006251852660366,True,xrHsULSu9f33AvE0,train
23.71793631482067,100.0,21.297334546907535,45.175901556514255,86.89992329178298,9.999923706054688,23.004256921936033,True,uoCwWlwCUtZtRZ80,train
18.762050387543347,100.0,30.001335548196934,52.60267847348965,65.84721251836595,0.0,23.003609249731607,True,p7eThK8uN965960O,train
34.43440941865945,100.0,64.40763366527369,23.649481721277652,0.0,0.0,22.99964374871145,True,yfKqf1eO0IYWmMRb,train
22.966519488181298,100.0,75.10089864912833,27.462231771457496,0.0,10.0,22.99921102370607,True,zOSiFidOvVnz7S2Y,train
26.18863490055558,100.0,19.043637857901736,42.97302296692354,89.97279837732438,9.999923706054688,22.99694510137782,True,PC5P9rdb2TxNFxXH,train
22.46367145075479,100.0,68.53364551384134,35.48994914241173,0.0,0.0,22.993954518247246,True,SPpbhWrFeMVxLEKB,train
32.994006790485415,100.0,68.16889444657754,22.5848607656731,0.0,0.0,22.990808017742605,True,vuSwMRQYSdXO6yS4,train
30.793666330533938,100.0,67.63096520479431,24.48614673549082,0.0,4.999961853027344,22.990288803102164,True,MPaJUrR1VHNzu4oP,train
28.641024007841843,100.0,65.51221416420094,30.007214262605657,0.0,0.0,22.98853097911173,True,0ZvGzksVcRwCqqvb,train
25.06814873745038,100.0,18.496470237377576,44.72623791704268,89.92914199176546,9.999923706054688,22.983208588268777,True,ujq1PJepvpFy4rkN,train
30.73979594287835,100.0,63.17986232761493,26.596800432817048,0.0,10.0,22.981288421425237,True,oaiVyeVItbixF0J6,train
21.53081085635162,100.0,84.16547637688913,23.605679564294306,0.0,5.0,22.978660083480136,True,AoMMqNv6MsamJKwu,train
24.260053419371285,100.0,25.694158431369786,45.20214740319048,70.33441709063722,9.999923706054688,22.97628364002098,True,uGI8F9Er0c5XwdnX,train
24.970027703283662,100.0,84.51882726220438,20.27730911800508,0.0,0.0,22.97579283875259,True,DQWJl4bOTH3lKFnQ,train
30.658065717309988,100.0,68.80403791654079,24.94729210404664,0.0,0.0,22.974580537617943,True,av0mRQeo94gZ11Qk,train
18.447341795457284,100.0,27.55708440460039,51.48106924969654,68.64048793573427,9.999923706054688,22.973632541583136,True,AUTGNr3KuqkF0AV4,train
29.818510205258622,100.0,68.11047344446762,23.993924000960106,0.0,10.0,22.96998336817682,True,qHW40pv36jAHdz3r,train
30.23106546472107,100.0,27.346468282764178,40.14764496168458,65.53877802021991,0.0,22.96620450194281,True,rhTVeFdGjKjidLj0,train
29.199727286430154,100.0,59.334308208794084,33.8222855962708,0.0,0.0,22.96453517218081,True,wv2LBCroooQQHtQK,train
31.114140333851772,100.0,18.202057725347615,37.652359364473575,88.4729962740142,10.0,22.96296542886051,True,eQfb4hUuGtxzC1o9,train
20.065871636377405,100.0,72.23051217391563,35.55585869594172,0.0,0.0,22.962216474370038,True,0EGwwN5J2iZeCBOy,train
29.52208298022162,100.0,18.472422631154163,39.12016659049783,89.70566786770641,10.0,22.960700851213414,True,Zt4a1Tcn2VkEnbnW,train
29.25519716849732,100.0,63.714702472375166,27.93965431840391,0.0,9.999923706054688,22.958931711964123,True,ONac7yn5Sh7sa5pQ,train
32.292960702060434,100.0,74.84828902972366,18.26999173125762,0.0,0.0,22.95448187622518,True,fbWcVnYOtostMMFx,train
22.675901256819824,100.0,83.24473703576673,23.988863033614976,0.0,0.0,22.95345847629296,True,y87I77YXxaEedYw8,train
29.704959723395735,100.0,59.21325771060786,33.22512691145104,0.0,0.0,22.95325396973032,True,NI3oKisI2sGeobat,train
23.72052881936033,100.0,12.833732601445226,49.30109014983324,94.74388794314716,9.999923706054688,22.95260070748361,True,nHG8uqzC6WToOtUF,train
30.265897844145186,100.0,18.023177633495667,38.14628894431623,91.03624228162593,9.999923706054688,22.951017194307926,True,hHuNzJKSCrPbVNwk,train
34.09977326037591,100.0,75.17335049980315,15.745542821071211,0.0,0.0,22.95005445427869,True,iG8KbQvyBw6fJmCI,train
20.51810261394735,100.0,62.168287956334495,42.46908164569322,0.0,0.0,22.948585176075653,True,LbW5OvygBwwAwdQp,train
20.377215022427393,100.0,30.137191513210624,50.50270707294302,64.6206752087372,0.0,22.946457657613905,True,TB94EpdVwJvIleNB,train
31.591526476120563,100.0,66.37393982638392,24.21147932889228,0.0,4.999961853027344,22.946266551417555,True,aXmtMHirZ8z4JM6O,train
32.31448677096077,100.0,71.16756278726888,20.950883133704906,0.0,0.0,22.943932737571505,True,Tnz6pJuXsyDIPwtq,train
22.14750293710895,100.0,82.86455689254127,23.630489848179977,0.0,5.0,22.94265723779442,True,uJExju1UyJbOBPuz,train
29.587905180630493,100.0,71.81183604440311,21.36371248653937,0.0,10.0,22.941494199125962,True,bTSw8KKjK8m1Z4FI,train
22.866111295526252,100.0,29.56992137114857,46.05982957107737,66.48621935508336,4.999961853027344,22.93829100417486,True,Jr3DGXRYD9fIe2Nm,train
31.576414971797128,100.0,83.15307253742756,11.600659806438259,0.0,5.0,22.937196584851065,True,fGd6OPCnL7jbUciw,train
34.13546818195381,100.0,17.838598788419677,35.95887381249027,90.70295687734547,0.0,22.936579470116733,True,JU7lRwk3jKkus24Z,train
20.860163834086773,100.0,77.92077399201266,27.662735599713884,0.0,9.999923706054688,22.9357003625691,True,3kHzHgflUnObnHGv,train
33.32653307928362,100.0,72.3662639964531,18.745364209490603,0.0,0.0,22.935645711186993,True,AtgrEYxopz2LSxks,train
27.841638548690867,100.0,19.06530506704839,43.07705426639763,89.98456572165117,0.0,22.93484453659206,True,to9WMYqr51WiJbSu,train
36.09060530679902,100.0,66.38924370029383,19.756285772257286,0.0,0.0,22.93229503619529,True,fNdKPYY3938VlsJE,train
34.61221099022599,100.0,14.88805174830496,36.94781209962043,93.09140033220889,0.0,22.930392946336774,True,FEDa5UEwbgmKPRNn,train
32.48454098623852,100.0,16.39878958280431,36.22860009910172,92.05469666215086,9.999923706054688,22.929404722210897,True,6I0TMTkE9dURrDlm,train
40.2449862726481,100.0,67.5428886470302,13.673849728847927,0.0,0.0,22.92744981098614,True,d0GDhxyZqWPEIPWo,train
22.80233125151618,100.0,22.01412000812266,45.645972731977515,85.90438225162966,9.999923706054688,22.927110658377167,True,sqn0kVXKZYALfqjk,train
29.759138176444687,100.0,47.45699706571836,40.08161150941109,7.013606962886655,0.0,22.925336753995477,True,fw7lp5IzCyEmIXQl,train
21.414427629315657,100.0,80.93814167120999,24.64438983071483,0.0,9.999923706054688,22.923202309456112,True,Aoii3sHP85gvuq83,train
24.220809852926187,100.0,28.875102138367616,43.47801156525679,66.77110438008185,10.0,22.92062531604214,True,243Efrgr29lBU5si,train
27.66511536400663,100.0,19.85371888790222,41.94226950298384,82.75194017665193,9.999923706054688,22.92038376891909,True,75rzCAeDbMKxhfWc,train
34.847173724980664,100.0,16.820386472017972,33.13790620006981,91.0424773402993,9.999923706054688,22.914552694379527,True,OqihiGiBwGw9MEXd,train
20.161344853293414,100.0,71.89871076403149,35.4315174680399,0.0,0.0,22.911446321536058,True,tnojrMXUYhPmwFDK,train
29.566993648953687,100.0,58.64841559140535,33.58896567300491,0.0,0.0,22.906803885550207,True,GWq728X2oFCfrZbm,train
30.285965283077715,100.0,72.45134423526845,22.33356969862764,0.0,0.0,22.905906895785225,True,tCBJ8f93Glz084Gm,train
14.77554030380499,100.0,85.43887092707345,30.726766400899194,0.0,4.999961853027344,22.905067087843474,True,sKmByvnIaQlDP4QZ,train
28.011088082918892,100.0,20.816172374379253,40.91013053962265,86.85833097750786,4.999961853027344,22.900138626337903,True,fHfmC6iWjLVmHVat,train
33.409777155914284,100.0,72.60153076358338,15.785270051742003,0.0,9.999923706054688,22.899724099167212,True,x9pBxKE2rzy7UMXG,train
29.25016589021862,100.0,66.49175176923998,28.04170706396141,0.0,0.0,22.894645650732933,True,NzoRleD5sn4YYUxC,train
30.849322852119418,100.0,66.48556792530744,26.03503491537967,0.0,0.0,22.892172884901903,True,JRHlvie8k6QHTIyB,train
28.813978038477934,100.0,60.40536556680746,33.133517729363874,0.0,0.0,22.891002890513377,True,TnwF5fMlgsKzEKf0,train
33.5327253515067,100.0,17.208218517588932,36.788755695706094,91.34157150558012,0.0,22.88924382993524,True,JSksWWLlka0YlG9Q,train
24.4025260843138,100.0,37.4161388696776,43.31125850209733,50.27185820416452,0.0,22.88889696215778,True,GhoijlwDxbqeikAz,train
22.124287130880617,100.0,80.55163226714413,26.3702681205029,0.0,0.0,22.887870246892355,True,hFmP9k3P70RbSHAY,train
24.646715946430284,100.0,36.598059747541036,43.70563522350852,49.86593046462609,0.0,22.885811516671733,True,hKEIOZXLyI4eiyzA,train
31.613426455394457,100.0,59.398132310392064,29.076186185594565,0.0,5.0,22.878313697526337,True,KV7WbJTGDxYrGaj3,train
19.467604521432616,100.0,71.78008612035136,36.21173194266021,0.0,0.0,22.8762604369429,True,1IBeZ421t05ilM5o,train
22.249304307515917,100.0,74.89931929268329,30.394194195954896,0.0,0.0,22.876062809972453,True,K5PARWBu0ummdZFF,train
29.169232488598247,100.0,74.49319667821683,19.543969365628925,0.0,10.0,22.875081497007873,True,dzgSkdn0qE1OgCVv,train
33.51116609305219,100.0,12.641785767701124,37.868741181112895,95.54429165990254,4.999961853027344,22.87502030028729,True,pIQHhKd6hgW82r06,train
30.55483519495288,100.0,14.619455964157476,39.51614599578477,92.74870718890337,10.0,22.872291751963964,True,dCixtrvUjEJAedMv,train
26.352918158088585,100.0,19.480114005303697,39.85784065998318,87.78059711048166,20.000076293945312,22.870848442535685,True,1VhSU5dvy8Tov9PH,train
32.95076353288131,100.0,72.46159186164371,18.811470024439146,0.0,0.0,22.86922366735471,True,1OQyYV09ehJBG33b,train
22.660605139125153,100.0,14.455849878249431,51.57153510365859,94.2961303303133,0.0,22.862642303766087,True,GVLnO1lH62DXnj7Y,train
27.84375518383469,100.0,19.404430470472814,40.64274248482211,87.24510321763553,10.0,22.862407024375795,True,XVYxdHAl2IA6Iuys,train
27.85098677313695,100.0,86.22226122832751,14.828868340937163,0.0,0.0,22.861859545720797,True,jQHoAtrdJ8L4V6lO,train
29.90650450773214,100.0,58.73370504571496,31.6231616789521,0.0,5.0,22.8613142195807,True,nxyNrHatu6cDnwWX,train
33.667758594037316,100.0,78.99494019711175,12.966165757508193,0.0,0.0,22.85941382957773,True,y0Koco40Qky2tPvY,train
30.19842945643723,100.0,18.553425983590596,39.97622330504946,90.62829104233565,0.0,22.859280474774568,True,TGpukDGd2OG546C6,train
28.683442250213442,100.0,63.02229964127114,29.907767878816287,0.0,5.0,22.855759084507287,True,BCZc0CEybtXiN6Um,train
21.77769560913769,100.0,78.90391241722381,27.878028955350302,0.0,0.0,22.855616555938052,True,WIcw0CgN3RVJ3oVP,train
22.276130239666387,100.0,83.55500180763502,23.745748142554035,0.0,0.0,22.851432459572656,True,7hlHU4tL0ZFgHwSK,train
29.332329991261272,100.0,68.96655817113066,25.866049015610727,0.0,0.0,22.85127602660706,True,8vVrwu3hnNXh5K9A,train
27.050837352558943,100.0,18.02075014510931,39.39675915923536,89.98374283286624,19.999923706054688,22.84435701869925,True,KNLjDvknC5gb4aUj,train
22.06992604394221,100.0,84.91716849327392,19.19212925821037,0.0,14.999923706054688,22.843478821921448,True,2dhN4UovsvYTR5co,train
23.483455114970845,100.0,72.57546583782457,30.42957292908244,0.0,0.0,22.843098240232884,True,6mUlAcXaOxTvZNxv,train
23.090784056610865,100.0,68.06996554597507,33.044247252865745,0.0,4.999961853027344,22.84203838927349,True,6XBathpqHldH83Zq,train
29.911639095978103,100.0,16.351802715573875,38.95557124292604,92.38918581387276,9.999923706054688,22.841249905912186,True,t9DPbpsrZAOnolTs,train
30.002822163657093,100.0,15.811433783901329,41.81853034141263,92.09254960806702,0.0,22.84075415718535,True,kxIlIqHXJM5fLQ40,train
26.301496908439844,100.0,16.572991559606578,43.57053983154566,91.29392370931443,9.999923706054688,22.840123298128535,True,NB4HmJSixjx3sncN,train
31.92832711502698,100.0,72.74825534592738,19.727420004993306,0.0,0.0,22.839804081644512,True,eJDgcNQzOHuBtivW,train
30.38949069931588,100.0,29.91755772083239,38.46300611416297,61.228181303131734,0.0,22.839016620943013,True,cUWIqCRu02vxCRFp,train
29.92052338847477,100.0,16.84277098897086,39.89108044658967,92.06748569376717,5.0,22.83813686947061,True,HQ0PKoKTo53SPwcr,train
23.845840242829283,100.0,19.914345545587427,42.59413574941348,87.3954439668776,19.999923706054688,22.837207426074748,True,Y9GsTDYv2epVWqXc,train
34.313206806239364,100.0,75.30997596792963,14.806819600745257,0.0,0.0,22.83616201689834,True,X3NAdmnvJ4kQy7HB,train
39.35307041279957,100.0,69.58043764655056,11.54760603836057,0.0,5.0,22.83485445785459,True,MzHQVvX9NcPLBSQt,train
29.100661510445153,100.0,61.585938956916365,31.551114728442442,0.0,0.0,22.82327916683723,True,NEgQ2WPxx6RCNmkX,train
26.582284225902384,100.0,42.42012317532525,42.450480431983415,26.46064122564647,0.0,22.82171768045339,True,Kmf58CxA8bZFoal8,train
30.28448723644086,100.0,48.342975002754805,37.92141377642653,8.204860585848252,0.0,22.817093844101155,True,j1RoXbmUVwHMXjK3,train
24.155553101582612,100.0,63.08142983894733,34.04841841533808,0.0,10.0,22.810786434305367,True,oXHyC6Ct3LBtKNdN,train
31.916940357225332,100.0,75.59394152390402,14.911685352966856,0.0,9.999923706054688,22.800659573788042,True,6qyKnXSTwhb4kVft,train
16.95589464811722,100.0,12.789704182701737,54.30560601814523,95.62812975620817,20.000076293945312,22.799960795571288,True,9nTzbpXAGbGPvJQG,train
31.81429388233767,100.0,74.83481384337576,16.85218245860115,0.0,4.999961853027344,22.799230131462377,True,ZgfgTMDHDU4YhIdM,train
30.09763951134032,100.0,57.34500102671505,30.8588457490128,0.0,10.0,22.7979291816449,True,zhUVL8RjnCjRrWua,train
16.991639888368187,100.0,23.900042562466272,54.97953514214881,79.34807030970558,0.0,22.79622690037703,True,gxa2gi146XRXUo6v,train
30.78285859819497,100.0,71.48852926187051,19.358730193265274,0.0,10.0,22.790740077482372,True,saMeASwEoEAis4kz,train
22.932884880729855,100.0,38.803077281832245,46.92848689406087,37.015737639204225,0.0,22.790167073229682,True,YYLWa2J8KZyrX9Ly,train
31.75337707929367,100.0,67.16215700160846,21.38628013438874,0.0,9.999923706054688,22.789920032245167,True,RNBSl5DBIAflFps0,train
17.890703509100064,100.0,29.071642729265243,52.068756189775634,70.78226194677126,0.0,22.786286621958496,True,S3AJk4kwHIvQ8H87,train
15.859789714146935,100.0,93.22585953421199,21.687240301096494,0.0,9.999923706054688,22.786270604190566,True,y4uO6CZklta5lQKO,train
29.366869123037915,100.0,59.90163943342566,32.273863330015345,0.0,0.0,22.781735861776397,True,h1oa0yGP99A3lqcY,train
26.191618970105495,100.0,79.27530798910405,19.212360263440914,0.0,10.0,22.781672993580163,True,uF4YSfZPWrtz8Q9M,train
21.704794697117265,100.0,22.314687144780695,48.36314001576943,86.5818898456307,0.0,22.77512424143184,True,JnzsFi3ktxuXG6Vg,train
30.960521916355184,100.0,57.83692802352954,31.76208480720055,0.0,0.0,22.768086644058336,True,clMu6Z9NoOKg7Fjv,train
20.070232679540727,100.0,75.4329383073562,32.17188305419323,0.0,0.0,22.76687552682726,True,97V447T3ePCnrtDL,train
29.98083311642346,100.0,54.94541430281789,33.89156871422563,0.0,5.0,22.765334167373673,True,vxkSpSkiQYJ7duG1,train
16.1172393946336,100.0,17.263460177159423,57.7370880798033,91.97071968828618,0.0,22.764782475607284,True,xvDyStDxA2P2X17z,train
53.39960249612017,100.0,59.24590077221949,1.359818800407993,0.0,5.0,22.758749499944564,True,avXiOqkVCJTBJahe,train
31.767202398194932,100.0,11.979967523942731,37.540217575635936,95.20563213125892,15.000038146972656,22.757122757178912,True,l0EQAaTZFsQRhtBq,train
25.904598301416073,100.0,19.977251735274812,44.37927552308634,88.15334093650142,0.0,22.75625948708758,True,TXxdUAseaneIteOP,train
31.48089071802047,100.0,57.26520989318843,31.477483432515612,0.0,0.0,22.755500849986504,True,LRhUM45y2hkZEzzi,train
32.78194868172598,100.0,67.7705882161431,21.96501072499335,0.0,0.0,22.75407754785163,True,1XwDnB73vQsSRa3s,train
27.944394689650785,100.0,41.24416448579468,36.67974428379043,34.89469817398319,10.0,22.753407110739143,True,R8xqGDtHEcvzyjob,train
24.86716822061342,100.0,86.9358566469652,14.964731126076515,0.0,10.0,22.75011677741344,True,cQKL6J1nK2FzODpH,train
28.500227715221587,100.0,59.56614030941003,30.93539320603834,0.0,9.999923706054688,22.747052801727307,True,SLtjPnq75cnVCarm,train
20.982410181630485,100.0,67.65818022625416,34.26161263841864,0.0,10.0,22.746652107029476,True,ZANKTAgUUXmhv1kT,train
21.29594662673351,100.0,80.58856734465573,24.151905763192516,0.0,9.999923706054688,22.74264909632297,True,P860HlkSqTCpfiAe,train
28.311087197407062,100.0,42.6473233335243,40.29898947141973,9.135483221236512,15.000038146972656,22.741444262074815,True,UlKTlFB6s2bur1ER,train
33.21443297112114,100.0,73.72082553584634,14.386188523606648,0.0,10.0,22.738969777878566,True,ggKvBPPXVM6ztBb9,train
24.739429074910692,100.0,79.46463602097087,20.670846199669995,0.0,10.0,22.738721911807303,True,7nneMYN2EgZhR2xo,train
25.80906680961285,100.0,61.8052092771858,35.05219152731941,0.0,0.0,22.733486399444963,True,KtSXbIWrlK5Va1AM,train
22.689063477665346,100.0,81.60398610751879,21.600606574670564,0.0,9.999923706054688,22.732981285781,True,e00ghFMZNoeZmBvZ,train
29.458687019932334,100.0,53.34118359050305,34.331838464009365,0.0,10.0,22.732216986360413,True,t6ltJZD0pLAkyiwM,train
33.276007932896135,100.0,72.64621814132536,15.080179822646357,0.0,9.999923706054688,22.731966854254843,True,OOTo1bjmAqWhSOBM,train
9.894114817435707,100.0,23.96031961211504,60.57406198952328,75.97741201657112,14.999923706054688,22.73125583021213,True,T166DhJU0j1gO2Ik,train
28.14283633271134,100.0,16.322768954615643,40.643546077156486,92.3236689744578,10.0,22.72901709052437,True,JNP2IGx6PkqK9RLe,train
19.136820425482732,100.0,17.965648579991385,51.52358264155796,88.84903068932891,9.999923706054688,22.726216641450165,True,8kn3TLDy8Pzkhxre,train
28.70230905300645,100.0,68.6481967715637,26.250590619926243,0.0,0.0,22.722924902971418,True,IYhLlV7atXIEFcBF,train
19.741248206147745,100.0,40.2875168958998,48.72737643928244,39.94953934722743,0.0,22.721391841139763,True,F3tXMXZsBStvOrPd,train
29.338654826139326,100.0,18.878080850730573,38.24059148498602,88.0876549015135,10.0,22.718876876217298,True,Yq54XCcVRGgagrHS,train
31.785837382041425,100.0,17.253193803124013,35.592801786554176,91.29769954261992,9.999923706054688,22.717879935723527,True,pKSYxuDQ6f8sZlfY,train
28.527209376775343,100.0,59.85670476313084,30.522455207396504,0.0,9.999923706054688,22.714795285445497,True,39cqDb2KVfedVp0t,train
33.49928025016516,100.0,69.74365330478261,16.890972456927955,0.0,9.999923706054688,22.714558734947005,True,3flKM48wC7Y5a7Zr,train
28.99608463299761,100.0,78.42597261795174,18.504082350314178,0.0,0.0,22.713733521005,True,gSXt2RMZhYKYcwIB,train
20.977311228649818,100.0,17.349536311483828,49.00374071074665,91.17788879997936,9.999923706054688,22.706397021336063,True,mWwqCOfSw3q3np7O,train
27.32377828841947,100.0,18.754818242899894,43.034827882448525,89.05904737035549,0.0,22.70408525354733,True,OgAZKYjCwNkFtA7d,train
23.25780056678461,100.0,16.501088216750418,45.457566120173986,91.4486600307812,14.999923706054688,22.703555785085307,True,Mytb5Udd0ULjuARG,train
30.208318364477428,100.0,43.045600293603655,35.19510107818935,23.048864786687304,9.999923706054688,22.700379275434873,True,lU0igyQMM4uG4yAM,train
24.642665959196542,100.0,32.61753084159464,45.268227587016995,51.857957570647656,0.0,22.699839511974115,True,tbsyltEIBRUmYw1C,train
33.04225995099546,100.0,70.38321484331615,19.407394796670133,0.0,0.0,22.69952617358031,True,HicggXrQ3b0yZwkS,train
22.24948978096008,100.0,72.99190276487224,29.669473603162913,0.0,5.0,22.695052580603438,True,XRSdH1cm8ft5LV5K,train
30.671830589697592,100.0,56.1298365295644,30.533664058359435,0.0,9.999923706054688,22.694162123833678,True,25u5Tk5LU8xHa8Qz,train
30.513886581064014,100.0,67.81936684801467,19.454612236587593,0.0,20.000076293945312,22.692302934482985,True,CHi1Ds6hTT62hC4B,train
30.472755551179944,100.0,68.92235938879887,23.671471701155596,0.0,0.0,22.690837136345937,True,gAIy40YDaZHIuubz,train
13.359957921202348,100.0,19.977163585696434,57.0457743880599,83.81990925848258,15.000038146972656,22.686716266039795,True,OukUe5SC1KVcOYb3,train
23.37916650544234,100.0,31.667865758656202,45.30185678627294,60.62085358323098,0.0,22.68638552657515,True,Cq6Gl8Soa3X8cKTC,train
30.79913968463262,100.0,35.80652272081611,34.88939076332473,42.72348908952212,10.0,22.68481593642162,True,T5PNDHJGtw2GOTUF,train
36.22099621575527,100.0,60.044210132174896,23.114320064804986,0.0,0.0,22.684744586726048,True,IVK2rYz13o38mI95,train
22.022785312649404,100.0,20.130801257179368,46.056489690139585,88.92544870917129,9.999923706054688,22.68288307552847,True,Q3W4miBvCja9XFMH,train
29.962643622397415,100.0,65.9656980099426,26.486412381291117,0.0,0.0,22.68279808334897,True,RK0I7kFhJjASu94X,train
20.528342248340735,100.0,89.95696660427872,17.776274966501546,0.0,9.999923706054688,22.680881731330032,True,0XFqMaOSzcSXCiQS,train
42.65191114911684,100.0,43.8389005192211,26.772033291173386,1.7412527576150296,0.0,22.680282161277802,True,xoUzi8B28rEujQ2G,train
29.071968704712184,100.0,61.00850718553275,28.792611156421927,0.0,10.0,22.677790485292345,True,j9o9HyZLE6rRiSgP,train
22.145153897610548,100.0,37.40968238888783,43.50516943577663,46.57769142134206,9.999923706054688,22.677655476260977,True,shdKzaXbVB7y0hA4,train
17.013670645124925,100.0,29.68782533957463,51.35290302433475,63.956241470852305,9.999923706054688,22.674980325929724,True,PM9Cego1hxZWSAZH,train
34.447833133270734,100.0,16.61948407110183,33.62482536096661,91.88281164287586,5.0,22.673986548320073,True,czgP2A9uaOq9S3Fl,train
25.422023920599297,100.0,86.29522950684287,16.870812446106413,0.0,0.0,22.673952895397537,True,lTlN2e9SksIMvwID,train
35.368116900540684,100.0,50.666564748299265,28.65936292985853,0.0,10.0,22.67388652335177,True,jUcte2XP5euTtIGc,train
27.846650283733883,100.0,31.979160956205213,40.14172567588223,57.659518185481105,0.0,22.669857758814754,True,GoNsIWYStkjAPBmf,train
27.03085142731723,100.0,75.9894572999992,21.311126657480585,0.0,4.999961853027344,22.668354875976675,True,wUNf4UaoHvltj2Ey,train
31.89313548151817,100.0,58.167334982949846,29.844083061326117,0.0,0.0,22.667200730087245,True,mDcut1Oit1ufRONd,train
32.46017361965385,100.0,68.10003458226942,19.177750566398785,0.0,10.0,22.665598705533633,True,KJd5sqATAxGLuiV4,train
31.23153451380108,100.0,16.138216753043157,36.63630359967681,92.18523770179561,10.0,22.665138746431886,True,SPmViU8ir3MyEnDf,train
23.460171288557284,100.0,80.28330067038752,23.754014368828976,0.0,0.0,22.658340796463246,True,Mqjf9xk8KhaTHBX6,train
34.310339506031966,100.0,16.064044152911734,34.00188100047501,92.4013080053572,4.999961853027344,22.65763119245898,True,oOpKdBkEN2VINP4v,train
31.063477103804274,100.0,17.774317389531987,35.95366868386654,90.68044943510026,9.999923706054688,22.65676927821192,True,llVd1G8jl4dtsHsQ,train
29.535926549855787,100.0,15.852185952573732,38.81224581377444,92.64223581585628,10.0,22.65637048389771,True,7sHtBcoTymHoL0zT,train
32.0001747427346,100.0,68.5610136632841,19.35664979449075,0.0,9.999923706054688,22.65552187937715,True,705O7VrjXmgilbWN,train
33.23130530558315,100.0,70.37803858397837,18.954568646324873,0.0,0.0,22.655445843257517,True,lHrsin9tFQeMLHj4,train
39.291078535676775,100.0,5.94083636529473,35.131524977613765,98.29748426199697,0.0,22.655074297336007,True,uAH8MMShR5bJPPxI,train
22.249518396832286,100.0,58.9483303335237,41.25214868422674,0.0,0.0,22.655058886081974,True,z1uffJgR4uGnV9CY,train
42.42285518123747,100.0,51.52055345393616,19.104720651889465,0.0,9.999923706054688,22.65473712908042,True,f12FNNKmltSlc4ks,train
25.005293617200017,100.0,22.27521843175213,41.41388695743879,85.54959435947325,10.0,22.652863278524244,True,sji9Sx7KUopPT6in,train
29.92214992775832,100.0,72.3715448932559,21.580946535724323,0.0,0.0,22.652458523072827,True,Mundfi8Tdo39pKGb,train
35.838895663871185,100.0,16.49591687137203,33.139067992242246,91.80295587898355,0.0,22.65207283907123,True,vekk8v80VJ1sADYL,train
19.660081917821138,100.0,34.70862771659253,48.03198649265862,48.45988304553606,9.999923706054688,22.650702273055426,True,x6JKQw64SWnIhuE1,train
27.70508203240225,100.0,77.32386139760654,20.62021982858502,0.0,0.0,22.648893683458546,True,7aMEa5aRlAJ5STFW,train
15.002969222117642,100.0,82.1636722577442,32.84370019723865,0.0,0.0,22.64403318363877,True,NBeJqqyP5kzDf8qR,train
32.209630527890866,100.0,69.01359529241495,18.694657178137376,0.0,9.999923706054688,22.64337454676517,True,d6ZWfj6IpmfKvxG8,train
37.99025573779481,100.0,70.64570439856084,12.741892479854641,0.0,0.0,22.642798090203758,True,ddLEG62Hkd9Gf2le,train
31.25259604770097,100.0,75.48637776201315,17.526444281718696,0.0,0.0,22.641394532570953,True,UpkDyr7OSJoRu1XX,train
32.78761116484787,100.0,73.38029256501295,17.18245501124713,0.0,0.0,22.640437678213335,True,ekNUUuwvfRTbb9x4,train
33.608463273104,100.0,66.21016682243854,19.027351977857975,0.0,10.0,22.639111237213378,True,U1KWodXFqAtVv1jc,train
33.73650351587716,100.0,72.57638809046674,14.088304951438658,0.0,9.999923706054688,22.638241268129764,True,ZMDkoUybjsYsBWV1,train
34.7038417976497,100.0,69.56249447573572,17.62504536453605,0.0,0.0,22.635343693679992,True,cipXfrj8OMaY9a9Y,train
22.0107918845712,100.0,91.27357189982892,17.20611199331759,0.0,0.0,22.634956154780657,True,dw9ge8uTEMsjpH8F,train
24.571370656906087,100.0,73.88774875396322,24.542126747836917,0.0,10.0,22.63443032688839,True,ySXS1iixqMj7coAY,train
25.48481977583163,100.0,16.433112956381756,42.54969862022651,90.74936132220807,15.000038146972656,22.633581584919508,True,3HXJGaaSpaav7mDI,train
30.187984285708637,100.0,73.34717280039854,19.149576617338013,0.0,4.999961853027344,22.62898540760591,True,74CasCnRhtU84V45,train
39.14086435671374,100.0,51.828747637177756,25.346449175093568,0.0,0.0,22.628818069773814,True,9kgdxnPmBV4xerAP,train
20.01155322675462,100.0,79.51138221646306,27.245810079259414,0.0,5.0,22.62875765501,True,CEbvnVInnIHWqJEN,train
19.92715237087767,100.0,60.90221858860609,41.30704377426113,0.0,4.999961853027344,22.628527728513923,True,PgDdVwXzrDO3RBVv,train
29.58722663832825,100.0,78.80373735165969,15.80565276323118,0.0,5.0,22.62849781497725,True,fUVZgu51CqrTZNzQ,train
21.923784108383057,100.0,83.1439555279241,20.877049407458784,0.0,10.0,22.627949237776136,True,McI7v5XugcFOStUb,train
32.646121172337054,100.0,16.204280842775947,35.946924202160304,91.91437921878195,5.0,22.627276220871817,True,CRvdkgQZHH4wlfg7,train
22.579358652013706,100.0,61.525604067141046,37.50507208193951,0.0,4.999961853027344,22.624692782113854,True,gcoZoTE0XUST4daI,train
28.957253719695956,100.0,17.349203287261997,39.93139594163349,90.93372816381378,5.0,22.624659519530674,True,J5TaRgiDEei4CFSg,train
31.848950904573453,100.0,74.78338378147222,15.96387429341273,0.0,5.0,22.622520152046743,True,tNCBYalqLGBBmrlV,train
29.199289232443043,100.0,73.58137314801019,21.42667619902511,0.0,0.0,22.62236352011731,True,cp7HtvFzVkbwRwwO,train
21.82579902375686,100.0,61.67524208072763,37.063382666564074,0.0,9.999923706054688,22.62040878666391,True,iPWmH2tQy1KNdWRR,train
35.6214136237307,100.0,55.73639407930351,26.755963438357,0.0,0.0,22.617005205499602,True,c2Lj59DkdNrGcUYm,train
29.775435732814053,100.0,61.9799430828767,26.871231125723085,0.0,9.999923706054688,22.61509280608237,True,V216R7BJFcBLauD9,train
25.697782723392212,100.0,19.686886595009497,43.90305863511588,89.13201443367586,0.0,22.614691118806448,True,tbykGkGuYaCkwuol,train
30.586549928852957,100.0,76.52977814464279,17.43932976288825,0.0,0.0,22.61397015648731,True,TC9hPEleDRnmCYTU,train
21.168037483744353,100.0,27.34096504887532,49.271873634666065,67.3233454298337,0.0,22.613696126692282,True,CGrFUgbWEpGZlm9l,train
29.0133073918996,100.0,61.979085397170905,30.30539444148124,0.0,0.0,22.611268545846784,True,XUnCsc8YYR2xf55m,train
31.716876908926363,100.0,65.10881751166822,22.06767165246883,0.0,9.999923706054688,22.609072369778325,True,k0DWB7p2ol2J4n43,train
33.425308116804594,100.0,65.79581432783633,19.409167443062927,0.0,9.999923706054688,22.607528852291917,True,ZncYZQiEOyWN4qDm,train
24.61797082746047,100.0,21.611756413710587,44.33206699407108,86.89185524560794,0.0,22.60726233001632,True,9W3yiUxodnd4ir2e,train
32.81663199217021,100.0,64.18017141177003,21.377533602928253,0.0,10.0,22.60669043039371,True,PMR5TI9MaDsLLpZu,train
31.939284251327713,100.0,49.528641048485675,35.95281527386834,0.0,0.0,22.604680274878447,True,tKR69yz8TmeLS1Op,train
31.6641687783934,100.0,29.01037720067881,34.12142967961303,60.23981249990947,9.999923706054688,22.603871520920986,True,6r1Tft4kbgpr1N0Q,train
31.775416362915255,100.0,65.9984921555354,23.777117731872508,0.0,0.0,22.599051460433625,True,0SwQKfck5tvgcLfc,train
27.391784219152655,100.0,78.44454843568073,19.918138046247392,0.0,0.0,22.59825592938975,True,V4fBfllhZvcWpUK0,train
22.084083638580935,100.0,86.33581506398053,18.123244088714983,0.0,10.0,22.59604198698531,True,gkYlJzGvQkIMC7w5,train
23.78017975155254,100.0,77.43299864168647,22.67526760989756,0.0,9.999923706054688,22.595044441423354,True,ATZy7w7SYz8j2ire,train
30.731431912540792,100.0,70.44016159479722,21.700716977001832,0.0,0.0,22.589025612755147,True,LmnlA1Dlq6ryKo2h,train
17.984462764576705,100.0,30.534707828786644,50.14563066656793,64.66960236442878,4.999961853027344,22.588926209648566,True,KdoYyoQH98xErmoM,train
30.33188415018659,100.0,39.71409790827107,33.84892762602925,35.52083053097736,9.999923706054688,22.585908960844762,True,IOxDWxCLb4oZUozO,train
28.787970325213998,100.0,60.52450456035749,31.542422957553725,0.0,0.0,22.584152856867867,True,RnfSxbpkgMGxWL0R,train
29.620555126891997,100.0,64.87094721243427,27.23866406105921,0.0,0.0,22.58351367579998,True,SGCXZg4aa9O0AAIM,train
11.126259463169216,100.0,83.9243862135325,33.563621651536536,0.0,10.0,22.582947128129486,True,1LsMAGOsnBq0wVpH,train
22.835002267445095,100.0,19.606445406135606,46.11333797861405,89.20984621115159,4.999961853027344,22.58287537671337,True,4fOk1KG0Pp8ZuHqs,train
28.861176580458455,100.0,56.774185127205826,34.241702418792855,0.0,0.0,22.579762397954056,True,1r1HsYsEMpBUYQwA,train
23.12694393335101,100.0,44.020758424132225,44.51591755761683,20.827475175836668,4.999961853027344,22.579405109924153,True,ExXxCyDlMNehTvsL,train
38.89295178322029,100.0,55.66213851068636,22.533086713656004,0.0,0.0,22.579176065139226,True,pNMVEq12VgJwA3pa,train
29.175862139612075,100.0,21.07887308627418,36.39583541179749,86.85906035575401,10.0,22.577916597991344,True,YLsuD6VqcvWhMQOK,train
33.334678731596654,100.0,16.391460499753467,36.10422317159188,91.29138867896717,0.0,22.577802826128917,True,BpxlqhpP8bjTlZ7H,train
29.974235956698955,100.0,75.17573876051003,19.0361860090008,0.0,0.0,22.5771570050514,True,wT4VIBQqeDPI7ju8,train
37.7178096884341,100.0,58.40716143337538,21.928033948429572,0.0,0.0,22.576133426800748,True,q7lH9zMKOb4UUQ0s,train
37.82008350857896,100.0,63.34550387564403,18.084967522911995,0.0,0.0,22.57383996307374,True,8rgKAkpPXok5BbVP,train
32.100602572545284,100.0,69.75900101153039,20.387424828573273,0.0,0.0,22.566485760580534,True,KKcKYEcduf8tawWs,train
20.39030013759434,100.0,77.19271050154971,26.94764022889639,0.0,9.999923706054688,22.566005840713057,True,PuDCCRnGEY59YVkQ,train
29.70342849549358,100.0,42.51692813826696,37.093961873095765,16.868653310631743,9.999923706054688,22.565617570066912,True,yhc6bG1OMQ3J6ZRE,train
32.137807706715826,100.0,78.69096900117344,13.61608782517881,0.0,0.0,22.561314841890734,True,hLiEFJJUWvhNZcY1,train
15.663585343032423,100.0,88.2665052978588,27.014152842323583,0.0,0.0,22.55870269890164,True,6O6a1V20YYH5oVmx,train
32.31089855538223,100.0,71.33818048975337,18.887253194930622,0.0,0.0,22.555902351294687,True,AbaV1IM6jgVLYzm1,train
29.724448106488158,100.0,28.130393083713393,38.071540665420365,65.81660283977403,0.0,22.555809264251824,True,1FnhRcitkyZsuMUZ,train
39.60503552835358,100.0,67.61625497797792,12.54508650884516,0.0,0.0,22.552714430554115,True,hfyzCoYiN7as5Rv9,train
32.72366009436651,100.0,24.859548012002975,35.18787569997197,72.0829584493965,0.0,22.551570287856293,True,mh9qL38iGOLALgHR,train
16.681050171305596,100.0,73.78410047594917,34.06497985308843,0.0,10.0,22.55087358483646,True,zFbyRBlwn6lrrC4j,train
36.978290984486264,100.0,57.491519776191566,20.90781735382538,0.0,9.999923706054688,22.549860368618113,True,E6pN7TkoUI3vPjci,train
21.256114803843538,100.0,66.73845510907705,34.87504993520325,0.0,4.999961853027344,22.54980504701446,True,Fi52OHIUuYFtqJ2K,train
37.06208728652955,100.0,60.575303832980545,20.982942561784824,0.0,0.0,22.548405908936434,True,Gg5opb7EorvpO51R,train
29.62043808401602,100.0,70.11398357542362,23.117285092664318,0.0,0.0,22.54566407585041,True,qNxW3f6K7nxd0P43,train
27.39365287074755,100.0,84.885524235537,14.800474122652616,0.0,0.0,22.54133667754796,True,7npGfBUDtkUmpBlM,train
27.739775468637298,100.0,20.63506761591828,40.468345936309355,88.29887064057283,0.0,22.538816728837578,True,0ItHi2DTkmP4b0MM,train
23.8130978635162,100.0,20.738627610012596,45.55524335673299,87.25979126232032,0.0,22.538106841843554,True,78ZIDnWZB1mfqKmS,train
31.119089064918047,100.0,58.733541979239746,27.217852514718146,0.0,9.999923706054688,22.533370251361838,True,BfeqoxfMcUy7zNPH,train
30.540832862234673,100.0,59.83150204491228,29.601942844691237,0.0,0.0,22.530322091233757,True,6vKa40bVYNQ6391U,train
26.194527401244798,100.0,18.619782162998167,43.65949734899825,89.10358571760278,0.0,22.52867793044071,True,zN7PENLV9H7CSlwz,train
22.585715595069246,100.0,63.19858157819057,35.750474863240996,0.0,5.0,22.526311108144096,True,CxcwMgF8Vp9SXKpb,train
19.852089703257434,100.0,42.89699553706117,46.62342972121099,31.051523794306902,5.0,22.524833890331077,True,DrXnvg6YsMiG0Ami,train
32.615975235431065,100.0,65.8949395978228,21.18286538185282,0.0,4.999961853027344,22.52480591755312,True,otGSflslVXzBsErj,train
29.116081829762983,100.0,17.77823819872676,37.709602317362744,90.72895442029709,9.999923706054688,22.5241205570399,True,xZThV64P8tnr3s7j,train
19.788899786179634,100.0,85.74334577342309,23.54679670119883,0.0,0.0,22.518086152798134,True,uVFW8jJ27QOZCdmj,train
24.81902646057075,100.0,86.68826254118876,14.04963958178189,0.0,10.0,22.517923912677382,True,beAivJwhwcRiSSOa,train
23.762771807821267,100.0,83.82385672746935,20.00105232534851,0.0,0.0,22.51448192614542,True,8Q1kahXfPT6yzTL5,train
21.593790926006484,100.0,18.8691929989778,48.96601997332914,89.75556310933271,0.0,22.509808831480754,True,yatSlFGxSFYZgWdp,train
30.324648306836988,100.0,71.59363630834,19.688587266285396,0.0,5.0,22.507924976217325,True,RZzUk1D6iNIb6zLK,train
24.421157666011492,100.0,28.66221570674288,44.48082216196909,64.11200727013254,0.0,22.506386568414747,True,Tx3bgo4Kh6KmHDdC,train
35.65185568923519,100.0,15.599202421966146,33.13118066662106,92.5277181397345,0.0,22.50546632591466,True,yxCgB1YGLTBPifmj,train
28.522751468732977,100.0,16.64415579369381,38.87113552326643,92.07634653648279,10.0,22.505355667714742,True,DZmrW3qZ3vHPbQeN,train
30.13117832118172,100.0,17.35181098221745,36.48966695874841,91.42054486213337,10.0,22.504526862484397,True,Gl5sZCEmnT41Ke1i,train
9.804061400412738,100.0,84.93160680147552,34.05744371784222,0.0,10.0,22.502245113892958,True,h3qSpQ0BmETYZgSU,train
28.499938252645485,100.0,42.55177944734571,40.1625131742654,9.193342334045525,9.999923706054688,22.499917417121317,True,uNFOlWymq2TFwvZC,train
31.816027055625806,100.0,16.10169009544236,35.2721264059938,91.51216526447705,9.999923706054688,22.49929000794815,True,laBNyxyNmlxQ6MAZ,train
30.24170330311275,100.0,13.603185587529067,38.56341636873185,93.6704607267313,10.0,22.497109973990487,True,QKMcE1qzz4TAMWF1,train
28.378494626080958,100.0,73.42672938147484,16.937389569749826,0.0,19.999923706054688,22.496107162994164,True,VuSbNCLXnqR4r3ie,train
26.89527108147078,100.0,72.00292277879677,22.358193575367977,0.0,10.0,22.495894902260808,True,9xS5ZIMO6fgXpQQw,train
29.879703571220873,100.0,17.50951821184988,39.280496515086554,90.83639367847431,0.0,22.49427261152373,True,5W5FSWMGkLobvuFE,train
10.694180861567872,100.0,25.65179660656039,53.10638232769405,76.9096019442674,30.000076293945312,22.48807508382547,True,0heCwhFpQnxJmAj5,train
32.76134351830158,100.0,77.51751280788058,13.344146770263066,0.0,0.0,22.486792154810097,True,lmdl9GB3vPS8v6Sb,train
38.56739134791273,100.0,60.331157119429136,16.454655229108553,0.0,10.0,22.482452450714266,True,P5QNCc66w9iD4UDr,train
23.085018157776425,100.0,15.698586923755876,46.217022614251604,92.25916329395497,10.0,22.482405265555556,True,UqjctOv1FHWhpgsx,train
39.678843218875244,100.0,52.699984174590774,23.27756153612819,0.0,0.0,22.480220738133067,True,qSZKCxpE8YVOsbSZ,train
26.80312317008918,100.0,18.123189830980824,41.45363538224494,90.36240629300545,5.0,22.47810665826868,True,Kz5iJqbDZBRPQLZv,train
30.554314443447662,100.0,45.425769404063104,34.88980751264047,15.947080135950984,5.0,22.477759530797023,True,tDuwGdmcNOag7zH7,train
28.22358049931984,100.0,21.16700236054485,39.402706466156175,87.30681799610572,0.0,22.47682767194821,True,QiKpnXS0gnizGKmE,train
39.3926609137708,100.0,65.79216765454916,11.297500361251892,0.0,10.0,22.476490448875452,True,FWiyneKLYWwV5Py5,train
32.845936868924525,100.0,64.67309573284427,21.55213824447533,0.0,4.999961853027344,22.472874318704207,True,YtiOsfU0cOEYTtUd,train
26.711400034918675,100.0,84.33898189371835,15.71283285205179,0.0,0.0,22.47126386319778,True,vu0p8xQzyNdw3vZg,train
23.019338699623233,100.0,36.67715165218412,42.93424236246685,47.53925766409533,5.0,22.470218778431562,True,mAaCshFdYBaklxkv,train
26.110844604099633,100.0,17.122084723566278,43.94950599901907,91.63078147621428,0.0,22.467464133174378,True,vSAFYSzDCA5eL3vi,train
30.221123199148323,100.0,73.44558485640647,19.461991634419007,0.0,0.0,22.464516855131855,True,ysDMVtR1CoJAs2Bm,train
25.56800445618596,100.0,16.80181809383053,42.38034056322734,91.50290155759633,10.0,22.463487018646354,True,W0fOJITtl2OXtypG,train
33.05714449191199,100.0,65.53756193005788,21.84129642718983,0.0,0.0,22.463179697924645,True,wQNLK8FDXoUD6YKm,train
30.680128656816816,100.0,58.303139870058004,28.970680913825632,0.0,4.999961853027344,22.459637420129397,True,RI0lmXgWontGtuXH,train
34.55653243852532,100.0,71.66502202779714,15.352868770068767,0.0,0.0,22.459460167814655,True,KsteLTWhqDZKUd9x,train
12.618860912512982,100.0,85.71071728745568,29.74031984425696,0.0,10.0,22.45938679009799,True,WL4295AOCQhHHpKE,train
29.888775003720884,100.0,49.65636378325938,35.886846742122955,2.182431891913012,5.0,22.457139261439366,True,gN8qJ5Nzi68K80XI,train
33.06741131906391,100.0,67.41693572320987,20.378909184964996,0.0,0.0,22.455175025240454,True,oMFzVNYfwB8787EQ,train
23.49417708533359,100.0,61.02100473085532,37.13961865266301,0.0,0.0,22.454618711494298,True,ogDvw4kKCEzchqwG,train
29.029477320932312,100.0,74.29322510141323,17.714893236333708,0.0,10.0,22.444331742711803,True,W8r9lhWCvhGX1XID,train
37.53780612466043,100.0,41.2935842364768,29.486364322657593,19.364565587602726,0.0,22.44399031054828,True,ewYlEIEmas0JBluR,train
24.652478649879235,100.0,75.50168872106497,24.775224397438805,0.0,0.0,22.443417850117317,True,qGewAMU0JVuDSbWd,train
31.798317793677285,100.0,16.44330797965628,37.269898042704945,91.34978599044886,0.0,22.437544553431195,True,tFx6nWCB2mWCWJ6T,train
12.031842006840021,100.0,74.75991394688863,41.07668558004784,0.0,0.0,22.437284709752866,True,ZKDmqs25MncvoFGI,train
30.36314419628261,100.0,16.524398513705574,38.88770504361556,91.77027412435827,0.0,22.435500541067515,True,VvrB5JPIFV9pTQdW,train
31.55013952741102,100.0,16.52997513198916,37.56382592666239,91.04962119302974,0.0,22.432277396635097,True,EHkQzt3GEhocddlv,train
16.352845173963363,100.0,29.429548396126833,53.482744647997535,64.52033951342358,0.0,22.425209458180554,True,fZyQb4BQmKk9oeH7,train
21.798044211453067,100.0,78.12288906955797,21.269929698532337,0.0,20.000076293945312,22.421934167700694,True,YoSOfHjNCeBUOIfV,train
31.199116199511977,100.0,13.360601721331165,36.96734235971006,94.43475226169308,9.999923706054688,22.41907157840707,True,67aCyQIfCPacBIe5,train
31.73787703841824,100.0,68.09822802263224,20.09879757756022,0.0,5.0,22.418962978511438,True,qYvuLyRZ64uRXCQz,train
34.315762787659565,100.0,15.695803170418245,34.23630573005012,92.71230217414589,0.0,22.41618742719495,True,qabXtpX1I6B7yBGt,train
32.56082642524828,100.0,70.82888427498006,16.993897977910848,0.0,4.999961853027344,22.413316935792615,True,EQUdngFutoHbXl4C,train
25.01805971889261,100.0,61.391095887887865,33.496075945850166,0.0,4.999961853027344,22.412392594727734,True,IVNDje4W6Uv4r8cy,train
33.9110065856965,100.0,68.21467269719832,18.499035708332727,0.0,0.0,22.40975969267042,True,LduUDhK7VfWP7HOK,train
27.301122958091554,100.0,19.45120661898711,41.15795181655165,88.67731103512988,0.0,22.408417647437776,True,QXsgKYaACO5YQ3eb,train
21.505144514619865,100.0,80.61248660850876,24.698659796006638,0.0,0.0,22.407891079132607,True,3evlRU96UPHFm1nK,train
27.494117776252086,100.0,69.21976392542638,24.495816523936895,0.0,4.999961853027344,22.405655430315726,True,Ij8EjOnuKcMXyd7Z,train
16.105865313391373,100.0,22.9432844948467,55.820409480439224,75.3794417420998,0.0,22.401012985767686,True,rXvkVgkwT397JBcB,train
22.926427253491617,100.0,75.31231756129557,24.342140980836348,0.0,10.0,22.39688264373451,True,Qym0HswizLA6Lsrp,train
9.760083115500855,100.0,32.3150193699084,61.33131160861185,56.81424425296963,0.0,22.39424821873233,True,e5uqF0vLwbhZm2WZ,train
24.28840207010539,100.0,87.89010539153614,14.441957186970228,0.0,4.999961853027344,22.394005856302183,True,w8ny1LcQUjyWPf9e,train
22.348235727081324,100.0,22.69596143722647,44.468932586267584,85.1430914506743,4.999961853027344,22.392392329792898,True,DdeGnixORSYzyV3e,train
23.397681645721207,100.0,71.19608633034753,29.27999303492801,0.0,0.0,22.384831967968033,True,48MQ0jL6VMY8UJpn,train
18.527925266601663,100.0,17.931534131832493,52.58276982787182,90.91261205186618,0.0,22.383896004592966,True,d9EJFpa42vRmLb2c,train
32.21865215941318,100.0,66.67692898177842,19.12609776020703,0.0,10.0,22.381421939161466,True,1qmhlQZK2d2W7JDP,train
23.20096585060761,100.0,18.93120680023717,43.79453592357774,89.63534572698832,9.999923706054688,22.38059313905518,True,igHczTSQYaTpWApk,train
1.5243922849116773,100.0,98.25294913273152,32.5538651999335,0.0,15.000038146972656,22.379815388472977,True,vA5PxE8sNbkxcs7j,train
29.55608548970244,100.0,68.10990263928159,21.36504546939767,0.0,10.0,22.37851586219738,True,Jw1pjbJLuWokZ90y,train
40.22215910908116,100.0,60.76258587387376,16.035936928156033,0.0,0.0,22.377115043982563,True,JLmKe90iL983w3zw,train
33.75512374004033,100.0,72.05748988234123,15.614868736625638,0.0,0.0,22.370378164686393,True,8SW0pxCNRQ3EGAQm,train
21.518995689578684,100.0,41.43065936404032,41.69732500340274,28.728893934063223,20.000076293945312,22.370261339081694,True,ftCq5R12ClNKdTwx,train
29.681716875363747,100.0,62.62365414301438,25.275595284330535,0.0,10.0,22.3690963971592,True,auytbZ5KKx2e9lmO,train
15.686945183546467,100.0,15.509880953247485,57.24498127267801,93.39547305932098,0.0,22.366988346375393,True,5sFX4xspPfGIzYtx,train
32.66851090937473,100.0,67.52033395246966,17.854182650053247,0.0,9.999923706054688,22.36601053552751,True,MJnAD5fqyEqKc8By,train
32.51512302417403,100.0,16.989342760910738,33.15108598871559,91.13040134886516,9.999923706054688,22.36391562066923,True,vsVAVmvhDuFnuWe0,train
21.568133789895512,100.0,28.004143556632503,46.40340259137966,69.69305662928369,0.0,22.35798833070887,True,IQUTEJsjQSEEvguo,train
29.41609505571831,100.0,15.381962873149902,37.74575730635982,92.94041421462335,9.999923706054688,22.35748655220793,True,H9jmm42cKDbfMZLI,train
28.412175730979676,100.0,62.67719885936399,26.75833845613785,0.0,9.999923706054688,22.356287638179822,True,vvvTOryw6qlVzGpy,train
30.138034741252966,100.0,48.45952329146469,36.57008195161738,4.693470521469692,0.0,22.352127095429907,True,SHu0IZg2GThcsud4,train
18.978557695035555,100.0,23.216262146897733,48.77940559611912,77.30777245578977,10.0,22.34834848780686,True,fotfkvVpPZH1S75X,train
31.8792465614003,100.0,71.20334958798114,18.476499180305723,0.0,0.0,22.345613914608393,True,njIa6OVNsrJxGyk1,train
28.44753975840934,100.0,47.79907573007762,39.15769910662784,4.572860294748324,0.0,22.34192913517696,True,s4ZRrORurv2KwRAY,train
22.37102608641628,100.0,30.948934778911514,44.776905822134744,62.96945026066369,0.0,22.338950415900932,True,bWa40fopd11ROkUh,train
9.315176418386866,100.0,32.17854276825406,60.087997562276165,63.2996818133895,0.0,22.338159122959535,True,BUtsMqdXwRZIevgM,train
28.083149295958695,100.0,54.399366273271355,35.77281408433221,0.0,0.0,22.335255081846817,True,8uO5nvI30O6tA1qc,train
20.125995604207265,100.0,73.47723385511347,28.902181969572354,0.0,9.999923706054688,22.33351655853604,True,ByMsGK8ModbxgLOS,train
31.541078595732287,100.0,60.51510359510108,26.840196513427628,0.0,0.0,22.330574490883755,True,VTISw0JTAOeUHHGf,train
14.472412405306784,100.0,85.40836978303447,29.503136368387814,0.0,0.0,22.32998584245943,True,qlMHylk9AKNiayAz,train
19.719081578373515,100.0,26.687234391705907,49.11095954230302,71.48251989983925,0.0,22.329173456801833,True,Yvzd34vuEnHTOW91,train
22.734611339055654,100.0,76.08633659888187,23.656568421959264,0.0,10.0,22.32791700898805,True,hJcomjtiVSzaxdGY,train
32.35862381855674,100.0,62.45576660314877,21.848437267637763,0.0,10.0,22.327708398639054,True,3LilQldxyiPbg9QV,train
15.568169556187328,100.0,64.40288862368675,43.86902441608558,0.0,0.0,22.32628056581696,True,13pQPV2nSeeFdnaQ,train
31.975568958827637,100.0,71.37068655964954,18.125348150927607,0.0,0.0,22.32456485383986,True,azPlROYpxdSr4bQ5,train
30.51825999360107,100.0,62.65213139233924,26.480411649061907,0.0,0.0,22.323467037063534,True,KWroX7LP6rrZgdYT,train
25.211962399909016,100.0,82.04482335915066,16.064972839449524,0.0,10.0,22.322708671739758,True,tdtUA4VWyJj8hjfv,train
21.154505330063714,100.0,86.33925164458597,19.151102117738944,0.0,4.999961853027344,22.31973259540298,True,PPYJ92BZooqhsfhf,train
33.13207733267659,100.0,66.90277956655441,17.493695188499117,0.0,10.0,22.317175305852135,True,B5GGvBIUtR81BF6A,train
23.600396143803906,100.0,32.019121944803025,43.712183750562744,57.430450592687336,0.0,22.316926607418345,True,KVb7Fh5if65kxFNZ,train
33.71280954730067,100.0,64.85485926431271,18.261499011818415,0.0,10.0,22.308731078835756,True,ShpU8GFf3WyjIopw,train
33.60422252202621,100.0,74.681871732863,13.520964128480927,0.0,0.0,22.30752921613219,True,PvBgyjl1vyTTRrSF,train
29.905622873787763,100.0,57.20238376911516,31.244534679072913,0.0,0.0,22.305670219628794,True,7ZHsmcYMGHSoNkRc,train
20.07815460701043,100.0,30.123299553695432,48.109745845942115,62.73312114885721,0.0,22.296638811438203,True,LacYGRQHLjuX6YI1,train
31.443498774960652,100.0,53.75922682394621,31.845585402411388,0.0,0.0,22.293875797814373,True,iu7NukzNV1tLvG1G,train
30.134080979935575,100.0,66.90780492736755,23.613171734985215,0.0,0.0,22.292325331086072,True,uvZBztPjmNra8jOy,train
28.29713551381384,100.0,18.94794507041086,39.506308924196716,89.4243364045353,0.0,22.288954244081197,True,8lGd2LO84KMYDbiq,train
21.2315941026404,100.0,83.88800120734565,19.4798184223351,0.0,10.0,22.287062391228968,True,fLLq60ebem5PCZif,train
31.78995409146612,100.0,67.48293303947676,18.57804322440478,0.0,9.999923706054688,22.285533308971733,True,JdAQeZUNdjipeRhz,train
25.95889835500009,100.0,81.17676024929054,18.05577683054679,0.0,0.0,22.27739399225296,True,43ANVj77p3kZZl4A,train
37.766295815327126,100.0,63.22007255991667,16.75380428642076,0.0,0.0,22.275345695103432,True,ppLPLXWGkskyzQjg,train
30.947785393719997,100.0,15.199336698823402,35.80210377561254,91.73667464322145,10.0,22.26410134053709,True,u2GmKpt49cHoxrO0,train
26.235752721098933,100.0,19.43679630687065,39.29304231163673,88.5924159811747,9.999923706054688,22.262683072994147,True,eHrCUjyzGdz8nV4M,train
26.814234492963315,100.0,27.519503038525443,39.50034460308287,65.61681578117657,5.0,22.26239378869505,True,RGhk1U3NC8ThYLiQ,train
26.486529339587975,100.0,9.995246721253586,41.511423878528966,96.75734081425564,20.000076293945312,22.261074974200874,True,7G2Eyw9CxUwwivGA,train
14.950707869086242,100.0,31.651815265764665,54.31549440929601,58.19947319268019,0.0,22.25852179862947,True,iNpUUWp8zUK39Gnj,train
23.058638583472327,100.0,81.54324940258253,21.304488274830874,0.0,0.0,22.257044711221635,True,Dh6qcbVPqLpIX8Je,train
10.109722542056174,100.0,14.700769911352676,64.67171498902319,91.76516971475311,0.0,22.25514760575924,True,1v5WO5CWYR9Ysgf6,train
31.38601885131279,100.0,72.09434092139642,15.447110449427981,0.0,10.0,22.250077940923255,True,l9DVLx7cfXtux5y0,train
34.471837749079924,100.0,14.51303041993529,31.4536847970803,93.27785394348695,10.0,22.249543656850683,True,WHjio81dPB54siVe,train
31.250614177763122,100.0,17.62521412558865,36.126453415541924,91.35189769662304,0.0,22.249321231218616,True,pCLLIEaHb3ZS2vpG,train
31.323537904178064,100.0,57.68532804222439,28.82684928275357,0.0,0.0,22.24905353892889,True,kPAzLmp1weo98ri5,train
29.393602123008208,100.0,61.20947602555884,27.346129254847895,0.0,5.0,22.249047785555454,True,VAD5q7U25gBBimRK,train
34.116322328516624,100.0,66.27914937344943,18.844776551914265,0.0,0.0,22.239908298529425,True,zmjkSQH1SVVb9fkA,train
29.52766369677953,100.0,49.26956864286376,33.58625058310518,0.0,14.999923706054688,22.23959752254822,True,gGXi0ZbP0Fa6zyTW,train
41.76660638830204,100.0,38.41682339481832,25.716958000957774,17.830314882115673,0.0,22.2390824505956,True,JsWJIlzNSemffTM6,train
34.57596873618729,100.0,65.42946844080785,18.899063910210444,0.0,0.0,22.238225232210088,True,9WnZHqY88T78Cgvz,train
17.515085303807957,100.0,26.996633816531844,51.51694913334822,70.09899641617294,0.0,22.236606045910058,True,dPod4u6iqggrWkcU,train
17.54418396656878,100.0,19.016747824845595,49.95383676738277,90.14522841296379,10.0,22.236586939493776,True,YP6Oku21gFEsOIwB,train
29.463609469701318,100.0,66.5644923587377,24.422655817666907,0.0,0.0,22.235107384769364,True,yZEitA39BmLcpkZ3,train
30.328060139026555,100.0,55.38336687666162,29.213380858008193,0.0,9.999923706054688,22.232192423160257,True,iq3B7MtOEAT8kLmz,train
24.383835405099095,100.0,33.64428185157806,38.652321750307394,57.13725898926859,9.999923706054688,22.229924613839124,True,q3Oft3cwVOIdyOEb,train
20.85133902890627,100.0,79.47214021948382,20.464055834693056,0.0,20.000076293945312,22.226470771785017,True,Pr1jVL1Oky1SswWz,train
20.9463833860085,100.0,61.32968685785964,36.443606289271855,0.0,10.0,22.22477013303544,True,BJFM3na03XmajYGv,train
27.991245163528497,100.0,79.39233638737767,16.58704246145578,0.0,0.0,22.224070241279932,True,0pTrAB9K1tq6FYnS,train
28.917305255525257,100.0,51.96596128714968,33.466191400865085,0.0,9.999923706054688,22.21745497242952,True,nM9nz3Q6iEygDA60,train
29.187694835402308,100.0,17.15185606322169,37.99304341151871,89.97428173233068,5.0,22.21702488725411,True,KbuUYQ8wcMwE6KjG,train
30.612461538790246,100.0,56.409397964451614,30.510086326932168,0.0,0.0,22.216542344751737,True,JugSMoVMoiDSkWFl,train
28.779533635548606,100.0,59.12461735080454,25.72223705103694,0.0,19.999923706054688,22.208019607017956,True,XvlEjHDVybUpjaG6,train
24.070035014648624,100.0,17.7080420743977,42.45169532077569,90.87011461276462,10.0,22.20755985961518,True,OZ9JEEEyvqaiot8E,train
11.73344665560861,100.0,97.43944162858392,23.26420506445932,0.0,0.0,22.202118921081606,True,kpbnrT68YiciIsDe,train
28.73528487760543,100.0,61.022037167149236,26.815809638781843,0.0,10.0,22.200288722230113,True,pSwSJAZ6VNdQ655e,train
30.649863769668748,100.0,66.96752245823126,19.962897903187127,0.0,10.0,22.2001738917893,True,3QRn6pjkjOSX0CoS,train
22.97315335248689,100.0,39.350894076016786,43.6930254284907,36.306312336706334,0.0,22.199843152057696,True,jsaIrEu3jHmwMLMt,train
30.17578699754459,100.0,15.70529544640953,34.587042798820164,92.62394282500051,15.000038146972656,22.19834867471027,True,MwUzVCGmj8nKSPVY,train
29.14430714000673,100.0,47.68940415940635,36.91095086149347,7.484052781825099,0.0,22.195880220302584,True,ihXhjbXkNf4STnGf,train
10.79992484862415,100.0,23.915045869578915,58.383528757795965,74.61339004787348,9.999923706054688,22.194609531848478,True,HoNnFFE5iVXCVhxq,train
28.476551228495204,100.0,45.108209966450666,38.19221263719089,3.394135352931869,9.999923706054688,22.19351478247891,True,M9wBW3SDiQfFyYXe,train
29.705728145789358,100.0,52.42751265452814,33.26068831742717,0.0,4.999961853027344,22.19269469076336,True,xD0EIkxQ5xUJIjuV,train
25.12190153141082,100.0,17.161972916242895,42.78479466283102,90.54761720292538,4.999961853027344,22.18910920565298,True,HqirFgAsKeLhym8R,train
12.574593858622285,100.0,91.58527502522966,24.0291947421926,0.0,9.999923706054688,22.187274852181275,True,R8XpdYjnNL7oqryb,train
36.519561266474426,100.0,66.76762451349924,12.707131334722078,0.0,9.999923706054688,22.186456445890645,True,4IDUX9g16EPOSFu0,train
18.657591730153683,100.0,21.19652064382103,52.3684897091897,77.37615226181657,0.0,22.186381584040348,True,iPWaWN5GgJcRrdPK,train
22.420471215461532,100.0,16.26878569895087,47.8052959896218,91.59263071280034,0.0,22.186126392272392,True,cMKCJsslNGkLKpey,train
31.474301347937367,100.0,15.924638859151733,36.48859272710982,92.57033314094942,0.0,22.183506368326537,True,zWgUa9oCUAnWkLsa,train
27.446641651336822,100.0,29.54453602593898,38.88128696157175,62.25497084899574,0.0,22.18234675148919,True,c9yaXO2Fyo1srnnr,train
8.20907310193641,100.0,25.123192995945573,61.152737140970245,77.61411542962887,5.0,22.182000424551433,True,0yzdjCgzJLlDH5OJ,train
22.917078803788954,100.0,75.01730932791185,25.981566654334685,0.0,0.0,22.17817943100095,True,L0rGKAmrdBOFMgEB,train
29.31788845138503,100.0,67.54297933127641,23.585954515287753,0.0,0.0,22.17810991559527,True,U8LVwQbftmErP3VG,train
22.283019715942675,100.0,59.96162353635877,38.06199977353362,0.0,0.0,22.177398414146207,True,2Am6SzvKFlFzDBHF,train
32.828801912302836,100.0,64.88974088990486,18.683474240915814,0.0,9.999923706054688,22.177352645047335,True,KUO2FYpwiUx9Nw05,train
7.014976779863444,100.0,28.14344491898521,60.46504800689516,72.13548803072447,9.999923706054688,22.175041121031633,True,lbkhCuIKl06JnKSb,train
25.673092439684677,100.0,16.582015465574244,43.4195418661173,91.66045856297315,0.0,22.172506731129424,True,8CcsjqeAUKQGhsj3,train
28.27268624150557,100.0,16.777302510107116,39.98205442123074,91.82543202323808,0.0,22.172449422300513,True,ifxzSmq4Svl3Anzk,train
31.500608505655208,100.0,62.49353180168916,22.106350864147785,0.0,10.0,22.170452069496733,True,xXrBXDDjcweCgbDn,train
29.394076977380053,100.0,20.05033723202869,36.834535866236145,88.91685061070233,0.0,22.168819532931664,True,gzpmWl4xo2Y84pTB,train
27.191981008596358,100.0,70.3450113279892,24.09118364795212,0.0,0.0,22.167983680937894,True,gxsJERja2gjqQdi9,train
19.795761616975387,100.0,61.56471787866328,37.41178744009878,0.0,9.999923706054688,22.166001759365827,True,Rb4vL1OWJciQBakT,train
29.165991554639017,100.0,58.10424506155229,30.78691482195042,0.0,0.0,22.164517612282683,True,nUoxp6a47WdtNSZL,train
23.98537848359954,100.0,65.25122814495342,31.89978644460288,0.0,0.0,22.163986131563473,True,qvCMjoizFerVQIvG,train
37.18470984379472,100.0,51.108183674355104,26.00721581082111,0.0,0.0,22.163848174266167,True,6EtdIS453FF3iecC,train
30.53050591702985,100.0,67.26954775572095,19.702394940711415,0.0,10.0,22.163537630757887,True,jbNTI6fKybVUiDOO,train
31.40063685868882,100.0,14.041429464728171,35.20950891602001,93.14082443367214,10.0,22.15531663926904,True,KSoKgSeEhF8q2Tab,train
29.515782737926777,100.0,74.8844595216834,17.711112561483347,0.0,0.0,22.153837125030876,True,zUbnjmuGteIYalNu,train
30.73018463914444,100.0,20.816579553560256,34.99494091718367,86.98433927029053,0.0,22.15323823977141,True,JDM5gqB6wLwgfPjb,train
22.410154615720433,100.0,20.175071063716345,43.07643688655566,88.15220296639556,9.999923706054688,22.151693024421206,True,D4NdO18uVJ0pdqEa,train
29.637037371742995,100.0,49.143143280026564,34.2840961051905,0.27663656177291784,10.0,22.151381884066478,True,1DpgDn9K3tWBS6jr,train
21.07930762572618,100.0,23.836643141918287,47.30561544988269,76.89492533123615,0.0,22.151192734257634,True,XzaMRNbKDwFTHIZY,train
19.18942666021158,100.0,26.142067337526214,48.815480612407356,73.35391001516224,0.0,22.14945838892141,True,fq16XqCf5Avc2qqX,train
21.791848848789204,100.0,80.26971365693532,23.284650820483648,0.0,0.0,22.14534942483433,True,obFSTrgCKK9PAurA,train
25.341792800947115,100.0,20.940170199984216,41.10050181155643,78.92861000145312,10.0,22.143004592618354,True,gKgjPAdqSUIwVHKA,train
30.617427903201566,100.0,16.58926926790409,35.92513936434928,91.29856928993237,4.999961853027344,22.14270179600385,True,5JewYPldGL3Rwih2,train
28.33421340802737,100.0,44.2497343304947,35.862623682456245,14.967375576049761,9.999923706054688,22.141903202177517,True,vQKErCCBwyXuL5cE,train
30.191053083112415,100.0,15.821308286490648,37.93250133897414,92.63915289238147,0.0,22.139417426165604,True,uHagaJ5PJ4R0AFMF,train
21.679593120164597,100.0,82.14547322486598,19.47392043489188,0.0,9.999923706054688,22.136499536052156,True,2poSTDlcMrJrfVmU,train
29.608528306345704,100.0,48.33104664461021,36.120316186313374,5.195093564235918,0.0,22.13560698875243,True,6azNwPimvCI4zuXi,train
31.807310732857864,100.0,79.20786852202579,11.507374498124804,0.0,0.0,22.134482861143294,True,YSgy3c2Eom06Dwt0,train
31.83460688341456,100.0,68.89855960524835,17.949534144594537,0.0,4.999961853027344,22.133340583211165,True,dK1N20oj1OVqDbCK,train
13.346058163075718,100.0,24.353263730983464,53.62433661386132,78.35371879826621,9.999923706054688,22.13205354840476,True,4VrWvM9NAIjirnf6,train
30.832928565967084,100.0,58.432149433956354,27.041076726513865,0.0,5.0,22.131269901887997,True,KbhzXTpKMrULcWWf,train
33.843824646818845,100.0,53.57510887925568,28.131514390471096,0.0,0.0,22.123525371687283,True,QZ4lZa4SjDxwHleq,train
29.280863690899466,100.0,15.300514149232974,39.25366595887791,93.14507509903508,0.0,22.123279991837148,True,j8DBSkipAIpfZlEv,train
33.05266039641193,100.0,14.567244545967469,35.0188242661696,93.39731638563678,0.0,22.121882453513862,True,Okd2gABmprXdhqS4,train
15.447259788961382,100.0,24.735502210696826,52.34601621444059,76.5895983028212,4.999961853027344,22.120821529525415,True,ICzejSWKCAFyjh8O,train
31.708665095588678,100.0,68.81122218462313,19.343336051134656,0.0,0.0,22.11751681181757,True,X6rKyqYLpctBsZdd,train
33.68551433633065,100.0,71.00637698852012,12.721658953113291,0.0,9.999923706054688,22.11666310828607,True,Z5tVCCfLH7WIGpCr,train
18.194316296788493,100.0,73.20797289752797,30.41856435567803,0.0,9.999923706054688,22.113484065264657,True,n1l3vnF8UyUuDzMW,train
30.375605735861868,100.0,52.61289127990443,31.887613270876358,0.0,5.0,22.113357780126403,True,uJif6kylAqn8MxzE,train
20.037853650928263,100.0,28.129989153256187,47.50231407733897,67.67117434727896,0.0,22.11298331855224,True,b0LWNTNL1OnV08EH,train
24.884711217206668,100.0,72.71851602482141,24.888702875285645,0.0,0.0,22.106695783082007,True,K0I5shzXqoC7CcOP,train
31.588191137366007,100.0,58.25174717091968,27.346391007285632,0.0,0.0,22.104088061436578,True,3nmWKVVt1SRn4L0t,train
33.597256147554425,100.0,62.21392148071921,21.8479147587409,0.0,0.0,22.100985210744668,True,GN5yRY49nn0EA5Vf,train
12.859042525793901,100.0,26.602641966812318,53.64251360803764,73.22496399488469,10.0,22.094907847822086,True,BaYTvwbHPbPcv16d,train
27.079926373186186,100.0,18.828531936710828,40.37290295826713,88.49830456064575,0.0,22.093757203488884,True,y3vKE8CoNygX7cQm,train
29.795861750716504,100.0,16.239437926061797,37.95912425395727,92.33589745942928,0.0,22.093500850351315,True,XjuCV0kFpO8tT04A,train
27.141546085412692,100.0,19.708704964408795,36.994457871419236,88.97682219036616,9.999923706054688,22.089421135119384,True,0lz6epqbSN3Eof3i,train
26.90164607993385,100.0,17.976027666928623,39.5310217783891,90.17688797186442,5.0,22.0868644242938,True,spdp09SWkxcVWkFq,train
26.036477519028367,100.0,82.77346834818587,13.305080805265504,0.0,9.999923706054688,22.08615197834081,True,58xuUAeMiieXHJi4,train
11.59575667694524,100.0,85.5372727703145,31.779633461841968,0.0,0.0,22.085456777151876,True,i1ibtfADI7Xl5hwR,train
12.764047633605486,100.0,83.65779303801061,27.971723488592446,0.0,15.000038146972656,22.084027469170085,True,p1NwjXgh6fR9QFNa,train
24.60832728513943,100.0,17.79309382111533,43.86888586781703,89.74426833756254,0.0,22.082036484893692,True,nkJAR26WhraTXiOs,train
17.336585212978104,100.0,24.90672802373734,50.27959202200236,74.11650614593975,4.999961853027344,22.081897311153956,True,VmfbvwCFeQc7nRdQ,train
15.461294111620042,100.0,79.00988013663303,26.82516461069146,0.0,20.000076293945312,22.081842285235524,True,T7GOPCBYhgj2qW0L,train
22.800145702715582,100.0,61.41863687540193,34.591342977470404,0.0,5.0,22.081100552483267,True,pW2d1LV7gleGujE5,train
28.604317133416973,100.0,49.144730749798086,31.324150192940436,15.812043333828612,10.0,22.078221101103477,True,wsD1jQ5WdsFqY1ti,train
32.84242992558128,100.0,65.24457187531084,17.8821311630887,0.0,10.0,22.07371949530969,True,9axRDdXlpVSE2EZU,train
15.066110043340117,100.0,13.821271513556006,55.049362190481766,94.443780068087,10.0,22.071779679369133,True,LKRUyhnHdCeJR48y,train
28.053723857531114,100.0,19.49618502736501,38.30122335893941,89.44423170131799,0.0,22.07031497534131,True,cQBkqiyhdTppjrJS,train
30.571594209898393,100.0,15.046034642802056,35.182847990980136,92.50771187824375,10.0,22.061758941003124,True,UW4zAGqT0M94a6Rv,train
29.00081492463684,100.0,13.946986495398605,37.75671136753998,93.32523692253153,10.0,22.059855825103572,True,10gOcS95oX0kSphL,train
32.27338173901421,100.0,64.68696580383414,20.18773827356449,0.0,4.999961853027344,22.05893605269294,True,3hfE3NCj0WALNMNr,train
32.65720834331576,100.0,15.403028862244394,32.39890981271219,92.08402518854551,10.0,22.05873963713531,True,slSDkKUM6bSsnGJO,train
24.182909758776905,100.0,81.36601585172772,16.54044986221956,0.0,9.999923706054688,22.05871597520003,True,gJkn38FLpfjzN1EH,train
28.10853883077531,100.0,51.81507902523601,36.29301317382039,0.0,0.0,22.057999196243305,True,qZkZtKxZAlK0hE6Q,train
26.16814597107266,100.0,76.15580724710526,20.456565496055504,0.0,0.0,22.056720679045057,True,opBh4gU1p8Cf7gH4,train
23.001370998566774,100.0,14.059065532421164,44.997306913642724,93.86126242253746,9.999923706054688,22.05172326866302,True,z3LF3YVTTikmkslc,train
30.682080055869974,100.0,58.82266841953927,26.531583463440384,0.0,5.0,22.050236969586464,True,qCDqo1rKdjWSQgfQ,train
23.979855577434424,100.0,65.65201076761542,31.031926369627413,0.0,0.0,22.049150783426402,True,UUwipoTjKC1a1rKP,train
27.526123071947787,100.0,70.01684867567491,20.821655050929536,0.0,10.0,22.04838907952409,True,eLf2p0U4w5bwTVoU,train
31.222663004222518,100.0,58.390181165092415,27.401992358021715,0.0,0.0,22.044591397423833,True,kjguwKWzp6RCsnKR,train
27.36071273322182,100.0,70.93905550023953,20.286733751864986,0.0,9.999923706054688,22.038379444017117,True,ajJvgyjk7wLWp0OA,train
26.71411287821522,100.0,18.509668935708863,37.90315097852638,90.04243151957539,9.999923706054688,22.037726516896914,True,WyrZsvhkOu7yj8kj,train
20.45454820475829,100.0,19.27172667234469,46.59253254707854,89.22690756619639,5.0,22.034247939766804,True,EFmywgHIrXMhNI0A,train
33.19893466305681,100.0,64.13574313628413,20.567536128992174,0.0,0.0,22.033602362005258,True,wuI2FdZL99rOSdrj,train
17.30105336455116,100.0,16.208078221248012,53.448107924380906,91.74315788437917,0.0,22.033254553420132,True,Nkho8hB08VJliyPd,train
18.876218310529232,100.0,29.52967695615466,45.610874856922635,65.24968869151192,9.999923706054688,22.033161712318368,True,hapOjZ3aGj2pq6g0,train
34.16961044543901,100.0,73.26917384518802,9.951985766182474,0.0,10.0,22.02317584137445,True,aD3SzU147ibMh3Hr,train
38.090530184094064,100.0,51.360357919061066,21.47415405074159,0.0,10.0,22.021517044030993,True,QczOg8vGerJ9I2VI,train
26.861773051090296,100.0,15.33153691789832,40.604733228461185,92.64965486004968,4.999961853027344,22.018601281803413,True,lpR1anAayCFHEhM3,train
26.385737263995566,100.0,17.057692176275754,36.40087733555193,91.60607715758837,20.000076293945312,22.015571282127326,True,QPaLbzTPwX096gN2,train
29.303338454931747,100.0,13.678191976692885,34.8447227464051,93.30522396641962,20.000076293945312,22.011772972536136,True,maBFo4aUQIoZdoJ5,train
28.285100781380866,100.0,56.406013433354246,32.38187146807097,0.0,0.0,22.00855150396255,True,ZrwZjN15lBC381BN,train
21.489652460565438,100.0,71.51608487868714,29.540517870795398,0.0,0.0,22.007929421103512,True,IpxyMLLEWhlwjXc1,train
23.151822547681988,100.0,19.54743478180811,44.296781028528514,88.55248640736521,0.0,22.00705138026568,True,og37lvHgiQX81J6D,train
25.63342779103087,100.0,77.79691760936905,17.129016365739858,0.0,9.999923706054688,22.003694047613777,True,lu14jUbWu4A9AtCV,train
29.78599840937606,100.0,68.81405010535855,21.17463235289115,0.0,0.0,22.003533588726025,True,2JudIfOqm6l1lTKG,train
29.12941215384639,100.0,62.17499810240856,24.470699006122956,0.0,9.999923706054688,22.002738740350203,True,eiYnMIfIKoNDPOZk,train
33.494710677271144,100.0,65.13321090797712,16.793252428890085,0.0,9.999923706054688,22.002305976595107,True,HhA9GETIUwfH0Rw7,train
29.90869041109321,100.0,59.07078235224301,25.79684704485058,0.0,10.0,21.997159364579872,True,mRWOIsDzWyMf4MZw,train
12.916340160288797,100.0,22.960039982044485,56.00771075579438,82.43547028378109,0.0,21.9964067027268,True,MWYWih3ZxecP8MJ1,train
22.600309261782506,100.0,62.77405597575286,32.148569569328416,0.0,10.0,21.995899625674237,True,qXaumRPVuACdVEGM,train
14.014041035139813,100.0,86.81941268146765,27.346313474263766,0.0,0.0,21.995684855857853,True,cSTqrOdK0b3T7EMO,train
34.43788214078791,100.0,14.36841272706501,33.02592317564596,92.50388836218866,0.0,21.995111497495355,True,9E7C4vszxJAhEkJQ,train
23.145244200922548,100.0,80.35779624084938,20.77407616133388,0.0,0.0,21.99479571862482,True,nH8ObsARI7iEwACV,train
32.53579199622009,100.0,27.881867098055057,32.095656359621145,65.18143588214528,0.0,21.994431129794776,True,Dqt2gc3V5RJqmLE5,train
23.856796553715586,100.0,11.38104214990397,45.14646143108763,95.82262520161454,9.999923706054688,21.99177519251548,True,92Yvo835PZ6a3XKx,train
25.363766525715327,100.0,17.21215908686134,40.247785587783824,90.34592406125499,10.0,21.98961881507755,True,uzxpvkZrPpEXDWU8,train
25.18796076193959,100.0,19.835872703541668,41.26686498341572,89.25166232323619,0.0,21.9883272088611,True,OJtuqPDbTO1uaObw,train
26.23962954463257,100.0,13.68013722228694,43.311690761813,94.22548056477532,0.0,21.985540150102548,True,x1ARAf3AAJL5tcKp,train
18.65972371768434,100.0,27.912237006998403,43.84299710263457,67.08346237762927,20.000076293945312,21.97454283457649,True,T7RKTt7RYlSyNgw2,train
14.613203535141363,100.0,26.353760885333973,53.27993070932896,74.12763928071911,0.0,21.968733122487183,True,JzAWIcVQ9v6JccdT,train
31.954260358933716,100.0,16.662563514293186,34.379660671178115,92.01093296805219,0.0,21.96442839951564,True,2qdcNpQUUHa33I7U,train
22.61558580063609,100.0,27.60541036822533,43.61844563707633,68.9176369539316,0.0,21.964278980504666,True,TgXMCiOard173KR8,train
33.575316901377946,100.0,66.57877987640421,16.649725486375928,0.0,5.0,21.960591304080303,True,VOBXTUIBGh34hetY,train
19.140647881048913,100.0,24.515543357351742,48.66302841780292,75.26780390629267,0.0,21.95848935274021,True,Pg8vHX272R3vRh1g,train
31.219337960533956,100.0,70.36830106468038,17.982859058830655,0.0,0.0,21.95665146160168,True,6hylUeJPmRpWR0oL,train
29.09637632871219,100.0,17.990025204077757,37.282697067507144,90.53697003039404,0.0,21.95598577781084,True,js22NsYIMeGwkZUM,train
20.17309232132294,100.0,69.04076680925867,32.77345179952245,0.0,0.0,21.954078461624025,True,5hLE76qPbcvAqmv4,train
14.085840925395107,100.0,26.95673266123221,53.70719120127861,72.90348735962887,0.0,21.951582738770774,True,uUl0TMCWNKnTqM2A,train
23.615040479090457,100.0,79.6531559693974,19.2404902054854,0.0,4.999961853027344,21.949829648930674,True,H7apSyvEOSFqUs0M,train
20.20293756377115,100.0,69.00627612906582,31.484031000408336,0.0,5.0,21.94848201038433,True,bP7FUhvfg8zKS8Ry,train
22.620766693146912,100.0,17.44634249682307,45.73985459846099,90.52291249763115,0.0,21.946259592383946,True,RgWKQPGfBVlx8sMM,train
31.631408789802116,100.0,64.63073127420142,20.468971945182304,0.0,5.0,21.946256277617202,True,A7McwOcQLyvzWJIW,train
28.423505667366292,100.0,9.851373713472126,42.66376144864672,96.54973339073516,0.0,21.943821433128495,True,I3PH4MroJmchtJQx,train
29.97248263590307,100.0,14.18535916084021,38.24577931658362,93.43608132792431,0.0,21.94188446281474,True,cLZBesMYcK62fadM,train
38.40200830698536,100.0,65.53675648954957,12.525821908393254,0.0,0.0,21.936179931857428,True,iU8taeqTJQtn7UNM,train
25.82975222945239,100.0,73.97563364609351,19.39886466409041,0.0,9.999923706054688,21.93355222239794,True,P0tGZtBQIumAzqNG,train
24.65672669344565,100.0,79.75218136322125,19.030602103008846,0.0,0.0,21.93312929844637,True,J4x1A16zD9W45cyo,train
23.478732505162903,100.0,68.55683268998101,28.893797241393827,0.0,0.0,21.931967478066642,True,TtTnSy5eeAIyhgty,train
31.30057821372546,100.0,57.39811243598442,27.4843644045458,0.0,0.0,21.93173429973819,True,WJDW1zDD3QB2dayr,train
29.504245494595683,100.0,56.34623030069059,29.264002487002344,0.0,4.999961853027344,21.930794508804347,True,bomhHnAf3YeSmp0P,train
30.75993484882491,100.0,68.20237755489995,20.04222514567313,0.0,0.0,21.928785374575845,True,sqmcbNfd8MQ51n8M,train
29.29392125415517,100.0,66.43785272362359,23.195497219924675,0.0,0.0,21.928257666067267,True,ObzTNx6ou067rS8f,train
32.327351931482866,100.0,59.17823119628471,21.06235727260929,0.0,15.000038146972656,21.921046024183912,True,4nV8tOw4dkMuGzCW,train
15.201088800727115,100.0,69.8015034803738,36.9827491929849,0.0,4.999961853027344,21.917045653486195,True,r1aNILha3nLcLhkd,train
20.859765537109975,100.0,84.628543228898,17.527374882912127,0.0,9.999923706054688,21.914694030497355,True,peaK10AjWlEViVHS,train
25.686543628813972,100.0,16.26970188292239,42.299991484350215,91.83592768033697,0.0,21.913885870528745,True,r02oKdpvZBVb3iHw,train
31.431706908413112,100.0,13.310249540057548,34.361618136797304,93.6856139920534,10.0,21.91106848507404,True,DzEdkxt9ygAGq6sr,train
25.599814016822048,100.0,24.335845233698848,40.1877793255627,71.42972087958856,4.999961853027344,21.909370291003675,True,JTsliLXyZ3W21Avg,train
25.63650049613923,100.0,17.47990833083092,41.384961762882824,91.90006213241212,0.0,21.90310683285662,True,8xe3LmE4HqLvne1l,train
20.62863894179121,100.0,64.13386034261234,34.371297440938136,0.0,5.0,21.90149827502728,True,msoxltaTIircdJsS,train
30.382725351787688,100.0,17.15060655906906,35.67327009518148,91.91014114254762,0.0,21.89843339797096,True,A9iQeJvm6P9Q3eTg,train
33.48408824755853,100.0,18.49590970415849,30.3214284962841,88.75047167792557,5.0,21.897217800666507,True,P4chgRiCnIo2fQ8H,train
32.86172182721401,100.0,15.64514592621727,33.64836217414812,92.0936192127542,0.0,21.89655574120343,True,ozPB5CPGnWlcmezh,train
31.97313059902822,100.0,61.64268413119517,20.769885570328654,0.0,9.999923706054688,21.893658568804796,True,A2cUe9f6WNWGFW9u,train
28.936374646566666,100.0,17.478398053586282,37.91980439234797,89.05316379789548,0.0,21.892472438043978,True,9nePCK8XoeYQnPt0,train
21.559623542212734,100.0,74.49468722519688,26.622537221702814,0.0,0.0,21.888616413673276,True,x2ebSR0ZWMT3F96j,train
23.07507526529843,100.0,18.592815752226123,44.50026172100978,88.53823231110677,0.0,21.884655138915825,True,8cCh6gN3sFudQ8Xw,train
31.741857819500982,100.0,67.84371411701677,18.845591305237093,0.0,0.0,21.88113983347518,True,EZZYGdgGK3gwBREm,train
35.47708252345618,100.0,52.32828612885788,25.796342862614054,0.0,0.0,21.87778212271554,True,q3uPcTOiqbXxpCFk,train
29.07972225024366,100.0,16.792767678775192,37.81826940878377,90.41783018069847,0.0,21.873391105168874,True,c4scbsTAq2wqNDyH,train
32.54214289602666,100.0,66.482306435975,17.54564026839506,0.0,4.999961853027344,21.867007835733297,True,0TKWS2TOSrKaupQT,train
22.79568041510686,100.0,62.26720388626332,34.09655668399297,0.0,0.0,21.85831202351481,True,7S3dq4Ychd8teqvS,train
21.515557020964675,100.0,80.86058322562667,19.23550362796111,0.0,10.0,21.855077464677393,True,NU5Mv17Kc03bfc8P,train
29.55352767702464,100.0,58.99490709951222,25.585642072297347,0.0,10.0,21.85474639864246,True,kdmH1TvLprYcf1xn,train
25.165275252381754,100.0,82.98354243245572,14.27201083116276,0.0,5.0,21.84325234419635,True,sED1fQkLdOnxacA7,train
38.16176828770145,100.0,63.49105762961386,13.892346920533669,0.0,0.0,21.842570100474177,True,OhXmAkpnVVPY9OtC,train
12.822964852262007,100.0,26.183218604037823,54.913583256038635,74.4637457298735,0.0,21.83912794137258,True,umDbhVoPETzSVb98,train
28.518907718141495,100.0,54.057523290366674,30.49395529633047,0.0,10.0,21.83714648235647,True,7Ei4U1aODW1oJ3T2,train
17.372728472587028,100.0,40.22955300757625,45.656678869198934,41.534670448842675,5.0,21.835684365565115,True,66CHrT6zq5aWhvCC,train
14.126604792266917,100.0,89.09821352154614,24.693997020664952,0.0,0.0,21.835182630431643,True,GziX2H4Kblm41m1d,train
12.333033148982722,100.0,43.204242030176616,50.961154393462955,41.53103483152951,0.0,21.83267721204124,True,QfmOcnbCXy2yeEay,train
30.0677626991151,100.0,54.31723839680657,29.58614407022516,0.0,5.0,21.83175524834479,True,BayKI3G7iytIBi9V,train
19.256775025828865,100.0,30.946745636410594,45.89231680168741,63.939986655870605,0.0,21.831668295049816,True,r9dIh2iSpvBoZfzF,train
31.29511336611948,100.0,68.19584194266514,18.890724983079664,0.0,0.0,21.831299629545573,True,28i5Fm0YKNEqhvMj,train
29.87843299811849,100.0,58.74490022911709,27.74767279314733,0.0,0.0,21.830877842526654,True,bx2sjjhylyRuRZqL,train
26.81244584040951,100.0,28.206501609768658,36.32294271404101,62.620010929762664,9.999923706054688,21.829671976166743,True,ju2U8QRISooEBXX5,train
29.88387580753784,100.0,60.94581936708539,26.065090505391296,0.0,0.0,21.82585995802553,True,jqDuvvjAD8i5dRpz,train
22.227412451867917,100.0,74.17171928097596,25.70696663595446,0.0,0.0,21.824004332304263,True,nifBSWYhebXEWBcm,train
31.342351939011216,100.0,19.243236562350635,30.974406987209406,88.09003548072815,9.999923706054688,21.821452825886425,True,Z5MPAtF8kAHQt2VF,train
27.54309215219842,100.0,78.08219683382363,13.603250070230757,0.0,9.999923706054688,21.818748762472033,True,17EGzd8T7Z4ihxKL,train
32.43869274263509,100.0,17.031704823919167,32.78053623937491,91.84371959623462,0.0,21.812722136933363,True,C3zJah0kAMBkv9c2,train
30.613804423561582,100.0,62.937961112244786,23.589667948023674,0.0,0.0,21.812078862331845,True,ncdjV2fbQjVZ8D8n,train
24.146291370555996,100.0,72.27226632440627,24.659135246625283,0.0,0.0,21.809239840624997,True,xLZXpQJXY7LBCzRp,train
13.618016491528866,100.0,28.201831824013976,54.05020069024676,67.24884390192744,0.0,21.807261229630036,True,pyseFPAu9SKib610,train
23.48051086408098,100.0,35.67829244794508,41.82881271443779,44.38723136326619,0.0,21.806995694262874,True,SXsuy7Issi0yomn0,train
31.301514853240725,100.0,64.23579917150668,21.718123310206735,0.0,0.0,21.804373251077532,True,UTTiFe7eijgHk8Tp,train
32.92358120818524,100.0,65.72168496308713,14.7817585482519,0.0,14.999923706054688,21.795495941462494,True,AxPtnzjEgIPCt519,train
31.8020079492171,100.0,57.2665080142952,21.266954756415217,0.0,20.000076293945312,21.793872955428867,True,ndloBtg2ljsWE7qb,train
24.12727497468454,100.0,31.577215587874782,40.03920316899212,60.30369709119713,0.0,21.791426570210632,True,HTQfHh6gZ9MNrlJh,train
30.81262783342635,100.0,58.79747144604458,23.84013369081174,0.0,9.999923706054688,21.790800598728357,True,6ZzbooUinUbLGkhx,train
33.10536188084062,100.0,63.45741225680305,17.477869360907476,0.0,9.999923706054688,21.790522366214844,True,ijmRFhIwLje3iy0O,train
31.69171676472671,100.0,66.86564176992559,16.68378207224643,0.0,9.999923706054688,21.789528056422537,True,t69q7vZgYrY7nBFW,train
11.974611009706242,100.0,76.55861116282796,32.807176625580055,0.0,14.999923706054688,21.788875937269502,True,XuuDAV1TBpVZtu4t,train
32.581954281616134,100.0,16.146855599661464,30.55229489275986,92.16171246356565,10.0,21.78606151208351,True,Kbh2SJ6piaxgfWke,train
10.674103827873163,100.0,43.30386528478812,52.9590243769249,35.56263854595544,4.999961853027344,21.784040645020625,True,MRBwBI4V3OJ1WOFY,train
32.307484010977674,100.0,15.434543274571272,31.338043465492902,92.38033448501906,10.0,21.778677911279644,True,gWRa8FIM2RcOEIBK,train
22.005883125991808,100.0,78.60054940197388,21.17886398457921,0.0,4.999961853027344,21.777324081361243,True,bCE0UdsZz10UXcxz,train
26.697656135655176,100.0,14.660359930201064,41.23930581425877,93.09283911983482,0.0,21.77597114228745,True,gSRuO29rOsFt1Fpp,train
18.172255209799438,100.0,78.69822908642462,25.87881788082727,0.0,4.999961853027344,21.773559834230372,True,XcdqvnvHwTLEnd8i,train
30.263913180101653,100.0,48.86466541468381,33.30301206982979,4.246926611657187,0.0,21.768626851776805,True,90PHXq5Yks2nSVSh,train
25.450365841719695,100.0,69.24657302083186,22.58401707471269,0.0,9.999923706054688,21.766377013799975,True,RBJFdw8PQyYHuSAA,train
30.22659976327259,100.0,59.07386104022484,26.740533493556327,0.0,0.0,21.765835795563138,True,t58smyJCfQUO025y,train
23.6647063151678,100.0,20.259524115523824,39.83908101243816,86.83842545608414,10.0,21.764842671412364,True,cLOVrvJExKwdGSlw,train
3.6096657797952654,100.0,100.0,26.805693059680678,0.0,9.999923706054688,21.763551242187688,True,ZdMEQHHCurm1Ks6p,train
34.700121682583955,100.0,61.975748393736296,16.440244346092925,0.0,10.0,21.759441548925018,True,F5QqfPIylx4yxlCc,train
15.599053296750633,100.0,26.510693952766598,49.703489531511885,68.81100535918506,9.999923706054688,21.757611776667012,True,ysyrUA18EyqDJ0wy,train
33.260408689016856,100.0,16.34778708486478,31.87088858497316,92.31626576887233,0.0,21.75726124042218,True,vxS3klyteViqy95x,train
12.087439073224918,100.0,19.715185141553434,55.706611929369416,82.73279121696976,9.999923706054688,21.75709567156435,True,6wrKvNOVPPNiKfWR,train
17.202338263498564,100.0,26.097764686210745,49.312248297639286,73.56110340707687,0.0,21.755754098687955,True,c86xUC5kFxBjZ453,train
24.213692475509774,100.0,72.33297668720455,24.253409963794283,0.0,0.0,21.754051614716985,True,114nzU7XAM7nmiFB,train
22.086420465767073,100.0,74.18460062317325,23.000563893584413,0.0,10.0,21.74940798863464,True,XpRMATDlCwZDGsr8,train
29.442314224032778,100.0,53.64190767902019,29.21247181695348,0.0,10.0,21.74935907125192,True,oRldxGZyKKCk5r6x,train
36.60551466679304,100.0,41.48614269851233,25.274353938097363,16.40031660723011,10.0,21.74918668945609,True,JZOnaOmSsqYettGJ,train
22.867695249281752,100.0,68.94374021679992,27.200294817781426,0.0,4.999961853027344,21.748541901048082,True,Pn4INYNPCSw4ZYPz,train
28.637236617511434,100.0,68.67140832796309,18.94004982116722,0.0,9.999923706054688,21.748026553108502,True,bDk3xqZwUmMBcfWB,train
16.71379743301044,100.0,85.42406773777647,23.76426340292602,0.0,0.0,21.74491219950428,True,mR24Tr9zgLYXLtkY,train
29.653242177686522,100.0,55.888282125563705,29.731735521223186,0.0,0.0,21.742899967500826,True,jujrl9mvjv0Vy1ca,train
35.4053514841722,100.0,56.69027729988673,21.926266910230254,0.0,0.0,21.74013284807211,True,z007TdpNyPWCai6W,train
21.65710788929053,100.0,76.0271690390771,24.60656486173896,0.0,0.0,21.73966530053199,True,vlohjckhLew1bXwF,train
28.435775321500014,100.0,14.43946164905749,36.56437350671498,92.97195232994397,10.0,21.73633539557382,True,STTTEll5jgZuwpju,train
30.852317543171495,100.0,16.85748100136048,32.074252489877395,91.47463509883887,10.0,21.73028378891437,True,zYRwiTpMeJUJAQDz,train
38.03960523288416,100.0,16.156058765057367,26.053493468333684,91.6997522555525,0.0,21.728996429424008,True,343vUE2H88OizmII,train
30.003837283740626,100.0,68.52009331079564,17.243137505710195,0.0,10.0,21.72760081869654,True,zRqAVHYvO7RvVhKb,train
25.27679154147593,100.0,18.687428751484607,40.938831692342816,88.27944686834522,0.0,21.724050879977497,True,Olicgej41Y1E0ZaU,train
20.81658927728739,100.0,67.39335211549482,32.022170231414066,0.0,0.0,21.717584182928885,True,pNIBl6jeqdwen4fI,train
12.03224387160806,100.0,78.23615564413976,32.36516204672125,0.0,10.0,21.71651672386723,True,oTdHbBKuJer5PA4E,train
10.669277618484937,100.0,87.19479223253333,29.83410704757847,0.0,0.0,21.71335964901693,True,Kif0Z6SDgDtRPTXD,train
23.31327677261702,100.0,39.88836859343657,41.950051808043234,30.198893258089498,0.0,21.711529506682858,True,moorrnE6QA1EQZn9,train
16.009914556660014,100.0,77.48297103409097,26.670123996964534,0.0,15.000038146972656,21.70895100102019,True,NhigzxYvJ8xWjmMG,train
23.541805003749822,100.0,36.91731626626541,43.78961089684339,30.46433915437602,0.0,21.704187827964745,True,JY58PuTT5jK3ryWL,train
18.118699057538223,100.0,84.54971523057301,19.942154164765327,0.0,10.0,21.700562881923574,True,F3keWFupvrdGoJPy,train
23.1341109924989,100.0,80.84792584590065,18.946791293899878,0.0,0.0,21.7000748837898,True,6btTkYqcWUjvvvs6,train
31.202314018100395,100.0,61.085247333193706,23.682820440105573,0.0,0.0,21.69992969252527,True,EjlbJPOEf3k8WhHL,train
31.80516950209727,100.0,65.8469262482632,18.098730382152766,0.0,5.0,21.698077389194353,True,3xWyyUNvRDKcbRhk,train
30.704924586813057,100.0,62.15021931860902,20.99131950637863,0.0,10.0,21.697027945770344,True,oPj6r0jedkYtMV0K,train
31.811768948434853,100.0,65.96330673377713,19.23339984237363,0.0,0.0,21.694118215650008,True,H19wBvWYnpXETEEY,train
36.73775120324545,100.0,15.55767024888019,27.78093359550641,92.39578665874389,0.0,21.694064390181868,True,hQHVQyXkT7SG6OyL,train
11.694166163349532,100.0,77.45161158904975,33.260859818437524,0.0,10.0,21.693455242882347,True,qprE9NvxlFBnASWx,train
25.4794796501064,100.0,16.862568639683005,38.445330380603224,92.0473820903783,10.0,21.690690389118615,True,FGqBCNFdUaJPUobP,train
23.492045627576356,100.0,63.718517322090506,28.787084957564602,0.0,9.999923706054688,21.688202182023318,True,F3A5l57g0TlTmzZc,train
26.509662165427162,100.0,51.7776573167386,33.96465201465202,0.0,9.999923706054688,21.68699072710072,True,0mbbbshnl0XReeqC,train
31.27247113396856,100.0,12.670881852855699,31.16327935137953,94.6619271109909,20.000076293945312,21.68450610194321,True,mTqwzHR4GSr68Hzv,train
30.35571591199342,100.0,57.33727470766324,27.432406331970384,0.0,0.0,21.676001450541918,True,0NxSR9SRzZtfiiam,train
33.63546013372853,100.0,66.75143157184098,16.26344216448325,0.0,0.0,21.67426820210493,True,vRLYsG33GZlUeHHr,train
31.147253407011462,100.0,68.25462796908194,18.244969574483548,0.0,0.0,21.674001462011866,True,BYNv4cLpTwuxwSCc,train
24.453925158895355,100.0,23.31641732788902,39.25437125715335,84.22724162291361,0.0,21.67318022148354,True,9EM1zZgBwoEF3XDR,train
24.82912969039702,100.0,20.26179298060353,37.54983986348563,88.31894974145094,9.999923706054688,21.67246301476219,True,m5xky1qivKQPNnhC,train
35.94027624189979,100.0,66.98285148692516,13.19153022419728,0.0,0.0,21.670802828353178,True,kPNcKPRPz9Wv9YBg,train
30.322043612679632,100.0,62.82375081541335,23.326295589338173,0.0,0.0,21.669332643349545,True,BY7CP8pVWx0mJqQi,train
34.626559968388776,100.0,66.92657785353778,14.85528796078195,0.0,0.0,21.66668426228425,True,C3NGmXzmerBkRt83,train
36.477267554921255,100.0,42.909791969024205,24.864525227795482,12.747043171470239,9.999923706054688,21.666039073519286,True,jHZaupCAWtixvZbE,train
28.299663368894656,100.0,45.086183281080494,34.13328375235797,0.0,19.999923706054688,21.664496270160065,True,Jrm3V9E0DcaSAlZF,train
10.884396272001691,100.0,70.19160060922003,42.043354521265016,0.0,0.0,21.65851006363643,True,HHNyyLNTFjF92S7o,train
2.344199596700994,100.0,94.11755024829637,32.26827107349084,0.0,9.999923706054688,21.657332836420608,True,PP4XJU3nBC4oAv0D,train
27.220095272631042,100.0,20.1470763521298,36.95180081072333,88.7797163786132,0.0,21.656431252052556,True,i5o3HO09xOK1vS30,train
32.233176458644046,100.0,62.80580198534125,18.384187818935686,0.0,9.999923706054688,21.65599816155207,True,sbDHoUUTXb9IodXz,train
25.888740381097065,100.0,19.429732036385225,38.84445543265909,89.88585031501394,0.0,21.649828503014565,True,TKYZwRg2spCQaVrm,train
29.64106888780624,100.0,17.901407848017893,35.85238326313116,87.65343513017874,0.0,21.648626808289414,True,Ua8V8v0Du2jPKzzV,train
21.51542190880687,100.0,69.92990173208429,26.38322045319471,0.0,9.999923706054688,21.644981012956038,True,DmBEKU1M4df04aiP,train
22.72989574438721,100.0,66.12750063478967,30.213411227654234,0.0,0.0,21.6442812768461,True,YYf3GK1Vh1g0LZZN,train
29.090986587195705,100.0,12.152474650361379,39.14727233059245,94.3470842198553,0.0,21.64242652146439,True,pw3M1tBJKvmODslv,train
25.433461456938023,100.0,16.461714004461342,41.12833364119058,91.77694068114755,0.0,21.6421362271992,True,sp2zWKo0KOcJMrgn,train
29.175110641386052,100.0,16.420870517573867,31.47276506765793,91.74680741144722,19.999923706054688,21.638797807389274,True,Gk4RVw5UbHuvLlvY,train
22.996666566567065,100.0,35.21566927574632,39.49251254177446,43.8579574490196,9.999923706054688,21.622913599112323,True,uqN7JeJrr9aM3pI8,train
29.17642537051791,100.0,16.60649110882636,33.7394911566238,91.76514792040037,9.999923706054688,21.621231821600947,True,80WGNlTG5Mh5tRn0,train
32.39057306283874,100.0,14.675114299505912,30.817277353751223,93.17131742028499,10.0,21.620931752400065,True,PuQrT7KQ0b429iKt,train
28.02601943110971,100.0,15.645387385418418,35.710678711323695,92.44292797503088,10.0,21.617595106606473,True,MmZJZmCpMz7uVkt5,train
32.254421874359345,100.0,57.52677503407257,22.115971529899852,0.0,9.999923706054688,21.61581221498343,True,CUAk4AF4ywIyg1EY,train
25.181733605004656,100.0,18.65763445157166,40.29864993312614,89.20772678590879,0.0,21.61419489490758,True,cYe2z3PkTdVPzTpD,train
21.115126351584156,100.0,79.45349215875873,22.059707266592056,0.0,0.0,21.608746865028262,True,OuptI0Bsc2gd8tQ9,train
35.750377647063836,100.0,40.034074649077674,24.75283641445202,19.28558375670181,15.000038146972656,21.607553987201737,True,4Y3H0NPUKWow83tR,train
33.141107940356065,100.0,70.0924789834034,14.041262726081982,0.0,0.0,21.607401377815926,True,D1dAPJP1aj3B0LQm,train
33.1425493705728,100.0,15.315302624753638,30.846835560207197,92.06465799894647,5.0,21.605532748345013,True,jVzFYObHIdSw2cev,train
33.007645683607336,100.0,14.640503189050147,30.224586250764645,92.240523495218,10.0,21.604930324173182,True,BEmuQt3NatCL0WI8,train
31.20883807548126,100.0,65.14015974224662,20.15237536313667,0.0,0.0,21.60370855283464,True,DnNQujp3jIx9xwJb,train
31.56090462418689,100.0,66.00089184136161,19.05916477599635,0.0,0.0,21.602192887450236,True,7K3SIt6JQtg5zW7c,train
25.483939275454414,100.0,75.04746011263724,17.366647342243994,0.0,10.0,21.601433304207987,True,Lzmiw00NslOpO8iR,train
28.25295148277501,100.0,17.007935939585824,34.68229548518936,90.99923102370765,10.0,21.600848909854882,True,yLAsxW8PGM5WlqRt,train
30.711755958712317,100.0,18.490085398192306,33.16706846730014,90.30113276574777,0.0,21.599922131154344,True,A6kS9NSmmP9Drhw7,train
34.94267578412855,100.0,46.11311137051579,27.21433453432303,0.0,9.999923706054688,21.595498743776844,True,LlRfPmuptTDUdwa0,train
24.155255194929552,100.0,16.275179390520076,42.62987927264919,91.75942020355673,0.0,21.594037572018074,True,f0hic7FbgHSQbSvO,train
10.182411276870925,100.0,20.47141149543747,55.12087615697919,84.0573950187869,14.999923706054688,21.59335571117127,True,540y3NCvDv2YxqzY,train
9.171731575269273,100.0,26.913344253117856,57.85847152409846,73.82470636989584,0.0,21.592864155099484,True,OW8LN9cCzfLhWOGh,train
12.400884900874503,100.0,12.788931845429685,59.038495657182374,95.2736662945031,0.0,21.58994344819471,True,FMYpONJZafXR4kk7,train
33.23172374877004,100.0,64.46019710083091,16.80574395967153,0.0,5.0,21.588109294251453,True,8fnCME3Eko1AMjYL,train
22.15572392314369,100.0,72.96673634340004,25.51916967072563,0.0,0.0,21.587775366441054,True,pYau2kXrG0bGG5dz,train
15.286004955790867,100.0,28.045551068864665,50.928762819123946,67.35168642834061,0.0,21.581670784519236,True,AtCiuSrSoSKV3lsv,train
22.627444568130137,100.0,15.13404897394446,45.01703560865519,93.01372648904375,0.0,21.581061934307428,True,DXUacbe6LQd947cC,train
22.366346733068003,100.0,66.3770037498884,27.648485003094976,0.0,9.999923706054688,21.57783043167199,True,HuV1H1NtMy4eClgx,train
33.821358990267896,100.0,66.15733996427491,14.740245140116912,0.0,5.0,21.57698977023159,True,EHyu9lD6IvIwRX3U,train
11.720572474058411,100.0,85.70218112785115,28.956377348719016,0.0,0.0,21.57674575743608,True,b2nLtjLaqxUGV3Hz,train
20.768556645445543,100.0,62.08837680009179,32.843588739364506,0.0,9.999923706054688,21.57410961455079,True,3bkcIaQT7gK912kM,train
28.216861231422335,100.0,18.320431394059963,33.97937825327536,89.45268908454624,10.0,21.57079012184696,True,RObestZArY9gN9Ek,train
24.984738412956183,100.0,18.469544104181782,40.368585298896605,89.56975963878727,0.0,21.568821260584997,True,Whswh4mCrQ4aXiIP,train
30.114978464526896,100.0,60.83484935494896,24.56470124000235,0.0,0.0,21.566912267374537,True,9ogyciTiCO7tppdn,train
24.188629078984953,100.0,16.660728874485653,42.16373546983329,91.73941552783701,0.0,21.565984471277595,True,9acI3ilidwpiVkcI,train
32.57889135920399,100.0,59.21203634107046,17.695655202126318,0.0,19.999923706054688,21.565655516689564,True,CVR2Vu4i90he5kCV,train
29.639412966436126,100.0,62.52971339424629,23.87207507056074,0.0,0.0,21.563725264858125,True,spfNiCspZflABAwz,train
31.386429197571477,100.0,17.143346464770083,33.033432428511176,90.77375497949227,0.0,21.563483503785232,True,BdQlRbOM6mfoE6JI,train
34.74730446209119,100.0,57.33636532420607,18.869182737827515,0.0,10.0,21.561117461719213,True,u9PpuDTEGJ2VUf6g,train
23.68357320093477,100.0,19.566616718660406,41.38211164068008,88.51304944290492,0.0,21.557960608314012,True,jJ2QpgzFini2ty1V,train
30.526598710946296,100.0,59.13717489277275,25.26732613193046,0.0,0.0,21.55569113803858,True,ModMWfT9r71Od6gR,train
25.71515901074268,100.0,22.543593020721893,37.517983802316365,84.82460956091414,0.0,21.555155944302935,True,ATePrG4XYYSk9SqP,train
23.72177859572692,100.0,76.56646069816111,20.67287068958983,0.0,0.0,21.549987891573863,True,tvgRo3Z7BozWwUMa,train
25.256717342969083,100.0,69.33984442606483,21.66906262392125,0.0,10.0,21.548968524436244,True,VSeVo1Q76XFJXDyu,train
22.491044619147438,100.0,80.50994115141387,19.235255128099027,0.0,0.0,21.546303353118745,True,5QXHPGkXWezPug3e,train
16.700479447797676,100.0,24.682071899806008,46.998697117550385,75.35554743354356,9.999923706054688,21.544943627410312,True,4Znn0LMPwczzSzPF,train
22.25744694019604,100.0,70.8724607984646,26.735111104245135,0.0,0.0,21.542253075667727,True,bQr93mpSCZaPc3K1,train
29.416811347370594,100.0,66.19907095011682,21.261979933475857,0.0,0.0,21.53645946605534,True,kPkV28rgSNH4Y1Uo,train
30.03442900865376,100.0,58.40916791976673,23.82269848614581,0.0,10.0,21.534522137357612,True,fKKE01yCwLVTHmQm,train
30.29390903102604,100.0,66.37890175164766,17.503391088492123,0.0,10.0,21.53099073820208,True,kBogTZiGhOKYz1WO,train
30.731921143528275,100.0,16.208249721879596,33.85813742990477,92.66222124814155,0.0,21.51895629255204,True,wtvN4dnq59GhNvZ3,train
27.64010895827581,100.0,17.346721335742185,34.794288935983175,90.93592492494635,10.0,21.517689473374233,True,wFDxzNUskXMHtZea,train
32.13433841281519,100.0,63.32286984532978,19.920952419157388,0.0,0.0,21.51620556383474,True,Mf9OjERUWYa1AubC,train
29.82818596580399,100.0,59.80093109550022,25.386014312530193,0.0,0.0,21.504389018282065,True,2IATTQzag0oGuuVa,train
22.853916612267472,100.0,23.42553240973338,37.855598788796485,84.05820408752778,9.999923706054688,21.501335161965297,True,nq6RswMVrkfbTtkb,train
31.378310168455155,100.0,62.29170569222579,21.564531337120684,0.0,0.0,21.50123966337179,True,rNLIce5nUCBJo5AF,train
23.69780706087704,100.0,74.17988534351919,20.984088654176546,0.0,4.999961853027344,21.498250390233817,True,0F9UPVFDkUYwkiUI,train
35.68720065674769,100.0,17.253214606041702,27.185742362160525,91.01636143450946,0.0,21.497748899250755,True,0G3BpDRPb1HxQwoZ,train
25.53459787132246,100.0,77.43084166720615,17.492618347709183,0.0,0.0,21.496799387453375,True,S6yTsKDfNACRbAR4,train
21.908223271939978,100.0,33.496052006339774,40.795287244543346,56.66949732422195,0.0,21.49399593405573,True,JCvY3E97yfFzxRFk,train
30.00817664269587,100.0,41.18986196144225,34.00336400475389,20.120522000325508,0.0,21.48722235585736,True,JonvoMhcg9ygkwYX,train
31.202356244951027,100.0,16.507372259034295,33.253369101905875,91.17759856191132,0.0,21.486248648569646,True,txyZ63mYz3ENGGRZ,train
25.67046200144748,100.0,21.446542988796875,35.67253060401116,84.33384997252064,9.999923706054688,21.4857917534124,True,DcNLdUmhCYjgO4eY,train
31.343388385477358,100.0,52.70209210360511,26.201760139301953,0.0,10.0,21.481512939770496,True,9JvRXcUlofW9i70R,train
10.309224211693595,100.0,34.58833211810679,50.60268661779157,56.7950217807699,15.000038146972656,21.47584619058486,True,OZIW7t7vNxIW98CB,train
21.010639754280362,100.0,78.65841572105886,20.868321075302433,0.0,4.999961853027344,21.475084604440774,True,9buXSXJAKvaEmlgU,train
23.248195631720776,100.0,70.25965328593163,25.61222320260559,0.0,0.0,21.473441541341053,True,4sUTy9A18RPVxYEZ,train
24.292241809183167,100.0,77.16847902652623,16.621111192085905,0.0,10.0,21.472554544691906,True,UdLEkHOUNX1yj0Rp,train
30.745203325798027,100.0,67.35777838255274,18.407623146348243,0.0,0.0,21.471492218102068,True,Y3d8Lu1ROCbYLmqb,train
30.416119445053422,100.0,11.69352175501335,36.6059369574535,95.82239165603491,0.0,21.470365098807804,True,uMfcaTr1qmzq4nzr,train
16.34717749865124,100.0,87.00467963745136,21.65275628282538,0.0,0.0,21.46804757684559,True,qAfF4vjc4ipGMF9r,train
10.795392481913057,100.0,24.622751009590115,56.87292779886611,73.79512488899663,0.0,21.456602576139836,True,vhlwMTkRDlY9LezM,train
31.483932043833633,100.0,47.83383034484454,27.26920610613351,4.133819939588577,15.000038146972656,21.456591688239854,True,qNyOLpOwEHQ9l4t1,train
22.17295975214789,100.0,80.57134877948923,19.137463205675232,0.0,0.0,21.456434896095402,True,SUHOikQqiZVhzIjA,train
23.5260783839625,100.0,34.94924531341428,37.37326005296564,47.05253023168541,9.999923706054688,21.4511811004829,True,8rK9vd3ssp23kCg0,train
9.765389520151963,100.0,31.72313717730012,55.50114993089056,62.864371419519514,0.0,21.443266513787098,True,kQq367x1H50H34pB,train
24.118602587691925,100.0,20.579318593679616,37.41286488064123,86.83958017784846,10.0,21.441100420995593,True,Bwd3l6Rrj5nXHKmw,train
17.694161441731026,100.0,77.35537897002018,24.536134153573073,0.0,9.999923706054688,21.434070221953135,True,K994HGIwPRbfcxxY,train
23.099471898185968,100.0,54.581971606769244,37.35624624583447,0.0,0.0,21.433412964728774,True,iKSyoundSxLDUalx,train
16.65590166423194,100.0,42.74682938264451,43.10884159630555,34.59016600230713,10.0,21.42727644283113,True,WYOvdBMQEI5kdKLV,train
15.95108111947082,100.0,64.45590090895129,37.60149870911096,0.0,5.0,21.426455158032592,True,nRvxGECsX83w3iAn,train
22.888466771110558,100.0,82.48760996151302,16.641186449190357,0.0,0.0,21.42349547684266,True,Zc8MSUoQ1IBUMTSq,train
33.03538764735544,100.0,58.72839409918022,21.77364284732174,0.0,0.0,21.422834596180245,True,MaZREv0u3fv1rSvi,train
4.759087204123243,100.0,100.0,26.163985694173505,0.0,0.0,21.422568939865513,True,rdkMNdCUU9fBB3Lb,train
24.178682101404704,100.0,77.55397079661589,18.709464863836644,0.0,0.0,21.419659117610887,True,qCjSOq60vlxDnCJD,train
21.849257431011775,100.0,21.134558805254354,40.11777057305991,85.25681357509184,9.999923706054688,21.418889157210405,True,qIlP5XM90ZsmSxcd,train
7.713192599482678,100.0,32.54437849788065,57.47114969944602,62.210535972903564,0.0,21.41471166308715,True,t6eMEwn0Ed8Rd2Bp,train
21.95886465806596,100.0,49.49498400592591,37.473006233850285,0.0,19.999923706054688,21.408561197478168,True,gLJpzK5eYuCnRDBX,train
21.833843102509203,100.0,76.29024205333594,20.01387662403927,0.0,9.999923706054688,21.40476859373828,True,yYC8hQJevpxjp90F,train
28.766516675016824,100.0,11.956129478739026,38.306614815543625,95.14362367018731,0.0,21.403552737183155,True,3KE4wDpnX0BJXPWl,train
20.73600739322561,100.0,17.811717286897757,44.88146757834394,91.4138546947436,0.0,21.402745691747036,True,X45z2YGR6He46kFL,train
31.699658754770297,100.0,65.42428124662368,18.319211592447118,0.0,0.0,21.40239919417555,True,gKVCQDEsIBDxNx98,train
21.619684005212953,100.0,83.58486752860601,16.04416817643829,0.0,4.999961853027344,21.401482858533164,True,y9ettYz4ylFBnUna,train
32.14999216063128,100.0,57.32458802814952,23.825111954173877,0.0,0.0,21.401208635215024,True,IzB9V7t2TzLnBvy4,train
33.94618123270472,100.0,15.320895622853403,27.64994302204674,91.72774478068493,9.999923706054688,21.40105168035052,True,Nh7qyZapCIkJ84bo,train
32.86687014623292,100.0,67.38367506137894,15.378771578297659,0.0,0.0,21.400023111424602,True,0Z68C7q1B4zB0jfw,train
17.322113870338235,100.0,25.593116104967216,48.133364188069386,71.95780621888163,0.0,21.3940590318876,True,JxHf6h08dgsycimX,train
32.57768843814442,100.0,18.0626835028044,29.268279189556637,88.68550199742974,4.999961853027344,21.391753665390947,True,8r58IpmqA5YuIy6S,train
15.599483801126002,100.0,85.50270098242586,20.81111534706318,0.0,10.0,21.387499167058017,True,CxQFISa58rg84b8S,train
7.413322432834106,100.0,27.62909210104774,59.17881429080092,71.07376338464388,0.0,21.38714545075807,True,3LT3xp7el36dcHXv,train
13.793451053921551,100.0,75.69384452386808,32.891807108381556,0.0,0.0,21.380800863736912,True,DgI4YduYOemEhCfE,train
9.896789017578772,100.0,100.0,19.528518640037987,0.0,0.0,21.37990098240229,True,tT9TPrB5y2wDqnDt,train
13.235313160205083,100.0,20.773363077437185,52.197809239872,80.27208609362398,9.999923706054688,21.377995089625184,True,bQAC5dDF1NTRUUP0,train
25.81792252396929,100.0,19.281290251346867,35.63116090334897,88.06303592009839,9.999923706054688,21.376054330671803,True,l063vbDUyBBc7yKP,train
17.596514296853805,100.0,24.46784412666929,47.49198842683619,76.13575304834558,0.0,21.374490530998358,True,maSaoMIFGOWcAY9s,train
22.526837686558373,100.0,9.841047960323817,42.064595002591055,97.00141408609693,20.000076293945312,21.370860135208492,True,0Tp3uhMFGX4XJgA4,train
29.95761547138285,100.0,17.199024625909715,31.56487145004924,89.75484508978826,10.0,21.36997410623143,True,luDC7yIL1KOSFTEZ,train
32.402497045152046,100.0,16.522136960405792,28.50455143263025,91.7981488450606,9.999923706054688,21.369758719430695,True,jlLJjhbNXmxOWjt5,train
25.22594960059623,100.0,68.57528638571493,21.365884074264883,0.0,10.0,21.365957172859275,True,846T0J2zEimR7ned,train
29.035884838287814,100.0,53.20894780922902,28.10687014693515,0.0,9.999923706054688,21.36168359564607,True,cj4DY6Qgz5MHSJPT,train
33.507888131732344,100.0,64.36822278504557,16.644963649598978,0.0,0.0,21.36119818060972,True,7swjLY3My7twTDtr,train
29.69536628923799,100.0,43.74471728386604,29.34696984551023,30.081643517549907,0.0,21.359025309868944,True,8Z3V3UIIQ06yCH9L,train
33.01201939412399,100.0,61.129436070211675,18.421611660339295,0.0,5.0,21.356742591130605,True,bVoSB9e6pmkvteOO,train
21.005931294182414,100.0,25.476877201628092,43.195799423907374,72.88579088517074,0.0,21.356463832829828,True,WVTqEoaOJblHk8gn,train
21.564969014556134,100.0,71.68601843499692,26.05823218222406,0.0,0.0,21.355791455333385,True,3zCEGsG5e1Bwlrqq,train
34.07614075916935,100.0,64.17980013003555,13.543782968947042,0.0,9.999923706054688,21.354757988389814,True,h9U6A6a4NRnzxNYw,train
3.8041009624911712,100.0,98.64616679193367,26.783221860712345,0.0,4.999961853027344,21.354592724206675,True,DhMVyAAB8eaiuVz6,train
23.88261626106304,100.0,39.88866004640718,38.54855464336184,33.70525716514028,0.0,21.34892685915622,True,GmLW0M416cgx4aXQ,train
28.765951334669445,100.0,54.67035859529593,29.762628829104486,0.0,0.0,21.34456738878265,True,2mWELvGkL6gvI98O,train
13.333434025735583,100.0,85.48680321040194,23.37355055536213,0.0,10.0,21.331089099066613,True,OK6oTLNp00pFKE4b,train
11.731834829921482,100.0,65.50098642713847,40.357879102590864,0.0,9.999923706054688,21.32967867737205,True,2ccrKI22oT2ke0Pf,train
25.01343180545681,100.0,20.308288016832826,38.39329467388782,86.8396385612901,0.0,21.320242016731196,True,mdWyeq36zbfFQqXf,train
20.006300146709293,100.0,63.73681100941069,31.263937072057757,0.0,10.0,21.31488410250048,True,3sJrMg5dku8WylwZ,train
24.064459837643426,100.0,18.523371645617765,40.259201069131,89.31315923997595,0.0,21.31211888207852,True,9fDe1m4cWp8TFbND,train
27.274920264644145,100.0,14.27677431515336,33.56455013820609,92.7069592448687,20.000076293945312,21.30850801801596,True,sehA3rnrWSlt9QT1,train
29.391338822808635,100.0,40.494474415793704,31.43149034701689,21.957693145174773,9.999923706054688,21.306184780036066,True,9npg5bIGzkpd0BUX,train
21.484961690971772,100.0,60.95022570248652,33.9058513833278,0.0,0.0,21.29494455478148,True,VSC9FEb3CLpmsK11,train
25.343674652591535,100.0,78.26014675724717,13.599037499274175,0.0,9.999923706054688,21.294744361892526,True,TBQu96WK3Sla3Yk9,train
33.38390485300522,100.0,59.13196571606473,17.881204795808586,0.0,9.999923706054688,21.292008215125463,True,NJuFVII4CYk5J7jd,train
29.486527080471426,100.0,54.1759646729509,26.46080324005709,0.0,10.0,21.29018711907191,True,Lhs2kAuja5h1k0Tb,train
28.81280372406089,100.0,16.724492274070997,32.38961338390955,91.97582741201306,9.999923706054688,21.28858500481117,True,CzrQs1cv7GouuT5a,train
29.892865307137154,100.0,15.887083948293345,34.08011667015283,92.2398177024965,0.0,21.28429313818368,True,yuGDloAptWehcqI2,train
25.685013033098333,100.0,77.11985546847242,16.451542983132256,0.0,0.0,21.2795401751719,True,18UjwtvDYnHEwEgC,train
29.983335714351668,100.0,15.151190521904002,31.77716666546712,92.93618246878398,10.0,21.27075496340614,True,QtaVFLNiZRVfy4rw,train
29.563715266632613,100.0,56.626260007645236,26.924147112146443,0.0,0.0,21.269697240234226,True,WpauETXxStmDS3da,train
13.75020357484776,100.0,32.32997920271346,50.537914135717585,57.43903136340357,0.0,21.266582169432656,True,e4upqQSFsmM7iFaH,train
22.8329625568292,100.0,58.86200515336775,31.132694738505634,0.0,10.0,21.26408035991359,True,QzaZgLhcMatJHBzU,train
12.276545670947003,100.0,43.08261451640994,48.85892510913967,39.12990559980018,0.0,21.259808897016185,True,TQTPEL8sAVCPCHQY,train
25.687279220400114,100.0,17.40455744269833,38.351107800427485,91.09087778222872,0.0,21.25726887070171,True,8Xdu6OYd52h5NI78,train
20.285413276434117,100.0,68.54047585538069,28.26733794088723,0.0,4.999961853027344,21.255890378244445,True,KN3EQ5qMZZRdWnOX,train
20.801728897401098,100.0,75.47075833371147,23.672715015755756,0.0,0.0,21.255588977558148,True,99oICXJ4dVXY58Tu,train
29.723291047915886,100.0,50.64474225527648,28.63420984824252,0.0,10.0,21.254376069918948,True,QrldR5wwRPwUvWoR,train
20.99367273659975,100.0,52.56535544568345,40.556885783212806,0.0,0.0,21.244598657645014,True,7BLno0YxfO1QuVGI,train
25.277668169192225,100.0,17.980954095703588,36.38935974655228,88.9316210901039,10.0,21.241013160469244,True,O4kWZMuLVIzCDESd,train
21.474814955077346,100.0,18.58252574178703,40.701274324063625,88.84678254951187,9.999923706054688,21.238672777628445,True,wsi7QIOqPYTlwOeg,train
30.330249216350552,100.0,50.661258784507226,30.254916287234067,0.0,0.0,21.232734379210534,True,LiFHJsXrFONcLJyZ,train
26.299712017175,100.0,17.899397244917647,32.21976773582948,90.54048083733537,19.999923706054688,21.230811365366797,True,w43RV4s4kHGtypEU,train
27.148724068361762,100.0,77.32525630451713,14.211876667226633,0.0,0.0,21.228344796213335,True,1NYoYYtirPO2jsay,train
8.838153541786943,100.0,21.75962696039871,55.981888355327726,81.06474960217997,9.999923706054688,21.22309376598382,True,CAx2gZonvl1KsMxE,train
29.809975504220677,100.0,53.92574789401304,25.90411561883127,0.0,10.0,21.22217918392338,True,JmDPCOtpw6rVd9S2,train
29.611215297169835,100.0,45.53996835748453,31.876232116341,2.2532279010056158,10.0,21.22170689623362,True,66kgnjGo1mY5JNS1,train
15.939205614763992,100.0,86.45969222105447,20.089328769475685,0.0,5.0,21.221620990744306,True,dWaAi1OoeTjanGDx,train
37.43774532836486,100.0,39.27866717038509,24.068242409324654,23.12388879630356,0.0,21.221079329329086,True,yy6d68ZN7v17qERd,train
9.389742967356227,100.0,87.46025136064537,26.271848593762087,0.0,9.999923706054688,21.220839349991017,True,zdvagO2TBA2FVLMU,train
30.76344613254173,100.0,6.573079667903063,35.750839294464626,97.85290559068252,10.0,21.21963662174794,True,76MzbQm7n7slM61X,train
24.987719702761613,100.0,68.07026114641087,23.80419675691435,0.0,0.0,21.218308449034904,True,q6zjgF4yqQm7sM3m,train
26.532636194922546,100.0,53.383725144577255,30.379266812671744,0.0,10.0,21.216571182951576,True,O5EVdjDUuhaa49w5,train
25.075108545094395,100.0,16.336131016253326,39.683847161223305,91.21087565529048,0.0,21.216510003720785,True,Wu4T3ZEd8XWWUKtn,train
20.755909277335732,100.0,74.6005594372645,24.17929886114389,0.0,0.0,21.214921007152384,True,BRCNrKXYym4RIpa2,train
30.79888528269638,100.0,14.80563076284556,30.721904353473334,92.98123788003822,10.0,21.214008699797507,True,3d7lglLZeIkmAm2E,train
28.566689314443536,100.0,19.736507801782718,31.45507595597151,86.38490208586802,9.999923706054688,21.21240497966873,True,aEtfO1mvKORAAvpp,train
26.719326156358772,100.0,77.30377037774308,12.178956134613301,0.0,9.999923706054688,21.211184507976547,True,9OjtR469Y3UPx98a,train
32.97465812074954,100.0,18.84408918370697,26.243144763746642,87.76653810263308,10.0,21.207233765624416,True,mQVgQmjTqVvi2SC8,train
29.932365080981434,100.0,13.620498854629304,34.89081100425068,94.04340086718271,0.0,21.206498342649024,True,2ooZXGXsfzi7WR0L,train
18.95272655166594,100.0,38.10898490771374,42.48792524185833,45.026689927237484,0.0,21.203448918807087,True,pC3ngYHSSpwL6tgk,train
28.879279744896643,100.0,18.04846851802539,31.640200681939362,88.91467968725034,9.999923706054688,21.20086051998109,True,7gfQ3dsaJoGqpVD2,train
30.74181856121722,100.0,15.701172867919427,30.19103977805952,92.4347882502602,10.0,21.20057793861713,True,J2qLXsmQ2V0qV2uD,train
23.667484534850963,100.0,67.94587852411277,25.45378741940273,0.0,0.0,21.1995103962102,True,EoHQ7byDN8KyDQoy,train
16.61965149357672,100.0,27.8397410882882,46.29075042599764,67.1758576208477,5.0,21.197817002879326,True,eventWQyxdITQAuS,train
21.618056501220316,100.0,28.038208351112374,39.280871942254606,64.57034892461625,10.0,21.19493721265367,True,bRwiy8MOzm07A7tk,train
31.307151760224322,100.0,15.534189135307575,32.08157123435639,92.42071474308399,0.0,21.19426629437769,True,KJEYpxTGFlD9kNM4,train
22.75314774334938,100.0,20.18953202591665,40.45141340205845,87.73118401477812,0.0,21.193558620875443,True,AVgRduqh3DYfucbY,train
22.09185460334676,100.0,70.55666136821378,22.934964266181964,0.0,10.0,21.19345570930515,True,LMNgUceV6w8C6AOC,train
31.3694678280267,100.0,64.24282884320007,18.56923211321481,0.0,0.0,21.19263770612965,True,PAGFQarUDULAzQP2,train
10.331138948232601,100.0,23.05636465475408,56.64694241453617,76.41464163698024,0.0,21.191360000027508,True,rWty69pfjUHRrYiR,train
30.59046446327432,100.0,53.45130904366796,25.11982723749007,0.0,10.0,21.18927791986679,True,raBSw7wWCJSkbVgO,train
31.651767899371936,100.0,67.64212265130963,15.637325048517738,0.0,0.0,21.18672538224298,True,ZlaiXPyVZHpJFJNc,train
28.41295065033569,100.0,15.724295018001566,33.34155698336589,91.08698982976001,10.0,21.184542803445336,True,ju1xBfrrg7jQ9TWS,train
23.238175966450854,100.0,65.02765373901468,28.092585826420148,0.0,0.0,21.182209217748944,True,gpprydgItkjagpIQ,train
10.923846861096836,100.0,23.09338819671011,53.95785846824237,73.90473633196427,10.0,21.181778455027416,True,0mkR6NdY5gXd4l1M,train
22.368378880867287,100.0,36.10980956625979,39.06533699677456,47.12654625054513,0.0,21.17796086703796,True,lR7Lj8nHox79kjnD,train
21.090751997486496,100.0,55.21419961482145,35.60035688550576,0.0,9.999923706054688,21.174885503998727,True,IfQTg5dN4VAxNJtQ,train
37.12600608040611,100.0,13.862731859461089,23.127664795444687,93.76472157119792,9.999923706054688,21.17467652197226,True,Gk4aEhw7tJfJuhoo,train
23.173989898581127,100.0,30.619037046691112,38.93066660590126,60.024395425928155,0.0,21.17370612412561,True,DMkCJDyC8I0kpzaO,train
16.3940407994447,100.0,66.7191599156142,34.076522840726625,0.0,4.999961853027344,21.171686847999997,True,Ypp3CcdYrULfU3QF,train
12.740079209057072,100.0,73.0305681133438,33.89037291189922,0.0,4.999961853027344,21.167677694297048,True,vrRJGtOChW8lFau5,train
26.514127950071707,100.0,17.27032183236188,34.60545654143637,90.5166524248333,9.999923706054688,21.166000377203883,True,QpO9iM9FDTrsPXso,train
31.075708010597467,100.0,64.79177412047282,18.38222656613931,0.0,0.0,21.16413843394815,True,hzLcYyMQWyJw2Dqz,train
20.82011179108745,100.0,65.6656848993591,28.009524523662364,0.0,9.999923706054688,21.156781772710936,True,2clomzf5A9wvGbAW,train
26.48020273789028,100.0,17.587113462134646,34.53789604470724,89.81042877577063,9.999923706054688,21.15621453682548,True,8WRAnp0vSrlaT5vb,train
16.826610517219457,100.0,22.223183806050038,48.16610377826414,79.62022998570312,0.0,21.154362455150356,True,ORKkWTLEdtXunH9B,train
22.27400410810438,100.0,64.17061435952229,29.791092269003684,0.0,0.0,21.152311634755176,True,nQmK2stLS9x3obaz,train
13.0925121075493,100.0,72.03580064795645,34.09379799398755,0.0,5.0,21.1472577228783,True,GNSWseeItON6g9oP,train
16.561075718073358,100.0,61.61719939228422,36.31054883228795,0.0,9.999923706054688,21.144954790121297,True,i6NZonvNHVrCZtkk,train
19.696458894066033,100.0,64.28114903098471,32.88655820131508,0.0,0.0,21.14359871842723,True,FOtNoBz2R7ouETXU,train
4.584701511203297,100.0,100.0,24.981682256641832,0.0,0.0,21.14251182912919,True,65jDI4xojsOUl99y,train
28.85873799660429,100.0,65.11330702683465,20.76927297846298,0.0,0.0,21.135535148868865,True,efq7cSV2UsiHIA8V,train
20.274119767004493,100.0,68.42050013337364,27.764175686524396,0.0,5.0,21.134440099062047,True,zOHi7v3aKQuijMsy,train
22.92083348599693,100.0,77.11935490286481,17.926337899884274,0.0,5.0,21.13337918690581,True,Gfj5aLLxRPDyuClG,train
21.606600369900058,100.0,74.47558539083559,22.800336909833504,0.0,0.0,21.133055283067055,True,fqpdmfISmK05pp0b,train
25.014875856137724,100.0,79.70982642753704,14.603564933854031,0.0,0.0,21.13090591493579,True,5lZQwhSdHxFoHmJT,train
26.64052743951906,100.0,75.14166351630769,13.496287133987963,0.0,9.999923706054688,21.13063499942625,True,paOW9IJ6AGqpaj45,train
28.464737894522795,100.0,48.50672005570165,33.65181447305653,0.0,0.0,21.122555376597255,True,taGghVXrqZfxClIh,train
31.456792673374686,100.0,15.51221216075577,31.442067563282677,92.85379169932207,0.0,21.122133090079675,True,FBSkhm8rAWfzrRye,train
24.742058698534215,100.0,16.14165123412196,37.06724203028882,92.03815712107333,9.999923706054688,21.122114807166014,True,1ZMOluz98C1N7ESX,train
16.922519038586096,100.0,72.53801338516647,30.030048779338244,0.0,0.0,21.11734152328914,True,nyXJ7Vqx9CC9zaUc,train
22.63582038823221,100.0,74.0162723204502,21.74558453141475,0.0,0.0,21.110512851408533,True,jiqx4LpoqZtfKzK6,train
17.861894863629967,100.0,89.1910106213678,16.32963982686033,0.0,0.0,21.110053274484727,True,voqbaSelRCBVS64k,train
25.122139005785904,100.0,16.79056811656251,36.27509271852997,91.077859599859,10.0,21.1080314926298,True,unX43skIMa8FTHeO,train
24.384861383535267,100.0,21.627503705912225,34.5533920341,86.91261606031686,10.0,21.096650111606493,True,Pom37V7sjiunLo8N,train
30.927323096618963,100.0,57.8392129835178,23.427721571201403,0.0,0.0,21.09325703592269,True,hwnxLDDhdQdhh8vP,train
26.451554411245912,100.0,13.735723341963388,33.742310362573946,93.38794166234568,20.000076293945312,21.091110074435328,True,rMNmYemAFwO4Fk31,train
11.222489893156823,100.0,28.219097832403232,53.440663685930474,67.14234595343402,0.0,21.083737183007486,True,JUEBOXkOya4l4nvB,train
30.454345626039668,100.0,49.748570143149365,30.034166187042118,0.0,0.0,21.082705165390745,True,CSjP6sAfQduefc71,train
16.270726161128817,100.0,89.41744458712438,17.964467288538486,0.0,0.0,21.073191686058557,True,Pzi0V4r3feeGUTWU,train
29.892120957285876,100.0,16.06840803944316,30.343276460262814,92.38057146662592,9.999923706054688,21.070971495924535,True,esXaLJlfkFclphJM,train
15.993200808277873,100.0,74.52339359742143,29.465117817401804,0.0,0.0,21.069832805163045,True,CcLxUif6suVAlmiY,train
30.7457551106866,100.0,17.139909950695657,28.716590642191917,91.2603476010462,9.999923706054688,21.06375696406943,True,dUkR6ecLp7AFUU7A,train
23.950903476370527,100.0,15.395824361629455,38.25467256496598,92.267039200711,9.999923706054688,21.06138218166853,True,7SUEVOQOpMAx7kE7,train
31.263221349503606,100.0,60.289805524074985,21.007499904655248,0.0,0.0,21.0607761469182,True,x4YLIDiOr6UcJVNM,train
29.966668055315516,100.0,55.17653333755836,26.4194256629509,0.0,0.0,21.052032147052813,True,9bVFZcBcbFr8yg1r,train
17.10249149869639,100.0,67.39102533292603,33.290411183017184,0.0,0.0,21.04235891121644,True,fh6vXk0uuGRB1lDC,train
29.66715847827421,100.0,12.606988403560539,32.637443171635965,94.13437503664612,9.999923706054688,21.042041451564867,True,puiTYVFR8BZlYZwv,train
17.865610330657326,100.0,84.98662862624592,19.104940416788423,0.0,0.0,21.035384959958904,True,HXQ2351MEhrRHUOb,train
31.770314228729987,100.0,64.63439145429035,15.698310422037565,0.0,5.0,21.027399359733565,True,ZmicBfRBm0Oj1Mqu,train
28.764301425707327,100.0,16.629596493825847,33.81925145205797,91.55647942105043,0.0,21.02718909196482,True,HsbgVBOEDYzLjSS3,train
32.27398123049288,100.0,14.702071524428872,29.516515849648087,91.96971832421852,5.0,21.025595122428093,True,0Ygydx9Jb8eKFQY3,train
30.433367408318905,100.0,43.402446355714005,31.991959957631494,10.160765678518317,0.0,21.025139080889044,True,IuScGN56J64MF0Fq,train
22.572668583455332,100.0,54.95444420434102,33.1935555739975,0.0,10.0,21.025044891314487,True,KACX04e8SrH9bmTX,train
24.03151799438533,100.0,72.30829954107847,18.348697436525867,0.0,10.0,21.023863917063274,True,0GpYQYyZqpV8fBFV,train
10.804129629617469,100.0,17.455967828072406,56.5836739425028,87.62389250625468,0.0,21.017356995428525,True,Upl3lRzFMeWhe0FG,train
24.992895136610695,100.0,67.10570593727681,22.26335527828668,0.0,4.999961853027344,21.0167488230529,True,z2i2sdx5J9daTJ0w,train
21.722486132836462,100.0,23.475178231406133,39.21471419730294,84.41919461704613,0.0,21.01580083823293,True,50yTdPoz2Cnnyerl,train
23.40773382768533,100.0,74.17458101195787,18.90725231301448,0.0,5.0,21.00957107131791,True,n9UFB4CBMVr0uNgM,train
25.30005329259714,100.0,75.16673342113573,17.03691548102836,0.0,0.0,21.007406432525315,True,JovUywgX7DLZ2ZQQ,train
28.498810632658795,100.0,15.676861767707427,29.814980880596153,91.2367329273955,20.000076293945312,21.001068560507086,True,x017XxFquIzhGVaS,train
3.7680657920262606,100.0,93.4697467561135,27.691023970795598,0.0,9.999923706054688,21.000679440885445,True,fmGcACgpdDTovfd0,train
26.172841389499112,100.0,72.9515835412405,17.532175774855347,0.0,0.0,20.99238303353192,True,3X8XLgUVSy8Pq3OO,train
32.692748860190434,100.0,57.45201890034005,21.001943257136475,0.0,0.0,20.99137870152591,True,0XlNQGqkURv7DMLe,train
22.42768461334957,100.0,15.56288000469717,41.985095621822296,93.05974705971711,0.0,20.991359631392285,True,YcEaOlP7sFsG0u5P,train
31.324438347745662,100.0,62.312479643164025,19.064208083322626,0.0,0.0,20.990823150075546,True,tY96oPJrWQu6cR9S,train
28.76894075512579,100.0,19.523319195254402,32.280426422013036,88.20707472908376,0.0,20.987172088926403,True,sNNyCkSCTzmnKAGb,train
23.103804813394845,100.0,19.641591239779867,39.113552726328244,88.74960966512415,0.0,20.98238091783755,True,oEgEpa34BSmKc19H,train
20.042937356288665,100.0,34.72014985074199,39.20348611787044,48.35378595822584,10.0,20.977143338168844,True,35qNjZwqOmtTv0cj,train
21.67019698820259,100.0,70.137576059563,25.138963052148938,0.0,0.0,20.965978266414886,True,4hlCUmUgFT3sRU3Q,train
26.31439514813061,100.0,18.993102068017706,33.0294571043203,88.51709116011564,10.0,20.95931007610515,True,rWL8NcKADIeMtx0Y,train
24.809819322315413,100.0,18.09767232642304,37.688276804464145,90.06349012220986,0.0,20.95793554654563,True,Mz0jYpJoG9ssdW67,train
5.11633685632188,100.0,22.720140296054154,59.97022314172864,80.52064783269662,5.0,20.95718227846915,True,mTy0VKTmfc442vCf,train
16.57496499151234,100.0,86.90747856338442,16.338975647097143,0.0,10.0,20.947658161805176,True,GgFMoSscz2vQkSEZ,train
3.6969853641038735,100.0,30.14943817618378,60.17023961032631,69.0928434135624,0.0,20.935352160196917,True,x35d6f2uroRISVZv,train
26.32752734023754,100.0,70.3589862638608,16.494772172601827,0.0,9.999923706054688,20.934680394461605,True,REsL1mjwfhqSYLDH,train
24.30594817394868,100.0,43.068524701318914,33.44932944136772,29.130206437875387,4.999961853027344,20.93314005150369,True,jseNQND294DUffHa,train
23.321882223328434,100.0,70.06425341710445,22.955276991894507,0.0,0.0,20.93116396677668,True,xHo3ICOLBnm5s7zD,train
16.33450267595824,100.0,32.50937964449476,43.07302804311735,46.63027446801959,19.999923706054688,20.906148132990957,True,tcWjg7hB7HjofnFN,train
33.938917254765705,100.0,17.653536499294606,26.22262055132542,90.29650240285397,0.0,20.8921090189934,True,FrXIHB1GMLzM3aHX,train
24.124882947913648,100.0,46.97528906525645,34.822618344818764,16.981083979398548,0.0,20.89109196470056,True,S40LubLi0Kf10HsG,train
27.187156193016417,100.0,12.189612979470919,35.10293518617843,94.72728752606443,10.0,20.88218240871365,True,e1hq4Eu4sQz8Bjr6,train
17.800403118780753,100.0,34.8108749258074,39.956204233160754,54.20022527130243,9.999923706054688,20.872980314066304,True,gASAKtAb4i9Oek69,train
30.062691316157235,100.0,18.38929643864537,30.568785598213793,89.65493420422925,0.0,20.870571124690336,True,8pVEIOR0y8ktnVd0,train
28.779402256077297,100.0,17.41248289593579,32.50664560499935,91.23931679049258,0.0,20.87001795893419,True,6LAuYAacY7O6X67o,train
28.16466458934706,100.0,21.623560370538044,31.833681173686458,84.34197413082708,0.0,20.868535144196116,True,JlzbYfPICETEYNWw,train
21.318842761966305,100.0,51.36826548079989,35.41449121836976,0.0,14.999923706054688,20.867844941588245,True,32605K4Fi1rvjJrh,train
27.071661084014636,100.0,19.974360652655594,31.496742191445335,85.9748704675415,9.999923706054688,20.862157515870877,True,Py5wM51mQnSGcsgT,train
17.376377666858208,100.0,80.94701885578473,20.62839573488428,0.0,5.0,20.86182639205912,True,g6x6qG6aMrcPrPEz,train
21.184845591095833,100.0,16.800079531754303,42.39063212431118,91.26591770942485,0.0,20.857645637870583,True,9XuqchsLQ2RpJR82,train
15.958817400924469,100.0,81.79932340949863,20.4672028145513,0.0,10.0,20.85304342456617,True,VO8WpcESrIkQWSUa,train
27.196148641728804,100.0,17.3708964853139,32.17487193909609,90.26649315246121,9.999923706054688,20.852966863974302,True,hWddOaByuIsGs999,train
31.690813733947934,100.0,15.133667540155653,27.60225584723328,92.72096754054904,9.999923706054688,20.849249296287176,True,gzmjFOb9mPrKhqg3,train
14.0559077264842,100.0,35.79762611507715,45.08335231957726,53.8193760093377,5.0,20.84126011326496,True,TBVUAtdu7OM4KEOR,train
23.857153313610937,100.0,57.345322488344536,31.37458329912944,0.0,0.0,20.841003361480304,True,8ZMhpQyD4Qu8M8g6,train
13.431011162343902,100.0,19.45206505565356,49.22224102049937,84.3324096152006,10.0,20.836631233793916,True,1eV8c36Mus9MyJAg,train
24.70279389376277,100.0,16.786464502481135,35.38274312982885,91.32092390058189,9.999923706054688,20.83625915511046,True,rKzVbgEcKjYgCBtv,train
29.93318759995296,100.0,17.303170490320202,29.101328267164234,88.6625597230128,10.0,20.832166113119758,True,JumTzaXOgEs7oSbq,train
17.369437653062676,100.0,31.715943346685734,42.39567795108519,54.99110835152198,10.0,20.828441923061668,True,RsYyA82b8YB8IUKO,train
23.72709007943255,100.0,68.9626910085164,22.748742795704402,0.0,0.0,20.825924730276476,True,uqRuAzZCBzq6drFU,train
24.519667634768123,100.0,20.755757790333348,36.277762505142015,86.52702832046862,0.0,20.825184494293868,True,0lw9A7sXGwIB6tFB,train
16.39365134469155,100.0,68.60083107547639,29.640165196571317,0.0,10.0,20.81657053680861,True,zwIfjZMibPxKU7kj,train
10.555156256638163,100.0,28.256336708139983,45.781482150342285,65.59722785587452,30.000076293945312,20.813401207939986,True,ptuXstzPGsZ5p9Wl,train
27.78216507841711,100.0,21.45754953280364,32.086954418102124,84.57421457239991,0.0,20.810275311765245,True,A7BZNIbYOlXDBR4t,train
18.6125811713084,100.0,80.29614615391219,20.504552104680783,0.0,0.0,20.798477636850084,True,CjqMSdmi9iprEFes,train
28.715514740714454,100.0,17.411156747161776,32.478823287752235,90.22777520850367,0.0,20.79770561522851,True,ni0Uilo2k6cJEYpH,train
21.84923660050706,100.0,61.11851006679848,28.32325559087994,0.0,10.0,20.794736778322527,True,Ahet7zqqyTPf9gL2,train
23.01856176324113,100.0,58.046990213102916,29.155407296437332,0.0,10.0,20.792770432063186,True,sLPTLQQfXbd2tP57,train
16.171344091628818,100.0,33.09454447205012,45.67888041147979,52.94713873487241,0.0,20.7901507127543,True,JBC2x4zE8x2nXYu8,train
20.712904892446854,100.0,67.15733131620725,27.61594350867672,0.0,0.0,20.775014622278142,True,UvBCw8Q6znxxXGs4,train
23.965647254015668,100.0,18.164687938979444,35.37307756205412,89.66836711013917,9.999923706054688,20.77414505757135,True,9n5GW4HdhgeZncPw,train
28.442832135406412,100.0,17.700370299771812,32.72402999444475,89.00779704428035,0.0,20.76095942992034,True,9t5wgtLwgrL2SPwu,train
29.095211466333033,100.0,63.10662589613369,20.08243439754564,0.0,0.0,20.75628363051244,True,hiIXe5C6FvZgioLx,train
32.893429298111855,100.0,14.973052852094224,26.026178183209396,91.54249632814401,10.0,20.75167570539118,True,LVSjwPTLdYBSZFDh,train
31.082355207880255,100.0,54.33147853080786,21.651853684191906,0.0,10.0,20.750681318429624,True,kinToK3L1ZH5106k,train
30.089282251708852,100.0,51.24978242542932,27.70391636174891,0.0,0.0,20.750571199091393,True,XjFjREzxmZe8s0x8,train
26.157733204140282,100.0,69.37684080676817,19.004829983473897,0.0,0.0,20.74692541874508,True,GpybFUz8xWITgCoK,train
27.498634489434764,100.0,17.41542908186997,31.314558614504747,89.93373658132069,9.999923706054688,20.746567721908907,True,CjuUcIPtu0UVlt7b,train
31.03604779924106,100.0,51.3241475906831,25.186206674960843,0.0,4.999961853027344,20.744873516056266,True,WCiBqTYnMnm2a6tU,train
12.95040525155477,100.0,21.45220774105484,49.95044576953197,80.72040613111344,4.999961853027344,20.73154002716035,True,S3UKNP7OPY10G2Z0,train
29.269279695284734,100.0,43.60444301322735,30.23694415047622,6.505491849963008,10.0,20.73064979839868,True,5KaPaEpFLsNLN2Y8,train
18.43425327100075,100.0,73.02264784442609,24.576719775836168,0.0,4.999961853027344,20.7273025422327,True,fT6kfNSJdqfH7qCj,train
10.480789383785888,100.0,30.702516411164034,51.87650432428941,62.48630450150072,0.0,20.725190897553997,True,h6K4p3CNd3kkPV5M,train
27.316498486778286,100.0,18.050229764042776,33.68190881263757,89.0197347215532,0.0,20.72402758490616,True,MtCzWngHTnPqlTKb,train
38.04621916476275,100.0,15.013671508602283,17.88994575138885,92.59898714749065,15.000038146972656,20.721545932481966,True,MXZrpYSpDd7lBxCH,train
30.398918867809705,100.0,63.449648853797925,15.513868700638568,0.0,9.999923706054688,20.71994697045256,True,3wDD4BlRA4iyp8zC,train
27.579471905294405,100.0,17.395661853697977,30.73674257445066,91.10753402706464,10.0,20.706942470621662,True,ZbeyngGWxlbaOjpL,train
32.08957346100378,100.0,58.838952446849504,19.265363836040336,0.0,0.0,20.70130899948644,True,PqQ3smZXin4z9lk0,train
31.071467381192566,100.0,58.00701831630446,21.13312067768834,0.0,0.0,20.69554372828148,True,YB3a4Ms8eDvak9YU,train
28.36660388612878,100.0,19.729857430585866,31.58326779682811,86.4081995458292,0.0,20.688193122777157,True,pYoI3weuDBsVAFcP,train
23.89659434590575,100.0,63.38374409545649,21.012553715878568,0.0,20.000076293945312,20.68422475866789,True,PJbM7Q1SrblrSWt6,train
27.410457726137736,100.0,17.935154867551994,33.211315087546836,89.97088217673178,0.0,20.68369478801319,True,WIrVADRlBqtRde3M,train
25.7626215424347,100.0,11.81741513975156,36.01051709354208,95.33316216980928,10.0,20.68202918377029,True,iv0hfiMQH7cV3n9W,train
29.429319773947523,100.0,34.2134097005195,30.963137527738766,34.95053990162769,4.999961853027344,20.67949399184531,True,XbEoDnd9Z4rfwaU4,train
27.613406325478046,100.0,16.477125129391865,31.049323208947683,91.72143739917598,10.0,20.670856862526627,True,ToCVujlK1zVrHqOi,train
27.794920548672852,100.0,19.00823630189032,29.87238099831532,87.83876772971375,9.999923706054688,20.66637635390325,True,2FwCdxn0lcKTpyeo,train
28.74720192051754,100.0,17.140817801365486,31.84472404294695,90.69728647364096,0.0,20.661732282605644,True,RUoYv1AfhJGSWja9,train
32.85641208509929,100.0,15.995377636399372,25.083506683459646,90.54997622266697,10.0,20.657609814560004,True,TVSDgCBnV9uaA3YW,train
9.495962148794625,100.0,22.031652037238516,54.33975812229881,82.16547140136879,0.0,20.65496353731264,True,u3b4JNo5bqpfE7Js,train
26.377910218557467,100.0,17.72911793390819,32.286968897795674,88.83542333955064,9.999923706054688,20.653006376564996,True,gK3m6hYNjlUK8rfX,train
30.425960959627908,100.0,15.096744264519252,30.622041577720708,93.08890898575675,0.0,20.649855644416846,True,n0Wl8s2tHpqnY3G6,train
14.622306956623405,100.0,66.66716632976613,32.467618261204734,0.0,9.999923706054688,20.64917152616445,True,tcCABqiaCP5yRnjE,train
21.80280914521788,100.0,19.349702237517533,39.614495610092874,87.42531727997294,0.0,20.647322607949324,True,MrDIddE0O11KlVrW,train
29.096868799756834,100.0,42.87178736544246,30.492810650033192,16.85648654922801,0.0,20.646371762223616,True,BuM3VCVtq1WkwjyQ,train
16.352937347090815,100.0,67.17570750545447,29.89556430154353,0.0,10.0,20.643703322899583,True,l1FKZyakrkxCdpWn,train
30.27651293743115,100.0,58.94241092895645,18.656360920168183,0.0,10.0,20.641762057734887,True,ng2CmSayzl1LnQ9P,train
31.7016824174221,100.0,15.289013511892854,26.729181758678223,91.53771133352086,10.0,20.64149454955114,True,t3WPSkZ0a6Pul0Ti,train
25.252639846417473,100.0,67.67603697534206,19.61840951304474,0.0,4.999961853027344,20.63824550316599,True,Z51vTfGPlcpTCCHH,train
20.306689058195804,100.0,50.718518488079525,39.75257083864785,0.0,0.0,20.634964205490448,True,MMstRgEevrOu3rqP,train
25.92130517816817,100.0,67.75318466888737,17.45773259008216,0.0,9.999923706054688,20.634846698194313,True,bJHypYsVTzDpLhNa,train
26.96474145781999,100.0,19.76139021215869,32.96293409019091,86.66483437224866,0.0,20.63122243292942,True,yMWM7gusTJl08Ead,train
24.52394913745365,100.0,14.539939227736362,33.3729993983833,92.6245008027327,20.000076293945312,20.617806903034428,True,IWAv1KhIW9h31KY2,train
32.60048326651679,100.0,13.927462682948939,28.4436224662893,93.71195161535496,0.0,20.613562293097146,True,CdOIRQzW6e3h0Ffn,train
23.83615264731572,100.0,26.417706154071958,36.08057219630098,69.44955674989953,0.0,20.610286361694897,True,GBtoxJZpbLFuomSy,train
23.354792247716023,100.0,46.95219754721717,36.218419333857035,9.660231141654762,0.0,20.608223117865723,True,M05k6pw29zwqapbC,train
13.0738928541868,100.0,27.9205123670129,48.567760183610375,68.47984868295632,0.0,20.594094539468525,True,CkVloXN4ZVhEWyeN,train
28.63093135831882,100.0,15.551492469003591,32.3953391796521,92.31696845345172,0.0,20.58537296853325,True,fegDvq4KqsKvEPsk,train
24.046183667679784,100.0,74.90797097940936,16.648884925050297,0.0,0.0,20.577518548841407,True,P08eVRjbDTvcfedl,train
25.923821918852664,100.0,14.062993878708703,36.639285360393124,92.98765115050168,0.0,20.56764419112318,True,slw5ce48zxCxxuEt,train
13.876804413388182,100.0,23.03845866355425,48.800922380848576,77.59477589740398,0.0,20.564893173920098,True,6f5M1W5lCUk7C28Z,train
30.881320754313258,100.0,58.58421466471786,18.962645820547877,0.0,5.0,20.55049155239557,True,jyJM5oor5TGQ72BQ,train
30.24892232374965,100.0,9.608710720952068,31.06848126663074,96.65728329909584,10.0,20.550097607361163,True,TLAeSfxO9PMTwRRO,train
15.134437215172944,100.0,87.4482471938585,18.23082590234027,0.0,0.0,20.547011563340064,True,KIWQqJH0sSbiXXe3,train
32.17297184960175,100.0,19.098353088066226,23.844050267668038,87.27660432491,10.0,20.54063619538948,True,ALw5QuRFFUauhJA3,train
24.07527006589227,100.0,72.06525395547698,18.548950211238264,0.0,0.0,20.53839565204227,True,H2hsfWkrC5Gj1Bf8,train
21.020020001929275,100.0,28.809252843189256,36.16101462238035,64.54124228615805,9.999923706054688,20.535654151047414,True,gO6QA6eQGbLZG0Wb,train
8.930823098571686,100.0,35.19524988938559,50.15716165337733,49.70000612189133,9.999923706054688,20.528422080123526,True,vxbSQYcrm0FvP3mV,train
29.136464680316813,100.0,15.182407956727756,29.38757092828746,91.67398715238815,10.0,20.522690906865268,True,tpY19KLKjwD4a4LL,train
27.69852524058069,100.0,15.14187604619927,31.04983910130241,92.14474049581558,10.0,20.513117562126325,True,E7Pg7oPRsPBV4YpO,train
30.95865212260813,100.0,17.682718959173645,27.053506293827866,89.17068435091093,5.0,20.5113063508392,True,t69EeRfGfn65iQaD,train
16.876483618819826,100.0,67.97357732100144,27.9684715182007,0.0,9.999923706054688,20.50884799179805,True,6TGbOgWMsqjwJQ2V,train
16.165374663638882,100.0,74.0074387561371,25.519168818216528,0.0,5.0,20.49629324297359,True,MWkIu3u02RZtrRSS,train
24.274249275539532,100.0,62.691563972605195,23.861587020277156,0.0,5.0,20.494614318831093,True,LdFIxS8huIBERp9r,train
12.139285500728871,100.0,25.80038687166961,47.33904745346617,72.41476905411123,10.0,20.49342734933146,True,PfRV9WDohymoisPo,train
24.093404845432875,100.0,69.37573103247979,15.293955224102831,0.0,19.999923706054688,20.48849809635349,True,XnivpIhPEV8WL39S,train
23.657316032300148,100.0,72.67923210226678,18.30324795080834,0.0,0.0,20.476863413576723,True,nd6iA4uyrOD8TEg0,train
26.065840171681465,100.0,59.992243746004064,24.80529077215448,0.0,0.0,20.47635475925187,True,mhHgNx3WIGoDXOQn,train
20.79548898995827,100.0,54.01934901683957,35.86893322695961,0.0,0.0,20.475561245407427,True,w41jGxUP98J3NGzG,train
23.56315404425992,100.0,64.82392625210566,21.764014181014474,0.0,9.999923706054688,20.46717647038646,True,L1LR1r9kArcFAbOJ,train
18.953286341139258,100.0,80.517688133207,18.169606792018783,0.0,0.0,20.44989616366962,True,i3TzlY3xODTOa3Oe,train
23.89583724654549,100.0,58.53344413088754,25.96766389538729,0.0,9.999923706054688,20.447504895649693,True,uWJVE3zJGDTFCNlx,train
12.515241432127288,100.0,33.96260966698969,45.51426655948107,52.400435555246595,10.0,20.44607689773882,True,gkdDIcW0TbnFIf2a,train
28.286310292235303,100.0,14.042016385249589,32.928398714263125,93.55000728103036,0.0,20.44106013775041,True,QYlFnDLwDjoHUOgB,train
21.63528851267022,100.0,58.65544727791253,28.65856404102199,0.0,9.999923706054688,20.438848213361567,True,1BjRNfVdUGFo0Njk,train
12.411724850818871,100.0,32.627986584928536,47.24048783569745,59.791795225889615,0.0,20.43481652887797,True,B58v1KtVMfQW2IAI,train
29.508061218812536,100.0,51.588781857848986,26.593882530284645,0.0,0.0,20.434109089437413,True,uysChF10CJqcf97M,train
31.777533315613326,100.0,59.43455571937781,17.86554789003256,0.0,0.0,20.432676264816518,True,7K7gvzkqfRR6ulIW,train
12.844113697342081,100.0,33.3653906887463,47.22155602191193,55.36683262914852,0.0,20.42848986348728,True,ObmAo8tHCqvgiZVy,train
21.25368651120978,100.0,60.02668186480703,30.48815653442759,0.0,0.0,20.415055214409016,True,UqvpH9ZvPQBxpv9l,train
2.3376528040749895,100.0,86.71025681485226,31.61374355975171,0.0,10.0,20.41370043519693,True,yBmKwx5O0eCk4c9G,train
30.057737362936745,100.0,51.60544136450619,25.772972264038984,0.0,0.0,20.40984499821791,True,K1fvJx6TQtPk0ool,train
22.52652821909058,100.0,78.16720504286599,15.252622816151472,0.0,0.0,20.407237374432835,True,v13ARsvintlGztXZ,train
15.983899800308148,100.0,73.32580109065276,27.061607699088825,0.0,0.0,20.407166653492716,True,UreeKX6RvvBrbK7Q,train
16.585126218338043,100.0,53.11594949018156,41.14452775999584,1.2446415639574013,0.0,20.40481160830878,True,2znD0YmTvgWAc7O1,train
27.584501099377135,100.0,16.016304336559326,32.46736929269619,91.98889777318345,0.0,20.391489672526596,True,EnSU1hjHkeOgYelz,train
3.449434669531212,100.0,91.6930720847611,26.357719658144447,0.0,9.999923706054688,20.38785959702859,True,wWcnh1oLkGctIX80,train
25.52358739455785,100.0,17.579031013402496,31.994371226381205,89.42215000215828,10.0,20.387733246033992,True,qJ710OOaI4SGTB4S,train
25.80423434460452,100.0,17.28316208415565,33.99693762923218,90.83612178547884,0.0,20.384726513894854,True,F8DYDDp2AvW9Dytw,train
17.01925613844056,100.0,69.99064159907604,25.60980662919515,0.0,9.999923706054688,20.37536778561331,True,COF7FrxK3lxs4Thi,train
3.1272802227742598,100.0,92.28717306368364,26.246056306114113,0.0,9.999923706054688,20.374103461771668,True,7oPYu2dmzIChuOWz,train
28.67085239733904,100.0,16.14489373079918,31.008477179855547,91.5774772867642,0.0,20.370016459263958,True,f8QIolG5Xe3f2ZYp,train
24.387204808756067,100.0,30.18917394675497,34.50309196571057,56.819874600768784,0.0,20.36678941738282,True,jq6tz2NHrwKINUbM,train
30.47341605409117,100.0,16.133501075825865,28.872658983714445,91.05590836147685,0.0,20.365706389713402,True,D6VOiydlgneQGSbB,train
19.698321120368313,100.0,20.51821757516959,39.588731147496645,88.65373378395812,0.0,20.352745835064752,True,JDOK60RkT379FsR1,train
28.78087626390874,100.0,42.2026979425533,27.13610850294681,17.928436250111005,9.999923706054688,20.34926345575783,True,eZG1CxzYLlB5S5Li,train
13.632465540827452,100.0,30.62068728569826,45.60038041382895,64.5424565992069,0.0,20.348418390787735,True,RMdJncAONlxdSTLW,train
28.807573652276993,100.0,6.290026619473836,33.99101478183974,98.05992594349298,9.999923706054688,20.346592844835655,True,OSYQZaQGaaTqO8wG,train
32.709971310511705,100.0,60.97088702567369,15.10074042516986,0.0,0.0,20.343273966512953,True,Vzg5jk3j6IPpPTOb,train
26.99319497934113,100.0,13.491045565157748,34.60271948607989,92.95478896418894,0.0,20.34023892503437,True,KuNTsXOuYLiTehTJ,train
14.193228692691097,100.0,26.48023165705856,45.1730656524004,70.6785038329658,5.0,20.33888024385993,True,scTZGPheD0mbRyKY,train
25.203083030612387,100.0,14.294616771794443,33.74607297698145,92.88912078960053,10.0,20.338633908298583,True,mNop846dXWAvpmx4,train
25.766440314126772,100.0,68.23276430636224,15.805562967815717,0.0,10.0,20.337637318049172,True,xUJyTNWrkDA1Es7H,train
29.22386493063437,100.0,14.214128672209744,28.99292820174469,92.00727814268407,10.0,20.337035080973195,True,IFoUOxihLMHby8Hq,train
11.543410220680405,100.0,19.50922873232455,51.40575945725528,84.86082989579327,0.0,20.336430251259507,True,NrkJehwID4U6zvcK,train
22.413307494525405,100.0,58.677460770365,29.649558804615936,0.0,0.0,20.33485775010929,True,p5UEZL8qTXZej4G3,train
29.905552275657826,100.0,16.20277277493374,29.249829941142494,91.54846965847335,0.0,20.334193456306686,True,6Yqpt1KPtWQAvi6B,train
2.9882873726578456,100.0,86.70113257160264,32.9016558694005,0.0,0.0,20.332572902784957,True,zEiQLXkxt7n3XO3u,train
11.542934156760861,100.0,80.46424343867312,24.37663531753732,0.0,10.0,20.330697118498648,True,IlPuVdIbd9tymw9I,train
20.896688944636296,100.0,59.10701179320481,31.1981595820522,0.0,0.0,20.329855921550234,True,qsATscp6vbC72AM7,train
26.687960489857314,100.0,11.506127105898074,30.864329789286685,95.15082616405803,20.000076293945312,20.328320269106545,True,R6iYPb7MHFiHtXH6,train
18.32316599144893,100.0,78.11366434961812,17.6444788396811,0.0,10.0,20.32673691824117,True,q8AUesKCruMFPLng,train
19.421063403681725,100.0,81.41407850981314,16.2634753475715,0.0,0.0,20.3200726969067,True,gIsgG41Aja6oboBy,train
27.46421181894818,100.0,15.176401064422414,30.401572786898683,91.89234012674021,10.0,20.317444678117155,True,GZz5q3NK5n2mQLCr,train
10.314391078041723,100.0,33.37974086738504,49.54885593696469,56.393200036886256,0.0,20.31499008885544,True,UZcwP3NEABicHt0a,train
12.44706484374173,100.0,68.1988207212355,32.36170462443508,0.0,10.0,20.31393024400777,True,9YRu9JdaVqmN3X33,train
29.819983233411925,100.0,58.714901748616086,19.008167756770092,0.0,4.999961853027344,20.313862714650778,True,OPirApb1YBhVAi22,train
3.186767590799409,100.0,78.02504481762577,34.058072544305006,0.0,20.000076293945312,20.312066943901986,True,vpZXxoDuVhSpCU94,train
28.266646323789693,100.0,39.7749301531307,28.592377068625623,11.209776399877626,19.999923706054688,20.311861522938766,True,2K5sgBY468TW4yCq,train
33.00845435487544,100.0,15.094642001336279,25.93774919548018,91.88577675673997,0.0,20.298148565852337,True,XysIsriRDpLJouUW,train
22.62674916593869,100.0,16.415420882323954,38.069594625960484,91.294649136394,0.0,20.297651805845064,True,XIFI1G3tlZYbWVYQ,train
29.391623416572816,100.0,17.203938101902153,29.295580701029763,90.14424875973083,0.0,20.294825147621022,True,AAUCVW2HAez5oYoW,train
15.477710617996278,100.0,58.215896482843924,35.95594644673608,0.0,10.0,20.293001416272872,True,OTYAxvEZLi2Xicpa,train
29.06682555557324,100.0,9.964053849000535,32.369068228328786,96.15160448123922,5.0,20.292708335971106,True,JMBlXjRtNtO7DAqP,train
17.151722607330047,100.0,75.1499411394436,21.121504692213648,0.0,9.999923706054688,20.284718946494518,True,JwhvDK1SfK7Dfh6f,train
30.986894889478044,100.0,17.13190313941625,24.866767152670647,89.64881566293138,10.0,20.272303406962646,True,qnW8puo8BDxRCREF,train
22.529696783577776,100.0,72.46684798994131,18.839385626077842,0.0,0.0,20.27032851960121,True,Ru61iksVggsYjbzA,train
34.88308822347461,100.0,16.66525840860946,22.786511903767007,89.71529191975434,0.0,20.26362779390119,True,dPesfr1riqzaPEo1,train
23.76976886022546,100.0,58.81632422468087,24.9661394267044,0.0,10.0,20.258118734099376,True,0lk8Uns6GCrKnMeB,train
11.755478544148977,100.0,26.643538906200934,48.882067948810366,70.66485002493364,0.0,20.24505656297614,True,p8C0lWrzQrXuZzas,train
32.01514608734127,100.0,50.067299712981864,23.633128985084554,0.0,0.0,20.24050727579951,True,3FePH8BcvyUTzIGa,train
12.213531881566103,100.0,32.148598685677776,44.312737332537154,59.79239436840082,9.999923706054688,20.2278361434734,True,1vRG2yH4TcqSmMqj,train
26.50448478946965,100.0,17.15757863098926,29.709477202310225,91.70297507070642,9.999923706054688,20.2267983713159,True,Vi6GSbdZStQeDE5T,train
23.180944828176212,100.0,69.18084915669886,17.75629903435464,0.0,10.0,20.22362338741981,True,I7fDan256kRgfMka,train
28.2111354901403,100.0,20.62848567714747,28.97368127565288,85.58221956841402,0.0,20.22090395765847,True,RwbG7xTjBf8dAGNA,train
28.239523336876026,100.0,16.155886837908554,30.945023809319892,90.96932262365183,0.0,20.22073475295186,True,1RVuCVydhJZXHoar,train
15.785100611785992,100.0,86.68313950761075,13.848881882032401,0.0,10.0,20.21852245549459,True,xXWTizigQPcE1sT5,train
23.878839169353785,100.0,18.097539810280917,32.67859934976106,89.91089264267436,9.999923706054688,20.215601451269247,True,lX9s1LYu4gomLBB0,train
20.805293971567657,100.0,60.571424006273055,28.378050135382026,0.0,4.999961853027344,20.212645213560645,True,wzfJXuFNdztSDF2P,train
15.930242134118078,100.0,73.83588264643349,24.520793505220652,0.0,4.999961853027344,20.212099724190043,True,CRsjVZSijMs2yqOo,train
6.605654320906675,100.0,96.00617693916894,20.761025126429274,0.0,0.0,20.204545146387865,True,1OZHPQTQ5gyStCdM,train
11.676672824919379,100.0,69.05613399121573,32.10889003494333,0.0,10.0,20.19936631190087,True,eljuMcZ9LYSvyzWI,train
16.320020933630346,100.0,77.48363797235481,21.177946934450176,0.0,5.0,20.188140316150843,True,EG5bhQ7Il9brYnp1,train
21.28878778917336,100.0,53.142456073144636,34.451446120776964,0.0,0.0,20.183854582420427,True,dftQVyYbufLbJXvr,train
10.721905324277696,100.0,71.93610616626873,31.059331127568754,0.0,9.999923706054688,20.18275466682622,True,z8z0LWPaEPGW8j3z,train
30.774168174407112,100.0,56.8071214448598,19.839128917451262,0.0,0.0,20.182436043821,True,dVBC8xZ3r8KoNmt9,train
23.88611124750325,100.0,21.72834852727996,33.618007406285386,84.56023513079668,0.0,20.182393328764718,True,P8LxYNfU5Z7NbvpW,train
8.443024339495523,100.0,28.554340712277238,49.912759691743595,71.10173688117501,5.0,20.18154597412294,True,G1cw9x5B7stZeLKV,train
28.860930390025352,100.0,15.457702094568685,25.5196172535736,90.82837580037604,20.000076293945312,20.17923396712243,True,WoR1KxfyO5ycoUkQ,train
19.57182062133563,100.0,55.577262631545665,29.739732880372586,0.0,20.000076293945312,20.17749494083754,True,J38BJHO9CIzbRlco,train
26.794800982363824,100.0,16.916701567914167,32.12060064294657,90.32465590280675,0.0,20.17655840450773,True,Kcfai33Zzonq7N1i,train
13.391071562807381,100.0,24.908245753240173,46.55283080009463,70.5813194330226,5.0,20.17363688535793,True,sawYdJwaQfTpRrEO,train
17.608478032074412,100.0,63.297075834478136,28.87126152945997,0.0,10.0,20.17093318908232,True,4KErc7eR7r5IKQcl,train
23.499171668540985,100.0,20.85305165539647,34.195799990231905,86.57719592461531,0.0,20.170770459721865,True,yOFIIsuE37o20j6e,train
22.02529586921062,100.0,15.725729580361302,38.42110685834053,92.39331469025623,0.0,20.169070510537768,True,B5KC2V5tJ1WS4yLF,train
13.616324644246617,100.0,27.858448483892158,45.89542394579699,67.95831110383534,0.0,20.159848777996643,True,GjqXnDwNzHVzIRBl,train
24.22005565670078,100.0,19.284309678851677,33.8859083246772,88.45500677037657,0.0,20.147592369457215,True,6WmaDed2Ie5WBKVk,train
12.087024522789546,100.0,48.65315842776283,43.7715785448876,21.302290649856886,0.0,20.139160136332176,True,DIgJOd9EDN96TZrN,train
24.008528820004152,100.0,62.28959616331137,21.448296875375732,0.0,10.0,20.13523100457289,True,URzF35gxkcEDPgU8,train
29.763076286560885,100.0,45.3704785932032,27.11582419961006,9.284497985260089,0.0,20.13373059980572,True,8N7HXIxOkShFJMuv,train
10.864281615653757,100.0,25.327956070936736,47.61163842676433,71.89220306015119,9.999923706054688,20.13219783821711,True,Wa3GYoo8H4i1VywB,train
29.632271528795815,100.0,49.48794638969437,26.44867912092782,0.0,0.0,20.120995664838674,True,EnUTikV903RGpAaR,train
24.871532528829952,100.0,67.55814515320502,16.338793667967195,0.0,10.0,20.119363638781678,True,FQJmZRFAvKe4v5n6,train
32.73641392891232,100.0,44.96089449285178,22.002072641812774,5.788136947105087,9.999923706054688,20.118055217176394,True,BBAbVSVkTadaw7mV,train
31.011279383946114,100.0,60.13972057873515,16.716517700351375,0.0,0.0,20.117081472867078,True,FqnUnttigcAxe3cZ,train
26.552410188914525,100.0,16.490167734106308,27.21663875990535,91.22131824549042,20.000076293945312,20.116025186297435,True,R65XbBlJVWGfuUSU,train
16.256666878440768,100.0,23.922074874790702,42.99702903155803,77.15376567991336,0.0,20.109572041136072,True,4OmnsTRPo7WTOc9W,train
10.576570947233545,100.0,68.15225246067504,36.17504088537419,0.0,0.0,20.10198878298448,True,GEFkleWBRtg73CvO,train
4.509738029864321,100.0,76.31100877952906,35.11704902992665,0.0,10.0,20.09749563038077,True,iGw8dBFykxhv6Rp1,train
25.804837315411564,100.0,69.46350951409613,13.575605032559494,0.0,9.999923706054688,20.085852947781945,True,dgUSIE9pftnLfuf8,train
24.73562816845288,100.0,21.6745536447035,31.945208132155216,85.2250937942809,0.0,20.085386404963835,True,L11gpEaHwJ4C9HnE,train
4.90632193131512,100.0,21.906675364487466,57.17141233163039,82.7601319925837,0.0,20.084870853457165,True,UxaESJBF8KzKKMKn,train
8.597802098754864,100.0,95.13311522783249,18.3017019459174,0.0,0.0,20.07975819804707,True,dqP2JBWSWeI3zRUC,train
14.572404380838787,100.0,89.46658644897141,15.070614530508507,0.0,0.0,20.07721196865711,True,yKywAOe71naJEZBg,train
24.483260142233974,100.0,50.67012795786833,31.745806534320437,0.0,0.0,20.07049553610283,True,42YP1QnJp3bRFDv3,train
26.21035987559434,100.0,65.80761250126203,18.231985753376904,0.0,0.0,20.07012899476327,True,aNZKsgtFwmNINTe5,train
31.645967107339075,100.0,15.250006450269797,26.42050802056316,91.54037267119972,0.0,20.06011298204786,True,UBCsB4Nv6GYG3hLO,train
24.093836625745595,100.0,16.72492758947918,29.918082622580485,90.87629578073377,20.000076293945312,20.059633423108327,True,wYuHMWNO9VcPzuI7,train
30.097760308996193,100.0,37.80443132542311,28.40625041309852,23.563403793640433,0.0,20.05452504836424,True,b0h4Wr6FAqXjFG0Z,train
15.907836613426486,100.0,63.031906137859394,31.843692196206334,0.0,5.0,20.050483513276795,True,zMKau0vJu9w6FYxL,train
32.397678389568426,100.0,47.11285568662319,21.88794435311479,0.0,9.999923706054688,20.043933006311278,True,j5P0RRt8vztefLNk,train
29.90038124429335,100.0,15.225319613211505,25.61720073679686,93.20121228637927,10.0,20.0423940147334,True,qLwEhZWcZsjQ3vNL,train
11.585811814927514,100.0,74.61812706680686,29.746863591369788,0.0,0.0,20.038544732026864,True,Mi2WTVI6qaXts0wY,train
32.419204693331594,100.0,61.03283220420673,11.37130780621878,0.0,10.0,20.03398756520766,True,p43kr4OIsQ6eSUU5,train
19.271761271477274,100.0,28.996401257081956,36.63500581318998,60.453533247467526,10.0,20.01707833144298,True,M9UWA0xXEQxtM5Oj,train
20.998083641543545,100.0,51.18896039280702,35.44428085600674,0.0,0.0,20.016721140508288,True,bVVhhKpYLfap92Ii,train
29.656944761304295,100.0,45.98844872656977,25.425124274675753,2.3712697311044337,10.0,20.01609184080191,True,YVsAxBXQPxmeEdGF,train
22.27648960548565,100.0,64.063987593272,24.179188477327187,0.0,0.0,20.01455823582765,True,G3iB7r2iLw39gGvl,train
15.395017606983668,100.0,87.31117725483679,15.338735878861911,0.0,0.0,20.013178165743817,True,RPZSqNEm9prJto8t,train
24.862740706660013,100.0,68.88185474651699,17.297240769009534,0.0,0.0,20.00741154244446,True,vVL7mV8hKxi2u9yK,train
26.239542323517384,100.0,17.094103379978467,32.04498755577005,89.07503114818205,0.0,19.98675015643923,True,zv90WTRrFyoZeBMf,train
11.447712606899639,100.0,24.555057331090534,48.96157732376432,72.90872443873067,0.0,19.982938438077888,True,NgU23cGHw1osJ6Ip,train
13.864473031645511,100.0,29.465234541984977,44.197432999834184,65.13878033675958,0.0,19.982329056013942,True,IUM1u6t3dwIsQEqp,train
29.331074392771264,100.0,33.50246702274895,28.82889829867777,37.160125949079735,0.0,19.9819246087947,True,eBdSEKQgF187Lgn6,train
21.959147500156327,100.0,66.99389447489256,20.938661619093807,0.0,4.999961853027344,19.976601462743094,True,49Y8hZ7t7sgwRlLH,train
33.75211126110642,100.0,57.17526613766235,14.792739928931695,0.0,0.0,19.972865721712296,True,pRM6LJW1hjE2rUnM,train
24.646497233431614,100.0,22.168576752363204,31.284186446434376,84.5368515811857,0.0,19.97059068955854,True,br16vIpIFxca3VFV,train
16.97838060924502,100.0,73.18995209346133,21.23097082933168,0.0,10.0,19.96928213219679,True,E2GxFys3BmMepJY9,train
27.691841743502835,100.0,53.88039692049483,22.298704096463823,0.0,10.0,19.964760793242696,True,bFdTs3v5xMsJ1tKS,train
14.889473666087854,100.0,77.02101302887802,22.18640062714094,0.0,4.999961853027344,19.962798588933218,True,iiQvY9dftYXjZwDz,train
19.409729093887385,100.0,26.814345276835763,38.76000191801638,66.6484493665522,0.0,19.9590069169281,True,sdxjeGwduy3dJ7mV,train
29.393180218817754,100.0,50.80074904714906,23.680587601262346,0.0,4.999961853027344,19.954523024680636,True,KjT0QRO3llU9wzdy,train
28.889527694768695,100.0,16.32635290325018,28.55943160435858,91.41911288882476,0.0,19.954176824492656,True,8mnOUvSE5RObkS5q,train
21.889222296389317,100.0,69.65228404077885,20.162635295572727,0.0,0.0,19.952675239328702,True,ozyA3WwzaaR9Cy9T,train
14.548739729332409,100.0,28.867155269855044,42.10148530671899,66.23304494931487,5.0,19.9492075316209,True,OKnxmKgOapGPXLeS,train
26.58076127227123,100.0,65.41210388463577,17.44758084423357,0.0,0.0,19.946522069609884,True,fufQMJPxSqvGjWK9,train
34.71695233946956,100.0,11.944778669301916,19.796860639547006,95.21759940029098,15.000038146972656,19.94120889053526,True,KH5g92Q3DA5Bo6xi,train
30.967000101980968,100.0,46.31107802814384,26.250029161272806,0.0,0.0,19.93841756197138,True,ceeKUqXCb5FjPOa7,train
21.531840492171884,100.0,18.191642889940873,35.58984410826942,89.01166193273593,4.999961853027344,19.93025656747615,True,gZau8VWOQ4CE5Qiw,train
25.06883388141992,100.0,65.8303093922643,18.899763395708916,0.0,0.0,19.921707558336404,True,nDdGD05I2kgfAd1k,train
28.582568766449995,100.0,16.307097389346854,29.107282599300632,90.06672227566726,0.0,19.916499433658018,True,QckoVZX9xGNnDDXh,train
4.176718414079547,100.0,84.57166819925322,30.917240145570076,0.0,0.0,19.913377862521884,True,ArnWGhwBhsRRLFHQ,train
22.152488207056326,100.0,32.64419458276261,35.420868169775574,47.63361254473282,0.0,19.90060550037023,True,zOYUxc4wvhKgQ0VZ,train
11.27877984491778,100.0,31.298339642366297,44.678894016603394,58.999258344665066,10.0,19.900187628138323,True,QlEWkrsPNxlcCyKL,train
22.180664961630015,100.0,59.926525729100064,26.81093546163669,0.0,0.0,19.89633219209985,True,kl035GcZevBhNohJ,train
12.880111938186172,100.0,72.73353508385354,28.72734313211926,0.0,0.0,19.875526873548424,True,GkGgCLrFEKwa26Zc,train
26.836221929030785,100.0,65.34607182642735,15.553747381354029,0.0,5.0,19.871715732492603,True,o5CqFzDTDx4nDiA9,train
31.30085397971598,100.0,53.87274733774954,17.300808890592094,0.0,9.999923706054688,19.86628355901258,True,JPb5ggmdHu4ingwz,train
28.432332559873927,100.0,15.662668218225168,26.732970468261144,91.11221172514364,10.0,19.859688052611666,True,3COir8VRRrXF7TM0,train
12.048186636085022,100.0,26.345699060143204,44.61338747421877,74.19399214401076,4.999961853027344,19.846276712738394,True,0HagWfv50QnVAbNy,train
22.438623584403917,100.0,46.16980516003039,34.83764069025919,6.833174302193726,0.0,19.844313523267065,True,vjCXuOzdakipcio5,train
4.976997307687283,100.0,31.701813244564104,54.61783282147264,58.21523257291646,0.0,19.833849506546787,True,RAalP94Vy9npUxzr,train
4.154922365192299,100.0,77.54823886716807,34.52718521966615,0.0,4.999961853027344,19.826401557957883,True,6JCca0D91NsPkad7,train
30.865705004902455,100.0,58.79568556973773,15.15791654088656,0.0,5.0,19.817362394863586,True,WIRPtCHUrGmZaoqH,train
15.363061103471315,100.0,85.53057502183546,15.72678987775744,0.0,0.0,19.815709504694635,True,LSSS7AiWO4XKJ4vV,train
32.95450248570327,100.0,53.337404559022914,17.872362992383344,0.0,0.0,19.813708903755924,True,zqNBDtgLNfzcuT5R,train
26.917175211772268,100.0,16.58148426895543,27.538374818027833,91.68501254681209,10.0,19.808442034232552,True,yFRbgVWfzCGhhZB7,train
10.970126565140978,100.0,21.78404046687856,46.84171661001423,78.58660822721659,9.999923706054688,19.80780762998344,True,hBYdzQXYqQ2VqZLc,train
27.063934690718447,100.0,16.596036097328486,30.01961941630499,90.79908036739205,0.0,19.799266988909487,True,IUFvwMO5JF7uK7Vl,train
5.200746667038572,100.0,87.45217942322917,26.855909406368724,0.0,0.0,19.789195461517764,True,TcQuwjxCIkIth6bz,train
17.785826965372042,100.0,31.097113097710903,38.94834331740682,57.764771292503546,0.0,19.788930934106187,True,mRU6i096dnfQaBzz,train
29.453604515330255,100.0,39.52468988091002,28.592997838350556,15.553462602028887,0.0,19.78837730874062,True,XVZP5lXyctlov3RL,train
24.046070119252672,100.0,67.56334003902485,18.2088534019737,0.0,0.0,19.787789216061633,True,nSdanAaCiipucjVP,train
14.285892991039903,100.0,73.2830602064985,24.82662365402696,0.0,5.0,19.779257009540142,True,hVrPXG7vv5lqvZ3F,train
20.676410665967758,100.0,69.46105565506144,20.93663336488069,0.0,0.0,19.775587687727295,True,uSaaRnyLguxN3qlJ,train
22.894307803705985,100.0,60.4529818192116,22.419741664808186,0.0,9.999923706054688,19.775468742072608,True,LdOlQ8KSXjoYotv2,train
21.47266133922727,100.0,18.076005069505307,31.334844529348928,88.55258708731355,20.000076293945312,19.774168170165343,True,vDIxSlm9ujMGdbYN,train
16.740517815929394,100.0,72.45496796965786,19.743253665602296,0.0,14.999923706054688,19.75202156785422,True,s3QiiaePbjU4FQBi,train
21.938160216171603,100.0,16.15740866910965,33.81071844899141,91.48532186774986,9.999923706054688,19.744557322897858,True,6kWodZ3gz78rUob6,train
22.9731295910065,100.0,69.92736926996528,17.492196963341996,0.0,0.0,19.730827180914815,True,Snya2vORqM6s5B46,train
9.375774691957865,100.0,31.001613523366412,46.06073592670426,65.39320647501279,4.999961853027344,19.725991303237286,True,6DHI4NkeqhIhcdDk,train
29.62462951156182,100.0,49.1472792899893,23.449979256357082,0.0,5.0,19.718245122660267,True,H6MlB7cGEGI4lZ6J,train
22.48631938460423,100.0,48.392916289580896,30.741761986450754,3.6725825928739937,9.999923706054688,19.712495001824774,True,ovrP9UOFtgzIv4Px,train
23.130647964719216,100.0,58.14201325713072,26.019149291701723,0.0,0.0,19.707793838089756,True,UW3knVk6bn3B8yHB,train
26.817784373549365,100.0,15.79849092567741,27.829117039473616,90.8109133844252,10.0,19.680588809354937,True,LJcc3wTxFT9n031m,train
10.926780439273063,100.0,63.596621466270214,37.04356425988453,0.0,0.0,19.679901181735705,True,uyr0Yzxh7KmLIlRX,train
11.764786847699622,100.0,27.332401846550695,46.13069404110267,68.2513931848948,0.0,19.679765456372785,True,oF7ZFBBxMN4wNMck,train
27.580542080227058,100.0,14.95607147107465,29.720930660358462,91.88121470984288,0.0,19.6767931082818,True,j53xhZ2P6MESmZAA,train
29.89066097205236,100.0,16.146502224800074,26.0636516500886,90.56977478965437,0.0,19.63585964623354,True,yjuEwa1rkltz3qWd,train
30.8107959811366,100.0,13.765496984997927,24.68263832179464,93.61705439558565,4.999961853027344,19.634902019823418,True,kKylVAokTEnk9q8o,train
27.25984791148347,100.0,16.09620330318047,29.15249389355691,91.43307042518636,0.0,19.631544773318637,True,1o7U0DJcqMGF1Bib,train
12.423707688412476,100.0,68.8153659924753,30.86712572763811,0.0,0.0,19.601656966502034,True,0gWmNaermdMD62tk,train
21.947097521670866,100.0,30.216102337900338,33.520924143310864,37.434546087367096,19.999923706054688,19.595098049436032,True,8H2ITJSWZhAD6eh0,train
30.61607374251538,100.0,54.86623442664829,18.53740416027233,0.0,0.0,19.591434431680554,True,qqn4uC3PxrT8EHLn,train
6.823686489727639,100.0,91.45086605160355,18.331813261140013,0.0,9.999923706054688,19.58991036770318,True,urBljT2akekmVUFR,train
11.029316066931258,100.0,84.57995746972213,18.209654614237706,0.0,10.0,19.586253560038674,True,iuW7izXu5s0RU3BM,train
28.20357030683362,100.0,16.69111828741095,27.374890216656993,91.13412988208424,0.0,19.586244857255657,True,kYjEpv3o1p2t5a8y,train
24.86806349958207,100.0,62.93888866355147,16.919058594478486,0.0,10.0,19.541660893323936,True,rezrHFNiQ3Sed34r,train
23.059963533278967,100.0,20.20050305834151,32.04521652716099,86.54181296670387,0.0,19.53120029583836,True,pc7lfmzFeAdPppGt,train
23.62758654244299,100.0,14.666464800667484,29.98419003184172,93.32103055417419,15.000038146972656,19.519757797136556,True,E1ZA3zeU4p6II2Bv,train
13.80594519521511,100.0,32.57427835049199,41.47891483861247,57.68611147126669,0.0,19.5177165926634,True,Pl11tq5T0vtV08Eu,train
32.837685526294834,100.0,58.620707362132634,12.547733211595414,0.0,0.0,19.512074128212685,True,kDa9U4UqGWlG6g3O,train
15.905518793662981,100.0,59.041530303445406,33.38769943725265,0.0,0.0,19.510149131383088,True,V0FccxjiMfHrwD51,train
26.31873241711137,100.0,17.06624888151314,26.707805543446923,90.5005814496988,10.0,19.506210617679137,True,Cnq5UY0iyZ1XvI2E,train
25.901035181055832,100.0,14.188040110523518,31.208576352620653,93.16046151326763,0.0,19.50320315803,True,98xFqctb8XxkVQSF,train
23.309438695368833,100.0,19.577705704863927,31.902762114042574,87.17068415212127,0.0,19.503102159986376,True,w2SeLJdCa1XR5iDU,train
22.246231675626504,100.0,51.90964889740793,28.160831526467163,0.0,10.0,19.48017155881125,True,3sGK90HG66bXoUgx,train
13.465150053783873,100.0,67.67309228424554,29.760377424790093,0.0,0.0,19.469326841040818,True,9V044ZsNKfuoC0cp,train
21.87931736813141,100.0,15.466196541776453,35.18696444428137,92.77468985006246,0.0,19.465886204658716,True,84fnxRVetPHuvVYb,train
31.175106727733517,100.0,13.450161639114121,24.96420689630584,93.195385074185,0.0,19.463911560770917,True,0hoCQGQAX4lAGq4N,train
21.316818444552727,100.0,25.027935403964605,30.936580500155927,68.73039078317159,15.000038146972656,19.457232468271272,True,cNVpvVWGlEVRh64F,train
3.6878733897852953,100.0,75.72330097627562,33.35097414316289,0.0,10.0,19.450658322520248,True,75u6pKmwtm0vHRAr,train
29.205261434539025,100.0,16.29900302560517,25.799002631441866,90.82597237071394,0.0,19.447264957299602,True,9mkgAzx0X5zK4gcV,train
11.984250874943992,100.0,76.96644089007651,23.280910814090944,0.0,5.0,19.447211015065665,True,Jq2WcfhGtx9IkB8Q,train
23.910833317718343,100.0,19.060503161287837,31.144832477472008,87.26559668513747,0.0,19.429030133374035,True,6byNrbNCJZ7D0n09,train
17.24443517786615,100.0,71.8791375357653,19.14603343842694,0.0,10.0,19.42218611251672,True,xb5vu5PpSOyiKTOf,train
28.33961072122613,100.0,13.476136301889154,28.10043401916971,93.89837993778788,0.0,19.421328926313244,True,gEkVz95jGXap8nS4,train
27.072012653722116,100.0,13.636771841175372,29.603205163207306,93.35237695939156,0.0,19.401778820217874,True,udnQeatTPLCMfqaE,train
30.090429917152235,100.0,14.4580017186799,22.982433856842874,92.0904196404428,10.0,19.392315490480758,True,A43EdJbvVHVwJjrR,train
13.336160767855786,100.0,20.533979271411102,42.5178890099204,79.42019856027456,10.0,19.38872481267342,True,rWglsEilo32D6jcC,train
17.774522440195298,100.0,29.586973238534902,36.74304831937294,63.16735343349371,0.0,19.388653931378332,True,qOOGssDas0hSStxc,train
20.814373813560678,100.0,65.20965881024163,20.703637497225884,0.0,5.0,19.37576977437159,True,Xejl0WsGNYcuyEcG,train
25.24593370412277,100.0,60.734615411070884,17.164647027613995,0.0,9.999923706054688,19.354601328516857,True,k1bMglshIVzkeQWa,train
35.659208517362096,100.0,41.532605530319316,18.42695707898224,10.47302991375858,0.0,19.353735870372798,True,Y1yJ4jTNbVxTixzv,train
24.204833998711432,100.0,51.43059585110248,26.686739052466024,0.0,4.999961853027344,19.3531437804878,True,bxiK3it8VaFZQ1wv,train
9.638304469076648,100.0,32.04698249155845,45.78701215722955,59.53982125703362,0.0,19.351016985300518,True,gxUU4frRO9Uo8w23,train
20.106310071153192,100.0,61.50918659203906,25.47578944963429,0.0,0.0,19.348113396521015,True,qtpAdj0oWts2Y75i,train
3.0858603688686514,100.0,67.55296208063658,39.58965299199418,0.0,10.0,19.322340002711485,True,oK00i7IpX6ARLQiM,train
14.318212775117647,100.0,77.52423709160635,20.562623170577183,0.0,0.0,19.320713391635802,True,k2lhljsl9WZCB94E,train
36.652151362105016,100.0,39.988804697351185,19.002304940845193,6.911394957867941,0.0,19.307389281191366,True,htKQu1q2lCDbCaDc,train
26.451707129773098,100.0,12.478714478743568,30.546449931578564,94.11006645045015,0.0,19.29952726309303,True,6GcIhrbmnsT1bvcJ,train
21.778518704198817,100.0,14.464392905464187,35.16473366909929,92.9915384749936,0.0,19.29681226943887,True,tRXSGpSDjz9JTDWT,train
16.39481038979731,100.0,30.76783442665937,37.23411179808364,62.635642276686305,0.0,19.29248223489928,True,TaMBRpw36g11RuNe,train
3.35245689417065,100.0,23.22263857802081,55.060613342753875,78.74822824084833,0.0,19.271044090838977,True,P6MbinkagywgMHJ7,train
7.015255148577796,100.0,89.05288939735277,17.042900511984328,0.0,14.999923706054688,19.270323484446966,True,Qf7kG5FR0LrYkMQB,train
28.393231764001122,100.0,51.48062449020689,19.736149421995663,0.0,9.999923706054688,19.26762768423318,True,xpxRRrf1zYbfKMfN,train
30.47443155712259,100.0,49.90409101649584,20.80861487796753,0.0,0.0,19.26594451734853,True,IydfuYEg2S4fYFhn,train
24.673896753499374,100.0,19.315020871284506,29.221897807299243,86.89191786351869,0.0,19.254702773703304,True,szL6TXahFyngWMfK,train
28.11010168735312,100.0,63.60048489293361,13.357010487843723,0.0,0.0,19.239000253347065,True,skjRDf4Of8To4nZR,train
14.568466400656911,100.0,29.518725438582052,40.114731433972935,62.78976704994126,0.0,19.232360055243188,True,eEvPnphCdiQ2w5np,train
29.888023206999378,100.0,39.47778379313043,22.88839233632234,19.95706675117505,5.0,19.21920517554263,True,xHKVc0qg7H2OkX3G,train
3.0164154332836626,100.0,52.41936578258883,49.95547376187728,12.071320553248029,0.0,19.211669505747096,True,YYARFiOtpqQjTBYy,train
5.615357597318307,100.0,42.399213346155165,47.37187247310704,39.42262595114779,0.0,19.209227193431648,True,4s5B9C1BXqjGhjTR,train
18.87011436743151,100.0,69.788378488695,17.539161639265885,0.0,9.999923706054688,19.193613878318036,True,ibAnWfHUz0shEyeO,train
24.897602715943943,100.0,51.537916947132786,23.674173003602746,0.0,9.999923706054688,19.189919007079187,True,lU7fYkVs4saVSlLm,train
12.502840548219218,100.0,72.80464310020106,25.692735565482963,0.0,0.0,19.184953715181557,True,WDbUz3HEvBWEdEfO,train
12.184266453200882,100.0,65.72279362730674,31.384699289100453,0.0,0.0,19.181425515216326,True,4VGt1SJ3uTV7JOnm,train
16.628762262322248,100.0,54.512223503078246,31.704421955818788,0.0,9.999923706054688,19.17490466750879,True,MPLhZwrZY1dZlRDn,train
25.2163696550794,100.0,15.770145339042202,27.158200347288528,91.31240096893426,10.0,19.1668743325306,True,eHXjJq4nNKXCtHYy,train
22.576756457378163,100.0,51.0076184885787,29.347476626119047,0.0,0.0,19.164827212855155,True,ZEKHXEk64HFm0ZSe,train
24.717510811298386,100.0,13.3520773263611,28.99298201125265,93.14906305139743,10.0,19.138238856599163,True,7zIAHPBrAV1tgsE4,train
18.120422181050127,100.0,57.617702192630006,29.526440068276614,0.0,0.0,19.078048887812354,True,XBolZ9SHDdJp62hD,train
12.977269341346997,100.0,66.91162637608905,28.958787858640463,0.0,0.0,19.072818863478197,True,mUYiTCH9nMAXVLlf,train
19.832802990836164,100.0,57.156872382681684,25.183080735196498,0.0,10.0,19.068347752150594,True,ULr8XgotFvdKH5HL,train
27.136821327083176,100.0,11.23165842172437,29.203035454614465,95.06660843565467,0.0,19.06289160773508,True,Rz2FDwjEXaChj4CK,train
29.68800469236814,100.0,44.622642867729326,22.13893777178282,0.0,10.0,19.043185157608,True,IHNOeqOr7r3sMGou,train
11.903849358150268,100.0,52.38834398928585,38.54249176059368,0.0,10.0,19.04271229004918,True,Gk6JNu4U4YradfFH,train
17.14213155458173,100.0,24.630924401882968,36.81381264499415,68.94547408579334,4.999961853027344,19.04020587486774,True,Edih44tQyeVyN1VW,train
15.878636318087572,100.0,78.7557835742526,13.770013531721474,0.0,9.999923706054688,19.037025507306815,True,0F76zYMHFOoPemDL,train
20.939269985712485,100.0,55.50531250387828,27.296591328258444,0.0,0.0,19.01993263766155,True,IcV9e4NMcpsjh92X,train
26.271025330731476,100.0,13.005403813629602,26.422317160290078,94.14750357736439,10.0,19.010405515653545,True,MwFs6Wtw7Trb2BL8,train
3.1580359143424013,100.0,84.57760288230489,26.38026994089374,0.0,4.999961853027344,19.002201491761447,True,bo08s71qyTwe33k9,train
18.671296456987772,100.0,72.13967358940972,17.524955984592182,0.0,0.0,18.993766349576838,True,cdnL2nqtNcDBME5k,train
24.27926208365988,100.0,17.37789422283737,26.600786528986106,89.7443559723127,9.999923706054688,18.983870944056164,True,aeekTnoSbhADL0yv,train
12.737178549825478,100.0,63.69815644091671,28.562101148446814,0.0,9.999923706054688,18.951434518585973,True,jVMxaEAPES1eOAl9,train
4.572086140291153,100.0,76.93036860313904,31.2343980596293,0.0,0.0,18.929456437469504,True,tlFcfdoMobHEav6N,train
16.09465836719691,100.0,68.74853770047086,21.702060489224976,0.0,4.999961853027344,18.92635543736622,True,AuEDDX3dBfj5NGGM,train
22.58249556754131,100.0,59.09501369350743,20.77541377915361,0.0,5.0,18.914958701742165,True,DD4bSMia6ChfZw1k,train
2.391918379438352,100.0,81.03144992310649,28.291952412190383,0.0,9.999923706054688,18.91108375106637,True,XRaE6iPlMZaoqMZ8,train
11.175733613764178,100.0,45.049791050265284,39.19470884173509,25.380710224983275,5.0,18.909379340577022,True,JY0OpAyLZUqNHpwL,train
25.303832735190994,100.0,13.46759381034534,29.34707143349074,93.48849548637176,0.0,18.88993631636629,True,VHiy1LCzKr9hpRyy,train
22.730036735284955,100.0,10.138652162065547,31.80189423351564,96.50346053841601,9.999923706054688,18.888855067057733,True,DY1VIAVi8Malugvm,train
17.529216207642175,100.0,72.15746188819864,15.877321940506803,0.0,9.999923706054688,18.881383908544436,True,3J3dQymuGwobU1fb,train
23.082999087126353,100.0,62.52278874943014,18.49680788870259,0.0,0.0,18.848529661936627,True,7rzBetUtECB7fGPW,train
28.985036234244845,100.0,41.098715957169986,22.342222163016643,19.25505688763336,0.0,18.842263729121704,True,xIhJiUhFUFqGC8sF,train
28.02668141314092,100.0,14.667114494804196,24.95613743801725,92.81556241157449,0.0,18.838743135688034,True,WFsBqumW7og8BW3r,train
11.199205991375166,100.0,76.92312535287834,22.423004294696966,0.0,0.0,18.822871159714936,True,Y0s6iwlrTSEFFEqs,train
13.221688217327609,100.0,88.18291816100094,11.448559289090952,0.0,0.0,18.822571636300232,True,ik2J2jh39lYRPIih,train
12.525502908727717,100.0,33.419691304599596,40.246535751949665,52.4868784116164,0.0,18.817980493842622,True,nZEsC0lF0KoLlOjR,train
10.007573186874327,100.0,76.60007166512517,24.06859970716779,0.0,0.0,18.805623987920914,True,8XFmoijes2YgGXI1,train
13.73965475949792,100.0,35.75007278238768,36.578170841849584,43.83680759093594,10.0,18.804899155149347,True,NU4wDSLEfgs3MfD6,train
25.08396048166258,100.0,55.24061807900334,18.73668681831475,0.0,9.999923706054688,18.80441638123183,True,CWGyJXyzMrnlakKn,train
4.587429411294996,100.0,75.85044221927984,31.387280878187312,0.0,0.0,18.801879861353186,True,o2LPHMHZm2cyxdWo,train
27.960656934314226,100.0,8.942876083925965,25.969621017322496,95.47620276526759,9.999923706054688,18.799326173198065,True,N4zbOHsgUSwRJXv4,train
16.29343463512089,100.0,69.66046316274947,20.084517446782797,0.0,4.999961853027344,18.78932971520057,True,sZQ7QjtkQ4xnAMbL,train
21.35351050802805,100.0,56.62624633431085,24.773252019081113,0.0,0.0,18.786964980969863,True,DhHiFWxTsJUcfuFh,train
7.173239967214925,100.0,86.77201014043604,17.28116435331043,0.0,9.999923706054688,18.765340568833956,True,bAYgzUIjsKELOpNM,train
16.102809299617654,100.0,66.34544025039439,22.562145509919986,0.0,4.999961853027344,18.739945557098935,True,DoDxvmRTqqMV7bih,train
12.51739642228788,100.0,68.67809609135452,26.535774056589958,0.0,0.0,18.73821833059314,True,auSaTvnDKYu5oJey,train
19.932209680454413,100.0,16.419135148736146,30.822737016293715,91.78333224248063,10.0,18.6996367078068,True,FaZXVwKpNADcg50S,train
12.138314409039229,100.0,61.29948498680219,32.280592553752356,0.0,0.0,18.685619861030606,True,IgKMWZY92AI3Z87V,train
8.759370362558988,100.0,44.59011976129779,41.021445747800584,32.03460109619532,0.0,18.6843797592043,True,Cqslcuqd79Ox5f56,train
19.718075220024076,100.0,21.135993608762824,31.769794749853517,84.30403847771811,0.0,18.66907872017705,True,xJ4ep9Hc9vColhoy,train
10.568894354019026,100.0,79.07992349041643,18.240808131212546,0.0,10.0,18.65237373830973,True,MkcRThMSNfI1U0SO,train
16.042997982055326,100.0,28.244354250024987,36.41005582979053,62.23210053296329,0.0,18.64101882562385,True,gzUVxuOtiDLpmQLK,train
3.7655867999917065,100.0,83.67622673594724,23.213929396980333,0.0,10.0,18.635616589786082,True,Zyb8D6ntsYy2ETqy,train
17.340804054553615,100.0,62.41694705475587,24.667653822402286,0.0,0.0,18.63127383633224,True,penyQ9dAPi47i1Lb,train
16.923642967003026,100.0,56.06861961939727,29.867875374855757,0.0,0.0,18.6147787596315,True,11iuHKmFVcYPIuRH,train
23.189490709489377,100.0,44.75709999323772,29.040215148293782,0.46656113340169725,5.0,18.592308762686844,True,SZdxKEnW7BrVSXlr,train
16.684804494291104,100.0,76.87286912353174,14.40896196394921,0.0,0.0,18.58392388489238,True,C9K4ImPGDT7fQpvw,train
10.229632585078537,100.0,66.19734784856233,27.948567164841165,0.0,10.0,18.57672375652222,True,tFJglPMf1r20i5Im,train
4.172098294689923,100.0,80.80870369194153,25.733547616474382,0.0,5.0,18.561039650758588,True,NSLqdxoMTea76nPF,train
4.874609386947838,100.0,89.03811699140915,19.87946406853152,0.0,0.0,18.550262709154637,True,9l5hSlqsDQ7eOD7r,train
15.241666050534239,100.0,56.868318049591025,28.47944410053674,0.0,9.999923706054688,18.536549225482297,True,3ijfGIpT0qOZRuS7,train
5.73892672594011,100.0,51.71094298697999,39.58926117394437,22.156175298462188,5.0,18.46703412924401,True,XhZYGhcnbZ6VYAJo,train
12.424051922669449,100.0,74.43147851854673,18.454645086489933,0.0,10.0,18.461663775747358,True,FdwaNDvtwgaw4Ulz,train
11.427948517812526,100.0,37.84371785498517,39.356029201037934,41.05899452395683,0.0,18.457700374106334,True,ruh1NzFI3CFJGZcX,train
21.905802524359082,100.0,62.563563338513774,16.524672116323927,0.0,5.0,18.415919555131623,True,1pjoYKQeTKUoQlvi,train
12.37430898087316,100.0,83.08303738205936,11.713354991126721,0.0,10.0,18.39870385075254,True,GjteTqbIfCciHqBe,train
19.992239569059972,100.0,32.41408362130193,32.56193265459342,40.11736832795417,0.0,18.378427382776675,True,Lo17KAICfGBYQFeE,train
21.892083612188017,100.0,55.341767124754355,21.762611488617182,0.0,5.0,18.376808269483593,True,YqJeK0o6qAyCOzBu,train
14.41208858229069,100.0,37.038028718030986,34.8492313874375,44.693566485672264,0.0,18.363251055048437,True,QaYo1SNJahmoZODO,train
11.578512776017178,100.0,61.9349159814207,30.756594834814678,0.0,0.0,18.336184558180335,True,tsVliOumuhe5DHRJ,train
11.25099741544133,100.0,26.201474646848048,39.788931373756405,72.49907988347087,0.0,18.325710819812365,True,2m8vSp7Wvl9eweFm,train
25.368104794822063,100.0,15.030279356669276,25.511368722873556,92.22514764400472,0.0,18.310099228980853,True,N78M3v6GKmUzF7sk,train
7.717601831647432,100.0,85.93874330878617,17.170617685759964,0.0,0.0,18.254335491381777,True,pFjgTUP3GyddmkdS,train
7.549489157817755,100.0,81.25852690244835,18.145990660906023,0.0,10.0,18.205349457002896,True,nWVWouw5rGRBrdex,train
22.481891611451704,100.0,60.345331161198445,17.43526723428549,0.0,0.0,18.159326023899794,True,XYRMCyIhVR5yX6a1,train
7.170455978113472,100.0,86.96416682803601,16.249002894006537,0.0,0.0,18.087039597535078,True,t9RgSV9n66pFA7GC,train
13.402360866598077,100.0,63.259668723267616,23.559414060454756,0.0,9.999923706054688,18.051419522533347,True,xAaKVrYdZ5yDgsQ0,train
14.948810171742364,100.0,68.92795315422366,17.1729079095455,0.0,9.999923706054688,18.010973283280975,True,q4kxVbBZtjcDAT4I,train
7.837386672360272,100.0,84.92158785715404,16.47576432635293,0.0,0.0,17.99273771193376,True,pRlbKgqSaeBNmoWZ,train
6.937924899819592,100.0,29.88893800600437,41.14472617798982,60.88027292836807,9.999923706054688,17.990776993174656,True,s8iWji42Mj7wpIqe,train
16.142356278204044,100.0,67.73908653427537,18.177735391580214,0.0,0.0,17.83199912800836,True,XHjtzIvq24L5kUFQ,train
3.542224702597621,100.0,76.82227648757657,24.575482720405645,0.0,10.0,17.82399419286702,True,9ysnosQHeDdxHaku,train
14.15727737891929,100.0,68.04907924714551,20.247488655571388,0.0,0.0,17.796178962915928,True,WBgZGXZznkmNOEXL,train
3.899519095176159,100.0,83.74907008487095,21.22425110111209,0.0,0.0,17.7820905067471,True,9wh2Tp11XvIV5Di2,train
20.36923249673214,100.0,19.36226444932587,23.882500466360597,89.86098332621845,10.0,17.766197051164955,True,WaK6yyeR7xNkN4mk,train
16.247225237158634,100.0,61.10857609766228,20.038816656540988,0.0,10.0,17.735856055247197,True,Z8LokcFZ1YWTcK94,train
7.920327639833739,100.0,23.68875341991574,42.09569684922977,74.5431886927206,0.0,17.679693727427782,True,WKQjvXvHXpdamZ1w,train
15.960699799259528,100.0,62.3821850788343,20.400051566298373,0.0,4.999961853027344,17.67751111755107,True,0z7Z59DyN3LPlqkC,train
6.482476222111277,100.0,30.597713546721202,42.10654714619688,60.404755393633835,0.0,17.65182328645707,True,y9CQ9E4eD6TDulMA,train
5.8979227400330005,100.0,75.5853917183093,22.8049185037664,0.0,4.999961853027344,17.623271236159294,True,jnFs8dFEKrpo1lWu,train
13.23686044553456,100.0,70.00985737981495,17.804035394314994,0.0,5.0,17.621500797218882,True,nwVG0ld1hzYm1cfW,train
10.530596412476356,100.0,75.61869962777476,18.13787136227812,0.0,0.0,17.603028319740925,True,FDsTfQViFsyMlYeg,train
16.479269489582844,100.0,63.542443979219,18.500650449945013,0.0,5.0,17.601314059267562,True,n12ujfTp9wzGdRtq,train
17.979751218374417,100.0,54.25061526562704,21.47336647803708,0.0,10.0,17.427203390045076,True,8Vj3aw5va4nWnadb,train
7.769304110878274,100.0,79.20805478144567,17.93952508674522,0.0,0.0,17.411439262285462,True,ykECBGNVBWj09YEb,train
3.6782349658090374,100.0,82.71680208296553,20.359376955629727,0.0,0.0,17.398954445023033,True,XwlpP5otmI1pUXZY,train
6.846826186059167,100.0,77.70452558997722,20.02415013587165,0.0,0.0,17.372215412185703,True,ZNQNAyo5zvIc9Q4C,train
7.073248206520023,100.0,73.55744967739045,22.631665368686313,0.0,0.0,17.328262576975835,True,CoUUBxj5EfFlDl03,train
3.919829565753607,100.0,36.682265587433,40.14798819069374,45.276688591760625,9.999923706054688,17.275725482582864,True,KZTVjVqEg9wEXuA5,train
5.819860481812282,100.0,83.01966944741503,16.776070422773117,0.0,0.0,17.263129622119948,True,PcMWlGkaz1BR84DJ,train
11.532824296111482,100.0,50.43209878391888,31.500065164386513,0.0,9.999923706054688,17.24803010979574,True,LYB29huEpJvuVW63,train
16.414708170716324,100.0,62.73321279025965,16.934666314748256,0.0,4.999961853027344,17.150590316819045,True,Dr31M63JkeHjCs0q,train
6.993329063305967,100.0,76.2656684359692,17.102732518189015,0.0,9.999923706054688,17.10872522016241,True,WWAUg2dUnMjF1GHG,train
15.946321849757227,100.0,55.27232968952704,24.11485813139994,0.0,0.0,17.10040154214835,True,iUu28y9QRMj4tUFA,train
5.788374319108358,100.0,78.42358692102488,19.274987931943144,0.0,0.0,17.06562920431945,True,P3BeMsw0GJEc732E,train
10.059525660493058,100.0,67.49261099565749,19.18052607390281,0.0,10.0,16.97487827925245,True,2kNnsSVfQEilmkMF,train
4.016865418738182,100.0,65.20832901439654,28.126439859554026,0.0,4.999961853027344,16.6607517714062,True,CjV4y2NWybIWrn4R,train
5.9842814336931776,100.0,72.96129165919473,17.32042897627383,0.0,9.999923706054688,16.404346087860006,True,a2bNd2a8r7atCyUK,train
8.78268222505598,100.0,66.35815389401758,20.406544426041208,0.0,0.0,16.230702525574873,True,k56cjHJ14A2A7hz6,train
19.749153944860925,100.0,41.822350757397984,24.65423751454132,0.0,0.0,16.141488602733194,True,kM0IDYRoPHBYRrcd,train
12.441380504187443,100.0,43.28976512738996,30.156080077496597,1.7668266654872866,5.0,15.973367243929038,True,fnVHxtsWuCRDbjNL,train
15.612049096520447,100.0,20.877619032390413,20.0672672167655,88.17826459132665,10.0,15.957021801908109,True,2YTTFF2An3JY8oX8,train
6.003195305259946,100.0,60.42674621806821,23.965004808492708,0.0,9.999923706054688,15.857807906026494,True,qUcGBXZxZslspUJl,train
22.78088807396821,100.0,46.70735517572665,15.778221371773611,0.0,0.0,15.856969569205772,True,x6eyEUxWZTJySszT,train
4.909404866171263,100.0,69.50656308778518,20.90617857635027,0.0,0.0,15.83457139498065,True,cfzujCAf7oAQJetL,train
3.08933381944579,100.0,57.463317348596675,29.542704021223827,0.0,9.999923706054688,15.800368046698448,True,yAQZHe95hQIl1iKY,train
6.277284317892604,100.0,72.28066213517778,14.240296713201062,0.0,10.0,15.75947974239003,True,ci0TV5q5lYJBeE1S,train
7.939131388141934,100.0,72.52002387863544,14.235094955557315,0.0,0.0,15.709805419942262,True,Kq6naek2cqUEYeoD,train
6.0043655688211945,100.0,62.47296178714002,23.649998707929853,0.0,0.0,15.602035401862272,True,JJEqtKwXTzVi23Qh,train
3.0610819767087856,100.0,46.3263871327278,34.04436925667524,9.838433866508154,10.0,15.515024108746822,True,ltihQJSWoGu4qxZW,train
6.521467505798767,100.0,67.69084150326798,18.202161409080816,0.0,0.0,15.424425383756052,True,KifBtcdzKVUWH70X,train
7.253460163465972,100.0,70.10498736212033,13.96114908283677,0.0,4.999961853027344,15.371341054403263,True,DD6YIXesvysCUs1p,train
4.780847861957792,100.0,69.17198711535785,17.116320918773454,0.0,5.0,15.244274216547817,True,8rdcR8BqtPxsPDvV,train
13.675257145355832,100.0,59.29262009074222,11.615087783387693,0.0,10.0,15.135724856627828,True,Yid6ZCdtNOBegRdJ,train
4.482915995050926,100.0,62.67762496334618,20.270965690556523,0.0,9.999923706054688,15.076562066678697,True,LF0bXgoDhjrmB7wJ,train
22.747038909572282,100.0,20.477162820578542,9.187563347216496,89.27086086606761,0.0,15.059389863226532,True,h2R9mjajbzfSnNZO,train
17.10282785027017,100.0,19.25288527597778,9.34264521430434,90.12633516817603,29.999923706054688,15.038481740536614,True,lGFgeDZh9ZBx3n9O,train
4.586701242653302,100.0,62.97041795939563,21.097425888236486,0.0,0.0,14.811723182219968,True,yTWmHPezrpjRejSz,train
6.314336841697771,100.0,60.885276215733846,18.619747154747884,0.0,0.0,14.435325073734097,True,d9LxBmleE1sPcbTo,train
3.8843473965302326,100.0,67.26091626331439,15.717840494325003,0.0,0.0,14.203792387494715,True,UUMGGElAnTqRKlfO,train
12.130873462371584,100.0,14.916284110699635,14.19856491952541,94.14684713027697,20.000076293945312,13.817220137314038,True,od0SyFJbeRKryFcf,train
11.270662708610947,100.0,21.903509406874004,11.274094695317629,87.64183497245199,19.999923706054688,13.740098961172697,True,iDXxVd22E1AZ3NEW,train
12.143657800767535,100.0,23.525590183669017,8.93645275685492,86.46184464904962,20.000076293945312,13.675139576262968,True,hxcWILug6sySoYP7,train
5.3140747154117465,100.0,51.18100612993777,20.13217266096801,0.0,10.0,13.532104130537203,True,pm4ks2pz6kLBiaZI,train
13.885774158835643,100.0,21.214176690518443,5.3973908719749915,88.08707301966291,0.0,12.13740186866482,True,5HguAFu2sh0nYvrO,train
10.09288824337862,100.0,21.62026181548409,4.514339809641129,88.11606503655153,19.999923706054688,12.074928732225805,True,rArRxucDRj5HpgWa,train
