ID,difficulty_score,text_length,word_count,vocabulary_diversity,rare_word_ratio,named_entity_score,number_complexity,special_char_complexity,historical_spelling,text_length_complexity,punctuation_complexity
tbsyltEIBRUmYw1C,55.96071428571428,42,8,100.0,0.0,100.0,100.0,0.0,62.5,21.0,35.714285714285715
N78M3v6GKmUzF7sk,52.25,50,8,100.0,0.0,100.0,100.0,0.0,0.0,25.0,20.0
RK0I7kFhJjASu94X,51.85277777777778,63,10,100.0,0.0,100.0,50.0,50.0,0.0,31.5,55.55555555555555
UL4uKVDSEkTSgyJH,51.55151515151515,66,11,100.0,0.0,100.0,96.81818181818181,0.0,0.0,33.0,7.575757575757576
X45z2YGR6He46kFL,51.17413793103449,58,12,100.0,0.0,100.0,86.66666666666667,0.0,0.0,29.0,34.48275862068965
gbIcQ6ecZn0bkl4g,51.1,44,8,100.0,0.0,100.0,100.0,0.0,0.0,22.0,0.0
3d7lglLZeIkmAm2E,50.73882978723404,47,8,100.0,0.0,100.0,90.0,0.0,0.0,23.5,21.27659574468085
4JEeD7eou8R4Mnw5,50.60357142857142,47,7,100.0,0.0,71.42857142857143,62.857142857142854,71.42857142857143,71.42857142857143,23.5,0.0
igHczTSQYaTpWApk,48.83115942028986,46,6,100.0,0.0,100.0,0.0,83.33333333333333,0.0,23.0,86.95652173913044
NB4HmJSixjx3sncN,48.486363636363635,44,10,100.0,0.0,100.0,75.0,0.0,0.0,22.0,22.727272727272727
YmlajOc1YpkzuaKE,48.025,71,10,100.0,0.0,100.0,75.0,0.0,0.0,35.5,0.0
0pTrAB9K1tq6FYnS,48.01519607843137,51,10,100.0,0.0,100.0,75.0,0.0,0.0,25.5,9.803921568627452
YdT9WKs00ed4fblO,47.98520408163265,49,10,100.0,0.0,100.0,75.0,0.0,0.0,24.5,10.204081632653061
TPdI4dn8HUGKOWUV,47.348484848484844,60,11,100.0,0.0,100.0,69.54545454545455,0.0,0.0,30.0,8.333333333333334
B6XjP7K6kueJI8Uh,47.3125,80,16,93.75,0.0,100.0,72.91666666666667,0.0,0.0,40.0,6.25
PuDCCRnGEY59YVkQ,46.9,106,20,100.0,0.0,100.0,45.0,25.0,0.0,53.0,0.0
RkBY1IMdbNG2B9Rd,46.425,57,10,100.0,0.0,100.0,50.0,0.0,50.0,28.5,0.0
AEIelHGQpCNOoMPI,46.375,55,10,100.0,0.0,100.0,0.0,50.0,100.0,27.5,0.0
QOpmX7bZjB92Ow7V,45.925,62,12,100.0,0.0,100.0,62.5,0.0,0.0,31.0,0.0
WwlTCykxjP3c4kfo,45.91600899100899,77,13,100.0,0.0,100.0,0.0,76.92307692307693,0.0,38.5,25.974025974025977
xdQAW32IaMImGVne,45.601960784313725,68,12,91.66666666666666,0.0,100.0,35.0,41.666666666666664,0.0,34.0,14.705882352941176
5z0BGufzQgliEu7p,45.50357142857143,88,14,100.0,0.0,100.0,55.357142857142854,0.0,0.0,44.0,0.0
9kN8xcJzIF4Zrsfi,45.394230769230774,65,13,100.0,0.0,100.0,43.07692307692308,0.0,38.46153846153847,32.5,7.6923076923076925
czgP2A9uaOq9S3Fl,45.39090909090909,52,11,100.0,0.0,100.0,0.0,90.9090909090909,0.0,26.0,0.0
yTWmHPezrpjRejSz,45.30160455486543,69,14,92.85714285714286,0.0,71.42857142857143,100.0,0.0,0.0,34.5,7.246376811594203
kcOVsxdSTK9JaBV1,45.085064935064935,56,11,100.0,0.0,90.9090909090909,67.04545454545455,0.0,0.0,28.0,8.928571428571429
qM5q4bWpR7YWPR6N,45.025,81,15,86.66666666666667,0.0,100.0,0.0,100.0,0.0,40.5,0.0
99oICXJ4dVXY58Tu,44.888636363636365,51,11,100.0,0.0,90.9090909090909,69.54545454545455,0.0,0.0,25.5,0.0
6x6uZheB1nZMPCfs,44.792857142857144,56,10,100.0,0.0,100.0,50.0,0.0,0.0,28.0,17.857142857142858
Qors7XZio5ZJg1Bl,44.75,45,8,100.0,0.0,100.0,57.5,0.0,0.0,22.5,0.0
sggAEJI29exYLAOY,44.63333333333333,52,9,100.0,0.0,100.0,0.0,55.55555555555555,55.55555555555555,26.0,0.0
W8wdFrxaW9VMnV3p,44.53676122931442,94,18,88.88888888888889,0.0,83.33333333333333,0.0,100.0,27.777777777777775,47.0,15.957446808510637
nm6tJae12v3oCVpx,44.39310207336523,57,11,100.0,0.0,100.0,47.27272727272727,0.0,0.0,28.5,17.543859649122805
X3YabLNZL6GBB5R7,44.37896825396826,45,7,100.0,0.0,100.0,0.0,71.42857142857143,0.0,22.5,22.22222222222222
9JvRXcUlofW9i70R,44.31296296296296,54,10,100.0,0.0,100.0,50.0,0.0,0.0,27.0,9.25925925925926
mTTGusap5mALLMvi,44.29669811320755,53,10,100.0,0.0,100.0,50.0,0.0,0.0,26.5,9.433962264150942
ozyA3WwzaaR9Cy9T,44.225,49,9,100.0,0.0,100.0,53.33333333333333,0.0,0.0,24.5,0.0
baTY3OlGskirWgFc,44.22083333333334,48,8,100.0,0.0,62.5,100.0,0.0,0.0,24.0,10.416666666666666
gSXt2RMZhYKYcwIB,44.175,97,20,95.0,0.0,100.0,50.0,0.0,0.0,48.5,0.0
t0UrASljcgzvBAnO,44.125,120,20,85.0,0.0,100.0,35.0,25.0,0.0,60.0,12.5
xndf85l6oVLJXq0F,44.11969696969697,66,11,100.0,0.0,100.0,47.27272727272727,0.0,0.0,33.0,7.575757575757576
9VDKtidUEWjRRiRo,44.02857142857143,44,7,100.0,0.0,100.0,52.857142857142854,0.0,0.0,22.0,0.0
2znD0YmTvgWAc7O1,43.95,83,15,93.33333333333333,0.0,100.0,52.5,0.0,0.0,41.5,0.0
PGrsVzaCJNX1b1E1,43.925,57,10,100.0,0.0,100.0,50.0,0.0,0.0,28.5,0.0
MMstRgEevrOu3rqP,43.85915750915751,84,13,100.0,0.0,100.0,43.07692307692308,0.0,0.0,42.0,5.952380952380952
KNLjDvknC5gb4aUj,43.83191489361702,47,8,100.0,0.0,100.0,47.5,0.0,0.0,23.5,10.638297872340425
jIz3HVEOkYUP2Ojd,43.825,53,10,100.0,0.0,100.0,0.0,50.0,50.0,26.5,0.0
XN6E32VUdTiHnJuQ,43.6375,88,16,93.75,0.0,100.0,38.75,0.0,31.25,44.0,0.0
u2GmKpt49cHoxrO0,43.63125,64,12,100.0,0.0,100.0,0.0,41.666666666666664,41.666666666666664,32.0,15.625
4Qz2qjTvIwzi6yg2,43.525,71,12,100.0,0.0,100.0,45.0,0.0,0.0,35.5,0.0
QiKpnXS0gnizGKmE,43.51028693528694,63,13,92.3076923076923,0.0,100.0,0.0,38.46153846153847,76.92307692307693,31.5,7.936507936507936
Pz6xt3fTfT158osa,43.46480099502488,67,12,100.0,0.0,83.33333333333333,65.0,0.0,0.0,33.5,7.462686567164179
oPj6r0jedkYtMV0K,43.428457446808515,94,16,100.0,0.0,100.0,38.75,0.0,0.0,47.0,5.319148936170213
OrXXHFOprCeTsprv,43.39705882352941,100,17,100.0,0.0,100.0,37.64705882352941,0.0,0.0,50.0,5.0
asclvS0ZVIPNVGJe,43.315232974910394,62,9,100.0,0.0,100.0,0.0,55.55555555555555,0.0,31.0,24.193548387096772
Z51vTfGPlcpTCCHH,43.291666666666664,90,18,94.44444444444444,0.0,100.0,45.83333333333333,0.0,0.0,45.0,0.0
uqRuAzZCBzq6drFU,43.28214285714286,72,14,92.85714285714286,0.0,100.0,50.357142857142854,0.0,0.0,36.0,0.0
yIpUq7NBbrCGtjeC,43.262420042643924,67,14,100.0,0.0,100.0,41.42857142857143,0.0,0.0,33.5,7.462686567164179
AbaV1IM6jgVLYzm1,43.26153846153846,72,13,100.0,0.0,100.0,43.07692307692308,0.0,0.0,36.0,0.0
RPZSqNEm9prJto8t,43.24166666666667,88,18,94.44444444444444,0.0,100.0,45.83333333333333,0.0,0.0,44.0,0.0
AtYZFxDSYcvf1W8j,43.239285714285714,81,14,100.0,0.0,100.0,41.42857142857143,0.0,0.0,40.5,0.0
Dh6qcbVPqLpIX8Je,43.13653846153846,67,13,100.0,0.0,100.0,43.07692307692308,0.0,0.0,33.5,0.0
n9UFB4CBMVr0uNgM,43.06428571428572,74,14,100.0,0.0,100.0,41.42857142857143,0.0,0.0,37.0,0.0
P0tGZtBQIumAzqNG,43.05,77,15,93.33333333333333,0.0,100.0,47.5,0.0,0.0,38.5,0.0
tpGrZdOq4y40b8J8,43.025,81,15,100.0,0.0,100.0,40.0,0.0,0.0,40.5,0.0
SUHOikQqiZVhzIjA,42.88103448275862,58,10,100.0,0.0,100.0,40.0,0.0,0.0,29.0,8.620689655172413
XBosP1YYbKqflZTf,42.8224358974359,52,12,100.0,0.0,83.33333333333333,62.5,0.0,0.0,26.0,9.615384615384617
ggKvBPPXVM6ztBb9,42.804589371980676,46,9,100.0,0.0,55.55555555555555,100.0,0.0,0.0,23.0,10.869565217391305
HqOtrddjUF0qXGMq,42.80096371882087,49,9,100.0,0.0,100.0,0.0,55.55555555555555,0.0,24.5,20.408163265306122
USCuetcZThb2vPgR,42.775,86,20,100.0,0.0,100.0,37.5,0.0,0.0,43.0,0.0
10gOcS95oX0kSphL,42.725,59,8,100.0,0.0,100.0,0.0,62.5,0.0,29.5,0.0
dK1N20oj1OVqDbCK,42.64523809523809,42,8,100.0,0.0,62.5,90.0,0.0,0.0,21.0,11.904761904761903
f0hic7FbgHSQbSvO,42.64523809523809,42,8,100.0,0.0,62.5,90.0,0.0,0.0,21.0,11.904761904761903
MO5lseB8OgfMw3rc,42.64393939393939,60,11,90.9090909090909,0.0,100.0,47.27272727272727,0.0,0.0,30.0,8.333333333333334
kXuSBTYEizYlbVGr,42.6,64,15,100.0,0.0,100.0,40.0,0.0,0.0,32.0,0.0
MJnAD5fqyEqKc8By,42.55681818181818,55,11,90.9090909090909,0.0,100.0,47.27272727272727,0.0,0.0,27.5,9.09090909090909
GBuYg6OqB1AZdYYg,42.507051282051286,39,8,100.0,0.0,62.5,85.0,0.0,0.0,19.5,25.64102564102564
fdoxzxFrPJdJ6tmF,42.43659003831418,58,9,100.0,0.0,100.0,0.0,55.55555555555555,0.0,29.0,8.620689655172413
2FwCdxn0lcKTpyeo,42.425,47,8,100.0,0.0,100.0,0.0,62.5,0.0,23.5,0.0
VjpvcFZ0OM1TONpE,42.375,45,8,100.0,0.0,100.0,0.0,62.5,0.0,22.5,0.0
SXNZ5kUCcAxRUpCN,42.30555555555556,90,20,80.0,0.0,100.0,50.0,0.0,0.0,45.0,11.11111111111111
o3SovHMYRxgo38Gg,42.290909090909096,68,11,100.0,0.0,100.0,37.27272727272727,0.0,0.0,34.0,0.0
iOGqwAEUNClpiZcd,42.22894736842105,76,15,93.33333333333333,0.0,100.0,40.0,0.0,0.0,38.0,6.578947368421052
wh4zzfKbF4zqtr5M,42.20909090909091,52,11,90.9090909090909,0.0,90.9090909090909,0.0,45.45454545454545,90.9090909090909,26.0,0.0
Lzmiw00NslOpO8iR,42.2,68,12,91.66666666666666,0.0,100.0,45.0,0.0,0.0,34.0,0.0
WIRPtCHUrGmZaoqH,42.2,48,10,100.0,0.0,100.0,40.0,0.0,0.0,24.0,0.0
c1xObXYvpF7zBB9Y,42.2,68,12,91.66666666666666,0.0,100.0,45.0,0.0,0.0,34.0,0.0
7ZHsmcYMGHSoNkRc,42.19285714285714,82,14,92.85714285714286,0.0,100.0,41.42857142857143,0.0,0.0,41.0,0.0
qqn4uC3PxrT8EHLn,42.08636363636364,48,11,81.81818181818183,0.0,90.9090909090909,69.54545454545455,0.0,0.0,24.0,0.0
Zc8MSUoQ1IBUMTSq,42.00769230769231,68,13,92.3076923076923,0.0,100.0,43.07692307692308,0.0,0.0,34.0,0.0
3nmWKVVt1SRn4L0t,42.0,70,12,100.0,0.0,100.0,35.0,0.0,0.0,35.0,0.0
MrDIddE0O11KlVrW,41.91434426229508,61,12,83.33333333333334,0.0,100.0,0.0,41.666666666666664,41.666666666666664,30.5,32.786885245901644
SW7TaOdDOjk649Cz,41.86824686940966,86,13,100.0,0.0,100.0,0.0,38.46153846153847,0.0,43.0,17.441860465116278
t3WPSkZ0a6Pul0Ti,41.863596491228066,57,10,100.0,0.0,100.0,0.0,0.0,100.0,28.5,8.771929824561402
MiEx2OkmrdGFcWxA,41.855555555555554,52,9,100.0,0.0,100.0,0.0,55.55555555555555,0.0,26.0,0.0
KP4J42f1Mtae36Wr,41.84642857142857,56,10,100.0,0.0,100.0,0.0,0.0,100.0,28.0,8.928571428571429
R65XbBlJVWGfuUSU,41.79669811320755,53,10,100.0,0.0,100.0,0.0,50.0,0.0,26.5,9.433962264150942
b0LWNTNL1OnV08EH,41.78076923076923,52,10,100.0,0.0,100.0,0.0,50.0,0.0,26.0,9.615384615384617
mdWyeq36zbfFQqXf,41.76519607843137,51,8,100.0,0.0,100.0,0.0,0.0,100.0,25.5,9.803921568627452
J14FwODdOoPbXjLm,41.725,59,12,100.0,0.0,100.0,35.0,0.0,0.0,29.5,0.0
eKfJXhIkZG22fK7D,41.65,71,16,93.75,0.0,100.0,38.75,0.0,0.0,35.5,0.0
ThfnPfGddjfVrMHd,41.65,41,8,100.0,0.0,62.5,87.5,0.0,0.0,20.5,0.0
2K5sgBY468TW4yCq,41.65,41,8,100.0,0.0,62.5,87.5,0.0,0.0,20.5,0.0
6JCca0D91NsPkad7,41.614285714285714,76,14,100.0,0.0,100.0,31.428571428571427,0.0,0.0,38.0,0.0
9GpGG5k6a6TeuhrL,41.589140271493214,68,13,84.61538461538461,0.0,100.0,43.07692307692308,0.0,0.0,34.0,14.705882352941176
Vzg5jk3j6IPpPTOb,41.575,53,12,100.0,0.0,100.0,35.0,0.0,0.0,26.5,0.0
xpPakfrXzwQzzLmH,41.52154471544715,82,12,100.0,0.0,100.0,0.0,41.666666666666664,0.0,41.0,6.097560975609756
XA7nBLSQ2Gv5YeyD,41.412074829931974,49,6,100.0,0.0,100.0,0.0,0.0,83.33333333333333,24.5,20.408163265306122
uOcRLyNteinukJHI,41.391883116883115,56,11,81.81818181818183,0.0,90.9090909090909,0.0,90.9090909090909,0.0,28.0,8.928571428571429
0TKWS2TOSrKaupQT,41.38928571428571,67,14,100.0,0.0,100.0,31.428571428571427,0.0,0.0,33.5,0.0
cy7sbdrCs8HzDMt4,41.375,55,10,100.0,0.0,50.0,100.0,0.0,0.0,27.5,0.0
IuQEgdM6nmIWxnca,41.34068627450981,85,15,100.0,0.0,100.0,0.0,33.333333333333336,0.0,42.5,17.647058823529413
gEiPmQy7GxcqUVYQ,41.325,53,10,100.0,0.0,100.0,0.0,50.0,0.0,26.5,0.0
3XThBktVRQzNUIHU,41.275,51,10,100.0,0.0,100.0,0.0,50.0,0.0,25.5,0.0
nUoxp6a47WdtNSZL,41.20075757575758,55,12,83.33333333333334,0.0,83.33333333333333,65.0,0.0,0.0,27.5,18.18181818181818
DhleKLK9m2SP3MYf,41.15,46,10,100.0,0.0,100.0,0.0,50.0,0.0,23.0,0.0
maYQjXjJX3TlM7oZ,41.12045454545455,63,11,100.0,0.0,100.0,0.0,45.45454545454545,0.0,31.5,0.0
F5QqfPIylx4yxlCc,41.1,84,18,100.0,0.0,100.0,26.666666666666664,0.0,0.0,42.0,0.0
ESSDMSv2LK9vNtAv,40.9,76,15,93.33333333333333,0.0,100.0,0.0,33.333333333333336,33.333333333333336,38.0,0.0
kQKse0luKCNNV0Lc,40.89501114827202,69,13,92.3076923076923,0.0,100.0,33.07692307692308,0.0,0.0,34.5,7.246376811594203
cp7HtvFzVkbwRwwO,40.85833333333333,81,18,88.88888888888889,0.0,100.0,36.666666666666664,0.0,0.0,40.5,0.0
JJH5OKhEHRQPFYNe,40.84166666666666,67,12,100.0,0.0,100.0,0.0,41.666666666666664,0.0,33.5,0.0
9XAfWiN6tYpLGxiN,40.825,73,12,91.66666666666666,0.0,100.0,35.0,0.0,0.0,36.5,0.0
SSRwj26r6fQ8BM0q,40.791666666666664,40,6,100.0,0.0,100.0,0.0,0.0,83.33333333333333,20.0,12.5
ArnWGhwBhsRRLFHQ,40.775,91,15,93.33333333333333,0.0,100.0,30.0,0.0,0.0,45.5,0.0
cJdOKPGNYChD5oPo,40.71666666666666,62,12,100.0,0.0,100.0,0.0,41.666666666666664,0.0,31.0,0.0
av0mRQeo94gZ11Qk,40.708333333333336,75,15,93.33333333333333,0.0,100.0,30.0,0.0,0.0,37.5,6.666666666666667
7C2xfIU1mdryRMMc,40.675,87,15,93.33333333333333,0.0,100.0,30.0,0.0,0.0,43.5,0.0
BBCgqIvo7oQmXhFW,40.657575757575756,66,12,91.66666666666666,0.0,100.0,30.0,0.0,0.0,33.0,15.151515151515152
6sChDStSz8rGIFCf,40.64411764705883,94,17,100.0,0.0,88.23529411764706,37.64705882352941,0.0,0.0,47.0,0.0
v1v7RE6EZcPiEjOD,40.642857142857146,80,14,92.85714285714286,0.0,100.0,31.428571428571427,0.0,0.0,40.0,0.0
n12ujfTp9wzGdRtq,40.625,85,15,93.33333333333333,0.0,100.0,30.0,0.0,0.0,42.5,0.0
HNaxXJWmBAJmsJjy,40.58409090909091,67,11,90.9090909090909,0.0,90.9090909090909,47.27272727272727,0.0,0.0,33.5,0.0
JBBP5cmkribqYZrQ,40.56785714285714,77,14,92.85714285714286,0.0,100.0,31.428571428571427,0.0,0.0,38.5,0.0
OHKJ13lyatfJ2aW8,40.521153846153844,67,13,100.0,0.0,100.0,0.0,38.46153846153847,0.0,33.5,0.0
qCDqo1rKdjWSQgfQ,40.475,84,16,93.75,0.0,100.0,28.75,0.0,0.0,42.0,0.0
BUwcz5Ky6OhRUXv6,40.416666666666664,50,6,100.0,0.0,100.0,0.0,0.0,83.33333333333333,25.0,0.0
8H2ITJSWZhAD6eh0,40.347058823529416,78,17,100.0,0.0,100.0,22.647058823529413,0.0,0.0,39.0,0.0
ltihQJSWoGu4qxZW,40.25087064676617,67,12,100.0,0.0,100.0,0.0,0.0,41.666666666666664,33.5,29.850746268656717
AVgRduqh3DYfucbY,40.228735632183906,58,12,91.66666666666666,0.0,100.0,0.0,41.666666666666664,0.0,29.0,17.241379310344826
xqfxQ5PkdzOtUSWo,40.1281976744186,86,16,87.5,0.0,93.75,38.75,0.0,0.0,43.0,5.813953488372093
0od9CY9Q4CKZMFue,40.09631519274376,49,9,100.0,0.0,55.55555555555555,81.66666666666666,0.0,0.0,24.5,10.204081632653061
9mkgAzx0X5zK4gcV,39.988596491228066,57,8,100.0,0.0,100.0,0.0,0.0,62.5,28.5,8.771929824561402
Kcfai33Zzonq7N1i,39.97142857142857,56,8,100.0,0.0,100.0,0.0,0.0,62.5,28.0,8.928571428571429
6byNrbNCJZ7D0n09,39.95,58,10,90.0,0.0,100.0,0.0,50.0,0.0,29.0,0.0
jHZaupCAWtixvZbE,39.9,56,10,90.0,0.0,100.0,0.0,50.0,0.0,28.0,0.0
5Ttj4wbDZ6toH2ic,39.89019607843137,51,8,100.0,0.0,100.0,0.0,0.0,62.5,25.5,9.803921568627452
h89NNviMIb8UbZyf,39.87679738562091,72,17,88.23529411764706,0.0,100.0,27.647058823529413,0.0,0.0,36.0,13.888888888888888
1RVuCVydhJZXHoar,39.833333333333336,60,10,100.0,0.0,100.0,0.0,0.0,50.0,30.0,16.666666666666668
UDTjHvuSOrhCLnS1,39.83191489361702,47,8,100.0,0.0,100.0,0.0,0.0,62.5,23.5,10.638297872340425
pRIf9rapdPFuu82M,39.75,100,20,65.0,0.0,100.0,0.0,75.0,0.0,50.0,0.0
45hJ7ilVlAA42E6K,39.74960317460318,63,9,100.0,0.0,100.0,0.0,0.0,55.55555555555555,31.5,7.936507936507936
PAXZNJnQ1Pqtp3UB,39.72500000000001,59,12,100.0,0.0,83.33333333333333,30.0,0.0,41.666666666666664,29.5,0.0
MWkIu3u02RZtrRSS,39.67727272727274,78,11,100.0,0.0,90.9090909090909,0.0,45.45454545454545,0.0,39.0,0.0
90V8Dr7OIZN2X6B7,39.675,77,15,93.33333333333333,0.0,100.0,25.0,0.0,0.0,38.5,0.0
klGWOini4uRn1tGQ,39.67142857142857,44,7,100.0,0.0,100.0,0.0,0.0,71.42857142857143,22.0,0.0
GGwWCJCH6lY4H82a,39.59074074074074,54,9,100.0,0.0,100.0,0.0,0.0,55.55555555555555,27.0,9.25925925925926
VfA8Rllc17Tz2PUR,39.53333333333334,88,15,93.33333333333333,0.0,100.0,0.0,33.333333333333336,0.0,44.0,0.0
8mnOUvSE5RObkS5q,39.522402597402596,77,11,100.0,0.0,100.0,0.0,0.0,0.0,38.5,51.948051948051955
cMKCJsslNGkLKpey,39.49517543859649,57,6,100.0,0.0,100.0,0.0,0.0,0.0,28.5,61.40350877192982
sX9K8N4FRDKfTEJO,39.490625,64,10,100.0,0.0,100.0,0.0,0.0,50.0,32.0,7.8125
07XIMeVcLOC43CNC,39.46666666666666,62,12,91.66666666666666,0.0,100.0,0.0,41.666666666666664,0.0,31.0,0.0
68oegBchwy2vp44K,39.458333333333336,45,9,100.0,0.0,100.0,0.0,0.0,55.55555555555555,22.5,11.11111111111111
OZIW7t7vNxIW98CB,39.45,53,8,100.0,0.0,100.0,0.0,0.0,62.5,26.5,0.0
n1l3vnF8UyUuDzMW,39.44230769230769,70,13,92.3076923076923,0.0,100.0,0.0,38.46153846153847,0.0,35.0,0.0
isacZcS4VRQjbIzQ,39.416666666666664,60,10,100.0,0.0,100.0,0.0,0.0,50.0,30.0,8.333333333333334
oZSmA6hZ1peEN3Hv,39.391666666666666,59,12,91.66666666666666,0.0,100.0,0.0,41.666666666666664,0.0,29.5,0.0
sAyihMNSFGQu1BvO,39.38103448275862,58,10,100.0,0.0,100.0,0.0,0.0,50.0,29.0,8.620689655172413
VnKwZVEYK4Bu8BkJ,39.34642857142857,56,10,100.0,0.0,100.0,0.0,0.0,50.0,28.0,8.928571428571429
7oPYu2dmzIChuOWz,39.27727272727273,62,11,100.0,0.0,90.9090909090909,0.0,45.45454545454545,0.0,31.0,0.0
gAIy40YDaZHIuubz,39.275,46,8,100.0,0.0,100.0,0.0,0.0,62.5,23.0,0.0
ToCVujlK1zVrHqOi,39.27261904761905,84,16,81.25,0.0,100.0,0.0,31.25,31.25,42.0,5.952380952380952
HEbMU8OlL2vgARkJ,39.2683962264151,53,10,80.0,0.0,100.0,0.0,50.0,0.0,26.5,18.867924528301884
KIWQqJH0sSbiXXe3,39.26493963782696,71,14,100.0,0.0,100.0,0.0,0.0,35.714285714285715,35.5,14.084507042253522
vb5ScBB5QyBrfea5,39.175,67,10,100.0,0.0,100.0,0.0,0.0,50.0,33.5,0.0
WiGfAv4dAqzmaR0d,39.15,66,10,100.0,0.0,100.0,0.0,0.0,50.0,33.0,0.0
r7VJrwvUvTQPEy81,39.13632376395534,57,11,100.0,0.0,100.0,0.0,0.0,45.45454545454545,28.5,8.771929824561402
4kGBhajHwOvW1gqp,39.11915584415584,56,11,100.0,0.0,100.0,0.0,0.0,45.45454545454545,28.0,8.928571428571429
fvj7AEm0PCheaCWa,39.10277777777778,53,9,100.0,0.0,100.0,0.0,0.0,55.55555555555555,26.5,0.0
3gTSyCSYDs80myd1,39.10277777777778,53,9,100.0,0.0,100.0,0.0,0.0,55.55555555555555,26.5,0.0
3LoqBuSdlWFuG8Bd,39.06764705882353,68,10,80.0,0.0,100.0,0.0,0.0,100.0,34.0,7.352941176470588
PBQMm03hngY2z53t,39.05277777777778,51,9,100.0,0.0,100.0,0.0,0.0,55.55555555555555,25.5,0.0
VbZcY4RkcIKyFzVc,39.02777777777778,50,9,100.0,0.0,100.0,0.0,0.0,55.55555555555555,25.0,0.0
Upl3lRzFMeWhe0FG,39.02777777777778,50,9,100.0,0.0,100.0,0.0,0.0,55.55555555555555,25.0,0.0
3vaz098miVDY18d7,39.0,40,8,100.0,0.0,62.5,57.5,0.0,0.0,20.0,37.5
zu7WyNEAqHCGsLBk,39.0,60,10,100.0,0.0,100.0,0.0,0.0,50.0,30.0,0.0
UjaMqlcCMp5EqhxP,39.0,60,9,100.0,0.0,100.0,0.0,0.0,0.0,30.0,50.0
zWgUa9oCUAnWkLsa,38.99621212121212,55,12,91.66666666666666,0.0,83.33333333333333,45.0,0.0,0.0,27.5,9.09090909090909
nP0aFeBFwmYRSkhy,38.98912429378531,59,12,83.33333333333334,0.0,100.0,0.0,41.666666666666664,0.0,29.5,16.949152542372882
rKzVbgEcKjYgCBtv,38.983333333333334,76,12,100.0,0.0,100.0,0.0,0.0,41.666666666666664,38.0,0.0
SQGRLf6d6wY0rI5X,38.95691489361702,47,11,72.72727272727273,0.0,100.0,42.27272727272727,0.0,0.0,23.5,10.638297872340425
WzfnjLtbzp8xElqD,38.940909090909095,44,7,100.0,0.0,100.0,0.0,0.0,0.0,22.0,56.81818181818181
mTqwzHR4GSr68Hzv,38.92272727272727,66,11,100.0,0.0,100.0,0.0,0.0,45.45454545454545,33.0,0.0
glE5NMc4YIGWhfEQ,38.91697530864197,81,15,100.0,0.0,66.66666666666667,55.0,0.0,0.0,40.5,6.172839506172839
dTlQQMrb1oFxnwOS,38.9077967806841,71,14,85.71428571428571,0.0,100.0,0.0,35.714285714285715,0.0,35.5,14.084507042253522
zVt078wWbVRvIhPa,38.907112332112334,63,13,84.61538461538461,0.0,100.0,0.0,0.0,76.92307692307693,31.5,15.873015873015872
KIOp1Y9WPWuNARA6,38.9,56,10,100.0,0.0,100.0,0.0,0.0,50.0,28.0,0.0
eTLeR7GdZtoG5tSp,38.8962962962963,54,12,100.0,0.0,100.0,0.0,0.0,41.666666666666664,27.0,9.25925925925926
bGXbA2Pne8UpLvNP,38.875,55,10,100.0,0.0,100.0,0.0,0.0,50.0,27.5,0.0
BZsYTf8BnHivfgE2,38.85,54,10,100.0,0.0,100.0,0.0,0.0,50.0,27.0,0.0
z0QbEkIoiVzYZ2Is,38.8254662840746,82,17,100.0,0.0,100.0,0.0,0.0,29.41176470588235,41.0,6.097560975609756
BZDBBS8zWdSNfLhM,38.82180573663624,59,13,100.0,0.0,100.0,0.0,0.0,38.46153846153847,29.5,8.474576271186441
5HguAFu2sh0nYvrO,38.80416666666667,48,8,100.0,0.0,100.0,0.0,0.0,0.0,24.0,52.083333333333336
opBh4gU1p8Cf7gH4,38.776339285714286,64,14,100.0,0.0,100.0,0.0,0.0,35.714285714285715,32.0,7.8125
xwp4hCvuZaqz1gBh,38.77602040816327,49,7,100.0,0.0,100.0,0.0,0.0,0.0,24.5,51.02040816326531
sp2zWKo0KOcJMrgn,38.75833333333333,67,12,100.0,0.0,100.0,0.0,0.0,41.666666666666664,33.5,0.0
isjAKVuE4uo1SIve,38.74807692307692,73,13,100.0,0.0,100.0,0.0,0.0,38.46153846153847,36.5,0.0
NOr4ncE2T6kZg5RG,38.733333333333334,66,12,100.0,0.0,100.0,0.0,0.0,41.666666666666664,33.0,0.0
pyseFPAu9SKib610,38.72598039215686,51,7,100.0,0.0,100.0,0.0,0.0,0.0,25.5,49.01960784313725
LINLqDbASgDS22Pb,38.722727272727276,58,11,100.0,0.0,100.0,0.0,0.0,45.45454545454545,29.0,0.0
QEDO9rMQavcPN8Cu,38.71071428571428,77,14,100.0,0.0,100.0,0.0,0.0,35.714285714285715,38.5,0.0
unX43skIMa8FTHeO,38.69772727272727,57,11,100.0,0.0,100.0,0.0,0.0,45.45454545454545,28.5,0.0
udnQeatTPLCMfqaE,38.65833333333334,63,12,100.0,0.0,100.0,0.0,0.0,41.666666666666664,31.5,0.0
HqirFgAsKeLhym8R,38.59364406779661,59,10,100.0,0.0,100.0,0.0,0.0,0.0,29.5,42.3728813559322
whKg2IDhBi2IKCtC,38.59364406779661,59,9,100.0,0.0,100.0,0.0,0.0,0.0,29.5,42.3728813559322
ppPtLf6Se3thvkbI,38.59166666666666,77,15,100.0,0.0,100.0,0.0,0.0,33.333333333333336,38.5,0.0
JUgQhXGbQJZlKPVo,38.583333333333336,60,12,100.0,0.0,100.0,0.0,0.0,0.0,30.0,41.666666666666664
IV1mn6z8vNWCtF4c,38.58157894736843,38,6,100.0,0.0,100.0,0.0,0.0,0.0,19.0,52.63157894736842
0AVFWH3x0dGYketT,38.57759103641457,84,17,82.35294117647058,0.0,88.23529411764706,0.0,58.8235294117647,0.0,42.0,11.904761904761903
EfSiVMeHrlSOPxeU,38.57418032786885,61,8,100.0,0.0,100.0,0.0,0.0,0.0,30.5,40.983606557377044
0lz6epqbSN3Eof3i,38.55912698412699,63,10,100.0,0.0,100.0,0.0,0.0,0.0,31.5,39.682539682539684
jYXRd00TByCBzusP,38.54807692307692,65,9,100.0,0.0,100.0,0.0,0.0,0.0,32.5,38.46153846153847
hTxIj3BIAIFzt5ag,38.54166666666667,65,12,100.0,0.0,83.33333333333333,35.0,0.0,0.0,32.5,0.0
G7WoVUJi8mFdQVIr,38.5,40,5,100.0,0.0,100.0,0.0,0.0,0.0,20.0,50.0
mUYiTCH9nMAXVLlf,38.4640243902439,41,6,100.0,0.0,100.0,0.0,0.0,0.0,20.5,48.78048780487805
Y0s6iwlrTSEFFEqs,38.40058139534884,43,6,100.0,0.0,100.0,0.0,0.0,0.0,21.5,46.51162790697674
PPgdzUvZ3gpmmICi,38.38703703703703,54,9,88.88888888888889,0.0,100.0,0.0,0.0,55.55555555555555,27.0,18.51851851851852
F48i2GDrmZhvkUDP,38.37647058823529,88,17,88.23529411764706,0.0,100.0,0.0,29.41176470588235,0.0,44.0,0.0
9npg5bIGzkpd0BUX,38.372727272727275,44,8,100.0,0.0,100.0,0.0,0.0,0.0,22.0,45.45454545454545
7U6gZs4HH3ZhwQW1,38.34722222222222,45,9,88.88888888888889,0.0,100.0,0.0,0.0,55.55555555555555,22.5,22.22222222222222
y6DBNH5E1ec1hsNt,38.30265957446808,47,7,100.0,0.0,100.0,0.0,0.0,0.0,23.5,42.5531914893617
My0ALCzdVlimyrtK,38.26581632653061,49,6,100.0,0.0,100.0,0.0,0.0,0.0,24.5,40.816326530612244
jmVKhLTfIqzv7x3d,38.26581632653061,49,7,100.0,0.0,100.0,0.0,0.0,0.0,24.5,40.816326530612244
bOI6uZuHCjnvFGsW,38.26554252199413,62,11,90.9090909090909,0.0,100.0,0.0,0.0,45.45454545454545,31.0,16.129032258064516
4wXSHorPPXrobi0L,38.23578431372549,51,9,100.0,0.0,100.0,0.0,0.0,0.0,25.5,39.21568627450981
JiWKnJ0vqSO6cOQt,38.23578431372549,51,10,100.0,0.0,100.0,0.0,0.0,0.0,25.5,39.21568627450981
lU7fYkVs4saVSlLm,38.22307692307692,52,9,100.0,0.0,100.0,0.0,0.0,0.0,26.0,38.46153846153847
OHnq7mr0KnApuBHd,38.21179245283019,53,8,100.0,0.0,100.0,0.0,0.0,0.0,26.5,37.73584905660377
jbNTI6fKybVUiDOO,38.19486301369864,73,11,100.0,0.0,100.0,0.0,0.0,0.0,36.5,27.397260273972602
rWL8NcKADIeMtx0Y,38.165151515151514,66,10,100.0,0.0,100.0,0.0,0.0,0.0,33.0,30.303030303030305
oEmdHRDf7rWmLbmN,38.16434426229508,61,9,100.0,0.0,100.0,0.0,0.0,0.0,30.5,32.786885245901644
Zqqe0TRAec5gNSD9,38.16346153846154,65,8,100.0,0.0,100.0,0.0,0.0,0.0,32.5,30.76923076923077
79hJ8wURdHId7IEu,38.16230158730159,63,10,100.0,0.0,100.0,0.0,0.0,0.0,31.5,31.746031746031743
oCLrZ3aWZkSBvrjn,38.16230158730159,63,6,100.0,0.0,100.0,0.0,0.0,0.0,31.5,31.746031746031743
4dnbGOIcHO5392eD,38.11346153846154,63,13,84.61538461538461,0.0,100.0,0.0,38.46153846153847,0.0,31.5,0.0
3iWJWzFR5Gv6f9wR,37.91645299145299,72,13,92.3076923076923,0.0,100.0,0.0,0.0,38.46153846153847,36.0,6.944444444444444
xfH9BNTuAZfoQtrd,37.899025974025975,77,10,100.0,0.0,100.0,0.0,0.0,0.0,38.5,19.48051948051948
0G3BpDRPb1HxQwoZ,37.89634344528711,71,13,92.3076923076923,0.0,100.0,0.0,0.0,38.46153846153847,35.5,7.042253521126761
mesbSOn5eKS1hzBA,37.87630718954248,51,9,88.88888888888889,0.0,100.0,0.0,0.0,55.55555555555555,25.5,9.803921568627452
IUFvwMO5JF7uK7Vl,37.863596491228066,57,10,90.0,0.0,100.0,0.0,0.0,50.0,28.5,8.771929824561402
uzxpvkZrPpEXDWU8,37.86351351351352,74,11,100.0,0.0,100.0,0.0,0.0,0.0,37.0,20.27027027027027
eZG1CxzYLlB5S5Li,37.854268292682924,41,8,100.0,0.0,100.0,0.0,0.0,0.0,20.5,36.58536585365854
JNBBFAduYBqka0Y7,37.84166666666667,67,12,100.0,0.0,83.33333333333333,30.0,0.0,0.0,33.5,0.0
eVTSLru10zQstBqX,37.84166666666666,72,11,100.0,0.0,100.0,0.0,0.0,0.0,36.0,20.833333333333332
8Z3V3UIIQ06yCH9L,37.83571428571428,42,7,100.0,0.0,100.0,0.0,0.0,0.0,21.0,35.714285714285715
cAiIWPKQlkmHqnx2,37.81918604651163,43,7,100.0,0.0,100.0,0.0,0.0,0.0,21.5,34.883720930232556
At9rSOKh69umYjUh,37.80555555555556,45,8,100.0,0.0,62.5,57.5,0.0,0.0,22.5,11.11111111111111
oF7ZFBBxMN4wNMck,37.791666666666664,45,6,100.0,0.0,100.0,0.0,0.0,0.0,22.5,33.333333333333336
TBVUAtdu7OM4KEOR,37.79012539184953,58,11,90.9090909090909,0.0,100.0,0.0,0.0,45.45454545454545,29.0,8.620689655172413
2MRYCciepXPxxy8K,37.78679775280899,89,13,100.0,0.0,100.0,0.0,0.0,0.0,44.5,11.235955056179774
j53xhZ2P6MESmZAA,37.78636363636363,66,11,100.0,0.0,100.0,0.0,0.0,0.0,33.0,22.727272727272727
YtjD7nVrqLTFK0VM,37.78636363636363,66,10,100.0,0.0,100.0,0.0,0.0,0.0,33.0,22.727272727272727
qelRraRW1qmKBHsG,37.780434782608694,46,10,100.0,0.0,100.0,0.0,0.0,0.0,23.0,32.608695652173914
2KulvEqEEErpCOkf,37.76547619047619,63,12,100.0,0.0,100.0,0.0,0.0,0.0,31.5,23.809523809523807
oTlS8jzwjCHkwsyp,37.75967741935484,62,9,100.0,0.0,100.0,0.0,0.0,0.0,31.0,24.193548387096772
JlzbYfPICETEYNWw,37.75967741935484,62,11,100.0,0.0,100.0,0.0,0.0,0.0,31.0,24.193548387096772
aI94QnYrXA1qRrZi,37.755519480519474,56,11,90.9090909090909,0.0,100.0,0.0,0.0,45.45454545454545,28.0,8.928571428571429
oXxLTGasmnphZWxR,37.75450819672131,61,10,100.0,0.0,100.0,0.0,0.0,0.0,30.5,24.59016393442623
8cCh6gN3sFudQ8Xw,37.75,50,7,100.0,0.0,100.0,0.0,0.0,0.0,25.0,30.0
4f0oEdScUSTeQSDr,37.74618644067797,59,10,100.0,0.0,100.0,0.0,0.0,0.0,29.5,25.423728813559325
ni0Uilo2k6cJEYpH,37.74310344827587,58,10,100.0,0.0,100.0,0.0,0.0,0.0,29.0,25.862068965517242
u6FvtEn5IGXaIslF,37.74310344827587,58,9,100.0,0.0,100.0,0.0,0.0,0.0,29.0,25.862068965517242
FCbXuoztr99Zp0q9,37.74230769230769,52,8,100.0,0.0,100.0,0.0,0.0,0.0,26.0,28.846153846153847
4fOk1KG0Pp8ZuHqs,37.740094339622644,53,8,100.0,0.0,100.0,0.0,0.0,0.0,26.5,28.30188679245283
pk57nExaGWnNFphD,37.739285714285714,56,8,100.0,0.0,100.0,0.0,0.0,0.0,28.0,26.785714285714285
HOB6EEZcBBFiSfMU,37.739285714285714,56,9,100.0,0.0,100.0,0.0,0.0,0.0,28.0,26.785714285714285
EGV4gzx5BaHH9d4R,37.73863636363637,55,8,100.0,0.0,100.0,0.0,0.0,0.0,27.5,27.27272727272727
bCnqDIE4YWoUwthr,37.73863636363637,55,9,100.0,0.0,100.0,0.0,0.0,0.0,27.5,27.27272727272727
wJxLo0wGdSn8QV7O,37.68837209302326,43,8,87.5,0.0,100.0,0.0,0.0,0.0,21.5,69.76744186046511
zecb2UkogQgF7REu,37.66746575342466,73,14,100.0,0.0,71.42857142857143,41.42857142857143,0.0,0.0,36.5,6.8493150684931505
faKkl4iufUqvwE6L,37.65975609756097,82,14,100.0,0.0,100.0,0.0,0.0,0.0,41.0,12.195121951219512
GQcMz6lRsraAnbYA,37.63333333333333,72,12,100.0,0.0,83.33333333333333,0.0,41.666666666666664,0.0,36.0,0.0
URzF35gxkcEDPgU8,37.575,53,10,100.0,0.0,50.0,75.0,0.0,0.0,26.5,0.0
YLsuD6VqcvWhMQOK,37.525,61,10,90.0,0.0,100.0,0.0,0.0,50.0,30.5,0.0
KU77yZ2bLhbiDB6Y,37.51388888888889,45,6,100.0,0.0,83.33333333333333,0.0,0.0,83.33333333333333,22.5,11.11111111111111
fk4LdCXvWMzu63NM,37.50909090909091,64,11,90.9090909090909,0.0,100.0,0.0,0.0,45.45454545454545,32.0,0.0
KuHdta2fXsyh1uMY,37.50833333333333,67,12,91.66666666666666,0.0,100.0,0.0,0.0,41.666666666666664,33.5,0.0
ipLd6mFhuPx77Hza,37.5,50,8,87.5,0.0,100.0,0.0,0.0,62.5,25.0,0.0
vrRJGtOChW8lFau5,37.49444444444444,72,13,100.0,0.0,100.0,0.0,0.0,0.0,36.0,13.888888888888888
p7eThK8uN965960O,37.475,59,10,90.0,0.0,100.0,0.0,0.0,50.0,29.5,0.0
T7GOPCBYhgj2qW0L,37.46666666666666,72,15,93.33333333333333,0.0,100.0,0.0,0.0,33.333333333333336,36.0,0.0
Wx97WLWmyZa7hLXs,37.464285714285715,70,12,100.0,0.0,100.0,0.0,0.0,0.0,35.0,14.285714285714285
sqn0kVXKZYALfqjk,37.462356321839074,87,14,100.0,0.0,100.0,0.0,0.0,0.0,43.5,5.747126436781609
Eul9z9usVSOF9KYp,37.462356321839074,87,15,100.0,0.0,100.0,0.0,0.0,0.0,43.5,5.747126436781609
QFCtC8AXmLCQUe9b,37.42857142857142,40,7,85.71428571428571,0.0,100.0,0.0,0.0,71.42857142857143,20.0,0.0
GwhdWP8hCtKVaDvp,37.425,77,14,100.0,0.0,71.42857142857143,41.42857142857143,0.0,0.0,38.5,0.0
euYlcqNMGcZLtP1M,37.421268656716414,67,14,100.0,0.0,100.0,0.0,0.0,0.0,33.5,14.925373134328359
y87I77YXxaEedYw8,37.421268656716414,67,10,100.0,0.0,100.0,0.0,0.0,0.0,33.5,14.925373134328359
1utesWaIOvDN6728,37.421268656716414,67,9,100.0,0.0,100.0,0.0,0.0,0.0,33.5,14.925373134328359
hRbpxFMCl93ELJww,37.4125,84,16,81.25,0.0,100.0,0.0,31.25,0.0,42.0,0.0
Yq54XCcVRGgagrHS,37.394230769230774,65,13,84.61538461538461,0.0,76.92307692307693,0.0,76.92307692307693,0.0,32.5,0.0
OhbVrpoiVgRV5IfL,37.39423076923077,65,8,100.0,0.0,100.0,0.0,0.0,0.0,32.5,15.384615384615385
spdp09SWkxcVWkFq,37.38928571428571,67,14,92.85714285714286,0.0,100.0,0.0,0.0,35.714285714285715,33.5,0.0
rFe6WX3tlqRPokfg,37.375,45,8,87.5,0.0,100.0,0.0,0.0,62.5,22.5,0.0
uHagaJ5PJ4R0AFMF,37.368650793650794,63,8,100.0,0.0,100.0,0.0,0.0,0.0,31.5,15.873015873015872
f7JWK1HEvxFL3QI2,37.368650793650794,63,7,100.0,0.0,100.0,0.0,0.0,0.0,31.5,15.873015873015872
sji9Sx7KUopPT6in,37.36111111111111,50,9,88.88888888888889,0.0,100.0,0.0,0.0,55.55555555555555,25.0,0.0
q8h3Sxwe1aKQwr7i,37.35645161290322,62,11,100.0,0.0,100.0,0.0,0.0,0.0,31.0,16.129032258064516
yMWM7gusTJl08Ead,37.35645161290322,62,10,100.0,0.0,100.0,0.0,0.0,0.0,31.0,16.129032258064516
wvyfJmj08BUj1fnI,37.35645161290322,62,12,100.0,0.0,100.0,0.0,0.0,0.0,31.0,16.129032258064516
5sFX4xspPfGIzYtx,37.34467213114754,61,8,100.0,0.0,100.0,0.0,0.0,0.0,30.5,16.393442622950822
A2lpTywdszc8jA6P,37.34467213114754,61,12,100.0,0.0,100.0,0.0,0.0,0.0,30.5,16.393442622950822
NEPwl39BHzA7xdIn,37.34467213114754,61,10,100.0,0.0,100.0,0.0,0.0,0.0,30.5,16.393442622950822
jdRUzCWMKGfoBsYz,37.33364197530864,81,14,100.0,0.0,100.0,0.0,0.0,0.0,40.5,6.172839506172839
gWRa8FIM2RcOEIBK,37.333333333333336,60,12,91.66666666666666,0.0,100.0,0.0,0.0,41.666666666666664,30.0,0.0
9Yyul1VsgVuFoeQG,37.322457627118645,59,9,100.0,0.0,100.0,0.0,0.0,0.0,29.5,16.949152542372882
Wh4XLWfNqZPtxq7x,37.322457627118645,59,10,100.0,0.0,100.0,0.0,0.0,0.0,29.5,16.949152542372882
marjZ0np0oSHHOWp,37.31206896551724,58,9,100.0,0.0,100.0,0.0,0.0,0.0,29.0,17.241379310344826
BnzAM1HpE1wxOPxP,37.30833333333334,59,12,100.0,0.0,83.33333333333333,0.0,41.666666666666664,0.0,29.5,0.0
xAB86eNAZzUDRyYa,37.302192982456134,57,10,100.0,0.0,100.0,0.0,0.0,0.0,28.5,17.543859649122805
gNSav5n4F15yMnkU,37.302192982456134,57,8,100.0,0.0,100.0,0.0,0.0,0.0,28.5,17.543859649122805
mM0ygbeDwNRbQ2cW,37.302192982456134,57,9,100.0,0.0,100.0,0.0,0.0,0.0,28.5,17.543859649122805
Q3W4miBvCja9XFMH,37.302192982456134,57,10,100.0,0.0,100.0,0.0,0.0,0.0,28.5,17.543859649122805
H9erbIk6Il8sW1zt,37.302192982456134,57,9,100.0,0.0,100.0,0.0,0.0,0.0,28.5,17.543859649122805
QXsgKYaACO5YQ3eb,37.302192982456134,57,6,100.0,0.0,100.0,0.0,0.0,0.0,28.5,17.543859649122805
gkdDIcW0TbnFIf2a,37.3,52,10,90.0,0.0,100.0,0.0,0.0,50.0,26.0,0.0
tyandiRngieFHhCY,37.292857142857144,56,11,100.0,0.0,100.0,0.0,0.0,0.0,28.0,17.857142857142858
HR2juRvjapl87R3U,37.292857142857144,56,8,100.0,0.0,100.0,0.0,0.0,0.0,28.0,17.857142857142858
17MomXxIoWG0tmR1,37.292857142857144,56,10,100.0,0.0,100.0,0.0,0.0,0.0,28.0,17.857142857142858
2clomzf5A9wvGbAW,37.286111111111104,47,9,88.88888888888889,0.0,100.0,0.0,0.0,55.55555555555555,23.5,0.0
259Ksw56mJJlnipt,37.286111111111104,47,9,88.88888888888889,0.0,100.0,0.0,0.0,55.55555555555555,23.5,0.0
YCP9HgrBKwpLup0X,37.28409090909091,55,10,100.0,0.0,100.0,0.0,0.0,0.0,27.5,18.18181818181818
b5vRxXTxTw87Uy0j,37.275925925925925,54,9,100.0,0.0,100.0,0.0,0.0,0.0,27.0,18.51851851851852
muQbPOaFGInyLkjm,37.275925925925925,54,9,100.0,0.0,100.0,0.0,0.0,0.0,27.0,18.51851851851852
TXxdUAseaneIteOP,37.275925925925925,54,10,100.0,0.0,100.0,0.0,0.0,0.0,27.0,18.51851851851852
R0NHAtbNqzzxZ0rK,37.275925925925925,54,9,100.0,0.0,100.0,0.0,0.0,0.0,27.0,18.51851851851852
icFv4Q6icqzY5L6d,37.275925925925925,54,10,100.0,0.0,100.0,0.0,0.0,0.0,27.0,18.51851851851852
HnyADvkxtUuX8KMf,37.275,91,15,100.0,0.0,100.0,0.0,0.0,0.0,45.5,0.0
TLcJtwqHYjyiCE5n,37.275,51,10,90.0,0.0,100.0,0.0,0.0,50.0,25.5,0.0
Yy1NKXy9jbHmOrFK,37.27142857142857,58,14,85.71428571428571,0.0,71.42857142857143,57.857142857142854,0.0,0.0,29.0,0.0
pw3M1tBJKvmODslv,37.2683962264151,53,9,100.0,0.0,100.0,0.0,0.0,0.0,26.5,18.867924528301884
1r1HsYsEMpBUYQwA,37.2683962264151,53,9,100.0,0.0,100.0,0.0,0.0,0.0,26.5,18.867924528301884
AzdQ1Y6mb7KIdw8f,37.2683962264151,53,10,100.0,0.0,100.0,0.0,0.0,0.0,26.5,18.867924528301884
c9yaXO2Fyo1srnnr,37.2683962264151,53,6,100.0,0.0,100.0,0.0,0.0,0.0,26.5,18.867924528301884
3HXJGaaSpaav7mDI,37.2683962264151,53,10,100.0,0.0,100.0,0.0,0.0,0.0,26.5,18.867924528301884
5O0IFPPrNuwMfdNj,37.2683962264151,53,11,100.0,0.0,100.0,0.0,0.0,0.0,26.5,18.867924528301884
iq3B7MtOEAT8kLmz,37.265789473684215,38,5,100.0,0.0,100.0,0.0,0.0,0.0,19.0,26.31578947368421
z9B6NB4pQnZ1ITZK,37.265789473684215,38,8,100.0,0.0,100.0,0.0,0.0,0.0,19.0,26.31578947368421
Zf2tTj1d1jJzgi0j,37.26153846153846,52,9,100.0,0.0,100.0,0.0,0.0,0.0,26.0,19.230769230769234
cWz5e9hoNbarxPH6,37.26153846153846,52,10,100.0,0.0,100.0,0.0,0.0,0.0,26.0,19.230769230769234
G1cw9x5B7stZeLKV,37.26153846153846,52,7,100.0,0.0,100.0,0.0,0.0,0.0,26.0,19.230769230769234
4qF3zwG4TSmNQXT2,37.25539215686274,51,9,100.0,0.0,100.0,0.0,0.0,0.0,25.5,19.607843137254903
OZ9JEEEyvqaiot8E,37.25539215686274,51,9,100.0,0.0,100.0,0.0,0.0,0.0,25.5,19.607843137254903
neyVriWyz17oohyg,37.25450819672131,61,10,80.0,0.0,100.0,0.0,0.0,50.0,30.5,24.59016393442623
xR8KCDXsXyGHA9k0,37.25,90,15,100.0,0.0,100.0,0.0,0.0,0.0,45.0,0.0
aXmtMHirZ8z4JM6O,37.25,50,8,100.0,0.0,100.0,0.0,0.0,0.0,25.0,20.0
WtbRElZ6GfYN1wNG,37.25,50,10,90.0,0.0,100.0,0.0,0.0,50.0,25.0,0.0
e13Lg8XT1rXdbZMN,37.25,50,7,100.0,0.0,100.0,0.0,0.0,0.0,25.0,20.0
GDAdNAC8oCkxcdKp,37.25,50,7,100.0,0.0,100.0,0.0,0.0,0.0,25.0,20.0
9yvlFSFx7ZHrZfUB,37.25,90,14,100.0,0.0,100.0,0.0,0.0,0.0,45.0,0.0
NWgPy4CJ74OCuVS7,37.24540816326531,49,6,100.0,0.0,100.0,0.0,0.0,0.0,24.5,20.408163265306122
XNt6oft5KThqk6ew,37.24540816326531,49,9,100.0,0.0,100.0,0.0,0.0,0.0,24.5,20.408163265306122
fZyQb4BQmKk9oeH7,37.24540816326531,49,6,100.0,0.0,100.0,0.0,0.0,0.0,24.5,20.408163265306122
TB94EpdVwJvIleNB,37.24451219512195,41,8,100.0,0.0,100.0,0.0,0.0,0.0,20.5,24.390243902439025
YB3a4Ms8eDvak9YU,37.24451219512195,41,7,100.0,0.0,100.0,0.0,0.0,0.0,20.5,24.390243902439025
Rfjicl9WevPgiPRG,37.24451219512195,41,4,100.0,0.0,100.0,0.0,0.0,0.0,20.5,24.390243902439025
EjlbJPOEf3k8WhHL,37.24451219512195,41,7,100.0,0.0,100.0,0.0,0.0,0.0,20.5,24.390243902439025
RG5s0f4GlIO78Aur,37.24166666666667,48,7,100.0,0.0,100.0,0.0,0.0,0.0,24.0,20.833333333333332
0lw9A7sXGwIB6tFB,37.24166666666667,48,8,100.0,0.0,100.0,0.0,0.0,0.0,24.0,20.833333333333332
2Pxh4b0BrcFc9DHn,37.24166666666667,48,6,100.0,0.0,100.0,0.0,0.0,0.0,24.0,20.833333333333332
n1oDC215ogiNEm48,37.24047619047619,42,6,100.0,0.0,100.0,0.0,0.0,0.0,21.0,23.809523809523807
S3NkJ5R1Zo3n66O0,37.23882978723404,47,6,100.0,0.0,100.0,0.0,0.0,0.0,23.5,21.27659574468085
XKA2mP9zjbTLeAa8,37.23779069767442,43,8,100.0,0.0,100.0,0.0,0.0,0.0,21.5,23.25581395348837
6l9h1ovTqYyNTSkj,37.23695652173913,46,10,100.0,0.0,100.0,0.0,0.0,0.0,23.0,21.73913043478261
9t5wgtLwgrL2SPwu,37.236363636363635,44,9,100.0,0.0,100.0,0.0,0.0,0.0,22.0,22.727272727272727
ikA6SEyeFtPCLarZ,37.236111111111114,45,6,100.0,0.0,100.0,0.0,0.0,0.0,22.5,22.22222222222222
6BG8YK5KoncxnSFr,37.236111111111114,45,9,100.0,0.0,100.0,0.0,0.0,0.0,22.5,22.22222222222222
C5akFGsEmttD1KYm,37.23611111111111,45,9,88.88888888888889,0.0,100.0,0.0,0.0,55.55555555555555,22.5,0.0
jXQqoEzxtxB5lIZr,37.208333333333336,75,13,100.0,0.0,100.0,0.0,0.0,0.0,37.5,6.666666666666667
GNlm2LOOjohizcrm,37.208333333333336,75,12,100.0,0.0,100.0,0.0,0.0,0.0,37.5,6.666666666666667
aptc88H5YsQICiKF,37.208333333333336,75,16,100.0,0.0,100.0,0.0,0.0,0.0,37.5,6.666666666666667
d1J5GmKIjku2HChR,37.2,88,15,100.0,0.0,100.0,0.0,0.0,0.0,44.0,0.0
rat7Ymfb6NaDEgQJ,37.19395161290323,93,16,93.75,0.0,100.0,0.0,0.0,0.0,46.5,16.129032258064516
O6lNrKRW2Bu4knYN,37.18783783783784,74,17,100.0,0.0,100.0,0.0,0.0,0.0,37.0,6.756756756756757
BlRLQyfXNsZpTefr,37.175,87,13,100.0,0.0,100.0,0.0,0.0,0.0,43.5,0.0
9MzXubOrYCFowJ8y,37.175,87,14,100.0,0.0,100.0,0.0,0.0,0.0,43.5,0.0
uMfcaTr1qmzq4nzr,37.175,87,15,100.0,0.0,100.0,0.0,0.0,0.0,43.5,0.0
9NeEfZ4Zydpm1VZR,37.16746575342466,73,9,100.0,0.0,100.0,0.0,0.0,0.0,36.5,6.8493150684931505
nwOsTMsUaglG6SNE,37.16746575342466,73,13,100.0,0.0,100.0,0.0,0.0,0.0,36.5,6.8493150684931505
wtvN4dnq59GhNvZ3,37.16746575342466,73,13,100.0,0.0,100.0,0.0,0.0,0.0,36.5,6.8493150684931505
cQyrjSv5zKaGT8XF,37.15513631937683,79,13,100.0,0.0,76.92307692307693,0.0,38.46153846153847,0.0,39.5,18.9873417721519
Py5wM51mQnSGcsgT,37.127112676056335,71,9,100.0,0.0,100.0,0.0,0.0,0.0,35.5,7.042253521126761
RUoYv1AfhJGSWja9,37.127112676056335,71,13,100.0,0.0,100.0,0.0,0.0,0.0,35.5,7.042253521126761
A9iQeJvm6P9Q3eTg,37.127112676056335,71,13,100.0,0.0,100.0,0.0,0.0,0.0,35.5,7.042253521126761
XLgjgkCDuAhIw9Xn,37.125,85,14,100.0,0.0,100.0,0.0,0.0,0.0,42.5,0.0
xOgQ4R9OWOuGIIzo,37.1125,72,16,81.25,0.0,100.0,0.0,31.25,0.0,36.0,0.0
AkJJOESrS25phQ8j,37.107142857142854,70,10,100.0,0.0,100.0,0.0,0.0,0.0,35.0,7.142857142857142
pDlThTpkOMWceyia,37.107142857142854,70,13,100.0,0.0,100.0,0.0,0.0,0.0,35.0,7.142857142857142
woV3tAY4vxqLsD2h,37.1,84,13,100.0,0.0,100.0,0.0,0.0,0.0,42.0,0.0
Ed3OLL8NeE4mGh3R,37.1,84,15,100.0,0.0,100.0,0.0,0.0,0.0,42.0,0.0
yHtAd32jimvAK56D,37.1,84,16,100.0,0.0,100.0,0.0,0.0,0.0,42.0,0.0
7jhrUxHqSgr3QHZt,37.08731884057971,69,11,100.0,0.0,100.0,0.0,0.0,0.0,34.5,7.246376811594203
HEJ0WPahQwCp5PN6,37.075,83,15,100.0,0.0,100.0,0.0,0.0,0.0,41.5,0.0
0osXjXBzKJ98dANS,37.06764705882353,68,13,100.0,0.0,100.0,0.0,0.0,0.0,34.0,7.352941176470588
gK3m6hYNjlUK8rfX,37.06764705882353,68,14,100.0,0.0,100.0,0.0,0.0,0.0,34.0,7.352941176470588
79tMUVyfIdy3GzkG,37.05,82,14,100.0,0.0,100.0,0.0,0.0,0.0,41.0,0.0
JesQeqgmULF8vwiQ,37.05,82,15,100.0,0.0,100.0,0.0,0.0,0.0,41.0,0.0
6I0TMTkE9dURrDlm,37.05,82,12,100.0,0.0,100.0,0.0,0.0,0.0,41.0,0.0
uSaaRnyLguxN3qlJ,37.05,82,14,100.0,0.0,100.0,0.0,0.0,0.0,41.0,0.0
gEkVz95jGXap8nS4,37.04813432835821,67,11,100.0,0.0,100.0,0.0,0.0,0.0,33.5,7.462686567164179
xC7aIldZbqIcAEuE,37.04813432835821,67,13,100.0,0.0,100.0,0.0,0.0,0.0,33.5,7.462686567164179
yxCgB1YGLTBPifmj,37.04813432835821,67,10,100.0,0.0,100.0,0.0,0.0,0.0,33.5,7.462686567164179
z6iIdvvdC0C7rTdz,37.04813432835821,67,13,100.0,0.0,100.0,0.0,0.0,0.0,33.5,7.462686567164179
qAgNY1M73l7qdyxO,37.028787878787874,66,15,100.0,0.0,100.0,0.0,0.0,0.0,33.0,7.575757575757576
qYeY5tNhzK7MLpWM,37.028787878787874,66,12,100.0,0.0,100.0,0.0,0.0,0.0,33.0,7.575757575757576
ZbeyngGWxlbaOjpL,37.025,81,16,100.0,0.0,100.0,0.0,0.0,0.0,40.5,0.0
UjSSQbyL5QHcqkds,37.025,81,14,100.0,0.0,100.0,0.0,0.0,0.0,40.5,0.0
8AEEISYk9SBw6SKy,37.01666666666667,74,15,93.33333333333333,0.0,66.66666666666667,30.0,33.333333333333336,0.0,37.0,0.0
7iEAfPDM0tUJbRir,37.00961538461539,65,12,100.0,0.0,100.0,0.0,0.0,0.0,32.5,7.6923076923076925
AnBi72G3gqOqRrDh,37.00961538461539,65,12,100.0,0.0,100.0,0.0,0.0,0.0,32.5,7.6923076923076925
gkYlJzGvQkIMC7w5,37.0,80,13,100.0,0.0,100.0,0.0,0.0,0.0,40.0,0.0
iG2METPxl2yFEikm,37.0,80,12,91.66666666666666,0.0,100.0,0.0,0.0,0.0,40.0,25.0
1J0VX8ck59Y7022i,36.990625,64,11,100.0,0.0,100.0,0.0,0.0,0.0,32.0,7.8125
JugSMoVMoiDSkWFl,36.990625,64,12,100.0,0.0,100.0,0.0,0.0,0.0,32.0,7.8125
2jqpwJ9AfFAIkk8u,36.990625,64,11,100.0,0.0,100.0,0.0,0.0,0.0,32.0,7.8125
58mzM9UOi1mYuorI,36.990625,64,12,100.0,0.0,100.0,0.0,0.0,0.0,32.0,7.8125
KqdOELkKdQsZVNbs,36.975,79,12,100.0,0.0,100.0,0.0,0.0,0.0,39.5,0.0
PFgjIXBnNPg6CTqg,36.975,79,11,100.0,0.0,100.0,0.0,0.0,0.0,39.5,0.0
FfiGe2YrqiNrr2qa,36.975,79,13,100.0,0.0,100.0,0.0,0.0,0.0,39.5,0.0
XEhKI7wvRtzdO9Pf,36.975,79,15,100.0,0.0,100.0,0.0,0.0,0.0,39.5,0.0
QjCIsyNKCmnR4utK,36.975,79,14,100.0,0.0,100.0,0.0,0.0,0.0,39.5,0.0
dPqW0hdkDzEtEV8W,36.975,79,14,100.0,0.0,100.0,0.0,0.0,0.0,39.5,0.0
UiZgW7cVcDXiRQa7,36.975,44,10,100.0,0.0,50.0,72.5,0.0,0.0,22.0,0.0
9yQmtSy5gOSwFf4O,36.975,79,13,100.0,0.0,100.0,0.0,0.0,0.0,39.5,0.0
MUeLmHEmnDcmtUlZ,36.9718253968254,63,12,100.0,0.0,100.0,0.0,0.0,0.0,31.5,7.936507936507936
JVJAVgXOKwRDSQB4,36.958333333333336,80,15,73.33333333333333,0.0,100.0,0.0,33.333333333333336,0.0,40.0,12.5
Ih7yfJs1ON43xKmT,36.95322580645161,62,10,100.0,0.0,100.0,0.0,0.0,0.0,31.0,8.064516129032258
fWvXFg7Bc5rly880,36.95322580645161,62,10,100.0,0.0,100.0,0.0,0.0,0.0,31.0,8.064516129032258
CzrQs1cv7GouuT5a,36.95,78,15,100.0,0.0,100.0,0.0,0.0,0.0,39.0,0.0
3qORES0hxGUKb2qk,36.95,78,12,100.0,0.0,100.0,0.0,0.0,0.0,39.0,0.0
Yq1dCVQMbtOtIRf8,36.95,78,13,100.0,0.0,100.0,0.0,0.0,0.0,39.0,0.0
wCFGH1hETIR0I5sC,36.95,78,15,100.0,0.0,100.0,0.0,0.0,0.0,39.0,0.0
hyCu2yCDcclJQ3Xt,36.95,78,14,100.0,0.0,100.0,0.0,0.0,0.0,39.0,0.0
qugjl5q3tqeXGLNE,36.93483606557377,61,10,100.0,0.0,100.0,0.0,0.0,0.0,30.5,8.196721311475411
KbhzXTpKMrULcWWf,36.93483606557377,61,11,100.0,0.0,100.0,0.0,0.0,0.0,30.5,8.196721311475411
FvmjiTF3RN7N21FS,36.93483606557377,61,13,100.0,0.0,100.0,0.0,0.0,0.0,30.5,8.196721311475411
4CX8r7WzBUuQovnJ,36.93483606557377,61,11,100.0,0.0,100.0,0.0,0.0,0.0,30.5,8.196721311475411
dgUSIE9pftnLfuf8,36.93483606557377,61,11,100.0,0.0,100.0,0.0,0.0,0.0,30.5,8.196721311475411
UBCsB4Nv6GYG3hLO,36.93483606557377,61,11,100.0,0.0,100.0,0.0,0.0,0.0,30.5,8.196721311475411
FWiyneKLYWwV5Py5,36.93483606557377,61,10,100.0,0.0,100.0,0.0,0.0,0.0,30.5,8.196721311475411
BRCNrKXYym4RIpa2,36.93483606557377,61,11,100.0,0.0,100.0,0.0,0.0,0.0,30.5,8.196721311475411
Xm4tfcIvyUUV4iHI,36.925,77,14,100.0,0.0,100.0,0.0,0.0,0.0,38.5,0.0
unP6NNH4FxWPKZhx,36.925,77,13,100.0,0.0,100.0,0.0,0.0,0.0,38.5,0.0
kYjEpv3o1p2t5a8y,36.925,77,14,100.0,0.0,100.0,0.0,0.0,0.0,38.5,0.0
W0fOJITtl2OXtypG,36.925,77,13,100.0,0.0,100.0,0.0,0.0,0.0,38.5,0.0
sFn4R9dwVQE20SQC,36.916666666666664,60,11,100.0,0.0,100.0,0.0,0.0,0.0,30.0,8.333333333333334
W84Lw7FYVOL8tFrx,36.916666666666664,60,12,100.0,0.0,100.0,0.0,0.0,0.0,30.0,8.333333333333334
JdAQeZUNdjipeRhz,36.916666666666664,60,9,100.0,0.0,100.0,0.0,0.0,0.0,30.0,8.333333333333334
titBJr7Epjx4Y6ud,36.916666666666664,60,11,100.0,0.0,100.0,0.0,0.0,0.0,30.0,8.333333333333334
NwEJ0QMb2ouSSua6,36.916666666666664,60,11,100.0,0.0,100.0,0.0,0.0,0.0,30.0,8.333333333333334
c7ij8vKOZM6MK3zy,36.9,76,14,100.0,0.0,100.0,0.0,0.0,0.0,38.0,0.0
ckVIKetfzSh1iUJr,36.9,76,12,100.0,0.0,100.0,0.0,0.0,0.0,38.0,0.0
Kmf58CxA8bZFoal8,36.89872881355932,59,10,100.0,0.0,100.0,0.0,0.0,0.0,29.5,8.474576271186441
ZlaiXPyVZHpJFJNc,36.89872881355932,59,9,100.0,0.0,100.0,0.0,0.0,0.0,29.5,8.474576271186441
4nV8tOw4dkMuGzCW,36.89872881355932,59,10,100.0,0.0,100.0,0.0,0.0,0.0,29.5,8.474576271186441
PMR5TI9MaDsLLpZu,36.89872881355932,59,12,100.0,0.0,100.0,0.0,0.0,0.0,29.5,8.474576271186441
V2I3IbflQXkvWzZi,36.88103448275862,58,10,100.0,0.0,100.0,0.0,0.0,0.0,29.0,8.620689655172413
kPkV28rgSNH4Y1Uo,36.88103448275862,58,11,100.0,0.0,100.0,0.0,0.0,0.0,29.0,8.620689655172413
n9xN4OBKHub47ruW,36.88103448275862,58,10,100.0,0.0,100.0,0.0,0.0,0.0,29.0,8.620689655172413
8Q1kahXfPT6yzTL5,36.875,75,12,100.0,0.0,100.0,0.0,0.0,0.0,37.5,0.0
r6MgBlq8FxvthgQa,36.875,75,11,100.0,0.0,100.0,0.0,0.0,0.0,37.5,0.0
FDefJQpT8CiE0r1k,36.875,75,13,100.0,0.0,100.0,0.0,0.0,0.0,37.5,0.0
85QhQi7IOUFfYSv3,36.875,75,13,100.0,0.0,100.0,0.0,0.0,0.0,37.5,0.0
h3qSpQ0BmETYZgSU,36.875,75,11,100.0,0.0,100.0,0.0,0.0,0.0,37.5,0.0
zWyNM0OW9CG4qkc7,36.875,75,12,100.0,0.0,100.0,0.0,0.0,0.0,37.5,0.0
7npGfBUDtkUmpBlM,36.875,75,12,100.0,0.0,100.0,0.0,0.0,0.0,37.5,0.0
QY0TKRiTyHVpguHL,36.875,75,12,100.0,0.0,100.0,0.0,0.0,0.0,37.5,0.0
30PyrOPCxahhfhFP,36.875,75,11,100.0,0.0,100.0,0.0,0.0,0.0,37.5,0.0
tQAuzSsJimAQ8yRV,36.86666666666667,108,18,94.44444444444444,0.0,100.0,0.0,0.0,0.0,54.0,0.0
wpLj5zcN4BF2r7V0,36.863596491228066,57,9,100.0,0.0,100.0,0.0,0.0,0.0,28.5,8.771929824561402
qQmJra9K87T1jXFC,36.863596491228066,57,10,100.0,0.0,100.0,0.0,0.0,0.0,28.5,8.771929824561402
9fUvdTrpraXfalzP,36.863596491228066,57,9,100.0,0.0,100.0,0.0,0.0,0.0,28.5,8.771929824561402
qIlP5XM90ZsmSxcd,36.863596491228066,57,9,100.0,0.0,100.0,0.0,0.0,0.0,28.5,8.771929824561402
kDa9U4UqGWlG6g3O,36.863596491228066,57,10,100.0,0.0,100.0,0.0,0.0,0.0,28.5,8.771929824561402
OqihiGiBwGw9MEXd,36.863596491228066,57,10,100.0,0.0,100.0,0.0,0.0,0.0,28.5,8.771929824561402
PjXTk9GHUMPH7XvC,36.85,74,9,100.0,0.0,100.0,0.0,0.0,0.0,37.0,0.0
Lvc0CU5A6R7xXXuD,36.85,74,14,100.0,0.0,100.0,0.0,0.0,0.0,37.0,0.0
wzfJXuFNdztSDF2P,36.85,74,14,100.0,0.0,100.0,0.0,0.0,0.0,37.0,0.0
KKcKYEcduf8tawWs,36.85,74,14,100.0,0.0,100.0,0.0,0.0,0.0,37.0,0.0
3SUBokfmU5Zx05Ia,36.85,74,15,100.0,0.0,100.0,0.0,0.0,0.0,37.0,0.0
RoG6xCT4KjHkzZjV,36.84642857142857,56,11,100.0,0.0,100.0,0.0,0.0,0.0,28.0,8.928571428571429
8Xdu6OYd52h5NI78,36.84642857142857,56,9,100.0,0.0,100.0,0.0,0.0,0.0,28.0,8.928571428571429
5Kteiq67Syavf9zq,36.84642857142857,56,9,100.0,0.0,100.0,0.0,0.0,0.0,28.0,8.928571428571429
WyrZsvhkOu7yj8kj,36.84642857142857,56,10,100.0,0.0,100.0,0.0,0.0,0.0,28.0,8.928571428571429
yWbHef45aDgsMVl6,36.84642857142857,56,10,100.0,0.0,100.0,0.0,0.0,0.0,28.0,8.928571428571429
zD9aDrlh9v7peMpO,36.84642857142857,56,10,100.0,0.0,100.0,0.0,0.0,0.0,28.0,8.928571428571429
6azNwPimvCI4zuXi,36.84642857142857,56,9,100.0,0.0,100.0,0.0,0.0,0.0,28.0,8.928571428571429
78ZIDnWZB1mfqKmS,36.82954545454546,55,11,100.0,0.0,90.9090909090909,0.0,0.0,45.45454545454545,27.5,0.0
mr2Tuv1CMNMb6cEl,36.82954545454545,55,8,100.0,0.0,100.0,0.0,0.0,0.0,27.5,9.09090909090909
n4bMPSssn88eRkfY,36.82954545454545,55,7,100.0,0.0,100.0,0.0,0.0,0.0,27.5,9.09090909090909
m07cCHgh74eCgKTW,36.82954545454545,55,12,100.0,0.0,100.0,0.0,0.0,0.0,27.5,9.09090909090909
WoNq6jFJK4f3TOeN,36.82954545454545,55,9,100.0,0.0,100.0,0.0,0.0,0.0,27.5,9.09090909090909
uDMih4ThyivbzSZL,36.82954545454545,55,10,100.0,0.0,100.0,0.0,0.0,0.0,27.5,9.09090909090909
slw5ce48zxCxxuEt,36.82954545454545,55,8,100.0,0.0,100.0,0.0,0.0,0.0,27.5,9.09090909090909
9Bb67GcVWLcgcf6s,36.82954545454545,55,9,100.0,0.0,100.0,0.0,0.0,0.0,27.5,9.09090909090909
pc7lfmzFeAdPppGt,36.82954545454545,55,10,100.0,0.0,100.0,0.0,0.0,0.0,27.5,9.09090909090909
o4sQFFYOzMwIEsgo,36.825,73,11,100.0,0.0,100.0,0.0,0.0,0.0,36.5,0.0
84fnxRVetPHuvVYb,36.825,73,11,100.0,0.0,100.0,0.0,0.0,0.0,36.5,0.0
SiBSBJihCh5N5xwm,36.825,73,12,100.0,0.0,100.0,0.0,0.0,0.0,36.5,0.0
dUkR6ecLp7AFUU7A,36.825,73,13,100.0,0.0,100.0,0.0,0.0,0.0,36.5,0.0
vKzcNrxrQqYPZXMa,36.825,73,12,100.0,0.0,100.0,0.0,0.0,0.0,36.5,0.0
CHi1Ds6hTT62hC4B,36.825,73,13,100.0,0.0,100.0,0.0,0.0,0.0,36.5,0.0
qSZKCxpE8YVOsbSZ,36.82115384615385,59,13,100.0,0.0,76.92307692307693,33.07692307692308,0.0,0.0,29.5,0.0
jJ2QpgzFini2ty1V,36.81296296296296,54,8,100.0,0.0,100.0,0.0,0.0,0.0,27.0,9.25925925925926
bYRLk0bwp2yubsOw,36.81296296296296,54,8,100.0,0.0,100.0,0.0,0.0,0.0,27.0,9.25925925925926
YCLZJobTtWvDAjC3,36.81296296296296,54,8,100.0,0.0,100.0,0.0,0.0,0.0,27.0,9.25925925925926
3ATzohB15YBNy1JE,36.81296296296296,54,10,100.0,0.0,100.0,0.0,0.0,0.0,27.0,9.25925925925926
2YTTFF2An3JY8oX8,36.81296296296296,54,10,100.0,0.0,100.0,0.0,0.0,0.0,27.0,9.25925925925926
4v8ljMY0nliKDQRl,36.800707898658715,61,11,90.9090909090909,0.0,100.0,0.0,0.0,0.0,30.5,32.786885245901644
9XuqchsLQ2RpJR82,36.800707898658715,61,11,90.9090909090909,0.0,100.0,0.0,0.0,0.0,30.5,32.786885245901644
kpDU9eaVcRRA3HE3,36.8,72,13,100.0,0.0,100.0,0.0,0.0,0.0,36.0,0.0
Ah36eonLvAmliq6x,36.8,72,12,100.0,0.0,100.0,0.0,0.0,0.0,36.0,0.0
GEFkleWBRtg73CvO,36.8,72,13,100.0,0.0,100.0,0.0,0.0,0.0,36.0,0.0
QirrDMYOugoobTuo,36.8,72,13,100.0,0.0,100.0,0.0,0.0,0.0,36.0,0.0
VSh0HB1QVB9D2KOd,36.798863636363635,64,11,90.9090909090909,0.0,100.0,0.0,0.0,0.0,32.0,31.25
5SqgTBDyjgZIFVsp,36.79669811320755,53,8,100.0,0.0,100.0,0.0,0.0,0.0,26.5,9.433962264150942
kepw0KAhGQnd0QDU,36.79669811320755,53,9,100.0,0.0,100.0,0.0,0.0,0.0,26.5,9.433962264150942
OJtuqPDbTO1uaObw,36.79669811320755,53,10,100.0,0.0,100.0,0.0,0.0,0.0,26.5,9.433962264150942
5zRUeTPWyqhCbavm,36.79669811320755,53,9,100.0,0.0,100.0,0.0,0.0,0.0,26.5,9.433962264150942
HthoIQphlDBcFIXp,36.79669811320755,53,11,100.0,0.0,100.0,0.0,0.0,0.0,26.5,9.433962264150942
qRbdLkX6UWngKw77,36.79669811320755,53,8,100.0,0.0,100.0,0.0,0.0,0.0,26.5,9.433962264150942
7zIAHPBrAV1tgsE4,36.79669811320755,53,9,100.0,0.0,100.0,0.0,0.0,0.0,26.5,9.433962264150942
CtyaslLp7D9gEUJ6,36.79669811320755,53,10,100.0,0.0,100.0,0.0,0.0,0.0,26.5,9.433962264150942
TLAeSfxO9PMTwRRO,36.79669811320755,53,9,100.0,0.0,100.0,0.0,0.0,0.0,26.5,9.433962264150942
GNRUSgrv2q7IfZeJ,36.79669811320755,53,9,100.0,0.0,100.0,0.0,0.0,0.0,26.5,9.433962264150942
O2qGFq562dfOB1rc,36.78076923076923,52,8,100.0,0.0,100.0,0.0,0.0,0.0,26.0,9.615384615384617
kGAO73ocDQVbDHfV,36.78076923076923,52,8,100.0,0.0,100.0,0.0,0.0,0.0,26.0,9.615384615384617
6SCbaQ2B5kpRNq8u,36.78076923076923,52,10,100.0,0.0,100.0,0.0,0.0,0.0,26.0,9.615384615384617
NOTlft16xFsTsujd,36.78076923076923,52,9,100.0,0.0,100.0,0.0,0.0,0.0,26.0,9.615384615384617
yAaXBC9ZwPhrhqHo,36.78076923076923,52,9,100.0,0.0,100.0,0.0,0.0,0.0,26.0,9.615384615384617
e4upqQSFsmM7iFaH,36.78076923076923,52,11,100.0,0.0,100.0,0.0,0.0,0.0,26.0,9.615384615384617
RkqQpvdPL1FKgT7o,36.78076923076923,52,9,100.0,0.0,100.0,0.0,0.0,0.0,26.0,9.615384615384617
mAl2HLzOK45yVqTY,36.775,71,12,100.0,0.0,100.0,0.0,0.0,0.0,35.5,0.0
mQVgQmjTqVvi2SC8,36.775,71,8,100.0,0.0,100.0,0.0,0.0,0.0,35.5,0.0
z0XzFCRbN3RxjeG6,36.76519607843137,51,9,100.0,0.0,100.0,0.0,0.0,0.0,25.5,9.803921568627452
OKnxmKgOapGPXLeS,36.76519607843137,51,10,100.0,0.0,100.0,0.0,0.0,0.0,25.5,9.803921568627452
aks7LkPFI7Yvk2ms,36.76519607843137,51,8,100.0,0.0,100.0,0.0,0.0,0.0,25.5,9.803921568627452
NN3iWefN1lrCq9nP,36.76519607843137,51,8,100.0,0.0,100.0,0.0,0.0,0.0,25.5,9.803921568627452
QzaZgLhcMatJHBzU,36.76519607843137,51,9,100.0,0.0,100.0,0.0,0.0,0.0,25.5,9.803921568627452
NSQD5TpJutr32lZr,36.76519607843137,51,7,100.0,0.0,100.0,0.0,0.0,0.0,25.5,9.803921568627452
E8AKQyIb5POysx2T,36.76519607843137,51,8,100.0,0.0,100.0,0.0,0.0,0.0,25.5,9.803921568627452
aP49RqsWkedeFw5U,36.75,70,13,100.0,0.0,100.0,0.0,0.0,0.0,35.0,0.0
zN7PENLV9H7CSlwz,36.75,50,7,100.0,0.0,100.0,0.0,0.0,0.0,25.0,10.0
OwAlLzxDwXsj0RW4,36.75,70,11,100.0,0.0,100.0,0.0,0.0,0.0,35.0,0.0
tgsptsz5klZGbVFq,36.75,50,8,100.0,0.0,100.0,0.0,0.0,0.0,25.0,10.0
4sOpnMYO1vl4PZFx,36.75,70,12,100.0,0.0,100.0,0.0,0.0,0.0,35.0,0.0
w7evzbKwhrUi7DEd,36.75,50,10,100.0,0.0,100.0,0.0,0.0,0.0,25.0,10.0
OK6oTLNp00pFKE4b,36.75,70,14,100.0,0.0,100.0,0.0,0.0,0.0,35.0,0.0
UqjctOv1FHWhpgsx,36.75,50,8,100.0,0.0,100.0,0.0,0.0,0.0,25.0,10.0
OTnJ8Jg8ekaW6KNB,36.75,70,12,100.0,0.0,100.0,0.0,0.0,0.0,35.0,0.0
7h9d18xLf696wVD5,36.75,50,10,90.0,0.0,100.0,0.0,0.0,0.0,25.0,40.0
Rscke5x07F8infT8,36.75,50,8,100.0,0.0,100.0,0.0,0.0,0.0,25.0,10.0
4Znn0LMPwczzSzPF,36.75,50,6,100.0,0.0,100.0,0.0,0.0,0.0,25.0,10.0
aHIcnv3tANsyBa5t,36.75,50,11,100.0,0.0,100.0,0.0,0.0,0.0,25.0,10.0
1wiG5k9iT8ZWyg1K,36.75,70,13,100.0,0.0,100.0,0.0,0.0,0.0,35.0,0.0
UC6BfBqworx6qEkk,36.75,70,13,100.0,0.0,100.0,0.0,0.0,0.0,35.0,0.0
2IATTQzag0oGuuVa,36.75,50,8,100.0,0.0,100.0,0.0,0.0,0.0,25.0,10.0
IHNOeqOr7r3sMGou,36.75,70,12,100.0,0.0,100.0,0.0,0.0,0.0,35.0,0.0
FvcrsYHZbzPpOlqr,36.75,50,8,100.0,0.0,100.0,0.0,0.0,0.0,25.0,10.0
PukGWHlmh8njNNBF,36.74540816326531,49,10,80.0,0.0,100.0,0.0,0.0,50.0,24.5,20.408163265306122
qoL3WcLueOM1vz4z,36.74094516594518,63,11,100.0,0.0,90.9090909090909,0.0,0.0,0.0,31.5,39.682539682539684
SJoB7R0aR9KOtnHA,36.73990963855422,83,16,93.75,0.0,100.0,0.0,0.0,0.0,41.5,12.048192771084338
QPaLbzTPwX096gN2,36.73520408163265,49,9,100.0,0.0,100.0,0.0,0.0,0.0,24.5,10.204081632653061
mWwqCOfSw3q3np7O,36.73520408163265,49,9,100.0,0.0,100.0,0.0,0.0,0.0,24.5,10.204081632653061
74CasCnRhtU84V45,36.73520408163265,49,9,100.0,0.0,100.0,0.0,0.0,0.0,24.5,10.204081632653061
Gn503tm7wISRQxNL,36.73520408163265,49,10,100.0,0.0,100.0,0.0,0.0,0.0,24.5,10.204081632653061
WCiBqTYnMnm2a6tU,36.73520408163265,49,8,100.0,0.0,100.0,0.0,0.0,0.0,24.5,10.204081632653061
mg6tupUAvgmn6H9B,36.73520408163265,49,10,100.0,0.0,100.0,0.0,0.0,0.0,24.5,10.204081632653061
mX81tbPnKN0EJnID,36.725,69,13,100.0,0.0,100.0,0.0,0.0,0.0,34.5,0.0
raBSw7wWCJSkbVgO,36.725,69,12,100.0,0.0,100.0,0.0,0.0,0.0,34.5,0.0
xOW4Wt1RBjSe15kE,36.725,69,11,100.0,0.0,100.0,0.0,0.0,0.0,34.5,0.0
DwtPoCmS3r1E9yrk,36.725,69,8,100.0,0.0,100.0,0.0,0.0,0.0,34.5,0.0
TBQu96WK3Sla3Yk9,36.725,69,13,100.0,0.0,100.0,0.0,0.0,0.0,34.5,0.0
H4rKYUX1mFJpdBnN,36.725,69,11,100.0,0.0,100.0,0.0,0.0,0.0,34.5,0.0
qsATscp6vbC72AM7,36.72083333333334,48,8,100.0,0.0,100.0,0.0,0.0,0.0,24.0,10.416666666666666
3vvacXumVuEY62OO,36.72083333333334,48,10,100.0,0.0,100.0,0.0,0.0,0.0,24.0,10.416666666666666
uXYxL1xIkFDVdSAL,36.72083333333334,48,9,100.0,0.0,100.0,0.0,0.0,0.0,24.0,10.416666666666666
8L7LqwrQ6ULrVMCj,36.72083333333334,48,8,100.0,0.0,100.0,0.0,0.0,0.0,24.0,10.416666666666666
O0YfVSIrZ6xGe3yo,36.70691489361702,47,8,100.0,0.0,100.0,0.0,0.0,0.0,23.5,10.638297872340425
lGFgeDZh9ZBx3n9O,36.70691489361702,47,6,100.0,0.0,100.0,0.0,0.0,0.0,23.5,10.638297872340425
eXelfSHf2yD3SMmZ,36.70691489361702,47,10,100.0,0.0,100.0,0.0,0.0,0.0,23.5,10.638297872340425
IpUJuaGVnpkEgbtu,36.70691489361702,47,9,100.0,0.0,100.0,0.0,0.0,0.0,23.5,10.638297872340425
4sk17nCkqBBC3yV2,36.70691489361702,47,9,100.0,0.0,100.0,0.0,0.0,0.0,23.5,10.638297872340425
zv90WTRrFyoZeBMf,36.70691489361702,47,8,100.0,0.0,100.0,0.0,0.0,0.0,23.5,10.638297872340425
YSgy3c2Eom06Dwt0,36.70691489361702,47,8,100.0,0.0,100.0,0.0,0.0,0.0,23.5,10.638297872340425
bJEjzOhDWA5bPClV,36.7,68,13,100.0,0.0,100.0,0.0,0.0,0.0,34.0,0.0
VcHSghViBX2b8c8m,36.7,68,14,100.0,0.0,100.0,0.0,0.0,0.0,34.0,0.0
mdN0m6aKAEfnRLFf,36.7,68,14,100.0,0.0,100.0,0.0,0.0,0.0,34.0,0.0
3sxH9rFtmZzlhTmb,36.7,68,11,100.0,0.0,100.0,0.0,0.0,0.0,34.0,0.0
w9A4Qhj5SKNBvbJZ,36.7,68,12,100.0,0.0,100.0,0.0,0.0,0.0,34.0,0.0
ju1xBfrrg7jQ9TWS,36.69444444444444,50,9,77.77777777777779,0.0,100.0,0.0,0.0,55.55555555555555,25.0,20.0
ANK6BSVoIFYrsE4F,36.69347826086956,46,7,100.0,0.0,100.0,0.0,0.0,0.0,23.0,10.869565217391305
2nuLYXydaa4eJQRj,36.69347826086956,46,7,100.0,0.0,100.0,0.0,0.0,0.0,23.0,10.869565217391305
l063vbDUyBBc7yKP,36.69347826086956,46,7,100.0,0.0,100.0,0.0,0.0,0.0,23.0,10.869565217391305
kWkdfO4v2jN97SFN,36.69347826086956,46,8,100.0,0.0,100.0,0.0,0.0,0.0,23.0,10.869565217391305
fPQsGsRu9rt73mba,36.69347826086956,46,9,100.0,0.0,100.0,0.0,0.0,0.0,23.0,10.869565217391305
uvZBztPjmNra8jOy,36.69347826086956,46,6,100.0,0.0,100.0,0.0,0.0,0.0,23.0,10.869565217391305
5qMbB4b2HPlFBhba,36.69347826086956,46,9,100.0,0.0,100.0,0.0,0.0,0.0,23.0,10.869565217391305
3JyPMRah7BH53ejW,36.68055555555556,45,8,100.0,0.0,100.0,0.0,0.0,0.0,22.5,11.11111111111111
5SBSKp2ISc5ugqwp,36.68055555555556,45,7,100.0,0.0,100.0,0.0,0.0,0.0,22.5,11.11111111111111
EFmywgHIrXMhNI0A,36.68055555555556,45,8,100.0,0.0,100.0,0.0,0.0,0.0,22.5,11.11111111111111
jge53Fb3Yj0uq2tY,36.68055555555556,45,8,100.0,0.0,100.0,0.0,0.0,0.0,22.5,11.11111111111111
E2PaFExaUJJ6X5tK,36.68055555555556,45,7,100.0,0.0,100.0,0.0,0.0,0.0,22.5,11.11111111111111
PO7QQLWIFOT65BTz,36.68055555555556,45,8,100.0,0.0,100.0,0.0,0.0,0.0,22.5,11.11111111111111
YErAYWX2JPimutA3,36.675,67,13,100.0,0.0,100.0,0.0,0.0,0.0,33.5,0.0
Z2eMYy9p0cqvTOmc,36.675,67,10,100.0,0.0,100.0,0.0,0.0,0.0,33.5,0.0
xMdyFadbMPPKtZit,36.675,67,13,100.0,0.0,100.0,0.0,0.0,0.0,33.5,0.0
J5GjDUWzL8Q72EQO,36.675,67,13,100.0,0.0,100.0,0.0,0.0,0.0,33.5,0.0
tXu9omYGZMbBip2Y,36.675,67,10,100.0,0.0,100.0,0.0,0.0,0.0,33.5,0.0
KnlH3G7dTKJ7nkjh,36.675,67,12,100.0,0.0,100.0,0.0,0.0,0.0,33.5,0.0
zfmS5d1CVZpZNG9C,36.66818181818182,44,8,100.0,0.0,100.0,0.0,0.0,0.0,22.0,11.363636363636363
0ItHi2DTkmP4b0MM,36.66818181818182,44,7,100.0,0.0,100.0,0.0,0.0,0.0,22.0,11.363636363636363
i5MI0a58XRPBHAx3,36.65975609756097,82,15,93.33333333333333,0.0,100.0,0.0,0.0,0.0,41.0,12.195121951219512
cSHBo8ZEYXywLZV6,36.65975609756097,82,15,93.33333333333333,0.0,100.0,0.0,0.0,0.0,41.0,12.195121951219512
CxQFISa58rg84b8S,36.656395348837215,43,7,100.0,0.0,100.0,0.0,0.0,0.0,21.5,11.627906976744185
Pg8vHX272R3vRh1g,36.656395348837215,43,8,100.0,0.0,100.0,0.0,0.0,0.0,21.5,11.627906976744185
FDyW22kvuankOw1a,36.65,66,10,100.0,0.0,100.0,0.0,0.0,0.0,33.0,0.0
ZaZibqkBkQaeN3PF,36.65,66,12,100.0,0.0,100.0,0.0,0.0,0.0,33.0,0.0
JY58PuTT5jK3ryWL,36.65,66,12,100.0,0.0,100.0,0.0,0.0,0.0,33.0,0.0
pSwSJAZ6VNdQ655e,36.65,66,12,100.0,0.0,100.0,0.0,0.0,0.0,33.0,0.0
s6HN2J1KWvNzw7sA,36.65,66,11,100.0,0.0,100.0,0.0,0.0,0.0,33.0,0.0
x1ARAf3AAJL5tcKp,36.65,66,11,100.0,0.0,100.0,0.0,0.0,0.0,33.0,0.0
zLT5UZrUX856Ov8m,36.65,66,13,100.0,0.0,100.0,0.0,0.0,0.0,33.0,0.0
lB45GZDqr2RP4RFd,36.65,66,12,100.0,0.0,100.0,0.0,0.0,0.0,33.0,0.0
W7WkmmiHjNYoaibi,36.65,66,10,100.0,0.0,100.0,0.0,0.0,0.0,33.0,0.0
4Py29m6mVVaSI0mm,36.65,66,9,100.0,0.0,100.0,0.0,0.0,0.0,33.0,0.0
qbHWR1QSJkjodLvG,36.65,66,11,100.0,0.0,100.0,0.0,0.0,0.0,33.0,0.0
RUhF8H0w6kj7hfxU,36.65,66,10,100.0,0.0,100.0,0.0,0.0,0.0,33.0,0.0
oTWJalmBS9kgPYMU,36.65,66,11,100.0,0.0,100.0,0.0,0.0,0.0,33.0,0.0
APJMGJUc4FCwE3O7,36.64523809523809,42,7,100.0,0.0,100.0,0.0,0.0,0.0,21.0,11.904761904761903
ZiITMkcEXPsROvLw,36.64523809523809,42,6,100.0,0.0,100.0,0.0,0.0,0.0,21.0,11.904761904761903
kJyoGf9h9bwa8iT3,36.64523809523809,42,6,100.0,0.0,100.0,0.0,0.0,0.0,21.0,11.904761904761903
yvdq90qlCeF7mNzl,36.641666666666666,79,15,86.66666666666667,0.0,100.0,0.0,0.0,33.333333333333336,39.5,0.0
PLCIN5unDEde9krK,36.634756097560974,41,6,100.0,0.0,100.0,0.0,0.0,0.0,20.5,12.195121951219512
WaK6yyeR7xNkN4mk,36.634756097560974,41,8,100.0,0.0,100.0,0.0,0.0,0.0,20.5,12.195121951219512
q6zjgF4yqQm7sM3m,36.634756097560974,41,8,100.0,0.0,100.0,0.0,0.0,0.0,20.5,12.195121951219512
4VrWvM9NAIjirnf6,36.634756097560974,41,5,100.0,0.0,100.0,0.0,0.0,0.0,20.5,12.195121951219512
DxCYNbmkma07JHId,36.634756097560974,41,6,100.0,0.0,100.0,0.0,0.0,0.0,20.5,12.195121951219512
94t3dQgGikUWEkad,36.63251748251748,66,13,92.3076923076923,0.0,100.0,0.0,0.0,0.0,33.0,22.727272727272727
lxjfPzajvln6LrWf,36.625,65,13,100.0,0.0,100.0,0.0,0.0,0.0,32.5,0.0
L7eton0ziLMKq4yO,36.625,65,13,100.0,0.0,100.0,0.0,0.0,0.0,32.5,0.0
rxXp1JPedNETNtg9,36.625,65,12,100.0,0.0,100.0,0.0,0.0,0.0,32.5,0.0
FBSkhm8rAWfzrRye,36.625,65,11,100.0,0.0,100.0,0.0,0.0,0.0,32.5,0.0
HWLoLuYn7bKAKZcA,36.625,65,10,100.0,0.0,100.0,0.0,0.0,0.0,32.5,0.0
kIvmIzm3gauOcuZl,36.625,65,12,100.0,0.0,100.0,0.0,0.0,0.0,32.5,0.0
9acI3ilidwpiVkcI,36.625,40,7,100.0,0.0,100.0,0.0,0.0,0.0,20.0,12.5
vYble4e3h47GEaRc,36.625,40,8,100.0,0.0,100.0,0.0,0.0,0.0,20.0,12.5
8uO5nvI30O6tA1qc,36.625,65,9,100.0,0.0,100.0,0.0,0.0,0.0,32.5,0.0
6GcIhrbmnsT1bvcJ,36.625,65,13,100.0,0.0,100.0,0.0,0.0,0.0,32.5,0.0
tXVhMBUinsQlhNjT,36.625,65,10,100.0,0.0,100.0,0.0,0.0,0.0,32.5,0.0
hu97IL71fkZBI4zW,36.625,65,12,100.0,0.0,100.0,0.0,0.0,0.0,32.5,0.0
KO2k1gCDKdxujJ3B,36.625,65,11,100.0,0.0,100.0,0.0,0.0,0.0,32.5,0.0
4s5B9C1BXqjGhjTR,36.625,65,11,100.0,0.0,100.0,0.0,0.0,0.0,32.5,0.0
3hfE3NCj0WALNMNr,36.625,65,12,100.0,0.0,100.0,0.0,0.0,0.0,32.5,0.0
suaYMkQOGZz4au9k,36.625,65,12,100.0,0.0,100.0,0.0,0.0,0.0,32.5,0.0
or6st8qiMM8czErQ,36.625,65,12,100.0,0.0,100.0,0.0,0.0,0.0,32.5,0.0
SbthGBN0yaNxyz31,36.616025641025644,39,8,100.0,0.0,100.0,0.0,0.0,0.0,19.5,12.82051282051282
DmBEKU1M4df04aiP,36.607894736842105,38,6,100.0,0.0,100.0,0.0,0.0,0.0,19.0,13.157894736842104
hKEIOZXLyI4eiyzA,36.607894736842105,38,5,100.0,0.0,100.0,0.0,0.0,0.0,19.0,13.157894736842104
Wa3GYoo8H4i1VywB,36.607894736842105,38,6,100.0,0.0,100.0,0.0,0.0,0.0,19.0,13.157894736842104
66kgnjGo1mY5JNS1,36.603846153846156,78,15,100.0,0.0,66.66666666666667,40.0,0.0,0.0,39.0,6.41025641025641
wT4VIBQqeDPI7ju8,36.600675675675674,37,6,100.0,0.0,100.0,0.0,0.0,0.0,18.5,13.513513513513514
CRvdkgQZHH4wlfg7,36.6,64,11,100.0,0.0,100.0,0.0,0.0,0.0,32.0,0.0
Fv1ocC4AJ3g55alZ,36.6,64,11,100.0,0.0,100.0,0.0,0.0,0.0,32.0,0.0
YOB1qMVWwkwqKYlb,36.6,64,12,100.0,0.0,100.0,0.0,0.0,0.0,32.0,0.0
p3bhTzdtNV8HBa08,36.6,64,10,100.0,0.0,100.0,0.0,0.0,0.0,32.0,0.0
1YHqj2lEn3zV1iDU,36.6,64,11,100.0,0.0,100.0,0.0,0.0,0.0,32.0,0.0
I3fk5Kh0yowPdtXK,36.6,64,11,100.0,0.0,100.0,0.0,0.0,0.0,32.0,0.0
TQTPEL8sAVCPCHQY,36.6,64,11,100.0,0.0,100.0,0.0,0.0,0.0,32.0,0.0
hiIXe5C6FvZgioLx,36.6,64,10,100.0,0.0,100.0,0.0,0.0,0.0,32.0,0.0
XIFI1G3tlZYbWVYQ,36.6,64,11,100.0,0.0,100.0,0.0,0.0,0.0,32.0,0.0
BEqypcdb6M01LGrR,36.6,64,13,100.0,0.0,100.0,0.0,0.0,0.0,32.0,0.0
clfk04xtmQVrfZUl,36.6,64,13,100.0,0.0,100.0,0.0,0.0,0.0,32.0,0.0
cklXe5xX08t40pNc,36.6,64,10,100.0,0.0,100.0,0.0,0.0,0.0,32.0,0.0
j8DBSkipAIpfZlEv,36.6,64,10,100.0,0.0,100.0,0.0,0.0,0.0,32.0,0.0
WgVRi0DQ8lzCaGz2,36.6,64,12,100.0,0.0,100.0,0.0,0.0,0.0,32.0,0.0
OuwKbsQ35zh4cdDM,36.6,64,12,100.0,0.0,100.0,0.0,0.0,0.0,32.0,0.0
Wuo90X5U6WqtyUc4,36.6,64,12,100.0,0.0,100.0,0.0,0.0,0.0,32.0,0.0
mgMCJ0LNM69dffZr,36.6,64,13,100.0,0.0,100.0,0.0,0.0,0.0,32.0,0.0
IYhLlV7atXIEFcBF,36.6,64,11,100.0,0.0,100.0,0.0,0.0,0.0,32.0,0.0
RZzUk1D6iNIb6zLK,36.59264705882353,99,17,94.11764705882352,0.0,100.0,0.0,0.0,0.0,49.5,0.0
oiUl0McOXb6duLau,36.575,63,13,100.0,0.0,100.0,0.0,0.0,0.0,31.5,0.0
wXKNACbyMleNv0IC,36.575,63,12,100.0,0.0,100.0,0.0,0.0,0.0,31.5,0.0
8DWxKDSMxo2hKP0l,36.575,63,10,100.0,0.0,100.0,0.0,0.0,0.0,31.5,0.0
IlwUYQ7OzkW4tClJ,36.575,63,11,100.0,0.0,100.0,0.0,0.0,0.0,31.5,0.0
qlMHylk9AKNiayAz,36.575,63,12,100.0,0.0,100.0,0.0,0.0,0.0,31.5,0.0
UJWwVHbmobHAOq0g,36.575,63,10,100.0,0.0,100.0,0.0,0.0,0.0,31.5,0.0
vzzk3kMYRxjhFNFd,36.575,63,12,100.0,0.0,100.0,0.0,0.0,0.0,31.5,0.0
c0r4BZeEu2vgGJCb,36.575,63,11,100.0,0.0,100.0,0.0,0.0,0.0,31.5,0.0
ymqcM0eJYwGawwIV,36.575,63,8,100.0,0.0,100.0,0.0,0.0,0.0,31.5,0.0
R8rOSVbQCIIajzuk,36.575,63,12,100.0,0.0,100.0,0.0,0.0,0.0,31.5,0.0
VxfYLzkJkll3waWg,36.575,63,11,100.0,0.0,100.0,0.0,0.0,0.0,31.5,0.0
MPzcsDZRRkjbuoM5,36.575,63,10,100.0,0.0,100.0,0.0,0.0,0.0,31.5,0.0
IhAEG37ayOy9PrQo,36.575,63,11,100.0,0.0,100.0,0.0,0.0,0.0,31.5,0.0
v8KlPPDOrfeAIaB7,36.575,63,12,100.0,0.0,100.0,0.0,0.0,0.0,31.5,0.0
lPqvHR04F5aflaVV,36.575,63,10,100.0,0.0,100.0,0.0,0.0,0.0,31.5,0.0
Can6yHzdv70dzpcz,36.575,63,11,100.0,0.0,100.0,0.0,0.0,0.0,31.5,0.0
9QqpCXY8tJQW63PU,36.575,63,10,100.0,0.0,100.0,0.0,0.0,0.0,31.5,0.0
XysIsriRDpLJouUW,36.57435064935065,77,15,93.33333333333333,0.0,100.0,0.0,0.0,0.0,38.5,12.987012987012989
bNjpiEQhK8nDSqXx,36.56764705882353,98,17,94.11764705882352,0.0,100.0,0.0,0.0,0.0,49.0,0.0
cXcUcqwnL68TJbrS,36.55,62,9,100.0,0.0,100.0,0.0,0.0,0.0,31.0,0.0
9Wvgfygw2wMqZcUD,36.55,62,9,100.0,0.0,100.0,0.0,0.0,0.0,31.0,0.0
4UGS9c9zz7tUEb7Z,36.55,62,9,100.0,0.0,100.0,0.0,0.0,0.0,31.0,0.0
YpjAEkCppj4AiCC6,36.55,62,11,100.0,0.0,100.0,0.0,0.0,0.0,31.0,0.0
prlZ86ciY21iiRSo,36.55,62,13,100.0,0.0,100.0,0.0,0.0,0.0,31.0,0.0
gZau8VWOQ4CE5Qiw,36.55,62,10,100.0,0.0,100.0,0.0,0.0,0.0,31.0,0.0
pRlbKgqSaeBNmoWZ,36.55,62,9,100.0,0.0,100.0,0.0,0.0,0.0,31.0,0.0
woAgiCzLGCzlX3kY,36.55,62,9,100.0,0.0,100.0,0.0,0.0,0.0,31.0,0.0
ZIgj7KPYIHPy2PYW,36.55,62,9,100.0,0.0,100.0,0.0,0.0,0.0,31.0,0.0
q8AUesKCruMFPLng,36.55,62,11,100.0,0.0,100.0,0.0,0.0,0.0,31.0,0.0
JnzsFi3ktxuXG6Vg,36.55,62,9,100.0,0.0,100.0,0.0,0.0,0.0,31.0,0.0
bvNtQfVwBFheDCun,36.55,62,10,100.0,0.0,100.0,0.0,0.0,0.0,31.0,0.0
8iO3WFg3aKsEECvl,36.541666666666664,95,18,94.44444444444444,0.0,100.0,0.0,0.0,0.0,47.5,0.0
msOTKPhl1nkhyQRa,36.536482820976495,79,14,92.85714285714286,0.0,100.0,0.0,0.0,0.0,39.5,12.658227848101266
XRqbvEn65zI52ULg,36.53636363636363,66,12,91.66666666666666,0.0,100.0,0.0,0.0,0.0,33.0,22.727272727272727
Oz9tea1ybokBWZCw,36.52651515151515,55,9,88.88888888888889,0.0,100.0,0.0,0.0,0.0,27.5,36.36363636363636
c4NtZ7rj6nGPAdlc,36.525,61,12,100.0,0.0,100.0,0.0,0.0,0.0,30.5,0.0
go0QNU5TCq765p0U,36.525,61,8,100.0,0.0,100.0,0.0,0.0,0.0,30.5,0.0
xbqy3aEbQcfs2P6r,36.525,61,10,100.0,0.0,100.0,0.0,0.0,0.0,30.5,0.0
i1ibtfADI7Xl5hwR,36.525,61,12,100.0,0.0,100.0,0.0,0.0,0.0,30.5,0.0
EiydESkX1Xa8grIN,36.525,61,10,100.0,0.0,100.0,0.0,0.0,0.0,30.5,0.0
jsaIrEu3jHmwMLMt,36.525,61,10,100.0,0.0,100.0,0.0,0.0,0.0,30.5,0.0
IcV9e4NMcpsjh92X,36.525,61,9,100.0,0.0,100.0,0.0,0.0,0.0,30.5,0.0
3LilQldxyiPbg9QV,36.525,61,15,100.0,0.0,100.0,0.0,0.0,0.0,30.5,0.0
pw8jI2CHNFgxU5mw,36.525,61,11,100.0,0.0,100.0,0.0,0.0,0.0,30.5,0.0
S6yTsKDfNACRbAR4,36.525,61,10,100.0,0.0,100.0,0.0,0.0,0.0,30.5,0.0
CZZoOwkZAoxMxfEZ,36.525,61,11,100.0,0.0,100.0,0.0,0.0,0.0,30.5,0.0
YRXwkzhuHD86HNT6,36.525,61,12,100.0,0.0,100.0,0.0,0.0,0.0,30.5,0.0
EWp9oeq7xryUVSfx,36.525,61,10,100.0,0.0,100.0,0.0,0.0,0.0,30.5,0.0
tNCBYalqLGBBmrlV,36.525,61,12,100.0,0.0,100.0,0.0,0.0,0.0,30.5,0.0
v13ARsvintlGztXZ,36.525,61,11,100.0,0.0,100.0,0.0,0.0,0.0,30.5,0.0
sozSptQLxEJHwBVJ,36.51764705882353,96,17,94.11764705882352,0.0,100.0,0.0,0.0,0.0,48.0,0.0
xHncAJqR6Gn3BX7W,36.5,60,10,100.0,0.0,100.0,0.0,0.0,0.0,30.0,0.0
WFsBqumW7og8BW3r,36.5,60,10,100.0,0.0,100.0,0.0,0.0,0.0,30.0,0.0
FQJmZRFAvKe4v5n6,36.5,60,10,100.0,0.0,100.0,0.0,0.0,0.0,30.0,0.0
yb8YGk8SIMzFUVOf,36.5,60,9,100.0,0.0,100.0,0.0,0.0,0.0,30.0,0.0
lHvpiPOdj7utAf2A,36.5,60,11,100.0,0.0,100.0,0.0,0.0,0.0,30.0,0.0
nk50DlEWyBLJZPoq,36.5,60,9,100.0,0.0,100.0,0.0,0.0,0.0,30.0,0.0
GDeNTNsjvd3QvKiQ,36.5,60,8,100.0,0.0,100.0,0.0,0.0,0.0,30.0,0.0
aC6fjed0jT2rjmsR,36.5,60,12,100.0,0.0,100.0,0.0,0.0,0.0,30.0,0.0
c4scbsTAq2wqNDyH,36.5,60,10,100.0,0.0,100.0,0.0,0.0,0.0,30.0,0.0
tmbcb8VpD1vX6pKW,36.5,60,10,100.0,0.0,100.0,0.0,0.0,0.0,30.0,0.0
x7SQuAEZraKYldhU,36.5,60,13,100.0,0.0,100.0,0.0,0.0,0.0,30.0,0.0
YnsU9IZCwkxAbs5J,36.5,60,9,100.0,0.0,100.0,0.0,0.0,0.0,30.0,0.0
s6xHicEjZgzl1rCS,36.5,60,12,100.0,0.0,100.0,0.0,0.0,0.0,30.0,0.0
gSRuO29rOsFt1Fpp,36.5,60,9,100.0,0.0,100.0,0.0,0.0,0.0,30.0,0.0
nESgBfgxH7yBZHBh,36.5,60,10,100.0,0.0,100.0,0.0,0.0,0.0,30.0,0.0
9RY5eiLjfpuggQ4O,36.5,60,10,100.0,0.0,100.0,0.0,0.0,0.0,30.0,0.0
sehA3rnrWSlt9QT1,36.5,60,10,100.0,0.0,100.0,0.0,0.0,0.0,30.0,0.0
mpu5A2P6nyMTW15m,36.5,60,11,100.0,0.0,100.0,0.0,0.0,0.0,30.0,0.0
eGVxwMtaUCLNZ5jo,36.5,60,10,100.0,0.0,100.0,0.0,0.0,0.0,30.0,0.0
xlsGohMzIVAn47Aq,36.475,59,10,100.0,0.0,100.0,0.0,0.0,0.0,29.5,0.0
ywlRQxdJRhxKvMbt,36.475,59,9,100.0,0.0,100.0,0.0,0.0,0.0,29.5,0.0
QcbHemnW2Vt0VLbj,36.475,59,10,100.0,0.0,100.0,0.0,0.0,0.0,29.5,0.0
TkXLDVTuKfT2r61t,36.475,59,11,100.0,0.0,100.0,0.0,0.0,0.0,29.5,0.0
rLcW2ctSM1dpERkM,36.475,59,10,100.0,0.0,100.0,0.0,0.0,0.0,29.5,0.0
eQfb4hUuGtxzC1o9,36.475,59,10,100.0,0.0,100.0,0.0,0.0,0.0,29.5,0.0
x9BUUW3VkWBq4glW,36.475,59,11,100.0,0.0,100.0,0.0,0.0,0.0,29.5,0.0
OfLougfEQ57tw1wu,36.475,59,13,100.0,0.0,100.0,0.0,0.0,0.0,29.5,0.0
1BjRNfVdUGFo0Njk,36.475,59,10,100.0,0.0,100.0,0.0,0.0,0.0,29.5,0.0
GFJbP9EWpEzQORZE,36.475,59,10,100.0,0.0,100.0,0.0,0.0,0.0,29.5,0.0
Snya2vORqM6s5B46,36.475,59,11,100.0,0.0,100.0,0.0,0.0,0.0,29.5,0.0
AMEjNzwvy0hMlDBF,36.475,59,10,100.0,0.0,100.0,0.0,0.0,0.0,29.5,0.0
djbsbqeT5aDZgKei,36.475,59,9,100.0,0.0,100.0,0.0,0.0,0.0,29.5,0.0
Pu2f8rpvIUc1r1Ef,36.475,59,9,100.0,0.0,100.0,0.0,0.0,0.0,29.5,0.0
iGkrEhHmbfIhCSLX,36.475,59,12,100.0,0.0,100.0,0.0,0.0,0.0,29.5,0.0
yfKqf1eO0IYWmMRb,36.45,58,9,100.0,0.0,100.0,0.0,0.0,0.0,29.0,0.0
UqvpH9ZvPQBxpv9l,36.45,58,9,100.0,0.0,100.0,0.0,0.0,0.0,29.0,0.0
vjdAtRf7N6UZgbAg,36.45,58,10,100.0,0.0,100.0,0.0,0.0,0.0,29.0,0.0
XcwLLZrZsSDO4XzL,36.45,58,11,100.0,0.0,100.0,0.0,0.0,0.0,29.0,0.0
jwGxmr58AXuI0fwn,36.45,58,9,100.0,0.0,100.0,0.0,0.0,0.0,29.0,0.0
TyBLQ7BMlXkKwooI,36.45,58,10,100.0,0.0,100.0,0.0,0.0,0.0,29.0,0.0
IXeRCMikOsgQNNYD,36.45,58,10,100.0,0.0,100.0,0.0,0.0,0.0,29.0,0.0
epPndgbEvmx8WRcl,36.45,58,11,100.0,0.0,100.0,0.0,0.0,0.0,29.0,0.0
AzGee4nn9NEm7BCb,36.45,58,11,100.0,0.0,100.0,0.0,0.0,0.0,29.0,0.0
toObHFUJa1SnCHl7,36.45,58,8,100.0,0.0,100.0,0.0,0.0,0.0,29.0,0.0
66CHrT6zq5aWhvCC,36.45,58,10,100.0,0.0,100.0,0.0,0.0,0.0,29.0,0.0
9WYpEyDAJEsbq3jb,36.45,58,9,100.0,0.0,100.0,0.0,0.0,0.0,29.0,0.0
UZcwP3NEABicHt0a,36.45,58,10,100.0,0.0,100.0,0.0,0.0,0.0,29.0,0.0
E7Pg7oPRsPBV4YpO,36.45,58,11,100.0,0.0,100.0,0.0,0.0,0.0,29.0,0.0
TWcUdm9Ie0q3ymqi,36.45,58,12,100.0,0.0,100.0,0.0,0.0,0.0,29.0,0.0
G60ly3eQ50XebPmu,36.45,58,11,100.0,0.0,100.0,0.0,0.0,0.0,29.0,0.0
EmgbnkOsfE2htYzE,36.445238095238096,84,12,91.66666666666666,0.0,100.0,0.0,0.0,0.0,42.0,11.904761904761903
7WFFMBAd2uq6G15v,36.425,57,11,100.0,0.0,100.0,0.0,0.0,0.0,28.5,0.0
QpO9iM9FDTrsPXso,36.425,57,10,100.0,0.0,100.0,0.0,0.0,0.0,28.5,0.0
Q6qaOjwc8bArljDA,36.425,57,10,100.0,0.0,100.0,0.0,0.0,0.0,28.5,0.0
sC2ZI1VF9gxPvVom,36.425,57,10,100.0,0.0,100.0,0.0,0.0,0.0,28.5,0.0
xvDyStDxA2P2X17z,36.425,57,9,100.0,0.0,100.0,0.0,0.0,0.0,28.5,0.0
TD9rf9ReTOsHyR47,36.425,57,10,100.0,0.0,100.0,0.0,0.0,0.0,28.5,0.0
vorNAwYueXwXPBt4,36.425,57,11,100.0,0.0,100.0,0.0,0.0,0.0,28.5,0.0
FHG7GCU4ywBS6NN1,36.425,57,10,100.0,0.0,100.0,0.0,0.0,0.0,28.5,0.0
YVntXQMkEyAJdKOH,36.425,57,11,100.0,0.0,100.0,0.0,0.0,0.0,28.5,0.0
5kTI5aWWhHnjpxnc,36.425,57,11,100.0,0.0,100.0,0.0,0.0,0.0,28.5,0.0
xVD4mUiLPEEtfWdv,36.425,57,10,100.0,0.0,100.0,0.0,0.0,0.0,28.5,0.0
8Qe2wC27oQOAHvaP,36.425,57,10,100.0,0.0,100.0,0.0,0.0,0.0,28.5,0.0
CdOIRQzW6e3h0Ffn,36.425,57,10,100.0,0.0,100.0,0.0,0.0,0.0,28.5,0.0
OhXmAkpnVVPY9OtC,36.425,57,11,100.0,0.0,100.0,0.0,0.0,0.0,28.5,0.0
7RjZGxVckf448wuU,36.425,57,9,100.0,0.0,100.0,0.0,0.0,0.0,28.5,0.0
Df4U8pt1RP853mVW,36.41538461538461,72,13,84.61538461538461,0.0,100.0,0.0,0.0,38.46153846153847,36.0,0.0
cNTmRRUpTn8KBpFL,36.40833333333334,48,8,87.5,0.0,100.0,0.0,0.0,0.0,24.0,41.666666666666664
0CCrVKAom8EK53jj,36.401839826839826,63,11,90.9090909090909,0.0,100.0,0.0,0.0,0.0,31.5,23.809523809523807
MfT9S5oghk9ywNSC,36.4,56,10,100.0,0.0,100.0,0.0,0.0,0.0,28.0,0.0
NOfaAxCp4Zu2fEtv,36.4,56,10,100.0,0.0,100.0,0.0,0.0,0.0,28.0,0.0
vr8RbWnLaMGq9RyH,36.4,56,10,100.0,0.0,100.0,0.0,0.0,0.0,28.0,0.0
aEtfO1mvKORAAvpp,36.4,56,9,100.0,0.0,100.0,0.0,0.0,0.0,28.0,0.0
yFxcfTtBHpPhrzxa,36.4,56,11,100.0,0.0,100.0,0.0,0.0,0.0,28.0,0.0
PT3AenHi7AYJEcNX,36.4,56,13,100.0,0.0,100.0,0.0,0.0,0.0,28.0,0.0
HcXwlH2nZMX4c23v,36.4,56,11,100.0,0.0,100.0,0.0,0.0,0.0,28.0,0.0
t6ltJZD0pLAkyiwM,36.4,56,7,100.0,0.0,100.0,0.0,0.0,0.0,28.0,0.0
fIuNZkbAnb2qhywi,36.4,56,10,100.0,0.0,100.0,0.0,0.0,0.0,28.0,0.0
R8XpdYjnNL7oqryb,36.4,56,10,100.0,0.0,100.0,0.0,0.0,0.0,28.0,0.0
zqNBDtgLNfzcuT5R,36.4,56,9,100.0,0.0,100.0,0.0,0.0,0.0,28.0,0.0
GD1NmcK7jRxl2nMd,36.3794670846395,58,11,90.9090909090909,0.0,100.0,0.0,0.0,0.0,29.0,25.862068965517242
APmOaxyMvP9PWA6l,36.37564935064935,56,11,90.9090909090909,0.0,100.0,0.0,0.0,0.0,28.0,26.785714285714285
sbDHoUUTXb9IodXz,36.375,55,11,100.0,0.0,100.0,0.0,0.0,0.0,27.5,0.0
ALHUjp89XlcCkOt0,36.375,55,7,100.0,0.0,100.0,0.0,0.0,0.0,27.5,0.0
mUep3DpDetxco8e1,36.375,55,10,100.0,0.0,100.0,0.0,0.0,0.0,27.5,0.0
kyElHcaE8jTFk0aU,36.375,55,10,100.0,0.0,100.0,0.0,0.0,0.0,27.5,0.0
YYf3GK1Vh1g0LZZN,36.375,55,8,100.0,0.0,100.0,0.0,0.0,0.0,27.5,0.0
obFSTrgCKK9PAurA,36.375,55,10,100.0,0.0,100.0,0.0,0.0,0.0,27.5,0.0
StN9q7WeNT3EhvSF,36.375,55,10,100.0,0.0,100.0,0.0,0.0,0.0,27.5,0.0
xHKVc0qg7H2OkX3G,36.375,55,10,100.0,0.0,100.0,0.0,0.0,0.0,27.5,0.0
e6UEWHDzajGFtMaE,36.375,55,10,100.0,0.0,100.0,0.0,0.0,0.0,27.5,0.0
JJQXnsecoqfrfmWe,36.375,55,10,100.0,0.0,100.0,0.0,0.0,0.0,27.5,0.0
GDHnebmgqZZwW6yr,36.375,55,9,100.0,0.0,100.0,0.0,0.0,0.0,27.5,0.0
vjCXuOzdakipcio5,36.375,55,10,100.0,0.0,100.0,0.0,0.0,0.0,27.5,0.0
0OtMTL8BLzyUdITY,36.375,55,10,100.0,0.0,100.0,0.0,0.0,0.0,27.5,0.0
FT6Ce5fuMjeirNOL,36.3625,92,16,93.75,0.0,100.0,0.0,0.0,0.0,46.0,0.0
HhqEOtmx4d3QnhpO,36.358333333333334,81,15,100.0,0.0,66.66666666666667,40.0,0.0,0.0,40.5,0.0
kHaLisghwau0bPN9,36.35,54,11,100.0,0.0,100.0,0.0,0.0,0.0,27.0,0.0
ekNUUuwvfRTbb9x4,36.35,54,11,100.0,0.0,100.0,0.0,0.0,0.0,27.0,0.0
Nh7qyZapCIkJ84bo,36.35,54,9,100.0,0.0,100.0,0.0,0.0,0.0,27.0,0.0
ibAnWfHUz0shEyeO,36.35,54,9,100.0,0.0,100.0,0.0,0.0,0.0,27.0,0.0
VHiy1LCzKr9hpRyy,36.35,54,10,100.0,0.0,100.0,0.0,0.0,0.0,27.0,0.0
vuSwMRQYSdXO6yS4,36.35,54,10,100.0,0.0,100.0,0.0,0.0,0.0,27.0,0.0
wQNLK8FDXoUD6YKm,36.35,54,11,100.0,0.0,100.0,0.0,0.0,0.0,27.0,0.0
zUbnjmuGteIYalNu,36.35,54,13,100.0,0.0,100.0,0.0,0.0,0.0,27.0,0.0
BRVeiQGOK4HLNUoa,36.35,54,10,100.0,0.0,100.0,0.0,0.0,0.0,27.0,0.0
1ZMOluz98C1N7ESX,36.35,54,9,100.0,0.0,100.0,0.0,0.0,0.0,27.0,0.0
D3UuOLWU6rXF7Mf1,36.35,54,10,100.0,0.0,100.0,0.0,0.0,0.0,27.0,0.0
Y5uiZta8r58h7uOD,36.35,54,8,100.0,0.0,100.0,0.0,0.0,0.0,27.0,0.0
EZAmggQBwBAD3UdR,36.35,54,10,100.0,0.0,100.0,0.0,0.0,0.0,27.0,0.0
wwU90P0jpgjqmlMj,36.3375,91,16,93.75,0.0,100.0,0.0,0.0,0.0,45.5,0.0
TNj9e2WZsERqMUIr,36.325,53,10,100.0,0.0,100.0,0.0,0.0,0.0,26.5,0.0
2AqjwN98FQ7iav2v,36.325,53,9,100.0,0.0,100.0,0.0,0.0,0.0,26.5,0.0
XIMZRt7YnoPiFA2m,36.325,53,11,100.0,0.0,100.0,0.0,0.0,0.0,26.5,0.0
Ju8y4IxbU9BWyr9G,36.325,53,9,100.0,0.0,100.0,0.0,0.0,0.0,26.5,0.0
ejDLHm5h4lWWqiJR,36.325,53,8,100.0,0.0,100.0,0.0,0.0,0.0,26.5,0.0
KH5g92Q3DA5Bo6xi,36.325,53,10,100.0,0.0,100.0,0.0,0.0,0.0,26.5,0.0
OPkstD33wAm3eZZg,36.325,53,8,100.0,0.0,100.0,0.0,0.0,0.0,26.5,0.0
WoR1KxfyO5ycoUkQ,36.325,53,8,100.0,0.0,100.0,0.0,0.0,0.0,26.5,0.0
qCjSOq60vlxDnCJD,36.325,53,9,100.0,0.0,100.0,0.0,0.0,0.0,26.5,0.0
MeR3pzh84KpLMcNf,36.325,53,8,100.0,0.0,100.0,0.0,0.0,0.0,26.5,0.0
BYNv4cLpTwuxwSCc,36.325,53,11,100.0,0.0,100.0,0.0,0.0,0.0,26.5,0.0
6WmaDed2Ie5WBKVk,36.325,53,7,100.0,0.0,100.0,0.0,0.0,0.0,26.5,0.0
vQVynWmEcBM6vPg2,36.325,53,10,100.0,0.0,100.0,0.0,0.0,0.0,26.5,0.0
zmjkSQH1SVVb9fkA,36.325,53,9,100.0,0.0,100.0,0.0,0.0,0.0,26.5,0.0
luDC7yIL1KOSFTEZ,36.325,53,8,100.0,0.0,100.0,0.0,0.0,0.0,26.5,0.0
siYC73VEIyiB8ISQ,36.325,53,9,100.0,0.0,100.0,0.0,0.0,0.0,26.5,0.0
2ooZXGXsfzi7WR0L,36.325,53,9,100.0,0.0,100.0,0.0,0.0,0.0,26.5,0.0
RRNWVqQPkdsfzshw,36.325,53,9,100.0,0.0,100.0,0.0,0.0,0.0,26.5,0.0
DrXnvg6YsMiG0Ami,36.325,53,11,100.0,0.0,100.0,0.0,0.0,0.0,26.5,0.0
BvTl2Xitz2NzHZv8,36.325,53,10,100.0,0.0,100.0,0.0,0.0,0.0,26.5,0.0
gxUU4frRO9Uo8w23,36.325,53,11,100.0,0.0,100.0,0.0,0.0,0.0,26.5,0.0
ECJo1rCf9VaAlQIo,36.325,53,9,100.0,0.0,100.0,0.0,0.0,0.0,26.5,0.0
mZMi3qdPE3xJ7gT2,36.3125,90,16,93.75,0.0,100.0,0.0,0.0,0.0,45.0,0.0
WvicwIv0Pl1XRDSE,36.3125,90,16,93.75,0.0,100.0,0.0,0.0,0.0,45.0,0.0
nq4AeeHMFHFmCjHl,36.31043956043956,70,13,92.3076923076923,0.0,100.0,0.0,0.0,0.0,35.0,14.285714285714285
vVClo8Ov9OdfNrDn,36.30982142857143,64,14,92.85714285714286,0.0,100.0,0.0,0.0,0.0,32.0,15.625
1Zs6KlbsKMnbT9As,36.3,52,10,100.0,0.0,100.0,0.0,0.0,0.0,26.0,0.0
q5OgYhVQd5W3xwVA,36.3,52,9,100.0,0.0,100.0,0.0,0.0,0.0,26.0,0.0
wYuHMWNO9VcPzuI7,36.3,52,8,100.0,0.0,100.0,0.0,0.0,0.0,26.0,0.0
FDwWTjwT3PDjoe0y,36.3,52,10,100.0,0.0,100.0,0.0,0.0,0.0,26.0,0.0
IPHTeLyRAtZxkmh0,36.3,52,8,100.0,0.0,100.0,0.0,0.0,0.0,26.0,0.0
RNBSl5DBIAflFps0,36.3,52,9,100.0,0.0,100.0,0.0,0.0,0.0,26.0,0.0
Mundfi8Tdo39pKGb,36.3,52,8,100.0,0.0,100.0,0.0,0.0,0.0,26.0,0.0
LJcc3wTxFT9n031m,36.3,52,9,100.0,0.0,100.0,0.0,0.0,0.0,26.0,0.0
t99rGQ75qVQBFVon,36.3,52,9,100.0,0.0,100.0,0.0,0.0,0.0,26.0,0.0
JBC2x4zE8x2nXYu8,36.3,52,9,100.0,0.0,100.0,0.0,0.0,0.0,26.0,0.0
eHXjJq4nNKXCtHYy,36.3,52,9,100.0,0.0,100.0,0.0,0.0,0.0,26.0,0.0
E12gV2pyWpvLfWQZ,36.3,52,8,100.0,0.0,100.0,0.0,0.0,0.0,26.0,0.0
0pAcgRa77LVPNKpY,36.3,52,10,100.0,0.0,100.0,0.0,0.0,0.0,26.0,0.0
v5Blm9Pi2Z21CFPT,36.3,52,9,100.0,0.0,100.0,0.0,0.0,0.0,26.0,0.0
6XmBlLjsuZMQIKET,36.3,52,11,100.0,0.0,100.0,0.0,0.0,0.0,26.0,0.0
5QXHPGkXWezPug3e,36.3,52,10,100.0,0.0,100.0,0.0,0.0,0.0,26.0,0.0
z3LF3YVTTikmkslc,36.3,52,8,100.0,0.0,100.0,0.0,0.0,0.0,26.0,0.0
jutAafJ5Mf99YhnZ,36.3,52,10,100.0,0.0,100.0,0.0,0.0,0.0,26.0,0.0
Ej4kqc5u7U7xZ05p,36.3,52,8,100.0,0.0,100.0,0.0,0.0,0.0,26.0,0.0
3KE4wDpnX0BJXPWl,36.275,51,9,100.0,0.0,100.0,0.0,0.0,0.0,25.5,0.0
yXPPcN2dGvCvoXVD,36.275,51,9,100.0,0.0,100.0,0.0,0.0,0.0,25.5,0.0
8kn3TLDy8Pzkhxre,36.275,51,10,100.0,0.0,100.0,0.0,0.0,0.0,25.5,0.0
MtCzWngHTnPqlTKb,36.275,51,9,100.0,0.0,100.0,0.0,0.0,0.0,25.5,0.0
gcoZoTE0XUST4daI,36.275,51,10,100.0,0.0,100.0,0.0,0.0,0.0,25.5,0.0
68XTQQxO8JgaswWF,36.275,51,9,100.0,0.0,100.0,0.0,0.0,0.0,25.5,0.0
GpdWKDxZtlUXt36F,36.275,51,10,100.0,0.0,100.0,0.0,0.0,0.0,25.5,0.0
snMtxO2mPr5MFnid,36.275,51,10,100.0,0.0,100.0,0.0,0.0,0.0,25.5,0.0
vwal3jKQzejVObfV,36.275,91,15,93.33333333333333,0.0,100.0,0.0,0.0,0.0,45.5,0.0
tHwnSdDqHD8JeZmq,36.275,51,9,100.0,0.0,100.0,0.0,0.0,0.0,25.5,0.0
paN6TWcDWX0qXWcU,36.275,51,9,100.0,0.0,100.0,0.0,0.0,0.0,25.5,0.0
G4hbQz79mWiYA3CW,36.275,51,9,100.0,0.0,100.0,0.0,0.0,0.0,25.5,0.0
EMV9gMy14NZQdM3e,36.275,51,9,100.0,0.0,100.0,0.0,0.0,0.0,25.5,0.0
ATePrG4XYYSk9SqP,36.275,51,10,100.0,0.0,100.0,0.0,0.0,0.0,25.5,0.0
pAtIveCHkSCRxVFE,36.275,51,9,100.0,0.0,100.0,0.0,0.0,0.0,25.5,0.0
9ae8JUPDyXS3Mk1C,36.275,51,9,100.0,0.0,100.0,0.0,0.0,0.0,25.5,0.0
OuEGYmMT09IcmEbn,36.275,51,8,100.0,0.0,100.0,0.0,0.0,0.0,25.5,0.0
EkRIZETw3zQFKJhQ,36.275,51,10,100.0,0.0,100.0,0.0,0.0,0.0,25.5,0.0
msWeoXCpqvrisE13,36.275,51,9,100.0,0.0,100.0,0.0,0.0,0.0,25.5,0.0
olYXw9BVl7tRJIV2,36.275,51,9,100.0,0.0,100.0,0.0,0.0,0.0,25.5,0.0
6wrKvNOVPPNiKfWR,36.275,51,9,100.0,0.0,100.0,0.0,0.0,0.0,25.5,0.0
np9xlohQDOusGCF8,36.27074468085106,47,10,90.0,0.0,100.0,0.0,0.0,0.0,23.5,31.914893617021274
i3TzlY3xODTOa3Oe,36.27051282051282,78,15,93.33333333333333,0.0,100.0,0.0,0.0,0.0,39.0,6.41025641025641
gO6QA6eQGbLZG0Wb,36.25,50,9,100.0,0.0,100.0,0.0,0.0,0.0,25.0,0.0
NxaNW56UrkHPeBIo,36.25,50,10,100.0,0.0,100.0,0.0,0.0,0.0,25.0,0.0
9W3yiUxodnd4ir2e,36.25,50,8,100.0,0.0,100.0,0.0,0.0,0.0,25.0,0.0
kQq367x1H50H34pB,36.25,50,10,100.0,0.0,100.0,0.0,0.0,0.0,25.0,0.0
P8LxYNfU5Z7NbvpW,36.25,50,9,100.0,0.0,100.0,0.0,0.0,0.0,25.0,0.0
Mvlhl0gRwyc0pGCe,36.25,50,7,100.0,0.0,100.0,0.0,0.0,0.0,25.0,0.0
ihy0YATKtHf6S2Od,36.25,50,8,100.0,0.0,100.0,0.0,0.0,0.0,25.0,0.0
dyV6PZfMsMKXLhm6,36.25,50,10,100.0,0.0,100.0,0.0,0.0,0.0,25.0,0.0
iG8KbQvyBw6fJmCI,36.25,50,9,100.0,0.0,100.0,0.0,0.0,0.0,25.0,0.0
HuV1H1NtMy4eClgx,36.25,50,8,100.0,0.0,100.0,0.0,0.0,0.0,25.0,0.0
Zer3bZ5I7YFGoqS6,36.25,50,10,100.0,0.0,100.0,0.0,0.0,0.0,25.0,0.0
9n5GW4HdhgeZncPw,36.25,50,8,100.0,0.0,100.0,0.0,0.0,0.0,25.0,0.0
STTTEll5jgZuwpju,36.25,50,9,100.0,0.0,100.0,0.0,0.0,0.0,25.0,0.0
MIJUdqbNnozUlCjr,36.25,50,8,100.0,0.0,100.0,0.0,0.0,0.0,25.0,0.0
V4fBfllhZvcWpUK0,36.25,50,10,100.0,0.0,100.0,0.0,0.0,0.0,25.0,0.0
sQjpjiUTThaMf4j6,36.25,50,10,100.0,0.0,100.0,0.0,0.0,0.0,25.0,0.0
wof8rRYnr5llcF0c,36.25,50,9,100.0,0.0,100.0,0.0,0.0,0.0,25.0,0.0
tsVliOumuhe5DHRJ,36.25,50,9,100.0,0.0,100.0,0.0,0.0,0.0,25.0,0.0
W2KNy3XndBz3Dbaw,36.25,50,8,100.0,0.0,100.0,0.0,0.0,0.0,25.0,0.0
3Jd9swbwkfejWd1n,36.25,50,8,100.0,0.0,100.0,0.0,0.0,0.0,25.0,0.0
Exy6jl792cJZ6TVP,36.24264705882353,85,17,94.11764705882352,0.0,100.0,0.0,0.0,0.0,42.5,0.0
mfPIBCibEwLgrr1V,36.24078947368421,57,10,90.0,0.0,100.0,0.0,0.0,0.0,28.5,26.31578947368421
bNAsFtiMOmizHpUt,36.240094339622644,53,10,90.0,0.0,100.0,0.0,0.0,0.0,26.5,28.30188679245283
Jb8UD8TnCZs1Se02,36.2375,87,16,93.75,0.0,100.0,0.0,0.0,0.0,43.5,0.0
F8DYDDp2AvW9Dytw,36.22922535211268,71,12,91.66666666666666,0.0,100.0,0.0,0.0,0.0,35.5,14.084507042253522
4OmnsTRPo7WTOc9W,36.225,49,9,100.0,0.0,100.0,0.0,0.0,0.0,24.5,0.0
fbWcVnYOtostMMFx,36.225,49,8,100.0,0.0,100.0,0.0,0.0,0.0,24.5,0.0
hx3bcgefoNgvtH9a,36.225,49,9,100.0,0.0,100.0,0.0,0.0,0.0,24.5,0.0
xHo3ICOLBnm5s7zD,36.225,49,9,100.0,0.0,100.0,0.0,0.0,0.0,24.5,0.0
4MDlMv01Cuw4hjBn,36.225,49,10,100.0,0.0,100.0,0.0,0.0,0.0,24.5,0.0
xXWTizigQPcE1sT5,36.225,49,9,100.0,0.0,100.0,0.0,0.0,0.0,24.5,0.0
9JxJwUvVlbeaR7hO,36.225,49,10,100.0,0.0,100.0,0.0,0.0,0.0,24.5,0.0
NEgQ2WPxx6RCNmkX,36.225,49,8,100.0,0.0,100.0,0.0,0.0,0.0,24.5,0.0
amRikgUPCDvNNdiw,36.225,49,7,100.0,0.0,100.0,0.0,0.0,0.0,24.5,0.0
xgfTQzv0SXYeBaIz,36.225,49,9,100.0,0.0,100.0,0.0,0.0,0.0,24.5,0.0
o0p4rYL7CkNB1NDb,36.225,49,10,100.0,0.0,100.0,0.0,0.0,0.0,24.5,0.0
lHzpLKSzktZbQkoG,36.225,49,9,100.0,0.0,100.0,0.0,0.0,0.0,24.5,0.0
jFMqnDB6oGiF5sL3,36.225,49,9,100.0,0.0,100.0,0.0,0.0,0.0,24.5,0.0
b6oqCngDugcQlL7x,36.225,49,9,100.0,0.0,100.0,0.0,0.0,0.0,24.5,0.0
JScl7G7twDhRJAK9,36.225,49,9,100.0,0.0,100.0,0.0,0.0,0.0,24.5,0.0
1vRG2yH4TcqSmMqj,36.225,49,8,100.0,0.0,100.0,0.0,0.0,0.0,24.5,0.0
8fqY9qoaO0haZyfr,36.225,49,9,100.0,0.0,100.0,0.0,0.0,0.0,24.5,0.0
XqV5OM8HpKeb9nla,36.225,49,8,100.0,0.0,100.0,0.0,0.0,0.0,24.5,0.0
nRvxGECsX83w3iAn,36.225,49,9,100.0,0.0,100.0,0.0,0.0,0.0,24.5,0.0
gZTYL1EmGfQU3ZRK,36.225,49,7,100.0,0.0,100.0,0.0,0.0,0.0,24.5,0.0
VTISw0JTAOeUHHGf,36.225,49,12,100.0,0.0,100.0,0.0,0.0,0.0,24.5,0.0
WDbUz3HEvBWEdEfO,36.225,49,9,100.0,0.0,100.0,0.0,0.0,0.0,24.5,0.0
9EHaxoInmUIx7zLm,36.225,49,6,100.0,0.0,100.0,0.0,0.0,0.0,24.5,0.0
ik2J2jh39lYRPIih,36.225,49,9,100.0,0.0,100.0,0.0,0.0,0.0,24.5,0.0
WWPel8XOFDWKWLCR,36.20357142857143,91,14,92.85714285714286,0.0,100.0,0.0,0.0,0.0,45.5,0.0
MazVb1Mh2FXwcDvh,36.20082417582418,56,13,76.92307692307693,0.0,100.0,0.0,0.0,38.46153846153847,28.0,26.785714285714285
uj7Pzt6jW4VrnCtj,36.2,48,8,100.0,0.0,100.0,0.0,0.0,0.0,24.0,0.0
5snfYRc7DDkkjJDq,36.2,48,9,100.0,0.0,100.0,0.0,0.0,0.0,24.0,0.0
Ym52Rv7MP6B1iCHp,36.2,48,8,100.0,0.0,100.0,0.0,0.0,0.0,24.0,0.0
MPLhZwrZY1dZlRDn,36.2,48,8,100.0,0.0,100.0,0.0,0.0,0.0,24.0,0.0
HuVNG1r8qr4cJJQK,36.2,48,7,100.0,0.0,100.0,0.0,0.0,0.0,24.0,0.0
nq6RswMVrkfbTtkb,36.2,48,8,100.0,0.0,100.0,0.0,0.0,0.0,24.0,0.0
av6SGXaFLeWcOZWz,36.2,48,8,100.0,0.0,100.0,0.0,0.0,0.0,24.0,0.0
wsD1jQ5WdsFqY1ti,36.2,48,7,100.0,0.0,100.0,0.0,0.0,0.0,24.0,0.0
1lGxcTsgAjWDva2Z,36.2,48,9,100.0,0.0,100.0,0.0,0.0,0.0,24.0,0.0
5uVLnbmlOcDO4xBa,36.2,48,9,100.0,0.0,100.0,0.0,0.0,0.0,24.0,0.0
ALw5QuRFFUauhJA3,36.2,48,9,100.0,0.0,100.0,0.0,0.0,0.0,24.0,0.0
hSOmrgF67O0ddvs9,36.2,48,8,100.0,0.0,100.0,0.0,0.0,0.0,24.0,0.0
ga3ULsRukuu4pSKy,36.2,48,7,100.0,0.0,100.0,0.0,0.0,0.0,24.0,0.0
GsOTGXABSzfOIINj,36.1875,85,16,93.75,0.0,100.0,0.0,0.0,0.0,42.5,0.0
bTSw8KKjK8m1Z4FI,36.1875,85,16,93.75,0.0,100.0,0.0,0.0,0.0,42.5,0.0
jQHoAtrdJ8L4V6lO,36.18721264367816,87,16,87.5,0.0,93.75,0.0,0.0,31.25,43.5,11.494252873563218
NSLqdxoMTea76nPF,36.179795821462484,81,13,92.3076923076923,0.0,100.0,0.0,0.0,0.0,40.5,6.172839506172839
EjBHn3N8xcXDVSbw,36.17948717948718,60,13,92.3076923076923,0.0,100.0,0.0,0.0,0.0,30.0,16.666666666666668
XrinnJgazc6VZGNe,36.175,47,9,100.0,0.0,100.0,0.0,0.0,0.0,23.5,0.0
m2hBfXjaPMNj7JAQ,36.175,47,9,100.0,0.0,100.0,0.0,0.0,0.0,23.5,0.0
P0Q6Yx0ZDGyJRad4,36.175,47,8,100.0,0.0,100.0,0.0,0.0,0.0,23.5,0.0
MWYWih3ZxecP8MJ1,36.175,47,9,100.0,0.0,100.0,0.0,0.0,0.0,23.5,0.0
K0I5shzXqoC7CcOP,36.175,47,9,100.0,0.0,100.0,0.0,0.0,0.0,23.5,0.0
F3tXMXZsBStvOrPd,36.175,47,8,100.0,0.0,100.0,0.0,0.0,0.0,23.5,0.0
243Efrgr29lBU5si,36.175,47,9,100.0,0.0,100.0,0.0,0.0,0.0,23.5,0.0
TK1QseQdnBFuH8ay,36.175,47,7,100.0,0.0,100.0,0.0,0.0,0.0,23.5,0.0
YYARFiOtpqQjTBYy,36.175,87,15,93.33333333333333,0.0,100.0,0.0,0.0,0.0,43.5,0.0
WpauETXxStmDS3da,36.175,47,8,100.0,0.0,100.0,0.0,0.0,0.0,23.5,0.0
wJfMMYu3yasAyXfU,36.175,87,15,93.33333333333333,0.0,100.0,0.0,0.0,0.0,43.5,0.0
65I6eUyKmYrULhaY,36.175,47,8,100.0,0.0,100.0,0.0,0.0,0.0,23.5,0.0
blV7vY7AZQ3VZprk,36.175,47,9,100.0,0.0,100.0,0.0,0.0,0.0,23.5,0.0
37E5BATnl2FQLSTd,36.175,47,10,100.0,0.0,100.0,0.0,0.0,0.0,23.5,0.0
GVLnO1lH62DXnj7Y,36.175,47,10,100.0,0.0,100.0,0.0,0.0,0.0,23.5,0.0
t78qy0NnYKNTvpfZ,36.175,47,9,100.0,0.0,100.0,0.0,0.0,0.0,23.5,0.0
RObestZArY9gN9Ek,36.175,47,8,100.0,0.0,100.0,0.0,0.0,0.0,23.5,0.0
F4RHudZS46CH3P3B,36.175,47,9,100.0,0.0,100.0,0.0,0.0,0.0,23.5,0.0
m5UbUbjPg2toyAuW,36.175,47,8,100.0,0.0,100.0,0.0,0.0,0.0,23.5,0.0
V216R7BJFcBLauD9,36.175,47,9,100.0,0.0,100.0,0.0,0.0,0.0,23.5,0.0
iv0hfiMQH7cV3n9W,36.175,47,9,100.0,0.0,100.0,0.0,0.0,0.0,23.5,0.0
DdeGnixORSYzyV3e,36.175,47,9,100.0,0.0,100.0,0.0,0.0,0.0,23.5,0.0
5M5oR52kZsAEePTP,36.175,47,9,100.0,0.0,100.0,0.0,0.0,0.0,23.5,0.0
xrHsULSu9f33AvE0,36.175,47,8,100.0,0.0,100.0,0.0,0.0,0.0,23.5,0.0
eq8InFTV0w562oCT,36.16746575342466,73,15,93.33333333333333,0.0,100.0,0.0,0.0,0.0,36.5,6.8493150684931505
IUM1u6t3dwIsQEqp,36.15,46,7,100.0,0.0,100.0,0.0,0.0,0.0,23.0,0.0
Uj98PNlgc0gFiF5r,36.15,46,8,100.0,0.0,100.0,0.0,0.0,0.0,23.0,0.0
Dqt2gc3V5RJqmLE5,36.15,46,8,100.0,0.0,100.0,0.0,0.0,0.0,23.0,0.0
uGI8F9Er0c5XwdnX,36.15,46,8,100.0,0.0,100.0,0.0,0.0,0.0,23.0,0.0
qISmAlIf3V8mshoY,36.15,46,9,100.0,0.0,100.0,0.0,0.0,0.0,23.0,0.0
F04TJpsiXPaAqmmQ,36.15,46,8,100.0,0.0,100.0,0.0,0.0,0.0,23.0,0.0
A0FOd3p5MonyC2RF,36.15,46,8,100.0,0.0,100.0,0.0,0.0,0.0,23.0,0.0
fotfkvVpPZH1S75X,36.15,46,8,100.0,0.0,100.0,0.0,0.0,0.0,23.0,0.0
jP8UlChLQ0kAbWi7,36.15,46,9,100.0,0.0,100.0,0.0,0.0,0.0,23.0,0.0
ffuyWOTIut9bkyV1,36.15,46,8,100.0,0.0,100.0,0.0,0.0,0.0,23.0,0.0
RwbG7xTjBf8dAGNA,36.15,46,8,100.0,0.0,100.0,0.0,0.0,0.0,23.0,0.0
5y4unaLjqV9Asnb6,36.15,46,6,100.0,0.0,100.0,0.0,0.0,0.0,23.0,0.0
fNmdSy5qBOKhjyZF,36.15,46,9,100.0,0.0,100.0,0.0,0.0,0.0,23.0,0.0
WYYOoWYNXmpGmUmH,36.15,46,8,100.0,0.0,100.0,0.0,0.0,0.0,23.0,0.0
CAx2gZonvl1KsMxE,36.15,46,8,100.0,0.0,100.0,0.0,0.0,0.0,23.0,0.0
dzgSkdn0qE1OgCVv,36.14264705882353,81,17,94.11764705882352,0.0,100.0,0.0,0.0,0.0,40.5,0.0
aqTw9otCG3kCDQiu,36.136904761904766,75,14,92.85714285714286,0.0,100.0,0.0,0.0,0.0,37.5,6.666666666666667
5xWk9kubhmLt6GSP,36.127112676056335,71,15,93.33333333333333,0.0,100.0,0.0,0.0,0.0,35.5,7.042253521126761
VFwAvCFLKZ2dyhG5,36.125,45,9,100.0,0.0,100.0,0.0,0.0,0.0,22.5,0.0
94cFv3adbzN2X5NR,36.125,45,10,100.0,0.0,100.0,0.0,0.0,0.0,22.5,0.0
HCtCrb3CmNEjKOAg,36.125,45,8,100.0,0.0,100.0,0.0,0.0,0.0,22.5,0.0
76MzbQm7n7slM61X,36.125,45,8,100.0,0.0,100.0,0.0,0.0,0.0,22.5,0.0
14IXk49pslIq7TaU,36.125,45,9,100.0,0.0,100.0,0.0,0.0,0.0,22.5,0.0
JPb5ggmdHu4ingwz,36.125,45,7,100.0,0.0,100.0,0.0,0.0,0.0,22.5,0.0
4kJHoznTvI8dQxWn,36.125,45,7,100.0,0.0,100.0,0.0,0.0,0.0,22.5,0.0
nKV1PcUwCTNIyy7i,36.125,45,9,100.0,0.0,100.0,0.0,0.0,0.0,22.5,0.0
iDXxVd22E1AZ3NEW,36.125,45,9,100.0,0.0,100.0,0.0,0.0,0.0,22.5,0.0
BIJxs2YuQvpX3ORz,36.125,45,7,100.0,0.0,100.0,0.0,0.0,0.0,22.5,0.0
gxa2gi146XRXUo6v,36.125,45,9,100.0,0.0,100.0,0.0,0.0,0.0,22.5,0.0
x2ebSR0ZWMT3F96j,36.125,45,9,100.0,0.0,100.0,0.0,0.0,0.0,22.5,0.0
BCZc0CEybtXiN6Um,36.125,45,8,100.0,0.0,100.0,0.0,0.0,0.0,22.5,0.0
kKdTvlVZtLlkf0L3,36.125,45,8,100.0,0.0,100.0,0.0,0.0,0.0,22.5,0.0
3Q3jk3jlXTdAttUX,36.11764705882353,80,17,94.11764705882352,0.0,100.0,0.0,0.0,0.0,40.0,0.0
voqbaSelRCBVS64k,36.10645161290322,62,12,91.66666666666666,0.0,100.0,0.0,0.0,0.0,31.0,16.129032258064516
p3B2yAbKFQKFGZu7,36.10645161290322,62,12,91.66666666666666,0.0,100.0,0.0,0.0,0.0,31.0,16.129032258064516
Fi52OHIUuYFtqJ2K,36.104878048780485,82,16,100.0,0.0,93.75,0.0,0.0,0.0,41.0,6.097560975609756
BUe23HdIqp5HH4ey,36.1,44,7,100.0,0.0,100.0,0.0,0.0,0.0,22.0,0.0
THZWM5WJ8LJFTJ52,36.1,44,8,100.0,0.0,100.0,0.0,0.0,0.0,22.0,0.0
mTy0VKTmfc442vCf,36.1,44,5,100.0,0.0,100.0,0.0,0.0,0.0,22.0,0.0
RsYyA82b8YB8IUKO,36.1,44,9,100.0,0.0,100.0,0.0,0.0,0.0,22.0,0.0
3n99KD4mXt1xgmRQ,36.1,44,8,100.0,0.0,100.0,0.0,0.0,0.0,22.0,0.0
TaMBRpw36g11RuNe,36.1,44,9,100.0,0.0,100.0,0.0,0.0,0.0,22.0,0.0
ZQqFCBamJjZR9GdE,36.1,44,8,100.0,0.0,100.0,0.0,0.0,0.0,22.0,0.0
4Y3H0NPUKWow83tR,36.1,44,10,100.0,0.0,100.0,0.0,0.0,0.0,22.0,0.0
kXXIcMZFakaMW1DL,36.1,44,5,100.0,0.0,100.0,0.0,0.0,0.0,22.0,0.0
KDplmTJgwsvviD98,36.1,44,9,100.0,0.0,100.0,0.0,0.0,0.0,22.0,0.0
IXmIF2nyJc93DlMz,36.1,44,6,100.0,0.0,100.0,0.0,0.0,0.0,22.0,0.0
BOJEICPYOmlWesKM,36.1,44,8,100.0,0.0,100.0,0.0,0.0,0.0,22.0,0.0
JDlXxmDfFicRhuop,36.1,44,8,100.0,0.0,100.0,0.0,0.0,0.0,22.0,0.0
GoNsIWYStkjAPBmf,36.1,44,8,100.0,0.0,100.0,0.0,0.0,0.0,22.0,0.0
QH8gKPh45OKsJ06R,36.1,44,7,100.0,0.0,100.0,0.0,0.0,0.0,22.0,0.0
6Py4cvLdqDownu1j,36.1,44,7,100.0,0.0,100.0,0.0,0.0,0.0,22.0,0.0
vsVAVmvhDuFnuWe0,36.1,84,15,93.33333333333333,0.0,100.0,0.0,0.0,0.0,42.0,0.0
JUEBOXkOya4l4nvB,36.1,44,6,100.0,0.0,100.0,0.0,0.0,0.0,22.0,0.0
e75E38DWZci4jQnJ,36.09582917082917,77,13,92.3076923076923,0.0,100.0,0.0,0.0,0.0,38.5,6.493506493506494
ozPB5CPGnWlcmezh,36.09467213114754,61,12,91.66666666666666,0.0,100.0,0.0,0.0,0.0,30.5,16.393442622950822
bx3M3TnlqSeIoiRV,36.09264705882353,79,17,94.11764705882352,0.0,100.0,0.0,0.0,0.0,39.5,0.0
ZlB14AiurFXG5dRc,36.086001317523056,69,11,90.9090909090909,0.0,100.0,0.0,0.0,0.0,34.5,14.492753623188406
A7BZNIbYOlXDBR4t,36.079519774011295,59,9,88.88888888888889,0.0,100.0,0.0,0.0,0.0,29.5,25.423728813559325
pEA7klA2UvMrhTui,36.075,43,7,100.0,0.0,100.0,0.0,0.0,0.0,21.5,0.0
1LkKJ4P9ajTHr8Pq,36.075,43,7,100.0,0.0,100.0,0.0,0.0,0.0,21.5,0.0
i5o3HO09xOK1vS30,36.075,43,7,100.0,0.0,100.0,0.0,0.0,0.0,21.5,0.0
CWX4uIjzHiUPNxdI,36.075,43,7,100.0,0.0,100.0,0.0,0.0,0.0,21.5,0.0
NtrVjAYSfIr20vun,36.075,43,9,100.0,0.0,100.0,0.0,0.0,0.0,21.5,0.0
uW1HmbRaOUpoS4wt,36.075,83,15,93.33333333333333,0.0,100.0,0.0,0.0,0.0,41.5,0.0
tJBAEfHAq8rj9BiX,36.075,43,9,100.0,0.0,100.0,0.0,0.0,0.0,21.5,0.0
WVTqEoaOJblHk8gn,36.075,43,5,100.0,0.0,100.0,0.0,0.0,0.0,21.5,0.0
D7jUel63z88qRu8s,36.075,43,6,100.0,0.0,100.0,0.0,0.0,0.0,21.5,0.0
S3AJk4kwHIvQ8H87,36.075,43,8,100.0,0.0,100.0,0.0,0.0,0.0,21.5,0.0
0yzdjCgzJLlDH5OJ,36.075,43,5,100.0,0.0,100.0,0.0,0.0,0.0,21.5,0.0
ZhAsYXrTBA0GrZEg,36.075,43,7,100.0,0.0,100.0,0.0,0.0,0.0,21.5,0.0
Hrp7PnLhs5fLTJhW,36.075,43,8,100.0,0.0,100.0,0.0,0.0,0.0,21.5,0.0
VobrWstyKDIOLsjY,36.075,43,6,100.0,0.0,100.0,0.0,0.0,0.0,21.5,0.0
AHUUMoprxadqgNxf,36.075,43,7,100.0,0.0,100.0,0.0,0.0,0.0,21.5,0.0
uKAotL71WbWb7fLC,36.075,43,6,100.0,0.0,100.0,0.0,0.0,0.0,21.5,0.0
myFAGP8XEN9BEQty,36.075,43,7,100.0,0.0,100.0,0.0,0.0,0.0,21.5,0.0
Jr3DGXRYD9fIe2Nm,36.075,43,7,100.0,0.0,100.0,0.0,0.0,0.0,21.5,0.0
onoiFNXJVZ8UJ8iZ,36.075,43,8,100.0,0.0,100.0,0.0,0.0,0.0,21.5,0.0
r1dHVHXv3h85PPBo,36.075,43,9,100.0,0.0,100.0,0.0,0.0,0.0,21.5,0.0
EO27lyMGATma5YfS,36.075,43,7,100.0,0.0,100.0,0.0,0.0,0.0,21.5,0.0
x35d6f2uroRISVZv,36.075,43,6,100.0,0.0,100.0,0.0,0.0,0.0,21.5,0.0
qduxCj27tFWDkfYo,36.075,43,5,100.0,0.0,100.0,0.0,0.0,0.0,21.5,0.0
hDfca31A6xA1j6zz,36.075,43,7,100.0,0.0,100.0,0.0,0.0,0.0,21.5,0.0
KN3EQ5qMZZRdWnOX,36.075,43,6,100.0,0.0,100.0,0.0,0.0,0.0,21.5,0.0
QsoYWbDpit1yQBXH,36.075,43,7,100.0,0.0,100.0,0.0,0.0,0.0,21.5,0.0
8WRAnp0vSrlaT5vb,36.07342767295597,53,9,88.88888888888889,0.0,100.0,0.0,0.0,0.0,26.5,28.30188679245283
IsoozHEv1bLiWAmk,36.071657754010694,68,11,90.9090909090909,0.0,100.0,0.0,0.0,0.0,34.0,14.705882352941176
Kif0Z6SDgDtRPTXD,36.0625,80,16,93.75,0.0,100.0,0.0,0.0,0.0,40.0,0.0
tRXSGpSDjz9JTDWT,36.05833333333333,59,12,91.66666666666666,0.0,83.33333333333333,0.0,41.666666666666664,0.0,29.5,0.0
Wnh8FVMwVuAmnfZG,36.055684104627765,71,14,92.85714285714286,0.0,100.0,0.0,0.0,0.0,35.5,7.042253521126761
Ev7vcuBkqs10IfIV,36.05,42,6,100.0,0.0,100.0,0.0,0.0,0.0,21.0,0.0
X6rKyqYLpctBsZdd,36.05,42,8,100.0,0.0,100.0,0.0,0.0,0.0,21.0,0.0
Df05Zk1Auy9wy26S,36.05,42,9,100.0,0.0,100.0,0.0,0.0,0.0,21.0,0.0
Tx3bgo4Kh6KmHDdC,36.05,42,8,100.0,0.0,100.0,0.0,0.0,0.0,21.0,0.0
24pmw30MZOGPqId1,36.05,42,7,100.0,0.0,100.0,0.0,0.0,0.0,21.0,0.0
zXdnixdP0oVRSXLt,36.05,42,8,100.0,0.0,100.0,0.0,0.0,0.0,21.0,0.0
c86xUC5kFxBjZ453,36.05,42,7,100.0,0.0,100.0,0.0,0.0,0.0,21.0,0.0
M2eXMWK6hHWmXHA4,36.05,42,8,100.0,0.0,100.0,0.0,0.0,0.0,21.0,0.0
6r1Tft4kbgpr1N0Q,36.05,42,7,100.0,0.0,100.0,0.0,0.0,0.0,21.0,0.0
T7RKTt7RYlSyNgw2,36.05,42,7,100.0,0.0,100.0,0.0,0.0,0.0,21.0,0.0
y9CQ9E4eD6TDulMA,36.05,42,7,100.0,0.0,100.0,0.0,0.0,0.0,21.0,0.0
ZjCUgHoi2j7Rr5bk,36.05,42,8,100.0,0.0,100.0,0.0,0.0,0.0,21.0,0.0
KkjuePEr3FulMrNC,36.05,42,7,100.0,0.0,100.0,0.0,0.0,0.0,21.0,0.0
m6lTRzmvwYrANRcn,36.05,42,8,100.0,0.0,100.0,0.0,0.0,0.0,21.0,0.0
NQJ8xfzwjlQHF4nu,36.05,42,5,100.0,0.0,100.0,0.0,0.0,0.0,21.0,0.0
BfeqoxfMcUy7zNPH,36.05,82,15,93.33333333333333,0.0,100.0,0.0,0.0,0.0,41.0,0.0
lzBOQnk84MVuAorl,36.04393939393939,66,11,90.9090909090909,0.0,100.0,0.0,0.0,0.0,33.0,15.151515151515152
IWAv1KhIW9h31KY2,36.042857142857144,56,12,91.66666666666666,0.0,100.0,0.0,0.0,0.0,28.0,17.857142857142858
RtN0sw4gr6FQx7qZ,36.03399168399169,74,13,92.3076923076923,0.0,100.0,0.0,0.0,0.0,37.0,6.756756756756757
wfnyGrcus1gTyQvk,36.025,41,7,100.0,0.0,100.0,0.0,0.0,0.0,20.5,0.0
jq6tz2NHrwKINUbM,36.025,41,6,100.0,0.0,100.0,0.0,0.0,0.0,20.5,0.0
sRPnjJlo4MemiQTe,36.025,41,7,100.0,0.0,100.0,0.0,0.0,0.0,20.5,0.0
r8fVtHvd5XkRSDQ6,36.025,41,7,100.0,0.0,100.0,0.0,0.0,0.0,20.5,0.0
2BszUvG5I7KLJFlr,36.025,41,7,100.0,0.0,100.0,0.0,0.0,0.0,20.5,0.0
d0ZninoI7QZwZqpC,36.025,41,8,100.0,0.0,100.0,0.0,0.0,0.0,20.5,0.0
9d3AQIGYHQyCQTYs,36.025,41,8,100.0,0.0,100.0,0.0,0.0,0.0,20.5,0.0
2uXhwofies5eR2oT,36.025,41,7,100.0,0.0,100.0,0.0,0.0,0.0,20.5,0.0
5uGrWvBjEg5PmDdO,36.025,41,8,100.0,0.0,100.0,0.0,0.0,0.0,20.5,0.0
U6l8avRSbQ01uEI9,36.025,41,8,100.0,0.0,100.0,0.0,0.0,0.0,20.5,0.0
ne0uZN6X5NHUD8wh,36.025,41,9,100.0,0.0,100.0,0.0,0.0,0.0,20.5,0.0
FMYpONJZafXR4kk7,36.025,81,15,93.33333333333333,0.0,100.0,0.0,0.0,0.0,40.5,0.0
0SwQKfck5tvgcLfc,36.01589026915114,69,14,92.85714285714286,0.0,100.0,0.0,0.0,0.0,34.5,7.246376811594203
cta9imAKmAZ04jBJ,36.01589026915114,69,14,92.85714285714286,0.0,100.0,0.0,0.0,0.0,34.5,7.246376811594203
uxnp0dINUWimSpmP,36.013619599578504,73,13,92.3076923076923,0.0,100.0,0.0,0.0,0.0,36.5,6.8493150684931505
XnivpIhPEV8WL39S,36.0125,78,16,93.75,0.0,100.0,0.0,0.0,0.0,39.0,0.0
kinToK3L1ZH5106k,36.0,40,8,100.0,0.0,100.0,0.0,0.0,0.0,20.0,0.0
rqyI7OubgQmOIfpG,36.0,40,6,100.0,0.0,100.0,0.0,0.0,0.0,20.0,0.0
VruDceE3Z999Cpo1,36.0,40,7,100.0,0.0,100.0,0.0,0.0,0.0,20.0,0.0
AudVzGHOUGxDTBXc,36.0,40,8,100.0,0.0,100.0,0.0,0.0,0.0,20.0,0.0
kPUj3nUprvchvrhE,36.0,40,8,100.0,0.0,100.0,0.0,0.0,0.0,20.0,0.0
Eu1lFwsPlTGT6Q3m,35.993376068376065,72,13,92.3076923076923,0.0,100.0,0.0,0.0,0.0,36.0,6.944444444444444
O4kWZMuLVIzCDESd,35.992815249266854,62,11,90.9090909090909,0.0,100.0,0.0,0.0,0.0,31.0,16.129032258064516
k1Iz3TosZk6xvAnJ,35.99230769230769,72,13,92.3076923076923,0.0,76.92307692307693,33.07692307692308,0.0,0.0,36.0,0.0
P08eVRjbDTvcfedl,35.97857142857143,82,14,92.85714285714286,0.0,100.0,0.0,0.0,0.0,41.0,0.0
JL1oKf5gzR0VtxCP,35.975,39,8,100.0,0.0,100.0,0.0,0.0,0.0,19.5,0.0
kM0IDYRoPHBYRrcd,35.975,39,7,100.0,0.0,100.0,0.0,0.0,0.0,19.5,0.0
FWAXypQCUOknKU1w,35.975,79,15,93.33333333333333,0.0,100.0,0.0,0.0,0.0,39.5,0.0
bWa40fopd11ROkUh,35.975,39,6,100.0,0.0,100.0,0.0,0.0,0.0,19.5,0.0
aoscld96F3oBeFtu,35.975,39,8,100.0,0.0,100.0,0.0,0.0,0.0,19.5,0.0
9Gf8JfyQEf5FCQgh,35.975,39,6,100.0,0.0,100.0,0.0,0.0,0.0,19.5,0.0
ESinjOrHCAp8lNSc,35.975,79,15,93.33333333333333,0.0,100.0,0.0,0.0,0.0,39.5,0.0
JbFpBA7V5XTOtK9F,35.975,39,7,100.0,0.0,100.0,0.0,0.0,0.0,19.5,0.0
WKQjvXvHXpdamZ1w,35.975,39,9,100.0,0.0,100.0,0.0,0.0,0.0,19.5,0.0
NgU23cGHw1osJ6Ip,35.975,39,5,100.0,0.0,100.0,0.0,0.0,0.0,19.5,0.0
UWZaMgyybh0aW1P7,35.96764705882353,74,17,94.11764705882352,0.0,100.0,0.0,0.0,0.0,37.0,0.0
e5uqF0vLwbhZm2WZ,35.95450558213716,57,11,90.9090909090909,0.0,90.9090909090909,0.0,0.0,45.45454545454545,28.5,8.771929824561402
WfgqNjfP74ytopVs,35.95357142857143,81,14,92.85714285714286,0.0,100.0,0.0,0.0,0.0,40.5,0.0
9CAkl2biUpQq8VSV,35.95357142857143,81,14,92.85714285714286,0.0,100.0,0.0,0.0,0.0,40.5,0.0
h6OV8RYb477Elahf,35.9532967032967,70,13,92.3076923076923,0.0,100.0,0.0,0.0,0.0,35.0,7.142857142857142
0mqbB5m2yIbe4NMc,35.95,78,15,93.33333333333333,0.0,100.0,0.0,0.0,0.0,39.0,0.0
DhHiFWxTsJUcfuFh,35.95,78,15,93.33333333333333,0.0,100.0,0.0,0.0,0.0,39.0,0.0
URoWXipJITCRADy2,35.93347268673356,69,13,92.3076923076923,0.0,100.0,0.0,0.0,0.0,34.5,7.246376811594203
XujX3g08HRinUcDy,35.92857142857143,80,14,92.85714285714286,0.0,100.0,0.0,0.0,0.0,40.0,0.0
4KErc7eR7r5IKQcl,35.925,87,16,100.0,0.0,93.75,0.0,0.0,0.0,43.5,0.0
C9K4ImPGDT7fQpvw,35.925,37,7,100.0,0.0,100.0,0.0,0.0,0.0,18.5,0.0
uCE3ViqlRL0uZsmf,35.925,77,15,93.33333333333333,0.0,100.0,0.0,0.0,0.0,38.5,0.0
bfU4V6lm5iKV7OBe,35.91919642857143,64,14,92.85714285714286,0.0,100.0,0.0,0.0,0.0,32.0,7.8125
J3ZY5fFgDuk7sker,35.9125,74,16,93.75,0.0,100.0,0.0,0.0,0.0,37.0,0.0
82mvtOuzWerUo2hw,35.905434782608694,46,8,87.5,0.0,100.0,0.0,0.0,0.0,23.0,32.608695652173914
LwYAWfEBQ6xvJMkj,35.90039682539683,63,14,92.85714285714286,0.0,100.0,0.0,0.0,0.0,31.5,7.936507936507936
fkgRJlc0SMFblme6,35.9,76,15,93.33333333333333,0.0,100.0,0.0,0.0,0.0,38.0,0.0
VPBr1xiRUv4EDCwX,35.896153846153844,82,13,92.3076923076923,0.0,100.0,0.0,0.0,0.0,41.0,0.0
beFmgX7qgjEl9wLl,35.88636363636363,50,11,90.9090909090909,0.0,100.0,0.0,0.0,0.0,25.0,20.0
SPpbhWrFeMVxLEKB,35.87857142857143,78,14,92.85714285714286,0.0,100.0,0.0,0.0,0.0,39.0,0.0
USsilUa8S8Kz2X9K,35.875,85,16,100.0,0.0,93.75,0.0,0.0,0.0,42.5,0.0
dixFsmjynPcp7UM8,35.875,75,15,93.33333333333333,0.0,100.0,0.0,0.0,0.0,37.5,0.0
Bwd3l6Rrj5nXHKmw,35.87494172494172,66,13,92.3076923076923,0.0,100.0,0.0,0.0,0.0,33.0,7.575757575757576
l3cmgFmgcKP1yQFH,35.871153846153845,81,13,92.3076923076923,0.0,100.0,0.0,0.0,0.0,40.5,0.0
lPtejBQACA5PGbYP,35.870588235294115,51,8,87.5,0.0,100.0,0.0,0.0,0.0,25.5,29.41176470588235
09ZWIIhy3aQm4xZp,35.865094339622644,53,8,87.5,0.0,100.0,0.0,0.0,0.0,26.5,28.30188679245283
pjsm46TWyF7Ljtgv,35.8634074941452,61,14,92.85714285714286,0.0,100.0,0.0,0.0,0.0,30.5,8.196721311475411
xZThV64P8tnr3s7j,35.85357142857143,77,14,92.85714285714286,0.0,100.0,0.0,0.0,0.0,38.5,0.0
q7i5BfOXzAQArEeb,35.85,54,10,80.0,0.0,100.0,0.0,0.0,50.0,27.0,0.0
wfibP5q8ITxaFVBB,35.83677884615385,64,13,92.3076923076923,0.0,100.0,0.0,0.0,0.0,32.0,7.8125
jupdOYr3i2G9L4Fn,35.82857142857143,76,14,92.85714285714286,0.0,100.0,0.0,0.0,0.0,38.0,0.0
NqRJ4Da8BPR8Pd28,35.82857142857143,76,14,92.85714285714286,0.0,100.0,0.0,0.0,0.0,38.0,0.0
BLvb21REZlvMlwcg,35.822457627118645,59,10,90.0,0.0,100.0,0.0,0.0,0.0,29.5,16.949152542372882
sMkYYO8N5kKJ2ofA,35.82115384615385,79,13,92.3076923076923,0.0,100.0,0.0,0.0,0.0,39.5,0.0
xI29vf1DWXsPmlJc,35.82115384615385,79,13,92.3076923076923,0.0,100.0,0.0,0.0,0.0,39.5,0.0
ST1nH2w8W5BhBlSD,35.81206896551724,58,10,90.0,0.0,100.0,0.0,0.0,0.0,29.0,17.241379310344826
3vO4uEV8rlfzUrpu,35.806150793650794,63,16,87.5,0.0,93.75,0.0,0.0,31.25,31.5,15.873015873015872
Q7pgXKzl396CvzSt,35.805769230769236,63,13,100.0,0.0,76.92307692307693,0.0,0.0,76.92307692307693,31.5,0.0
z8BhongwulazPuay,35.80357142857143,75,14,92.85714285714286,0.0,100.0,0.0,0.0,0.0,37.5,0.0
4CXPmLZONWDaqWAM,35.8,72,14,100.0,0.0,71.42857142857143,31.428571428571427,0.0,0.0,36.0,0.0
DgI4YduYOemEhCfE,35.8,72,15,93.33333333333333,0.0,100.0,0.0,0.0,0.0,36.0,0.0
DAixK7a17B1ka1cp,35.79937965260546,62,13,92.3076923076923,0.0,100.0,0.0,0.0,0.0,31.0,8.064516129032258
bfI2CRQ9fGzmFuMM,35.79615384615385,78,13,92.3076923076923,0.0,100.0,0.0,0.0,0.0,39.0,0.0
TcQuwjxCIkIth6bz,35.79615384615385,78,13,92.3076923076923,0.0,100.0,0.0,0.0,0.0,39.0,0.0
PJbM7Q1SrblrSWt6,35.785019392372334,91,17,88.23529411764706,0.0,100.0,0.0,0.0,0.0,45.5,5.4945054945054945
tzQPxC5HChpoevbL,35.78409090909091,55,10,90.0,0.0,100.0,0.0,0.0,0.0,27.5,18.18181818181818
gIsgG41Aja6oboBy,35.77857142857143,74,14,92.85714285714286,0.0,100.0,0.0,0.0,0.0,37.0,0.0
OddwPjSIYgiFouJY,35.775,81,12,91.66666666666666,0.0,100.0,0.0,0.0,0.0,40.5,0.0
HYRx8bCjXaTZH8ef,35.771153846153844,77,13,92.3076923076923,0.0,100.0,0.0,0.0,0.0,38.5,0.0
h1mqRdoFFNeDaX8n,35.76282051282051,60,13,92.3076923076923,0.0,100.0,0.0,0.0,0.0,30.0,8.333333333333334
OgnbsKNw2dtp7GKR,35.75961538461539,65,12,91.66666666666666,0.0,100.0,0.0,0.0,0.0,32.5,7.6923076923076925
yuAlAcaJaxLIbQ3h,35.75539215686274,51,10,90.0,0.0,100.0,0.0,0.0,0.0,25.5,19.607843137254903
XBS5QXXuqkXerXdy,35.752994157741,79,13,76.92307692307693,0.0,100.0,0.0,0.0,38.46153846153847,39.5,6.329113924050633
eSC9eMR9O9e5yo7Z,35.74540816326531,49,10,90.0,0.0,100.0,0.0,0.0,0.0,24.5,20.408163265306122
Sz7jfKGZzxxdtLsX,35.74090909090909,66,11,90.9090909090909,0.0,90.9090909090909,0.0,0.0,45.45454545454545,33.0,0.0
VitdyTslriKuAo1m,35.72857142857143,72,14,92.85714285714286,0.0,100.0,0.0,0.0,0.0,36.0,0.0
iFSqEaAMW62x9pZe,35.725,49,10,80.0,0.0,100.0,0.0,0.0,50.0,24.5,0.0
3qg0jJo2Yo49pD5j,35.725,69,15,93.33333333333333,0.0,100.0,0.0,0.0,0.0,34.5,0.0
OSyR7XSivlOW4Su2,35.72115384615385,75,13,92.3076923076923,0.0,100.0,0.0,0.0,0.0,37.5,0.0
iGw8dBFykxhv6Rp1,35.72115384615385,75,13,92.3076923076923,0.0,100.0,0.0,0.0,0.0,37.5,0.0
BSIVwpVQ86048HRM,35.72115384615385,75,13,92.3076923076923,0.0,100.0,0.0,0.0,0.0,37.5,0.0
R9gl1wyBnGoAhWuh,35.7,78,12,91.66666666666666,0.0,100.0,0.0,0.0,0.0,39.0,0.0
fw7lp5IzCyEmIXQl,35.7,68,14,100.0,0.0,71.42857142857143,31.428571428571427,0.0,0.0,34.0,0.0
YT9l79SoiGWSa38W,35.7,68,15,93.33333333333333,0.0,100.0,0.0,0.0,0.0,34.0,0.0
auSaTvnDKYu5oJey,35.69615384615385,74,13,92.3076923076923,0.0,100.0,0.0,0.0,0.0,37.0,0.0
2OdfQFZuXk2k2ELW,35.69615384615385,74,13,92.3076923076923,0.0,100.0,0.0,0.0,0.0,37.0,0.0
T1q6KGtToB7krfHy,35.69615384615385,74,13,92.3076923076923,0.0,100.0,0.0,0.0,0.0,37.0,0.0
xYEOjcHbjs8hbYsf,35.68978494623655,62,9,88.88888888888889,0.0,100.0,0.0,0.0,0.0,31.0,16.129032258064516
Id34joOtZXOrwBGs,35.68978494623655,62,9,88.88888888888889,0.0,100.0,0.0,0.0,0.0,31.0,16.129032258064516
UoyBxnNCPHHwHCZt,35.68483606557377,61,12,91.66666666666666,0.0,100.0,0.0,0.0,0.0,30.5,8.196721311475411
fBZpq2PTo2Rco8gd,35.68449796472184,67,11,90.9090909090909,0.0,100.0,0.0,0.0,0.0,33.5,7.462686567164179
o2LPHMHZm2cyxdWo,35.67857142857143,70,14,92.85714285714286,0.0,100.0,0.0,0.0,0.0,35.0,0.0
8wN1va4ksj9qPXiA,35.675,47,10,80.0,0.0,100.0,0.0,0.0,50.0,23.5,0.0
6LbgMnZuGTXVGYLT,35.67115384615385,73,13,92.3076923076923,0.0,100.0,0.0,0.0,0.0,36.5,0.0
U7aZFNSmheajM4hH,35.67115384615385,73,13,92.3076923076923,0.0,100.0,0.0,0.0,0.0,36.5,0.0
m5l4DakhAqWJT7EV,35.67115384615385,73,13,92.3076923076923,0.0,100.0,0.0,0.0,0.0,36.5,0.0
STzzzgoU04SrFnkY,35.67115384615385,73,13,92.3076923076923,0.0,100.0,0.0,0.0,0.0,36.5,0.0
YwshaF7RjDRjH9sN,35.67115384615385,73,13,92.3076923076923,0.0,100.0,0.0,0.0,0.0,36.5,0.0
cC6ZKPmuMEGj9dCg,35.671052631578945,90,19,89.47368421052632,0.0,100.0,0.0,0.0,0.0,45.0,0.0
gOSvNjpr6SBzuje2,35.666666666666664,60,12,91.66666666666666,0.0,100.0,0.0,0.0,0.0,30.0,8.333333333333334
uWJVE3zJGDTFCNlx,35.665909090909096,63,11,90.9090909090909,0.0,90.9090909090909,0.0,0.0,45.45454545454545,31.5,0.0
xAcjpX3hdUBtXcCX,35.66515151515151,66,11,90.9090909090909,0.0,100.0,0.0,0.0,0.0,33.0,7.575757575757576
bXNXO8827HliedrZ,35.65357142857143,69,14,92.85714285714286,0.0,100.0,0.0,0.0,0.0,34.5,0.0
xZFuryblCoqPew5f,35.65,76,12,91.66666666666666,0.0,100.0,0.0,0.0,0.0,38.0,0.0
n8zeIymEgvK9CO5t,35.65,76,12,91.66666666666666,0.0,100.0,0.0,0.0,0.0,38.0,0.0
B3LF272aHYwAW2Cu,35.64872881355932,59,12,91.66666666666666,0.0,100.0,0.0,0.0,0.0,29.5,8.474576271186441
YsJV2oQ87wPJ8BOk,35.64872881355932,59,12,91.66666666666666,0.0,100.0,0.0,0.0,0.0,29.5,8.474576271186441
utGWhpJzyXyTEwt1,35.646153846153844,72,13,92.3076923076923,0.0,100.0,0.0,0.0,0.0,36.0,0.0
63QHtDP9bdE2zBRg,35.633333333333326,92,18,88.88888888888889,0.0,100.0,0.0,0.0,0.0,46.0,0.0
B91D6rYSd5HRKgkR,35.63103448275862,58,12,91.66666666666666,0.0,100.0,0.0,0.0,0.0,29.0,8.620689655172413
DoDxvmRTqqMV7bih,35.621153846153845,71,13,92.3076923076923,0.0,100.0,0.0,0.0,0.0,35.5,0.0
ZOatEE55qiuQIx9N,35.621153846153845,71,13,92.3076923076923,0.0,100.0,0.0,0.0,0.0,35.5,0.0
65jDI4xojsOUl99y,35.621153846153845,71,13,92.3076923076923,0.0,100.0,0.0,0.0,0.0,35.5,0.0
Rz2FDwjEXaChj4CK,35.608189033189035,63,11,90.9090909090909,0.0,100.0,0.0,0.0,0.0,31.5,7.936507936507936
cYe2z3PkTdVPzTpD,35.605172413793106,58,10,80.0,0.0,100.0,0.0,0.0,0.0,29.0,43.10344827586207
hYRAqHUaC812iOCO,35.6,74,12,91.66666666666666,0.0,100.0,0.0,0.0,0.0,37.0,0.0
zFqR3L87KNdjd0oQ,35.6,74,12,91.66666666666666,0.0,100.0,0.0,0.0,0.0,37.0,0.0
P8HwYMKT1VzWqH7A,35.59615384615385,70,13,92.3076923076923,0.0,100.0,0.0,0.0,0.0,35.0,0.0
Jtc8PJLiiOEbz35K,35.589589442815246,62,11,90.9090909090909,0.0,100.0,0.0,0.0,0.0,31.0,8.064516129032258
aeekTnoSbhADL0yv,35.58333333333333,50,9,88.88888888888889,0.0,100.0,0.0,0.0,0.0,25.0,20.0
g3MD4XDApGxG7zTZ,35.57874149659864,49,9,88.88888888888889,0.0,100.0,0.0,0.0,0.0,24.5,20.408163265306122
XtLO9GWKpMCxNwvp,35.57874149659864,49,9,88.88888888888889,0.0,100.0,0.0,0.0,0.0,24.5,20.408163265306122
yiB41hfs9jqnYAQi,35.57857142857143,66,14,92.85714285714286,0.0,100.0,0.0,0.0,0.0,33.0,0.0
cJTod8TqqbR222wI,35.575,73,12,91.66666666666666,0.0,100.0,0.0,0.0,0.0,36.5,0.0
TgXMCiOard173KR8,35.574999999999996,48,9,88.88888888888889,0.0,100.0,0.0,0.0,0.0,24.0,20.833333333333332
JalL0RUsqS0y41i5,35.574999999999996,48,9,88.88888888888889,0.0,100.0,0.0,0.0,0.0,24.0,20.833333333333332
zqaHoco80CpzaBd9,35.57115384615385,69,13,92.3076923076923,0.0,100.0,0.0,0.0,0.0,34.5,0.0
1He1NsieDM2qkPXS,35.57115384615385,69,13,92.3076923076923,0.0,100.0,0.0,0.0,0.0,34.5,0.0
8lGd2LO84KMYDbiq,35.5614010989011,91,16,81.25,0.0,100.0,0.0,0.0,0.0,45.5,21.978021978021978
78OwFiWiJODdTmkj,35.540909090909096,58,11,90.9090909090909,0.0,90.9090909090909,0.0,0.0,45.45454545454545,29.0,0.0
OSYQZaQGaaTqO8wG,35.52857142857143,64,14,92.85714285714286,0.0,100.0,0.0,0.0,0.0,32.0,0.0
MtCWEd4yKS8U1pRL,35.52857142857143,64,14,92.85714285714286,0.0,100.0,0.0,0.0,0.0,32.0,0.0
zQSrZsP0fXhgQTNF,35.52857142857143,64,14,92.85714285714286,0.0,100.0,0.0,0.0,0.0,32.0,0.0
j1RoXbmUVwHMXjK3,35.525,71,12,91.66666666666666,0.0,100.0,0.0,0.0,0.0,35.5,0.0
gP7kGWfDFYMbZ8nO,35.525,71,12,91.66666666666666,0.0,100.0,0.0,0.0,0.0,35.5,0.0
cXQyS96TFprMLydg,35.525,71,12,91.66666666666666,0.0,100.0,0.0,0.0,0.0,35.5,0.0
Zg0QfulBfV4cVxo8,35.521153846153844,67,13,92.3076923076923,0.0,100.0,0.0,0.0,0.0,33.5,0.0
zGccciTvZEHDjM5G,35.505898876404494,89,15,86.66666666666667,0.0,100.0,0.0,0.0,0.0,44.5,5.617977528089887
1LsMAGOsnBq0wVpH,35.5,70,12,91.66666666666666,0.0,100.0,0.0,0.0,0.0,35.0,0.0
PDj1S5WmTa5YGZgF,35.5,70,12,91.66666666666666,0.0,100.0,0.0,0.0,0.0,35.0,0.0
pzETr7KDIvjqMeqh,35.5,70,12,91.66666666666666,0.0,100.0,0.0,0.0,0.0,35.0,0.0
njIa6OVNsrJxGyk1,35.5,70,12,91.66666666666666,0.0,100.0,0.0,0.0,0.0,35.0,0.0
8nyC2jUQfe1uyCWU,35.4999601275917,57,11,90.9090909090909,0.0,100.0,0.0,0.0,0.0,28.5,8.771929824561402
QYGDQDZeRUB87KLg,35.496153846153845,66,13,92.3076923076923,0.0,100.0,0.0,0.0,0.0,33.0,0.0
xmDTodTYrnD5AnhH,35.496153846153845,66,13,92.3076923076923,0.0,100.0,0.0,0.0,0.0,33.0,0.0
u66mQQfmqVfCAllI,35.4827922077922,56,11,90.9090909090909,0.0,100.0,0.0,0.0,0.0,28.0,8.928571428571429
oRKzLbru2nVXQL3l,35.4827922077922,56,11,90.9090909090909,0.0,100.0,0.0,0.0,0.0,28.0,8.928571428571429
mAaCshFdYBaklxkv,35.4827922077922,56,11,90.9090909090909,0.0,100.0,0.0,0.0,0.0,28.0,8.928571428571429
Ym4TxN8Eu760LQIb,35.47857142857143,62,14,92.85714285714286,0.0,100.0,0.0,0.0,0.0,31.0,0.0
ng2CmSayzl1LnQ9P,35.47857142857143,62,14,92.85714285714286,0.0,100.0,0.0,0.0,0.0,31.0,0.0
z6PLTV0idHlI4oZi,35.475,69,12,91.66666666666666,0.0,100.0,0.0,0.0,0.0,34.5,0.0
agEX0GmnjvRQ2VVG,35.475,69,12,91.66666666666666,0.0,100.0,0.0,0.0,0.0,34.5,0.0
9buXSXJAKvaEmlgU,35.475,69,12,91.66666666666666,0.0,100.0,0.0,0.0,0.0,34.5,0.0
JOeej3h27a9peXXY,35.475,69,12,91.66666666666666,0.0,100.0,0.0,0.0,0.0,34.5,0.0
eWCKNzFbJaJYMDtR,35.47115384615385,65,13,92.3076923076923,0.0,100.0,0.0,0.0,0.0,32.5,0.0
fGd6OPCnL7jbUciw,35.465909090909086,55,11,90.9090909090909,0.0,100.0,0.0,0.0,0.0,27.5,9.09090909090909
pc45xQeZU8vgnoQi,35.46111111111111,54,9,100.0,0.0,55.55555555555555,53.33333333333333,0.0,0.0,27.0,0.0
KOeFDGxdF2KkxkqX,35.45833333333333,85,18,88.88888888888889,0.0,100.0,0.0,0.0,0.0,42.5,0.0
m0Nv002bd8eyHdNP,35.45,68,12,91.66666666666666,0.0,100.0,0.0,0.0,0.0,34.0,0.0
HIj2uiUAP18MK9dT,35.45,68,12,91.66666666666666,0.0,100.0,0.0,0.0,0.0,34.0,0.0
BAd9u3XLGAYWCICr,35.45,68,12,91.66666666666666,0.0,100.0,0.0,0.0,0.0,34.0,0.0
MwUzVCGmj8nKSPVY,35.45,68,12,91.66666666666666,0.0,100.0,0.0,0.0,0.0,34.0,0.0
uAH8MMShR5bJPPxI,35.4493265993266,54,11,90.9090909090909,0.0,100.0,0.0,0.0,0.0,27.0,9.25925925925926
Qf7kG5FR0LrYkMQB,35.425,67,12,91.66666666666666,0.0,100.0,0.0,0.0,0.0,33.5,0.0
fn5XUXecqvcjwXJQ,35.425,67,12,91.66666666666666,0.0,100.0,0.0,0.0,0.0,33.5,0.0
rlkjM8EvGLeCdZT4,35.425,67,12,91.66666666666666,0.0,100.0,0.0,0.0,0.0,33.5,0.0
h5xekNhh6ArWFPNl,35.425,77,10,90.0,0.0,100.0,0.0,0.0,0.0,38.5,0.0
7SUEVOQOpMAx7kE7,35.42115384615385,63,13,92.3076923076923,0.0,100.0,0.0,0.0,0.0,31.5,0.0
SEZ3udqaYKnEbf6V,35.416666666666664,60,10,90.0,0.0,100.0,0.0,0.0,0.0,30.0,8.333333333333334
au6o6wuP8GHi2n6q,35.416666666666664,60,10,90.0,0.0,100.0,0.0,0.0,0.0,30.0,8.333333333333334
H7hBCkmIzBvQAc7z,35.416666666666664,60,10,90.0,0.0,100.0,0.0,0.0,0.0,30.0,8.333333333333334
ofAeh9EDA25ICi2M,35.41136363636363,71,11,90.9090909090909,0.0,100.0,0.0,0.0,0.0,35.5,0.0
EnSU1hjHkeOgYelz,35.40909090909091,55,8,87.5,0.0,100.0,0.0,0.0,0.0,27.5,18.18181818181818
JNP2IGx6PkqK9RLe,35.4,66,12,100.0,0.0,83.33333333333333,0.0,0.0,41.666666666666664,33.0,0.0
yrKBNl9DCfh4OKPw,35.4,66,12,91.66666666666666,0.0,100.0,0.0,0.0,0.0,33.0,0.0
3xcJOXyKiQ1iD283,35.38653846153846,52,8,87.5,0.0,100.0,0.0,0.0,0.0,26.0,19.230769230769234
D4NdO18uVJ0pdqEa,35.38103448275862,58,10,90.0,0.0,100.0,0.0,0.0,0.0,29.0,8.620689655172413
50yTdPoz2Cnnyerl,35.38039215686274,51,8,87.5,0.0,100.0,0.0,0.0,0.0,25.5,19.607843137254903
mMd6IDI7nQQsWFzD,35.37620481927711,83,15,86.66666666666667,0.0,100.0,0.0,0.0,0.0,41.5,6.024096385542169
xOyPD5ploJUPZmyG,35.375,50,8,87.5,0.0,100.0,0.0,0.0,0.0,25.0,20.0
Xmv7RLL129SILBPl,35.375,65,12,91.66666666666666,0.0,100.0,0.0,0.0,0.0,32.5,0.0
Olicgej41Y1E0ZaU,35.375,50,8,87.5,0.0,100.0,0.0,0.0,0.0,25.0,20.0
O7jjWrI8DbLUVJEj,35.375,65,12,91.66666666666666,0.0,100.0,0.0,0.0,0.0,32.5,0.0
NvGXQiMqIApYZdMK,35.371567717996285,49,11,90.9090909090909,0.0,100.0,0.0,0.0,0.0,24.5,10.204081632653061
qGewAMU0JVuDSbWd,35.36730769230769,77,13,92.3076923076923,0.0,76.92307692307693,28.076923076923077,0.0,0.0,38.5,0.0
HAeGBRWQSOHV9mWa,35.36547619047619,42,8,87.5,0.0,100.0,0.0,0.0,0.0,21.0,23.809523809523807
BqjxsMCIdyroEfN1,35.36382978723404,47,8,87.5,0.0,100.0,0.0,0.0,0.0,23.5,21.27659574468085
6Yqpt1KPtWQAvi6B,35.363596491228066,57,10,90.0,0.0,100.0,0.0,0.0,0.0,28.5,8.771929824561402
Cq6Gl8Soa3X8cKTC,35.363596491228066,57,10,90.0,0.0,100.0,0.0,0.0,0.0,28.5,8.771929824561402
tvgRo3Z7BozWwUMa,35.361363636363635,44,8,87.5,0.0,100.0,0.0,0.0,0.0,22.0,22.727272727272727
Sb3ZUbfukWVZOLff,35.361363636363635,69,11,90.9090909090909,0.0,100.0,0.0,0.0,0.0,34.5,0.0
od6jHCuZCrcwGNW6,35.361363636363635,69,11,90.9090909090909,0.0,100.0,0.0,0.0,0.0,34.5,0.0
Pxm5ccCmaKwbQ7xP,35.361363636363635,69,11,90.9090909090909,0.0,100.0,0.0,0.0,0.0,34.5,0.0
CVR2Vu4i90he5kCV,35.361363636363635,44,8,87.5,0.0,100.0,0.0,0.0,0.0,22.0,22.727272727272727
bGnOHxbCzvZNDwNu,35.361363636363635,69,11,90.9090909090909,0.0,100.0,0.0,0.0,0.0,34.5,0.0
vRLYsG33GZlUeHHr,35.35,64,12,91.66666666666666,0.0,100.0,0.0,0.0,0.0,32.0,0.0
x017XxFquIzhGVaS,35.35,64,12,91.66666666666666,0.0,100.0,0.0,0.0,0.0,32.0,0.0
pm4ks2pz6kLBiaZI,35.35,64,12,91.66666666666666,0.0,100.0,0.0,0.0,0.0,32.0,0.0
SL9zBwTQiNt0Hm2c,35.35,64,12,91.66666666666666,0.0,100.0,0.0,0.0,0.0,32.0,0.0
LKRUyhnHdCeJR48y,35.34642857142857,56,10,90.0,0.0,100.0,0.0,0.0,0.0,28.0,8.928571428571429
68CNOhib0Ck65VUc,35.34615384615385,60,13,92.3076923076923,0.0,100.0,0.0,0.0,0.0,30.0,0.0
11iuHKmFVcYPIuRH,35.336363636363636,68,11,90.9090909090909,0.0,100.0,0.0,0.0,0.0,34.0,0.0
Xf53GrwovECETF4H,35.32954545454545,55,10,90.0,0.0,100.0,0.0,0.0,0.0,27.5,9.09090909090909
kKylVAokTEnk9q8o,35.32954545454545,55,10,90.0,0.0,100.0,0.0,0.0,0.0,27.5,9.09090909090909
oaiVyeVItbixF0J6,35.325,63,12,91.66666666666666,0.0,100.0,0.0,0.0,0.0,31.5,0.0
ZVpObjxibMqvkSmX,35.325,63,12,91.66666666666666,0.0,100.0,0.0,0.0,0.0,31.5,0.0
T3Hhat7cR2M3fvD4,35.31730769230769,80,13,84.61538461538461,0.0,100.0,0.0,0.0,0.0,40.0,12.5
4GtMFxyYwU7CISo1,35.31296296296296,54,10,90.0,0.0,100.0,0.0,0.0,0.0,27.0,9.25925925925926
Tgfx62G09qIZHOyd,35.31136363636363,67,11,90.9090909090909,0.0,100.0,0.0,0.0,0.0,33.5,0.0
A3HYU3omvwSCaZFC,35.3,62,12,91.66666666666666,0.0,100.0,0.0,0.0,0.0,31.0,0.0
tM5D6cpTucAFuDGN,35.3,62,12,91.66666666666666,0.0,100.0,0.0,0.0,0.0,31.0,0.0
yFRbgVWfzCGhhZB7,35.299367088607596,79,16,93.75,0.0,62.5,38.75,0.0,0.0,39.5,18.9873417721519
mwMsIlO63Yi6qxis,35.29669811320755,53,10,90.0,0.0,100.0,0.0,0.0,0.0,26.5,9.433962264150942
Z8vLvdiAnTvBaFFF,35.29669811320755,53,10,90.0,0.0,100.0,0.0,0.0,0.0,26.5,9.433962264150942
nvIX2ptLkT4ymJLX,35.29669811320755,53,10,90.0,0.0,100.0,0.0,0.0,0.0,26.5,9.433962264150942
BuM3VCVtq1WkwjyQ,35.29669811320755,53,10,90.0,0.0,100.0,0.0,0.0,0.0,26.5,9.433962264150942
qomJvZp4iU99s8D9,35.28636363636363,66,11,90.9090909090909,0.0,100.0,0.0,0.0,0.0,33.0,0.0
TtTnSy5eeAIyhgty,35.28076923076923,52,10,90.0,0.0,100.0,0.0,0.0,0.0,26.0,9.615384615384617
u39hfeqkUqhksSZG,35.275,61,12,91.66666666666666,0.0,100.0,0.0,0.0,0.0,30.5,0.0
l1FKZyakrkxCdpWn,35.275,61,12,91.66666666666666,0.0,100.0,0.0,0.0,0.0,30.5,0.0
1S6xfB2gpBLzHfz3,35.275,91,15,86.66666666666667,0.0,100.0,0.0,0.0,0.0,45.5,0.0
onqijI8wSzkX8XHo,35.26519607843137,51,10,90.0,0.0,100.0,0.0,0.0,0.0,25.5,9.803921568627452
H6MlB7cGEGI4lZ6J,35.26136363636363,65,11,90.9090909090909,0.0,100.0,0.0,0.0,0.0,32.5,0.0
ewYlEIEmas0JBluR,35.26136363636363,65,11,90.9090909090909,0.0,100.0,0.0,0.0,0.0,32.5,0.0
km5oTMjgRI2GUow5,35.26136363636363,65,11,90.9090909090909,0.0,100.0,0.0,0.0,0.0,32.5,0.0
gT7S2CnDnp1MEZOQ,35.260310734463275,59,12,100.0,0.0,83.33333333333333,0.0,0.0,0.0,29.5,42.3728813559322
RjevXoIyhg9vhhf6,35.25,50,10,90.0,0.0,100.0,0.0,0.0,0.0,25.0,10.0
IgAEcrBJSBeefq48,35.25,70,10,90.0,0.0,100.0,0.0,0.0,0.0,35.0,0.0
tcCABqiaCP5yRnjE,35.236363636363635,64,11,90.9090909090909,0.0,100.0,0.0,0.0,0.0,32.0,0.0
Ni8dhjp9FzmeEDtL,35.236363636363635,64,11,90.9090909090909,0.0,100.0,0.0,0.0,0.0,32.0,0.0
D7zlLklBBBCG1SGa,35.225,59,12,91.66666666666666,0.0,100.0,0.0,0.0,0.0,29.5,0.0
twBcwQMYx0zntp7W,35.22115384615385,55,13,92.3076923076923,0.0,100.0,0.0,0.0,0.0,27.5,0.0
Jw7OQBmnEwK3GSUr,35.22083333333334,48,10,90.0,0.0,100.0,0.0,0.0,0.0,24.0,10.416666666666666
UCmTes0kh1EQvyir,35.21436781609195,58,9,88.88888888888889,0.0,100.0,0.0,0.0,0.0,29.0,8.620689655172413
r1aNILha3nLcLhkd,35.211363636363636,63,11,90.9090909090909,0.0,100.0,0.0,0.0,0.0,31.5,0.0
s2tr2CsJMaXrFBbC,35.211363636363636,63,11,90.9090909090909,0.0,100.0,0.0,0.0,0.0,31.5,0.0
qnW8puo8BDxRCREF,35.211363636363636,63,11,90.9090909090909,0.0,100.0,0.0,0.0,0.0,31.5,0.0
LRhUM45y2hkZEzzi,35.211363636363636,63,11,90.9090909090909,0.0,100.0,0.0,0.0,0.0,31.5,0.0
h2R9mjajbzfSnNZO,35.20691489361702,47,10,90.0,0.0,100.0,0.0,0.0,0.0,23.5,10.638297872340425
1BlKycOk8YTM2B8P,35.20691489361702,47,10,90.0,0.0,100.0,0.0,0.0,0.0,23.5,10.638297872340425
vU7El68vyk9Kkz8L,35.2,68,10,90.0,0.0,100.0,0.0,0.0,0.0,34.0,0.0
Y1yJ4jTNbVxTixzv,35.2,58,12,91.66666666666666,0.0,100.0,0.0,0.0,0.0,29.0,0.0
BnqtRsnOMqzGXMyV,35.2,58,12,91.66666666666666,0.0,100.0,0.0,0.0,0.0,29.0,0.0
6bPvYAA2TKY8oFvt,35.2,58,12,91.66666666666666,0.0,100.0,0.0,0.0,0.0,29.0,0.0
Yw2t4EqC9ZzSM9vc,35.2,58,12,91.66666666666666,0.0,100.0,0.0,0.0,0.0,29.0,0.0
Fbs5fvY9uFI8OgpO,35.2,58,12,91.66666666666666,0.0,100.0,0.0,0.0,0.0,29.0,0.0
shKRIy5z0w9XZjsc,35.2,88,15,86.66666666666667,0.0,100.0,0.0,0.0,0.0,44.0,0.0
RnBNbzS6guTYSwcQ,35.191433566433574,65,11,100.0,0.0,90.9090909090909,0.0,0.0,0.0,32.5,7.6923076923076925
udO0a0woU9rlqbIQ,35.18783783783784,74,15,86.66666666666667,0.0,100.0,0.0,0.0,0.0,37.0,6.756756756756757
nWVWouw5rGRBrdex,35.18529411764706,78,17,88.23529411764706,0.0,100.0,0.0,0.0,0.0,39.0,0.0
89P7zcSPms2WZGNF,35.18055555555556,45,10,90.0,0.0,100.0,0.0,0.0,0.0,22.5,11.11111111111111
Gh9CnJ3UB9Ig6ywl,35.18055555555556,45,10,90.0,0.0,100.0,0.0,0.0,0.0,22.5,11.11111111111111
yYRvosFyWsfqsYjU,35.1797619047619,56,9,88.88888888888889,0.0,100.0,0.0,0.0,0.0,28.0,8.928571428571429
42YP1QnJp3bRFDv3,35.175,57,12,91.66666666666666,0.0,100.0,0.0,0.0,0.0,28.5,0.0
KYgjhPQJFbz60k84,35.175,67,10,90.0,0.0,100.0,0.0,0.0,0.0,33.5,0.0
gzmjFOb9mPrKhqg3,35.16818181818182,44,10,90.0,0.0,100.0,0.0,0.0,0.0,22.0,11.363636363636363
0JyWVVHSH9E8N9kr,35.167378048780485,82,16,93.75,0.0,93.75,0.0,0.0,0.0,41.0,6.097560975609756
Y8q5eGRNcW8Qiss8,35.16287878787878,55,9,88.88888888888889,0.0,100.0,0.0,0.0,0.0,27.5,9.09090909090909
GAg3RfvBZ4R1YXWk,35.16287878787878,55,9,88.88888888888889,0.0,100.0,0.0,0.0,0.0,27.5,9.09090909090909
dvKdrhhDQ1KO2REC,35.16287878787878,55,9,88.88888888888889,0.0,100.0,0.0,0.0,0.0,27.5,9.09090909090909
VE514TqfK57aRAzM,35.16136363636363,61,11,90.9090909090909,0.0,100.0,0.0,0.0,0.0,30.5,0.0
aM59jb6dv2YVQzlz,35.16136363636363,61,11,90.9090909090909,0.0,100.0,0.0,0.0,0.0,30.5,0.0
vYmG0yKqCKWakw3s,35.15364357864359,63,11,100.0,0.0,90.9090909090909,0.0,0.0,0.0,31.5,7.936507936507936
ZVy4yTSrn8cJybZs,35.14629629629629,54,9,88.88888888888889,0.0,100.0,0.0,0.0,0.0,27.0,9.25925925925926
aFm4oxbaATq2SuXu,35.14629629629629,54,9,88.88888888888889,0.0,100.0,0.0,0.0,0.0,27.0,9.25925925925926
ddLEG62Hkd9Gf2le,35.14629629629629,54,9,88.88888888888889,0.0,100.0,0.0,0.0,0.0,27.0,9.25925925925926
ZgfgTMDHDU4YhIdM,35.142307692307696,68,13,92.3076923076923,0.0,76.92307692307693,28.076923076923077,0.0,0.0,34.0,0.0
RWUXQR1iOg5OPctY,35.1375,93,16,93.75,0.0,93.75,0.0,0.0,0.0,46.5,0.0
GvOh4O9I6ZW0Xzlz,35.125,65,10,90.0,0.0,100.0,0.0,0.0,0.0,32.5,0.0
cgHXQVtbKWtO5num,35.125,80,16,87.5,0.0,100.0,0.0,0.0,0.0,40.0,0.0
w43RV4s4kHGtypEU,35.111363636363635,59,11,90.9090909090909,0.0,100.0,0.0,0.0,0.0,29.5,0.0
RBJFdw8PQyYHuSAA,35.10941514536849,87,17,100.0,0.0,88.23529411764706,0.0,0.0,0.0,43.5,5.747126436781609
s3QiiaePbjU4FQBi,35.10395569620253,79,16,93.75,0.0,93.75,0.0,0.0,0.0,39.5,6.329113924050633
urBljT2akekmVUFR,35.1,64,10,90.0,0.0,100.0,0.0,0.0,0.0,32.0,0.0
VmrEALeZiP1Y6nF9,35.1,79,16,87.5,0.0,100.0,0.0,0.0,0.0,39.5,0.0
llVd1G8jl4dtsHsQ,35.09880952380952,48,7,85.71428571428571,0.0,100.0,0.0,0.0,0.0,24.0,20.833333333333332
HSFHB8bewdGTWOZo,35.0985294117647,51,9,88.88888888888889,0.0,100.0,0.0,0.0,0.0,25.5,9.803921568627452
0mMw0RdPTZdCGBCC,35.0985294117647,51,9,88.88888888888889,0.0,100.0,0.0,0.0,0.0,25.5,9.803921568627452
BzslBC3Y4o34xeZj,35.09848484848485,60,11,100.0,0.0,90.9090909090909,0.0,0.0,0.0,30.0,8.333333333333334
F3A5l57g0TlTmzZc,35.086363636363636,58,11,90.9090909090909,0.0,100.0,0.0,0.0,0.0,29.0,0.0
TviLw2mCVDYq403b,35.086363636363636,58,11,90.9090909090909,0.0,100.0,0.0,0.0,0.0,29.0,0.0
cLZBesMYcK62fadM,35.086363636363636,58,11,90.9090909090909,0.0,100.0,0.0,0.0,0.0,29.0,0.0
wb0zaLRZ2Vv166Gc,35.08333333333333,50,9,88.88888888888889,0.0,100.0,0.0,0.0,0.0,25.0,10.0
Cnq5UY0iyZ1XvI2E,35.075,63,10,90.0,0.0,100.0,0.0,0.0,0.0,31.5,0.0
vIrJvJdvkZzplQhh,35.075,63,10,90.0,0.0,100.0,0.0,0.0,0.0,31.5,0.0
vUAimd7mMDtq2bG6,35.075,63,10,90.0,0.0,100.0,0.0,0.0,0.0,31.5,0.0
Nqv4bpCZ0wrJ38cX,35.06853741496598,49,9,88.88888888888889,0.0,100.0,0.0,0.0,0.0,24.5,10.204081632653061
JDOK60RkT379FsR1,35.06136363636363,57,11,90.9090909090909,0.0,100.0,0.0,0.0,0.0,28.5,0.0
whOi8uoG5Pd3PYAm,35.06136363636363,57,11,90.9090909090909,0.0,100.0,0.0,0.0,0.0,28.5,0.0
C3NGmXzmerBkRt83,35.06029411764706,73,17,88.23529411764706,0.0,100.0,0.0,0.0,0.0,36.5,0.0
XtSzA1aS8OyoGTY0,35.05416666666667,48,9,88.88888888888889,0.0,100.0,0.0,0.0,0.0,24.0,10.416666666666666
oXTjLStwRDHB866F,35.04541467304625,57,11,100.0,0.0,90.9090909090909,0.0,0.0,0.0,28.5,8.771929824561402
WJDW1zDD3QB2dayr,35.03636363636363,56,11,90.9090909090909,0.0,100.0,0.0,0.0,0.0,28.0,0.0
5nSR44wop9nxbh9z,35.03636363636363,56,11,90.9090909090909,0.0,100.0,0.0,0.0,0.0,28.0,0.0
1hIfwyb2v2skEdDM,35.028246753246755,56,11,100.0,0.0,90.9090909090909,0.0,0.0,0.0,28.0,8.928571428571429
3NyZ0vCSVx2mWPFY,35.028246753246755,56,11,100.0,0.0,90.9090909090909,0.0,0.0,0.0,28.0,8.928571428571429
puiTYVFR8BZlYZwv,35.02681159420289,46,9,88.88888888888889,0.0,100.0,0.0,0.0,0.0,23.0,10.869565217391305
CrpQuvnD9Mvb6SiP,35.025,76,16,87.5,0.0,100.0,0.0,0.0,0.0,38.0,0.0
Dr31M63JkeHjCs0q,35.025,81,15,86.66666666666667,0.0,100.0,0.0,0.0,0.0,40.5,0.0
Msau6OaqEiWAbNE3,35.025,61,10,90.0,0.0,100.0,0.0,0.0,0.0,30.5,0.0
6uyPGvm01Ma1LgRC,35.01831550802139,51,11,81.81818181818183,0.0,100.0,0.0,0.0,0.0,25.5,29.41176470588235
OPirApb1YBhVAi22,35.01136363636363,55,11,90.9090909090909,0.0,100.0,0.0,0.0,0.0,27.5,0.0
bO9QgncZi5axXAKI,35.00681818181819,73,11,100.0,0.0,90.9090909090909,0.0,0.0,0.0,36.5,0.0
qM6httunpFS9w1lb,35.00151515151515,44,9,88.88888888888889,0.0,100.0,0.0,0.0,0.0,22.0,11.363636363636363
FEz35iQHIZ9nA7pB,35.0,60,10,90.0,0.0,100.0,0.0,0.0,0.0,30.0,0.0
rPC4VZoIhgoYnCdQ,35.0,60,10,90.0,0.0,100.0,0.0,0.0,0.0,30.0,0.0
53I5vDY0A7Vd1HtK,35.0,80,15,86.66666666666667,0.0,100.0,0.0,0.0,0.0,40.0,0.0
xG4FDgZUEW1u6nxu,34.9875,87,16,93.75,0.0,93.75,0.0,0.0,0.0,43.5,0.0
R2KvElU31GpMCHma,34.978516295025734,53,11,100.0,0.0,90.9090909090909,0.0,0.0,0.0,26.5,9.433962264150942
h3s3bpBSLzOuTyzy,34.975,79,15,86.66666666666667,0.0,100.0,0.0,0.0,0.0,39.5,0.0
tGw27fQsPjdjxM0p,34.975,59,10,90.0,0.0,100.0,0.0,0.0,0.0,29.5,0.0
aSv0h3BSiEeoyfUZ,34.9625,86,16,93.75,0.0,93.75,0.0,0.0,0.0,43.0,0.0
SPJhiXny2jrTlsNP,34.961363636363636,53,11,90.9090909090909,0.0,100.0,0.0,0.0,0.0,26.5,0.0
FSdjngDqO59ciHVe,34.961363636363636,53,11,90.9090909090909,0.0,100.0,0.0,0.0,0.0,26.5,0.0
vA5PxE8sNbkxcs7j,34.956818181818186,71,11,100.0,0.0,90.9090909090909,0.0,0.0,0.0,35.5,0.0
xZZqBxx577puIwe9,34.956818181818186,71,11,100.0,0.0,90.9090909090909,0.0,0.0,0.0,35.5,0.0
EMMr9Uqpm1hFIkCo,34.95,58,10,90.0,0.0,100.0,0.0,0.0,0.0,29.0,0.0
Mzk8N5UXVbRfb7CN,34.95,58,10,90.0,0.0,100.0,0.0,0.0,0.0,29.0,0.0
JY5Qoovx8wzpGxLJ,34.93636363636363,52,11,90.9090909090909,0.0,100.0,0.0,0.0,0.0,26.0,0.0
BJNdu54JXecIRb8h,34.93636363636363,52,11,90.9090909090909,0.0,100.0,0.0,0.0,0.0,26.0,0.0
yuOHmE0mTFMTlEsU,34.93181818181819,70,11,100.0,0.0,90.9090909090909,0.0,0.0,0.0,35.0,0.0
XjXPcxrzrDPZ6vt1,34.93181818181819,70,11,100.0,0.0,90.9090909090909,0.0,0.0,0.0,35.0,0.0
XwlpP5otmI1pUXZY,34.92692307692308,74,13,92.3076923076923,0.0,76.92307692307693,0.0,38.46153846153847,0.0,37.0,0.0
6kWodZ3gz78rUob6,34.925,57,10,90.0,0.0,100.0,0.0,0.0,0.0,28.5,0.0
Y4HzzVFg7wuqrA4b,34.925,57,10,90.0,0.0,100.0,0.0,0.0,0.0,28.5,0.0
OpEIfYoh4P1NexgG,34.925,57,10,90.0,0.0,100.0,0.0,0.0,0.0,28.5,0.0
oTdHbBKuJer5PA4E,34.925,77,15,86.66666666666667,0.0,100.0,0.0,0.0,0.0,38.5,0.0
kG2FiZcneMx1thM5,34.91666666666667,70,15,100.0,0.0,33.333333333333336,76.66666666666667,0.0,0.0,35.0,0.0
AoMMqNv6MsamJKwu,34.91136363636363,51,11,90.9090909090909,0.0,100.0,0.0,0.0,0.0,25.5,0.0
fvHJi4UUe1H39D9c,34.91136363636363,51,11,90.9090909090909,0.0,100.0,0.0,0.0,0.0,25.5,0.0
sT9Md8X0lOFCam2Q,34.90714285714285,82,14,100.0,0.0,71.42857142857143,0.0,35.714285714285715,0.0,41.0,0.0
VO8WpcESrIkQWSUa,34.90681818181819,69,11,100.0,0.0,90.9090909090909,0.0,0.0,0.0,34.5,0.0
GgFMoSscz2vQkSEZ,34.90681818181819,69,11,100.0,0.0,90.9090909090909,0.0,0.0,0.0,34.5,0.0
kZLBPQwB8giZdY18,34.9,56,10,90.0,0.0,100.0,0.0,0.0,0.0,28.0,0.0
DoCgLHZTPOxW7RRh,34.89019607843137,51,8,87.5,0.0,100.0,0.0,0.0,0.0,25.5,9.803921568627452
TPYcy4OqXINdMdQg,34.8875,83,16,93.75,0.0,93.75,0.0,0.0,0.0,41.5,0.0
50LI0lgOmqH7AkKI,34.88181818181819,68,11,100.0,0.0,90.9090909090909,0.0,0.0,0.0,34.0,0.0
Xqbz7HRIqemmmDof,34.88181818181819,68,11,100.0,0.0,90.9090909090909,0.0,0.0,0.0,34.0,0.0
K3LdBxXEseSALJqP,34.875,55,10,90.0,0.0,100.0,0.0,0.0,0.0,27.5,0.0
rTe2jJ4aqsCg43kc,34.875,55,10,90.0,0.0,100.0,0.0,0.0,0.0,27.5,0.0
2WuwF8h57zBZol9G,34.875,55,10,90.0,0.0,100.0,0.0,0.0,0.0,27.5,0.0
maBFo4aUQIoZdoJ5,34.875,55,10,90.0,0.0,100.0,0.0,0.0,0.0,27.5,0.0
q7lH9zMKOb4UUQ0s,34.8625,82,16,93.75,0.0,93.75,0.0,0.0,0.0,41.0,0.0
guOhV0tt0GEBkg77,34.85977344573235,73,13,84.61538461538461,0.0,100.0,0.0,0.0,0.0,36.5,6.8493150684931505
URuJIbnKRvZ64Ywe,34.857142857142854,80,14,100.0,0.0,71.42857142857143,0.0,35.714285714285715,0.0,40.0,0.0
SgPLOWVf8Dy3v194,34.857142857142854,80,14,85.71428571428571,0.0,100.0,0.0,0.0,0.0,40.0,0.0
SGoNc4BiqzEjWHCM,34.856818181818184,67,11,100.0,0.0,90.9090909090909,0.0,0.0,0.0,33.5,0.0
Gk6JNu4U4YradfFH,34.856818181818184,67,11,100.0,0.0,90.9090909090909,0.0,0.0,0.0,33.5,0.0
AAUCVW2HAez5oYoW,34.85,54,10,90.0,0.0,100.0,0.0,0.0,0.0,27.0,0.0
OOTo1bjmAqWhSOBM,34.85,54,10,90.0,0.0,100.0,0.0,0.0,0.0,27.0,0.0
qQb7kITN4Sr5tnJ7,34.85,54,10,90.0,0.0,100.0,0.0,0.0,0.0,27.0,0.0
CoUUBxj5EfFlDl03,34.85,74,15,86.66666666666667,0.0,100.0,0.0,0.0,0.0,37.0,0.0
PI50DgflUg697zXB,34.85,74,15,86.66666666666667,0.0,100.0,0.0,0.0,0.0,37.0,0.0
KxwfelTXDqEqW4CP,34.85,74,15,86.66666666666667,0.0,100.0,0.0,0.0,0.0,37.0,0.0
I1af7W2pkAFEn3z5,34.85,54,10,90.0,0.0,100.0,0.0,0.0,0.0,27.0,0.0
IOxDWxCLb4oZUozO,34.85,54,10,90.0,0.0,100.0,0.0,0.0,0.0,27.0,0.0
br16vIpIFxca3VFV,34.84467213114754,61,12,91.66666666666666,0.0,83.33333333333333,0.0,0.0,41.666666666666664,30.5,16.393442622950822
VC4fyNsDO9j3kOZ7,34.8375,81,16,93.75,0.0,93.75,0.0,0.0,0.0,40.5,0.0
eFnyuqi5zlsgDIql,34.831818181818186,66,11,100.0,0.0,90.9090909090909,0.0,0.0,0.0,33.0,0.0
y9ZeBn5riflvsxbI,34.831818181818186,66,11,100.0,0.0,90.9090909090909,0.0,0.0,0.0,33.0,0.0
WYqtPcC9BzmRtMXm,34.831818181818186,66,11,100.0,0.0,90.9090909090909,0.0,0.0,0.0,33.0,0.0
bP7FUhvfg8zKS8Ry,34.82692307692308,70,13,92.3076923076923,0.0,76.92307692307693,0.0,38.46153846153847,0.0,35.0,0.0
w2SeLJdCa1XR5iDU,34.825,53,10,90.0,0.0,100.0,0.0,0.0,0.0,26.5,0.0
Mf9OjERUWYa1AubC,34.825,53,10,90.0,0.0,100.0,0.0,0.0,0.0,26.5,0.0
9Vlswu1Fe6gXylZS,34.825,53,10,90.0,0.0,100.0,0.0,0.0,0.0,26.5,0.0
qINa3LHvMjCgqoRA,34.825,53,10,90.0,0.0,100.0,0.0,0.0,0.0,26.5,0.0
KJd5sqATAxGLuiV4,34.825,53,10,90.0,0.0,100.0,0.0,0.0,0.0,26.5,0.0
pC3ngYHSSpwL6tgk,34.825,53,10,90.0,0.0,100.0,0.0,0.0,0.0,26.5,0.0
XDoVOQ0ikJw07ZC7,34.825,53,10,90.0,0.0,100.0,0.0,0.0,0.0,26.5,0.0
MNmDgita8zv1NyZ3,34.82205882352941,87,17,100.0,0.0,88.23529411764706,0.0,0.0,0.0,43.5,0.0
IpxyMLLEWhlwjXc1,34.81847826086956,46,8,87.5,0.0,100.0,0.0,0.0,0.0,23.0,10.869565217391305
hKfKA9LKmnxpRcnO,34.81847826086956,46,8,87.5,0.0,100.0,0.0,0.0,0.0,23.0,10.869565217391305
QeV7TK1FhLMDuJg0,34.8125,80,16,93.75,0.0,93.75,0.0,0.0,0.0,40.0,0.0
E4lyNbnRlAPOwugo,34.80681818181819,65,11,100.0,0.0,90.9090909090909,0.0,0.0,0.0,32.5,0.0
WzsPgzrwcHyj4UT7,34.80681818181819,65,11,100.0,0.0,90.9090909090909,0.0,0.0,0.0,32.5,0.0
51X1nEewj41TrmYh,34.8,52,10,90.0,0.0,100.0,0.0,0.0,0.0,26.0,0.0
maPDcMdzp57pydiF,34.8,52,10,90.0,0.0,100.0,0.0,0.0,0.0,26.0,0.0
ZSYq25WX8bpr0HOq,34.8,52,10,90.0,0.0,100.0,0.0,0.0,0.0,26.0,0.0
hapOjZ3aGj2pq6g0,34.8,52,10,90.0,0.0,100.0,0.0,0.0,0.0,26.0,0.0
BSeyiWakHVhkmC3h,34.8,72,15,86.66666666666667,0.0,100.0,0.0,0.0,0.0,36.0,0.0
ZncYZQiEOyWN4qDm,34.8,52,10,90.0,0.0,100.0,0.0,0.0,0.0,26.0,0.0
a2bNd2a8r7atCyUK,34.79945054945055,70,13,84.61538461538461,0.0,100.0,0.0,0.0,0.0,35.0,7.142857142857142
bN5LAkx2qmGrH56b,34.79945054945055,70,13,84.61538461538461,0.0,100.0,0.0,0.0,0.0,35.0,7.142857142857142
FMEaIydt5PpDWE6w,34.79318181818182,44,8,87.5,0.0,100.0,0.0,0.0,0.0,22.0,11.363636363636363
hP4s5A01V0Yw3gGn,34.79318181818182,44,8,87.5,0.0,100.0,0.0,0.0,0.0,22.0,11.363636363636363
KuNTsXOuYLiTehTJ,34.78181818181819,64,11,100.0,0.0,90.9090909090909,0.0,0.0,0.0,32.0,0.0
uf4PQjnhe0vqgOeh,34.781395348837215,43,8,87.5,0.0,100.0,0.0,0.0,0.0,21.5,11.627906976744185
sxdZHLh4CWFBWGcQ,34.779626532887406,69,13,84.61538461538461,0.0,100.0,0.0,0.0,0.0,34.5,7.246376811594203
oFBwvqCzeCiCwE8o,34.765842490842495,91,18,77.77777777777779,0.0,100.0,0.0,0.0,0.0,45.5,16.483516483516485
xMO15SbHjAITbaMd,34.759756097560974,41,8,87.5,0.0,100.0,0.0,0.0,0.0,20.5,12.195121951219512
Oy1Km9n4pWkLLJBw,34.75909090909091,64,11,90.9090909090909,0.0,45.45454545454545,69.54545454545455,0.0,0.0,32.0,0.0
Lo17KAICfGBYQFeE,34.75,50,10,90.0,0.0,100.0,0.0,0.0,0.0,25.0,0.0
8uwnh2ScFmF5elja,34.75,50,10,90.0,0.0,100.0,0.0,0.0,0.0,25.0,0.0
AUTGNr3KuqkF0AV4,34.75,50,10,90.0,0.0,100.0,0.0,0.0,0.0,25.0,0.0
gzUVxuOtiDLpmQLK,34.75,50,10,90.0,0.0,100.0,0.0,0.0,0.0,25.0,0.0
8R1oEPzwqnMLLrj1,34.7404420206659,67,13,84.61538461538461,0.0,100.0,0.0,0.0,0.0,33.5,7.462686567164179
8N7HXIxOkShFJMuv,34.73817733990148,58,14,71.42857142857143,0.0,35.714285714285715,100.0,0.0,0.0,29.0,8.620689655172413
gr2NL02Qt9clZmim,34.73779069767442,43,6,83.33333333333334,0.0,100.0,0.0,0.0,0.0,21.5,23.25581395348837
A5DaidVD9OeXwmDJ,34.736363636363635,44,6,83.33333333333334,0.0,100.0,0.0,0.0,0.0,22.0,22.727272727272727
RrjCwlnTc5RInCSd,34.732142857142854,75,14,85.71428571428571,0.0,100.0,0.0,0.0,0.0,37.5,0.0
VatdLIm2yBuXxZR7,34.732142857142854,75,14,85.71428571428571,0.0,100.0,0.0,0.0,0.0,37.5,0.0
hQteG5BVr6RHUkma,34.731818181818184,62,11,100.0,0.0,90.9090909090909,0.0,0.0,0.0,31.0,0.0
SFZCsbViLZU3iIzs,34.731818181818184,62,11,100.0,0.0,90.9090909090909,0.0,0.0,0.0,31.0,0.0
H7nLSXKRFVK1ITr1,34.731818181818184,62,11,100.0,0.0,90.9090909090909,0.0,0.0,0.0,31.0,0.0
yDOQHhRfQZ0bIZ87,34.725,49,10,90.0,0.0,100.0,0.0,0.0,0.0,24.5,0.0
XRiZ1QYwCM4upYwB,34.725,49,10,90.0,0.0,100.0,0.0,0.0,0.0,24.5,0.0
Gk4RVw5UbHuvLlvY,34.71666666666666,82,15,73.33333333333333,0.0,100.0,0.0,0.0,33.333333333333336,41.0,0.0
ObmAo8tHCqvgiZVy,34.70833333333333,55,9,88.88888888888889,0.0,100.0,0.0,0.0,0.0,27.5,0.0
khog99sweNvhx776,34.707142857142856,74,14,85.71428571428571,0.0,100.0,0.0,0.0,0.0,37.0,0.0
4iYTgLRt720bit5D,34.706818181818186,61,11,100.0,0.0,90.9090909090909,0.0,0.0,0.0,30.5,0.0
NWc2ehWnqItnoKgm,34.706818181818186,61,11,100.0,0.0,90.9090909090909,0.0,0.0,0.0,30.5,0.0
hihszYmLXtYXCzlu,34.706818181818186,61,11,100.0,0.0,90.9090909090909,0.0,0.0,0.0,30.5,0.0
bAYgzUIjsKELOpNM,34.706818181818186,61,11,100.0,0.0,90.9090909090909,0.0,0.0,0.0,30.5,0.0
DdPdFWMBX77PVnnS,34.7,48,10,90.0,0.0,100.0,0.0,0.0,0.0,24.0,0.0
TtFzl8vV3RmMxcXg,34.68333333333333,54,9,88.88888888888889,0.0,100.0,0.0,0.0,0.0,27.0,0.0
t8xXJs3PpH5ruSIG,34.68214285714286,73,14,85.71428571428571,0.0,100.0,0.0,0.0,0.0,36.5,0.0
ueT7zFzXUCazmAOo,34.68181818181819,60,11,100.0,0.0,90.9090909090909,0.0,0.0,0.0,30.0,0.0
JEC02trNKktyHCQf,34.675,47,10,90.0,0.0,100.0,0.0,0.0,0.0,23.5,0.0
66nula27BklZydRK,34.662108792846496,61,11,81.81818181818183,0.0,90.9090909090909,0.0,0.0,45.45454545454545,30.5,8.196721311475411
XvlEjHDVybUpjaG6,34.65833333333333,53,9,88.88888888888889,0.0,100.0,0.0,0.0,0.0,26.5,0.0
tlIG4kS1IsC4cvjc,34.65833333333333,53,9,88.88888888888889,0.0,100.0,0.0,0.0,0.0,26.5,0.0
6GHPNDLIHD8Evsrv,34.65833333333333,53,9,88.88888888888889,0.0,100.0,0.0,0.0,0.0,26.5,0.0
YRdcTS1AprPDtOXR,34.65833333333333,53,9,88.88888888888889,0.0,100.0,0.0,0.0,0.0,26.5,0.0
RAalP94Vy9npUxzr,34.65833333333333,53,9,88.88888888888889,0.0,100.0,0.0,0.0,0.0,26.5,0.0
7G2Eyw9CxUwwivGA,34.65833333333333,53,9,88.88888888888889,0.0,100.0,0.0,0.0,0.0,26.5,0.0
0ZvGzksVcRwCqqvb,34.65833333333333,53,9,88.88888888888889,0.0,100.0,0.0,0.0,0.0,26.5,0.0
A7VpyqAOavK4xuhS,34.65714285714285,72,14,85.71428571428571,0.0,100.0,0.0,0.0,0.0,36.0,0.0
agqoGVHJLSKoCxzD,34.65,86,18,83.33333333333334,0.0,100.0,0.0,0.0,0.0,43.0,0.0
R1uViiAitMYfviRH,34.65,46,10,90.0,0.0,100.0,0.0,0.0,0.0,23.0,0.0
qfrrFrPnUi7V3HVh,34.65,66,15,86.66666666666667,0.0,100.0,0.0,0.0,0.0,33.0,0.0
qrPO3YNO1TAzSpQM,34.645533498759306,62,13,84.61538461538461,0.0,100.0,0.0,0.0,0.0,31.0,8.064516129032258
Jrm3V9E0DcaSAlZF,34.633333333333326,52,9,88.88888888888889,0.0,100.0,0.0,0.0,0.0,26.0,0.0
cLOVrvJExKwdGSlw,34.633333333333326,52,9,88.88888888888889,0.0,100.0,0.0,0.0,0.0,26.0,0.0
TBl3UE2gqnWxNmqh,34.633333333333326,52,9,88.88888888888889,0.0,100.0,0.0,0.0,0.0,26.0,0.0
GZz5q3NK5n2mQLCr,34.633333333333326,52,9,88.88888888888889,0.0,100.0,0.0,0.0,0.0,26.0,0.0
ChtGx4491s5eJoNw,34.633333333333326,52,9,88.88888888888889,0.0,100.0,0.0,0.0,0.0,26.0,0.0
lTlN2e9SksIMvwID,34.633333333333326,52,9,88.88888888888889,0.0,100.0,0.0,0.0,0.0,26.0,0.0
18fCCrK19SfhXEBC,34.633333333333326,52,9,88.88888888888889,0.0,100.0,0.0,0.0,0.0,26.0,0.0
nIn82gLotIW9KfJ5,34.63181818181819,58,11,100.0,0.0,90.9090909090909,0.0,0.0,0.0,29.0,0.0
aNZKsgtFwmNINTe5,34.63181818181819,58,11,100.0,0.0,90.9090909090909,0.0,0.0,0.0,29.0,0.0
pRM6LJW1hjE2rUnM,34.63181818181819,58,11,100.0,0.0,90.9090909090909,0.0,0.0,0.0,29.0,0.0
CkVloXN4ZVhEWyeN,34.625,45,10,90.0,0.0,100.0,0.0,0.0,0.0,22.5,0.0
hPRgPskKL6MrGhsh,34.625,45,10,90.0,0.0,100.0,0.0,0.0,0.0,22.5,0.0
OukUe5SC1KVcOYb3,34.60833333333333,51,9,88.88888888888889,0.0,100.0,0.0,0.0,0.0,25.5,0.0
LacYGRQHLjuX6YI1,34.60833333333333,51,9,88.88888888888889,0.0,100.0,0.0,0.0,0.0,25.5,0.0
25QaQd6DRUoZxXOB,34.606818181818184,57,11,100.0,0.0,90.9090909090909,0.0,0.0,0.0,28.5,0.0
ovrP9UOFtgzIv4Px,34.606818181818184,57,11,100.0,0.0,90.9090909090909,0.0,0.0,0.0,28.5,0.0
ruh1NzFI3CFJGZcX,34.6,44,10,90.0,0.0,100.0,0.0,0.0,0.0,22.0,0.0
OG85kutgFZAIK9jS,34.592346938775506,49,7,85.71428571428571,0.0,100.0,0.0,0.0,0.0,24.5,10.204081632653061
m5xky1qivKQPNnhC,34.59103650586702,59,13,84.61538461538461,0.0,100.0,0.0,0.0,0.0,29.5,8.474576271186441
s8iWji42Mj7wpIqe,34.58333333333333,50,9,88.88888888888889,0.0,100.0,0.0,0.0,0.0,25.0,0.0
8K3R5VHfGgPa9cZR,34.58333333333333,50,9,88.88888888888889,0.0,100.0,0.0,0.0,0.0,25.0,0.0
xqsfLVcWYqmFD3ck,34.58333333333333,50,9,88.88888888888889,0.0,100.0,0.0,0.0,0.0,25.0,0.0
3aNjJcp5oCZfqjRh,34.58333333333333,50,9,88.88888888888889,0.0,100.0,0.0,0.0,0.0,25.0,0.0
fmUhGrx6AbvN91No,34.58333333333333,50,9,88.88888888888889,0.0,100.0,0.0,0.0,0.0,25.0,0.0
SEYEZ7fwp3MbYkkB,34.581818181818186,56,11,100.0,0.0,90.9090909090909,0.0,0.0,0.0,28.0,0.0
KztthBapmWlIJGaE,34.581818181818186,56,11,100.0,0.0,90.9090909090909,0.0,0.0,0.0,28.0,0.0
eqF93vAKYa4aOeHr,34.581818181818186,56,11,100.0,0.0,90.9090909090909,0.0,0.0,0.0,28.0,0.0
8A56WcB2SnYqMslN,34.575,63,15,86.66666666666667,0.0,100.0,0.0,0.0,0.0,31.5,0.0
964P0mmTC7ge8INv,34.56730769230769,75,13,84.61538461538461,0.0,100.0,0.0,0.0,0.0,37.5,0.0
OAGbSSJrB0MUaagv,34.56048951048951,52,11,90.9090909090909,0.0,90.9090909090909,0.0,0.0,0.0,26.0,28.846153846153847
Sr3AHbfZSXmh035r,34.55833333333333,49,9,88.88888888888889,0.0,100.0,0.0,0.0,0.0,24.5,0.0
Ua8V8v0Du2jPKzzV,34.55833333333333,49,9,88.88888888888889,0.0,100.0,0.0,0.0,0.0,24.5,0.0
JNm74xWqztzn0LIS,34.55681818181819,55,11,100.0,0.0,90.9090909090909,0.0,0.0,0.0,27.5,0.0
ycsirrualw12yFOd,34.55681818181819,55,11,100.0,0.0,90.9090909090909,0.0,0.0,0.0,27.5,0.0
HP2oj8KXGCyZSJfP,34.55681818181818,55,11,81.81818181818183,0.0,100.0,0.0,0.0,0.0,27.5,18.18181818181818
jep8MgoXBSMN8Fvq,34.53333333333333,48,9,88.88888888888889,0.0,100.0,0.0,0.0,0.0,24.0,0.0
QlEWkrsPNxlcCyKL,34.53333333333333,48,9,88.88888888888889,0.0,100.0,0.0,0.0,0.0,24.0,0.0
kXCBCqNUYbythYj6,34.53333333333333,48,9,88.88888888888889,0.0,100.0,0.0,0.0,0.0,24.0,0.0
bYlkwgDyBB1INNlh,34.53333333333333,48,9,88.88888888888889,0.0,100.0,0.0,0.0,0.0,24.0,0.0
OOT3KVdDZMTYK9Bx,34.53181818181819,54,11,100.0,0.0,90.9090909090909,0.0,0.0,0.0,27.0,0.0
dkyayq7YYDsBS9UY,34.53181818181819,54,11,100.0,0.0,90.9090909090909,0.0,0.0,0.0,27.0,0.0
THBj9wz9PD3Bggkx,34.53181818181819,54,11,100.0,0.0,90.9090909090909,0.0,0.0,0.0,27.0,0.0
G2uCGWo7RFvAQZJe,34.53181818181819,54,11,100.0,0.0,90.9090909090909,0.0,0.0,0.0,27.0,0.0
3X8XLgUVSy8Pq3OO,34.52567567567568,74,15,80.0,0.0,100.0,0.0,0.0,0.0,37.0,13.513513513513514
WdinJ0Uv7WQ64dpF,34.517307692307696,73,13,84.61538461538461,0.0,100.0,0.0,0.0,0.0,36.5,0.0
WFM0BApCMYPuHfRS,34.508333333333326,47,9,88.88888888888889,0.0,100.0,0.0,0.0,0.0,23.5,0.0
9fDe1m4cWp8TFbND,34.508333333333326,47,9,88.88888888888889,0.0,100.0,0.0,0.0,0.0,23.5,0.0
UYN9Yx3NPymueZXJ,34.508333333333326,47,9,88.88888888888889,0.0,100.0,0.0,0.0,0.0,23.5,0.0
Mu3q1uOG2qUt6AwD,34.508333333333326,47,9,88.88888888888889,0.0,100.0,0.0,0.0,0.0,23.5,0.0
yAQZHe95hQIl1iKY,34.508333333333326,47,9,88.88888888888889,0.0,100.0,0.0,0.0,0.0,23.5,0.0
iapgXHACB1UY0Drt,34.508333333333326,47,9,88.88888888888889,0.0,100.0,0.0,0.0,0.0,23.5,0.0
spfNiCspZflABAwz,34.508333333333326,47,9,88.88888888888889,0.0,100.0,0.0,0.0,0.0,23.5,0.0
gllj5F8yVqpoJDlk,34.50714285714285,66,14,85.71428571428571,0.0,100.0,0.0,0.0,0.0,33.0,0.0
kxIlIqHXJM5fLQ40,34.49230769230769,72,13,84.61538461538461,0.0,100.0,0.0,0.0,0.0,36.0,0.0
fT6kfNSJdqfH7qCj,34.48809523809524,70,12,100.0,0.0,83.33333333333333,0.0,0.0,0.0,35.0,21.428571428571427
CuCtPVsBSutTqIjh,34.48333333333333,46,9,88.88888888888889,0.0,100.0,0.0,0.0,0.0,23.0,0.0
g9NIE4MigAvag2H9,34.48333333333333,46,9,88.88888888888889,0.0,100.0,0.0,0.0,0.0,23.0,0.0
3LT3xp7el36dcHXv,34.48333333333333,46,9,88.88888888888889,0.0,100.0,0.0,0.0,0.0,23.0,0.0
fh6vXk0uuGRB1lDC,34.475,54,8,87.5,0.0,100.0,0.0,0.0,0.0,27.0,0.0
eNeHAUkUmpMXWl1l,34.46730769230769,71,13,84.61538461538461,0.0,100.0,0.0,0.0,0.0,35.5,0.0
V4lGCqOjZxAuz956,34.458333333333336,45,9,77.77777777777779,0.0,100.0,0.0,0.0,0.0,22.5,33.333333333333336
L6cEawVQRWBMxTea,34.45833333333333,45,9,88.88888888888889,0.0,100.0,0.0,0.0,0.0,22.5,0.0
BSW4uJhCPNgQxUEJ,34.45833333333333,45,9,88.88888888888889,0.0,100.0,0.0,0.0,0.0,22.5,0.0
tUQgU2X9ViRmQqG7,34.456818181818186,51,11,100.0,0.0,90.9090909090909,0.0,0.0,0.0,25.5,0.0
YAVMsUxqfQR1KZ4h,34.45322580645161,62,12,83.33333333333334,0.0,100.0,0.0,0.0,0.0,31.0,8.064516129032258
fGa0q4XicRjkmauX,34.45,53,8,87.5,0.0,100.0,0.0,0.0,0.0,26.5,0.0
uaHqGukJsA7FCdoY,34.45,78,12,83.33333333333334,0.0,100.0,0.0,0.0,0.0,39.0,0.0
TtNZPHaQ0Jt7Qg84,34.45,53,8,87.5,0.0,100.0,0.0,0.0,0.0,26.5,0.0
sEIaS7F8WEtaXBZs,34.436764705882354,81,17,100.0,0.0,58.8235294117647,37.64705882352941,0.0,0.0,40.5,0.0
PGzR1Iv8bh4qlL9q,34.43333333333333,44,9,88.88888888888889,0.0,100.0,0.0,0.0,0.0,22.0,0.0
HPvWOlCY08BG2lbK,34.43333333333333,44,9,88.88888888888889,0.0,100.0,0.0,0.0,0.0,22.0,0.0
m2vJ0ZU473onTHCG,34.425,52,8,87.5,0.0,100.0,0.0,0.0,0.0,26.0,0.0
GWq728X2oFCfrZbm,34.425,52,8,87.5,0.0,100.0,0.0,0.0,0.0,26.0,0.0
NE87QeXu74dBz0Bj,34.417307692307695,69,13,84.61538461538461,0.0,100.0,0.0,0.0,0.0,34.5,0.0
iSq0yjrv2AeHxeFt,34.417307692307695,69,13,84.61538461538461,0.0,100.0,0.0,0.0,0.0,34.5,0.0
L165bOibyaFgpVzP,34.40833333333333,43,9,88.88888888888889,0.0,100.0,0.0,0.0,0.0,21.5,0.0
vDIxSlm9ujMGdbYN,34.4,51,8,87.5,0.0,100.0,0.0,0.0,0.0,25.5,0.0
tgFBS1wtAgZqggPX,34.4,51,8,87.5,0.0,100.0,0.0,0.0,0.0,25.5,0.0
rdkMNdCUU9fBB3Lb,34.392307692307696,68,13,84.61538461538461,0.0,100.0,0.0,0.0,0.0,34.0,0.0
1NYoYYtirPO2jsay,34.38103448275862,58,12,83.33333333333334,0.0,100.0,0.0,0.0,0.0,29.0,8.620689655172413
NQAD74cvanuAX01k,34.375,50,8,87.5,0.0,100.0,0.0,0.0,0.0,25.0,0.0
QyExylDxWqvR0qao,34.375,50,8,87.5,0.0,100.0,0.0,0.0,0.0,25.0,0.0
BIEQFgv3AZKl8jUa,34.363596491228066,57,12,83.33333333333334,0.0,100.0,0.0,0.0,0.0,28.5,8.771929824561402
OTYAxvEZLi2Xicpa,34.34230769230769,66,13,84.61538461538461,0.0,100.0,0.0,0.0,0.0,33.0,0.0
RVRqLy0O8xgRoEbN,34.33644501278772,92,17,94.11764705882352,0.0,88.23529411764706,0.0,0.0,0.0,46.0,5.434782608695652
J2qLXsmQ2V0qV2uD,34.32967032967033,70,13,100.0,0.0,38.46153846153847,61.15384615384615,0.0,0.0,35.0,14.285714285714285
TXyLhv8XEnTqMq4m,34.325,48,8,87.5,0.0,100.0,0.0,0.0,0.0,24.0,0.0
Mz0jYpJoG9ssdW67,34.32086160108548,67,11,81.81818181818183,0.0,100.0,0.0,0.0,0.0,33.5,7.462686567164179
vnzULIZIgysXLIbq,34.31730769230769,65,13,84.61538461538461,0.0,100.0,0.0,0.0,0.0,32.5,0.0
d9EJFpa42vRmLb2c,34.31296296296296,54,12,83.33333333333334,0.0,100.0,0.0,0.0,0.0,27.0,9.25925925925926
mh9qL38iGOLALgHR,34.30833333333333,39,9,88.88888888888889,0.0,100.0,0.0,0.0,0.0,19.5,0.0
Sq9NjdoeEOwNequa,34.3,47,8,87.5,0.0,100.0,0.0,0.0,0.0,23.5,0.0
DT8hpS05OChwmqkD,34.3,47,8,87.5,0.0,100.0,0.0,0.0,0.0,23.5,0.0
WKFGgvxqjy28OcWQ,34.292307692307695,64,13,84.61538461538461,0.0,100.0,0.0,0.0,0.0,32.0,0.0
1bga6jWiiUhkSzJ1,34.275,46,8,87.5,0.0,100.0,0.0,0.0,0.0,23.0,0.0
VhbM48YoB1aLPeLr,34.275,46,8,87.5,0.0,100.0,0.0,0.0,0.0,23.0,0.0
6ngD8l5oTueTnFnK,34.275,71,12,83.33333333333334,0.0,100.0,0.0,0.0,0.0,35.5,0.0
d3IR5RXi6O5mfCWe,34.267307692307696,63,13,84.61538461538461,0.0,100.0,0.0,0.0,0.0,31.5,0.0
xpxRRrf1zYbfKMfN,34.26153846153846,52,10,80.0,0.0,100.0,0.0,0.0,0.0,26.0,19.230769230769234
x6JKQw64SWnIhuE1,34.25,45,8,87.5,0.0,100.0,0.0,0.0,0.0,22.5,0.0
M9wBW3SDiQfFyYXe,34.225,44,8,87.5,0.0,100.0,0.0,0.0,0.0,22.0,0.0
UxaESJBF8KzKKMKn,34.225,44,8,87.5,0.0,100.0,0.0,0.0,0.0,22.0,0.0
4EivAd0syZD5GkPc,34.21241258741259,65,11,90.9090909090909,0.0,90.9090909090909,0.0,0.0,0.0,32.5,15.384615384615385
JmpTPeFLn4ysPFbH,34.20691489361702,47,10,100.0,0.0,50.0,50.0,0.0,0.0,23.5,10.638297872340425
2Y7Ud1xzaLPtrOz3,34.2,43,8,87.5,0.0,100.0,0.0,0.0,0.0,21.5,0.0
R6iYPb7MHFiHtXH6,34.2,43,8,87.5,0.0,100.0,0.0,0.0,0.0,21.5,0.0
rEiyj3K8cujNfG0X,34.2,68,12,83.33333333333334,0.0,100.0,0.0,0.0,0.0,34.0,0.0
HHNyyLNTFjF92S7o,34.2,68,12,83.33333333333334,0.0,100.0,0.0,0.0,0.0,34.0,0.0
V7pi6arZR8rfpXIs,34.16746575342466,73,15,80.0,0.0,100.0,0.0,0.0,0.0,36.5,6.8493150684931505
KPgjD4gVhpb5Dlrb,34.16746575342466,73,15,80.0,0.0,100.0,0.0,0.0,0.0,36.5,6.8493150684931505
wZqvr4MS4rJaH8mf,34.16470588235294,96,17,94.11764705882352,0.0,88.23529411764706,0.0,0.0,0.0,48.0,0.0
HQ0PKoKTo53SPwcr,34.15714285714285,52,7,85.71428571428571,0.0,100.0,0.0,0.0,0.0,26.0,0.0
KbuUYQ8wcMwE6KjG,34.151515151515156,60,11,90.9090909090909,0.0,45.45454545454545,0.0,45.45454545454545,90.9090909090909,30.0,16.666666666666668
MFkLAHVklUJGQ5vV,34.15,66,12,91.66666666666666,0.0,83.33333333333333,0.0,0.0,41.666666666666664,33.0,0.0
rWty69pfjUHRrYiR,34.15,41,8,87.5,0.0,100.0,0.0,0.0,0.0,20.5,0.0
kpbnrT68YiciIsDe,34.15,66,12,83.33333333333334,0.0,100.0,0.0,0.0,0.0,33.0,0.0
fqpdmfISmK05pp0b,34.14807692307693,39,8,75.0,0.0,100.0,0.0,0.0,0.0,19.5,38.46153846153847
V4HcQv4XNiMyjkl1,34.125,90,16,87.5,0.0,93.75,0.0,0.0,0.0,45.0,0.0
BCKdGWE6U6bPhHEk,34.125,65,12,83.33333333333334,0.0,100.0,0.0,0.0,0.0,32.5,0.0
t58smyJCfQUO025y,34.125,40,8,87.5,0.0,100.0,0.0,0.0,0.0,20.0,0.0
lD86mhBbp1wdjSt5,34.125,40,8,87.5,0.0,100.0,0.0,0.0,0.0,20.0,0.0
X3NAdmnvJ4kQy7HB,34.107142857142854,70,15,80.0,0.0,100.0,0.0,0.0,0.0,35.0,7.142857142857142
6LAuYAacY7O6X67o,34.1,84,15,80.0,0.0,100.0,0.0,0.0,0.0,42.0,0.0
NI3oKisI2sGeobat,34.1,64,12,91.66666666666666,0.0,83.33333333333333,0.0,0.0,41.666666666666664,32.0,0.0
RH0NzLgaGQ911xJP,34.1,84,15,80.0,0.0,100.0,0.0,0.0,0.0,42.0,0.0
J5TaRgiDEei4CFSg,34.08657804459692,53,11,90.9090909090909,0.0,90.9090909090909,0.0,0.0,0.0,26.5,18.867924528301884
ClcLRzhcZlWmDlBt,34.082142857142856,49,7,85.71428571428571,0.0,100.0,0.0,0.0,0.0,24.5,0.0
pT2TyeF4cac9rG0w,34.082142857142856,49,7,85.71428571428571,0.0,100.0,0.0,0.0,0.0,24.5,0.0
2q4XL6UQj52PGfva,34.075,63,12,83.33333333333334,0.0,100.0,0.0,0.0,0.0,31.5,0.0
gxLPauNi31vAGDat,34.05984848484849,48,11,90.9090909090909,0.0,90.9090909090909,0.0,0.0,0.0,24.0,20.833333333333332
OOkbONklvlhlXX0o,34.05714285714286,48,7,85.71428571428571,0.0,100.0,0.0,0.0,0.0,24.0,0.0
LnTGAfzOVfS7HQEZ,34.05227272727273,53,11,81.81818181818183,0.0,90.9090909090909,0.0,0.0,45.45454545454545,26.5,0.0
Zyb8D6ntsYy2ETqy,34.05,62,12,91.66666666666666,0.0,83.33333333333333,0.0,0.0,41.666666666666664,31.0,0.0
lfjerzft3TC3AHnQ,34.0375,74,16,81.25,0.0,100.0,0.0,0.0,0.0,37.0,0.0
RrIYgsc0KIZSqfUd,34.025,61,10,100.0,0.0,50.0,50.0,0.0,0.0,30.5,0.0
KtSXbIWrlK5Va1AM,34.025,61,12,83.33333333333334,0.0,100.0,0.0,0.0,0.0,30.5,0.0
yaTnnrWTZYeKgZ3I,34.025,86,16,87.5,0.0,93.75,0.0,0.0,0.0,43.0,0.0
6CgWci4yEyEkXbLS,34.02272727272727,70,11,81.81818181818183,0.0,100.0,0.0,0.0,0.0,35.0,0.0
maSaoMIFGOWcAY9s,34.00714285714285,46,7,85.71428571428571,0.0,100.0,0.0,0.0,0.0,23.0,0.0
XAzkI6PbGYZfiiRO,34.0,60,12,83.33333333333334,0.0,100.0,0.0,0.0,0.0,30.0,0.0
IFTKtE0bxvRhALtY,33.98970588235294,89,17,94.11764705882352,0.0,88.23529411764706,0.0,0.0,0.0,44.5,0.0
BlnVS9GQLMsLK6hN,33.982692307692304,67,13,100.0,0.0,76.92307692307693,0.0,0.0,38.46153846153847,33.5,0.0
FU6KMOCDjjkjSBt3,33.982142857142854,45,7,85.71428571428571,0.0,100.0,0.0,0.0,0.0,22.5,0.0
SKkYSrPZ4uSb7ue3,33.982142857142854,45,7,85.71428571428571,0.0,100.0,0.0,0.0,0.0,22.5,0.0
JDM5gqB6wLwgfPjb,33.975,59,12,83.33333333333334,0.0,100.0,0.0,0.0,0.0,29.5,0.0
K3wkW2JO57HZNxMr,33.95,58,12,83.33333333333334,0.0,100.0,0.0,0.0,0.0,29.0,0.0
hHuNzJKSCrPbVNwk,33.95,58,12,83.33333333333334,0.0,100.0,0.0,0.0,0.0,29.0,0.0
x4YLIDiOr6UcJVNM,33.95,58,12,91.66666666666666,0.0,83.33333333333333,0.0,0.0,41.666666666666664,29.0,0.0
r9dIh2iSpvBoZfzF,33.93214285714286,43,7,85.71428571428571,0.0,100.0,0.0,0.0,0.0,21.5,0.0
5qQyslLM4GClqCUn,33.925,77,15,80.0,0.0,100.0,0.0,0.0,0.0,38.5,0.0
sBYwHvRVCJxz0txf,33.90714285714286,42,6,100.0,0.0,83.33333333333333,0.0,0.0,0.0,21.0,23.809523809523807
rlnNnuSqn6Wo0O4D,33.90714285714285,42,7,100.0,0.0,71.42857142857143,0.0,0.0,71.42857142857143,21.0,0.0
OkjmIPbenQC9clb2,33.9,56,12,83.33333333333334,0.0,100.0,0.0,0.0,0.0,28.0,0.0
IZoWOOJLunpCyJqh,33.9,56,12,83.33333333333334,0.0,100.0,0.0,0.0,0.0,28.0,0.0
FuN7WNHVO4cRgYef,33.89285714285714,70,14,78.57142857142857,0.0,100.0,0.0,0.0,0.0,35.0,7.142857142857142
sJaRUTJxYwD3Gcak,33.872727272727275,64,11,81.81818181818183,0.0,100.0,0.0,0.0,0.0,32.0,0.0
YtiOsfU0cOEYTtUd,33.857692307692304,62,13,100.0,0.0,76.92307692307693,0.0,0.0,38.46153846153847,31.0,0.0
3FQcedBxmzcwsYU0,33.857142857142854,40,7,85.71428571428571,0.0,100.0,0.0,0.0,0.0,20.0,0.0
dPbGExFXvDvg8Snh,33.857142857142854,40,7,85.71428571428571,0.0,100.0,0.0,0.0,0.0,20.0,0.0
pFlZH3cvf9jM70j1,33.85,79,16,87.5,0.0,93.75,0.0,0.0,0.0,39.5,0.0
2z3wHTMzmvLvOR1E,33.846969696969694,66,11,90.9090909090909,0.0,90.9090909090909,0.0,0.0,0.0,33.0,7.575757575757576
BBAbVSVkTadaw7mV,33.82779720279721,65,11,90.9090909090909,0.0,90.9090909090909,0.0,0.0,0.0,32.5,7.6923076923076925
REsL1mjwfhqSYLDH,33.79772727272727,61,11,81.81818181818183,0.0,100.0,0.0,0.0,0.0,30.5,0.0
wx8t1eB82PtoSfPP,33.793779342723006,71,12,100.0,0.0,83.33333333333333,0.0,0.0,0.0,35.5,7.042253521126761
yUYGN8kyJycXk6vK,33.785714285714285,80,14,78.57142857142857,0.0,100.0,0.0,0.0,0.0,40.0,0.0
15qhODBLk4TS3YFW,33.775,71,15,80.0,0.0,100.0,0.0,0.0,0.0,35.5,0.0
e1hq4Eu4sQz8Bjr6,33.77272727272727,60,11,81.81818181818183,0.0,100.0,0.0,0.0,0.0,30.0,0.0
yNyf3Tp0zc7DFj5F,33.76904761904762,56,18,44.44444444444444,0.0,83.33333333333333,48.33333333333333,0.0,0.0,28.0,35.714285714285715
W98g7gKXgYs3I4w4,33.766666666666666,84,12,100.0,0.0,83.33333333333333,0.0,0.0,0.0,42.0,0.0
ySU4ONT9JONcITCz,33.76519607843137,51,10,80.0,0.0,100.0,0.0,0.0,0.0,25.5,9.803921568627452
FUO0E7y7dkKS7MeX,33.734313725490196,68,12,100.0,0.0,83.33333333333333,0.0,0.0,0.0,34.0,7.352941176470588
2YjzLWwIRjBQrfYJ,33.734313725490196,68,12,100.0,0.0,83.33333333333333,0.0,0.0,0.0,34.0,7.352941176470588
K994HGIwPRbfcxxY,33.72083333333334,48,10,80.0,0.0,100.0,0.0,0.0,0.0,24.0,10.416666666666666
RiqyocZf3UMIV9yT,33.71480099502488,67,12,100.0,0.0,83.33333333333333,0.0,0.0,0.0,33.5,7.462686567164179
1iphKVG7hHQ1L8X7,33.71071428571428,77,14,78.57142857142857,0.0,100.0,0.0,0.0,0.0,38.5,0.0
jA2oQjwFbpKVSBxn,33.7,73,16,87.5,0.0,93.75,0.0,0.0,0.0,36.5,0.0
JCvY3E97yfFzxRFk,33.7,48,8,100.0,0.0,62.5,0.0,0.0,100.0,24.0,0.0
hWddOaByuIsGs999,33.69921630094044,58,11,90.9090909090909,0.0,90.9090909090909,0.0,0.0,0.0,29.0,8.620689655172413
51AjLmd7KZPyhw3d,33.69772727272727,57,11,81.81818181818183,0.0,100.0,0.0,0.0,0.0,28.5,0.0
3wK1giuCntNGLK58,33.67628205128206,65,12,100.0,0.0,83.33333333333333,0.0,0.0,0.0,32.5,7.6923076923076925
aMaN6h88wmG0O3Ab,33.67628205128206,65,12,100.0,0.0,83.33333333333333,0.0,0.0,0.0,32.5,7.6923076923076925
xJ4ep9Hc9vColhoy,33.67628205128206,65,12,100.0,0.0,83.33333333333333,0.0,0.0,0.0,32.5,7.6923076923076925
tpY19KLKjwD4a4LL,33.67272727272727,56,11,81.81818181818183,0.0,100.0,0.0,0.0,0.0,28.0,0.0
N50J8aGUyuu2haHA,33.64772727272727,55,11,90.9090909090909,0.0,90.9090909090909,0.0,0.0,0.0,27.5,9.09090909090909
HhA9GETIUwfH0Rw7,33.64772727272727,55,11,90.9090909090909,0.0,90.9090909090909,0.0,0.0,0.0,27.5,9.09090909090909
GBJ0CywolBMaKF2U,33.641666666666666,79,12,100.0,0.0,83.33333333333333,0.0,0.0,0.0,39.5,0.0
80WGNlTG5Mh5tRn0,33.63114478114478,54,11,90.9090909090909,0.0,90.9090909090909,0.0,0.0,0.0,27.0,9.25925925925926
C0BJGnJUYzHLYHjw,33.625,45,6,83.33333333333334,0.0,100.0,0.0,0.0,0.0,22.5,0.0
FrXIHB1GMLzM3aHX,33.622727272727275,54,11,81.81818181818183,0.0,100.0,0.0,0.0,0.0,27.0,0.0
27HMZThz0UJ3pgEg,33.60150273224044,61,12,100.0,0.0,83.33333333333333,0.0,0.0,0.0,30.5,8.196721311475411
eTzOlLZJQ8FcZkvj,33.597727272727276,53,11,81.81818181818183,0.0,100.0,0.0,0.0,0.0,26.5,0.0
HoNnFFE5iVXCVhxq,33.59583333333334,48,8,87.5,0.0,62.5,0.0,62.5,0.0,24.0,10.416666666666666
b7HjDFQcuzrzh7RV,33.575,63,15,80.0,0.0,100.0,0.0,0.0,0.0,31.5,0.0
bvBlAb3HuyqfhgIk,33.56666666666667,76,12,100.0,0.0,83.33333333333333,0.0,0.0,0.0,38.0,0.0
Rjcz7IiK8PL5UqvX,33.55338589981447,49,11,90.9090909090909,0.0,90.9090909090909,0.0,0.0,0.0,24.5,10.204081632653061
Ahic8ctFhgp4IiyD,33.55,92,20,75.0,0.0,100.0,0.0,0.0,0.0,46.0,0.0
slSDkKUM6bSsnGJO,33.54807692307693,65,13,76.92307692307693,0.0,100.0,0.0,0.0,0.0,32.5,7.6923076923076925
gICNJLE4AXopRWci,33.547701149425286,58,12,100.0,0.0,83.33333333333333,0.0,0.0,0.0,29.0,8.620689655172413
SuH6wMIGnSgQ0cpc,33.54166666666667,75,12,100.0,0.0,83.33333333333333,0.0,0.0,0.0,37.5,0.0
qiA3SF1GYZD399cT,33.54166666666667,45,9,100.0,0.0,55.55555555555555,38.33333333333333,0.0,0.0,22.5,11.11111111111111
vTZOfFoop6wHhoAG,33.53901515151516,48,11,90.9090909090909,0.0,90.9090909090909,0.0,0.0,0.0,24.0,10.416666666666666
Pn4INYNPCSw4ZYPz,33.49967532467532,77,12,75.0,0.0,100.0,0.0,0.0,0.0,38.5,6.493506493506494
8AwC3HmCSePRxg9Y,33.496212121212125,55,9,77.77777777777779,0.0,100.0,0.0,0.0,0.0,27.5,9.09090909090909
CZaeT06qk4B29Qib,33.49318181818182,67,11,90.9090909090909,0.0,90.9090909090909,0.0,0.0,0.0,33.5,0.0
Up5Js7uPpP8fLGWd,33.49318181818182,67,11,90.9090909090909,0.0,90.9090909090909,0.0,0.0,0.0,33.5,0.0
7I5YYlA8ok8fHMrZ,33.49166666666667,48,8,75.0,0.0,100.0,0.0,0.0,0.0,24.0,20.833333333333332
BayKI3G7iytIBi9V,33.49047619047619,42,8,75.0,0.0,100.0,0.0,0.0,0.0,21.0,23.809523809523807
VgJNIQg859aBeFnO,33.475,59,10,80.0,0.0,100.0,0.0,0.0,0.0,29.5,0.0
tMAnF6JGefK15nH2,33.475,59,10,80.0,0.0,100.0,0.0,0.0,0.0,29.5,0.0
pG6SDBl3f6w5ETFZ,33.475,39,6,83.33333333333334,0.0,100.0,0.0,0.0,0.0,19.5,0.0
6TGbOgWMsqjwJQ2V,33.46818181818182,66,11,90.9090909090909,0.0,90.9090909090909,0.0,0.0,0.0,33.0,0.0
n7v7VU27ikHT1Eau,33.46666666666667,72,12,100.0,0.0,83.33333333333333,0.0,0.0,0.0,36.0,0.0
McI7v5XugcFOStUb,33.46071428571428,67,14,78.57142857142857,0.0,100.0,0.0,0.0,0.0,33.5,0.0
XuuDAV1TBpVZtu4t,33.45,58,10,80.0,0.0,100.0,0.0,0.0,0.0,29.0,0.0
IfQTg5dN4VAxNJtQ,33.45,58,10,80.0,0.0,100.0,0.0,0.0,0.0,29.0,0.0
A4PZcbhOWnBx4Shd,33.44318181818182,65,11,90.9090909090909,0.0,90.9090909090909,0.0,0.0,0.0,32.5,0.0
6vKa40bVYNQ6391U,33.44318181818182,65,11,90.9090909090909,0.0,90.9090909090909,0.0,0.0,0.0,32.5,0.0
Eh21dBzhzMdoB23D,33.425,57,10,80.0,0.0,100.0,0.0,0.0,0.0,28.5,0.0
KmShSWeml2uWokzO,33.41666666666667,70,12,100.0,0.0,83.33333333333333,0.0,0.0,0.0,35.0,0.0
tym5EyycSRrSyvxZ,33.41666666666667,70,12,100.0,0.0,83.33333333333333,0.0,0.0,0.0,35.0,0.0
jlsaq14SPRnlAggI,33.410714285714285,65,14,78.57142857142857,0.0,100.0,0.0,0.0,0.0,32.5,0.0
0UjSzyxS90zIyWkN,33.410714285714285,65,14,78.57142857142857,0.0,100.0,0.0,0.0,0.0,32.5,0.0
WvRMZ0cyEWnKAntR,33.39318181818182,63,11,90.9090909090909,0.0,90.9090909090909,0.0,0.0,0.0,31.5,0.0
AEbv8xhtpF4F79zL,33.391666666666666,69,12,100.0,0.0,83.33333333333333,0.0,0.0,0.0,34.5,0.0
L9jxuiM12PdvbN7l,33.375,55,10,80.0,0.0,100.0,0.0,0.0,0.0,27.5,0.0
846T0J2zEimR7ned,33.375,55,10,80.0,0.0,100.0,0.0,0.0,0.0,27.5,0.0
IQUTEJsjQSEEvguo,33.37358156028369,47,6,100.0,0.0,83.33333333333333,0.0,0.0,0.0,23.5,10.638297872340425
7QaVlv0iRRxZZOQT,33.36730769230769,52,8,100.0,0.0,62.5,0.0,0.0,62.5,26.0,28.846153846153847
b7NCryXe9NeUOQDF,33.36666666666667,68,12,100.0,0.0,83.33333333333333,0.0,0.0,0.0,34.0,0.0
NMIsYI3b8ki56c2v,33.36666666666667,68,12,100.0,0.0,83.33333333333333,0.0,0.0,0.0,34.0,0.0
2LeOtpJJjp5kuPxS,33.36666666666667,68,12,100.0,0.0,83.33333333333333,0.0,0.0,0.0,34.0,0.0
NIFyIj2NK6BGFT2j,33.36666666666667,68,12,100.0,0.0,83.33333333333333,0.0,0.0,0.0,34.0,0.0
2GVTk6xsn89eHnZ0,33.36666666666667,68,12,100.0,0.0,83.33333333333333,0.0,0.0,0.0,34.0,0.0
1oHGkWjXggtZVvCF,33.36346153846154,73,13,76.92307692307693,0.0,100.0,0.0,0.0,0.0,36.5,0.0
EcguequVLKjbg3zB,33.34318181818182,61,11,90.9090909090909,0.0,90.9090909090909,0.0,0.0,0.0,30.5,0.0
Hpbi7Ib2eb5tgNs6,33.34318181818182,61,11,90.9090909090909,0.0,90.9090909090909,0.0,0.0,0.0,30.5,0.0
IydfuYEg2S4fYFhn,33.34318181818182,61,11,90.9090909090909,0.0,90.9090909090909,0.0,0.0,0.0,30.5,0.0
UpwQWMO0k03nTAgo,33.34166666666667,67,12,100.0,0.0,83.33333333333333,0.0,0.0,0.0,33.5,0.0
v4NN5l9IwwWWp6xR,33.34166666666667,67,12,100.0,0.0,83.33333333333333,0.0,0.0,0.0,33.5,0.0
teBDKuOQkPclDMX6,33.325,53,10,80.0,0.0,100.0,0.0,0.0,0.0,26.5,0.0
tDuwGdmcNOag7zH7,33.31818181818182,60,11,90.9090909090909,0.0,90.9090909090909,0.0,0.0,0.0,30.0,0.0
hFmP9k3P70RbSHAY,33.31666666666667,66,12,100.0,0.0,83.33333333333333,0.0,0.0,0.0,33.0,0.0
zwIfjZMibPxKU7kj,33.31666666666667,66,12,100.0,0.0,83.33333333333333,0.0,0.0,0.0,33.0,0.0
uxKzFbF0hBWN1qqJ,33.31666666666667,66,12,100.0,0.0,83.33333333333333,0.0,0.0,0.0,33.0,0.0
1pjoYKQeTKUoQlvi,33.30833333333334,54,12,100.0,0.0,41.666666666666664,57.5,0.0,0.0,27.0,0.0
ektv7klLjqZxyCRb,33.3,52,10,80.0,0.0,100.0,0.0,0.0,0.0,26.0,0.0
RMdJncAONlxdSTLW,33.3,52,10,80.0,0.0,100.0,0.0,0.0,0.0,26.0,0.0
H66Ktb4aKQtyv2W3,33.29318181818182,59,11,90.9090909090909,0.0,90.9090909090909,0.0,0.0,0.0,29.5,0.0
DzEdkxt9ygAGq6sr,33.29318181818182,59,11,90.9090909090909,0.0,90.9090909090909,0.0,0.0,0.0,29.5,0.0
dBKofM1BpbY2p7NM,33.29318181818182,59,11,90.9090909090909,0.0,90.9090909090909,0.0,0.0,0.0,29.5,0.0
rp4H5pJTa7wJSk7A,33.29166666666667,65,12,100.0,0.0,83.33333333333333,0.0,0.0,0.0,32.5,0.0
HUV2Ush1Y2DhwLtS,33.29166666666667,65,12,100.0,0.0,83.33333333333333,0.0,0.0,0.0,32.5,0.0
txyZ63mYz3ENGGRZ,33.275,51,10,80.0,0.0,100.0,0.0,0.0,0.0,25.5,0.0
H9jmm42cKDbfMZLI,33.26818181818182,58,11,90.9090909090909,0.0,90.9090909090909,0.0,0.0,0.0,29.0,0.0
EASNjYXyJK56LqCo,33.26818181818182,58,11,90.9090909090909,0.0,90.9090909090909,0.0,0.0,0.0,29.0,0.0
MLxbHPNerTkSoSoa,33.26818181818182,58,11,90.9090909090909,0.0,90.9090909090909,0.0,0.0,0.0,29.0,0.0
TM0lt6kgSM4xKDV1,33.26818181818182,58,11,90.9090909090909,0.0,90.9090909090909,0.0,0.0,0.0,29.0,0.0
yyctFtC3pnJL1fqD,33.26818181818182,58,11,90.9090909090909,0.0,90.9090909090909,0.0,0.0,0.0,29.0,0.0
7RlGPPe4BI8Kyaay,33.26818181818182,58,11,90.9090909090909,0.0,90.9090909090909,0.0,0.0,0.0,29.0,0.0
5YpfvklP6KS3gOZb,33.26346153846154,69,13,76.92307692307693,0.0,100.0,0.0,0.0,0.0,34.5,0.0
iAhuhbCaVwQxFax9,33.25961538461539,65,12,83.33333333333334,0.0,83.33333333333333,0.0,0.0,41.666666666666664,32.5,7.6923076923076925
vhlwMTkRDlY9LezM,33.25,50,10,80.0,0.0,100.0,0.0,0.0,0.0,25.0,0.0
4fgZU3mJya7rE1Lr,33.24318181818182,57,11,90.9090909090909,0.0,90.9090909090909,0.0,0.0,0.0,28.5,0.0
54aEm8ZLLlX1G1Nf,33.24166666666667,63,12,100.0,0.0,83.33333333333333,0.0,0.0,0.0,31.5,0.0
trQe5eMPRmws6XCS,33.225,49,10,80.0,0.0,100.0,0.0,0.0,0.0,24.5,0.0
lX9s1LYu4gomLBB0,33.225,49,10,80.0,0.0,100.0,0.0,0.0,0.0,24.5,0.0
ysyrUA18EyqDJ0wy,33.21818181818182,56,11,90.9090909090909,0.0,90.9090909090909,0.0,0.0,0.0,28.0,0.0
d6ZWfj6IpmfKvxG8,33.21818181818182,56,11,90.9090909090909,0.0,90.9090909090909,0.0,0.0,0.0,28.0,0.0
Cqslcuqd79Ox5f56,33.21818181818182,56,11,90.9090909090909,0.0,90.9090909090909,0.0,0.0,0.0,28.0,0.0
UL8ikhp4e6Ec55fN,33.21818181818182,56,11,90.9090909090909,0.0,90.9090909090909,0.0,0.0,0.0,28.0,0.0
jyJM5oor5TGQ72BQ,33.21666666666667,62,12,100.0,0.0,83.33333333333333,0.0,0.0,0.0,31.0,0.0
ZCIugzN076LrXNEc,33.21346153846154,67,13,76.92307692307693,0.0,100.0,0.0,0.0,0.0,33.5,0.0
AtgrEYxopz2LSxks,33.19166666666667,61,12,100.0,0.0,83.33333333333333,0.0,0.0,0.0,30.5,0.0
ecQoXsf2o3gyrDO1,33.19166666666667,61,12,100.0,0.0,83.33333333333333,0.0,0.0,0.0,30.5,0.0
x9Sv9SXsQUxM4lcu,33.16818181818182,54,11,90.9090909090909,0.0,90.9090909090909,0.0,0.0,0.0,27.0,0.0
ijmRFhIwLje3iy0O,33.16666666666667,60,12,100.0,0.0,83.33333333333333,0.0,0.0,0.0,30.0,0.0
td8YAjp8lg1xhS91,33.15,46,10,80.0,0.0,100.0,0.0,0.0,0.0,23.0,0.0
KNKJBnlqxWpujCVL,33.14318181818182,53,11,90.9090909090909,0.0,90.9090909090909,0.0,0.0,0.0,26.5,0.0
MXZrpYSpDd7lBxCH,33.141666666666666,59,9,77.77777777777779,0.0,100.0,0.0,0.0,0.0,29.5,0.0
8l8WnrYo0XH6JH9c,33.141666666666666,59,12,100.0,0.0,83.33333333333333,0.0,0.0,0.0,29.5,0.0
pVsqjvhfGcMuqvue,33.125,45,10,80.0,0.0,100.0,0.0,0.0,0.0,22.5,0.0
taGghVXrqZfxClIh,33.11818181818182,52,11,90.9090909090909,0.0,90.9090909090909,0.0,0.0,0.0,26.0,0.0
2U9XCV3ZnyZHoIxQ,33.11818181818182,52,11,90.9090909090909,0.0,90.9090909090909,0.0,0.0,0.0,26.0,0.0
46E1O3apKBZ5M39B,33.11666666666667,58,12,100.0,0.0,83.33333333333333,0.0,0.0,0.0,29.0,0.0
ERaEE8rxTrsEUS9Y,33.11346153846154,63,13,76.92307692307693,0.0,100.0,0.0,0.0,0.0,31.5,0.0
nd6iA4uyrOD8TEg0,33.09318181818182,51,11,90.9090909090909,0.0,90.9090909090909,0.0,0.0,0.0,25.5,0.0
penyQ9dAPi47i1Lb,33.09166666666667,57,12,100.0,0.0,83.33333333333333,0.0,0.0,0.0,28.5,0.0
ohbaT1zYspnRjlXW,33.08846153846154,62,13,76.92307692307693,0.0,100.0,0.0,0.0,0.0,31.0,0.0
c6UBKLZPmMMqvec8,33.06666666666666,56,9,100.0,0.0,55.55555555555555,0.0,55.55555555555555,0.0,28.0,0.0
Tnz6pJuXsyDIPwtq,33.05735294117647,87,17,88.23529411764706,0.0,88.23529411764706,0.0,0.0,0.0,43.5,0.0
BKxNrRzWnAJYJElx,33.05,82,15,73.33333333333333,0.0,100.0,0.0,0.0,0.0,41.0,0.0
rhTVeFdGjKjidLj0,33.04318181818182,49,11,90.9090909090909,0.0,90.9090909090909,0.0,0.0,0.0,24.5,0.0
dsgpzFDE9yFMxZLQ,33.04166666666667,55,12,100.0,0.0,83.33333333333333,0.0,0.0,0.0,27.5,0.0
nZEsC0lF0KoLlOjR,33.035714285714285,50,7,100.0,0.0,71.42857142857143,0.0,0.0,0.0,25.0,50.0
nTLFf5GCZdDiGADK,33.03333333333334,88,18,94.44444444444444,0.0,83.33333333333333,0.0,0.0,0.0,44.0,0.0
TGpukDGd2OG546C6,33.028932968536246,86,17,70.58823529411765,0.0,100.0,0.0,0.0,0.0,43.0,5.813953488372093
PfRV9WDohymoisPo,32.99318181818182,47,11,90.9090909090909,0.0,90.9090909090909,0.0,0.0,0.0,23.5,0.0
3FePH8BcvyUTzIGa,32.99166666666667,53,12,100.0,0.0,83.33333333333333,0.0,0.0,0.0,26.5,0.0
HuvFXfZYDtMQcZxH,32.99166666666667,53,6,100.0,0.0,83.33333333333333,0.0,0.0,0.0,26.5,0.0
1C9RlZ46PTW6FeIA,32.99166666666667,53,6,100.0,0.0,83.33333333333333,0.0,0.0,0.0,26.5,0.0
QuRVyODa5n6kCg8I,32.96666666666667,52,9,77.77777777777779,0.0,100.0,0.0,0.0,0.0,26.0,0.0
7KvTQKv4ThtZlM9w,32.96666666666667,52,9,77.77777777777779,0.0,100.0,0.0,0.0,0.0,26.0,0.0
UfYEYQNekGyW4PWG,32.9625,76,16,100.0,0.0,62.5,23.75,0.0,0.0,38.0,0.0
2qdcNpQUUHa33I7U,32.900735294117645,80,17,76.47058823529412,0.0,88.23529411764706,0.0,0.0,29.41176470588235,40.0,6.25
JznYIhpa8mjVZAit,32.891880341880345,52,9,100.0,0.0,55.55555555555555,0.0,0.0,100.0,26.0,9.615384615384617
28i5Fm0YKNEqhvMj,32.891666666666666,49,9,77.77777777777779,0.0,100.0,0.0,0.0,0.0,24.5,0.0
JySqF9qa4X4hM0jO,32.891666666666666,49,9,77.77777777777779,0.0,100.0,0.0,0.0,0.0,24.5,0.0
L17n22GA39IkEJYq,32.891666666666666,49,9,77.77777777777779,0.0,100.0,0.0,0.0,0.0,24.5,0.0
xrsbWjDCydhQ3iog,32.86666666666667,48,9,77.77777777777779,0.0,100.0,0.0,0.0,0.0,24.0,0.0
AJxszlffy8CaOdAk,32.86666666666667,48,9,77.77777777777779,0.0,100.0,0.0,0.0,0.0,24.0,0.0
nD0ymFgvn0LWHG2u,32.85,74,15,73.33333333333333,0.0,100.0,0.0,0.0,0.0,37.0,0.0
y3xaKqzl3aEI4PuB,32.81666666666667,46,12,100.0,0.0,83.33333333333333,0.0,0.0,0.0,23.0,0.0
i6m0LHT6t8Ftl047,32.8,62,12,75.0,0.0,100.0,0.0,0.0,0.0,31.0,0.0
tx4t9ACne6R7nCe7,32.775000000000006,61,12,83.33333333333334,0.0,83.33333333333333,0.0,0.0,41.666666666666664,30.5,0.0
kON2zsrtDX1F36lu,32.775,61,12,75.0,0.0,100.0,0.0,0.0,0.0,30.5,0.0
5hPYf7Fz46fDbygn,32.75450819672131,61,9,88.88888888888889,0.0,55.55555555555555,0.0,55.55555555555555,0.0,30.5,24.59016393442623
cf143agQ48sKkAke,32.73912429378531,59,12,91.66666666666666,0.0,83.33333333333333,0.0,0.0,0.0,29.5,16.949152542372882
gCijUesXvSuLpTEB,32.725,69,15,73.33333333333333,0.0,100.0,0.0,0.0,0.0,34.5,0.0
S3UKNP7OPY10G2Z0,32.71666666666667,42,6,100.0,0.0,83.33333333333333,0.0,0.0,0.0,21.0,0.0
7cL8lDtLpRK0cLHf,32.69166666666667,41,9,77.77777777777779,0.0,100.0,0.0,0.0,0.0,20.5,0.0
tqRqYGyvDrmb5zj0,32.69166666666667,41,6,100.0,0.0,83.33333333333333,0.0,0.0,0.0,20.5,0.0
TcMpwgeGChGepnuK,32.64642857142857,73,14,100.0,0.0,35.714285714285715,57.857142857142854,0.0,0.0,36.5,0.0
GZwQPAMCD4etmRnS,32.625,55,12,83.33333333333334,0.0,83.33333333333333,0.0,0.0,41.666666666666664,27.5,0.0
hSFPDAAww1IBHWvh,32.56428571428572,74,14,71.42857142857143,0.0,100.0,0.0,0.0,0.0,37.0,0.0
p6OtVV5wymSp2nXI,32.522192513368985,68,11,81.81818181818183,0.0,90.9090909090909,0.0,0.0,0.0,34.0,7.352941176470588
VvrB5JPIFV9pTQdW,32.50398550724638,69,12,91.66666666666666,0.0,83.33333333333333,0.0,0.0,0.0,34.5,7.246376811594203
nEUA5avlpc6quJGg,32.49642857142857,67,14,100.0,0.0,35.714285714285715,57.857142857142854,0.0,0.0,33.5,0.0
8RFbyc9FW5fEqIff,32.49175824175824,70,13,100.0,0.0,76.92307692307693,0.0,0.0,0.0,35.0,7.142857142857142
2DvJXNMETQxTChgW,32.49166666666667,83,12,91.66666666666666,0.0,83.33333333333333,0.0,0.0,0.0,41.5,0.0
tT9TPrB5y2wDqnDt,32.48461538461539,84,13,100.0,0.0,76.92307692307693,0.0,0.0,0.0,42.0,0.0
tFJglPMf1r20i5Im,32.46666666666666,82,12,91.66666666666666,0.0,83.33333333333333,0.0,0.0,0.0,41.0,0.0
0rk1s1XuWmTjbBur,32.464285714285715,50,7,71.42857142857143,0.0,100.0,0.0,0.0,0.0,25.0,10.0
VcLTK0mvUToRIOYE,32.45961538461539,83,13,100.0,0.0,76.92307692307693,0.0,0.0,0.0,41.5,0.0
sr3yFfVECVy7kLZz,32.42628205128205,65,12,91.66666666666666,0.0,83.33333333333333,0.0,0.0,0.0,32.5,7.6923076923076925
M9UWA0xXEQxtM5Oj,32.425,47,8,75.0,0.0,100.0,0.0,0.0,0.0,23.5,0.0
KEysBfo9AJrEs6SI,32.38823529411764,72,17,70.58823529411765,0.0,100.0,0.0,0.0,0.0,36.0,0.0
sED1fQkLdOnxacA7,32.37524038461539,64,13,100.0,0.0,76.92307692307693,0.0,0.0,0.0,32.0,7.8125
N4IuDZuixyOnFq86,32.353274268104784,59,11,81.81818181818183,0.0,90.9090909090909,0.0,0.0,0.0,29.5,8.474576271186441
7BshOS7Qx9FJcMWD,32.351502732240434,61,12,91.66666666666666,0.0,83.33333333333333,0.0,0.0,0.0,30.5,8.196721311475411
P4chgRiCnIo2fQ8H,32.351502732240434,61,12,91.66666666666666,0.0,83.33333333333333,0.0,0.0,0.0,30.5,8.196721311475411
6rlLBO0FfEwAvuQg,32.35,94,18,88.88888888888889,0.0,83.33333333333333,0.0,0.0,0.0,47.0,0.0
Z3HJAl4nmxDcsrrx,32.34166666666666,77,12,91.66666666666666,0.0,83.33333333333333,0.0,0.0,0.0,38.5,0.0
wWv8kWjsUWkScxMY,32.331914893617025,47,8,100.0,0.0,62.5,0.0,0.0,62.5,23.5,10.638297872340425
JscFzFGLUN7R503F,32.309615384615384,77,13,100.0,0.0,76.92307692307693,0.0,0.0,0.0,38.5,0.0
ds2yzgNWAo3MYQNa,32.284615384615385,76,13,100.0,0.0,76.92307692307693,0.0,0.0,0.0,38.0,0.0
8tEAUvCYPSashjd4,32.27567567567568,74,14,92.85714285714286,0.0,35.714285714285715,57.857142857142854,0.0,0.0,37.0,13.513513513513514
VU5NsNdRsYsqDrlD,32.267508417508424,54,11,81.81818181818183,0.0,90.9090909090909,0.0,0.0,0.0,27.0,9.25925925925926
7S3dq4Ychd8teqvS,32.266666666666666,74,12,91.66666666666666,0.0,83.33333333333333,0.0,0.0,0.0,37.0,0.0
ykECBGNVBWj09YEb,32.25961538461539,75,13,100.0,0.0,76.92307692307693,0.0,0.0,0.0,37.5,0.0
DbjyqbBiZYBayCsT,32.24166666666667,73,12,91.66666666666666,0.0,83.33333333333333,0.0,0.0,0.0,36.5,0.0
0SDEuPPz0ykdZxPB,32.23461538461539,74,13,100.0,0.0,76.92307692307693,0.0,0.0,0.0,37.0,0.0
58xuUAeMiieXHJi4,32.22962962962963,54,12,91.66666666666666,0.0,83.33333333333333,0.0,0.0,0.0,27.0,9.25925925925926
NQkBsbunTjO0CmP9,32.219741532976826,51,11,81.81818181818183,0.0,90.9090909090909,0.0,0.0,0.0,25.5,9.803921568627452
wDSNp60517U0HKDc,32.21666666666666,72,12,91.66666666666666,0.0,83.33333333333333,0.0,0.0,0.0,36.0,0.0
HuHf4M1n9k8O1rTj,32.21666666666666,72,12,91.66666666666666,0.0,83.33333333333333,0.0,0.0,0.0,36.0,0.0
PHC1OR1kc81LyjIK,32.21666666666666,72,12,91.66666666666666,0.0,83.33333333333333,0.0,0.0,0.0,36.0,0.0
b2nLtjLaqxUGV3Hz,32.21666666666666,72,12,91.66666666666666,0.0,83.33333333333333,0.0,0.0,0.0,36.0,0.0
h945WWsACupQBhlD,32.20961538461539,73,13,100.0,0.0,76.92307692307693,0.0,0.0,0.0,36.5,0.0
ONac7yn5Sh7sa5pQ,32.19166666666666,71,12,91.66666666666666,0.0,83.33333333333333,0.0,0.0,0.0,35.5,0.0
yYC8hQJevpxjp90F,32.19166666666666,71,12,91.66666666666666,0.0,83.33333333333333,0.0,0.0,0.0,35.5,0.0
7flfT8faBYRondTf,32.166666666666664,70,12,91.66666666666666,0.0,83.33333333333333,0.0,0.0,0.0,35.0,0.0
5DCjjVWyA8b3iYuy,32.166666666666664,70,12,91.66666666666666,0.0,83.33333333333333,0.0,0.0,0.0,35.0,0.0
K5cQe9X4rTsUEmZr,32.166666666666664,70,12,91.66666666666666,0.0,83.33333333333333,0.0,0.0,0.0,35.0,0.0
SvAC1gLOvd0Z1YUp,32.159615384615385,71,13,69.23076923076923,0.0,100.0,0.0,0.0,0.0,35.5,0.0
LhYSi5doVSI82hJE,32.141666666666666,69,12,91.66666666666666,0.0,83.33333333333333,0.0,0.0,0.0,34.5,0.0
nINb9kfKVNrZFhgp,32.13461538461539,70,13,100.0,0.0,76.92307692307693,0.0,0.0,0.0,35.0,0.0
btXc5htjqD774Z6n,32.13461538461539,70,13,100.0,0.0,76.92307692307693,0.0,0.0,0.0,35.0,0.0
rb5FCCMszkdT8C4i,32.11666666666667,68,12,91.66666666666666,0.0,83.33333333333333,0.0,0.0,0.0,34.0,0.0
Xejl0WsGNYcuyEcG,32.10961538461539,69,13,100.0,0.0,76.92307692307693,0.0,0.0,0.0,34.5,0.0
JxHf6h08dgsycimX,32.10490033222591,43,7,100.0,0.0,71.42857142857143,0.0,0.0,0.0,21.5,34.883720930232556
Lu1RYgcamUXbD1Wz,32.09166666666666,67,12,91.66666666666666,0.0,83.33333333333333,0.0,0.0,0.0,33.5,0.0
qlri5n1JPoLCkHpp,32.09166666666666,67,12,91.66666666666666,0.0,83.33333333333333,0.0,0.0,0.0,33.5,0.0
oOpKdBkEN2VINP4v,32.09126984126984,90,14,100.0,0.0,71.42857142857143,0.0,0.0,0.0,45.0,11.11111111111111
rebdTSFSL1TrgKnk,32.07954545454545,65,11,81.81818181818183,0.0,90.9090909090909,0.0,0.0,0.0,32.5,0.0
RLhX5CDQL9Gi9FaH,32.075,83,16,75.0,0.0,93.75,0.0,0.0,0.0,41.5,0.0
XGeUUg5qPoDsqDdg,32.075,83,17,82.35294117647058,0.0,88.23529411764706,0.0,0.0,0.0,41.5,0.0
iKSyoundSxLDUalx,32.06666666666666,66,12,91.66666666666666,0.0,83.33333333333333,0.0,0.0,0.0,33.0,0.0
39dak3AWZS6dfuhv,32.059615384615384,67,13,100.0,0.0,76.92307692307693,0.0,0.0,0.0,33.5,0.0
Rla5fQilC5uYY5Kw,32.059615384615384,67,13,100.0,0.0,76.92307692307693,0.0,0.0,0.0,33.5,0.0
JJEqtKwXTzVi23Qh,32.050000000000004,82,15,100.0,0.0,66.66666666666667,0.0,0.0,33.333333333333336,41.0,0.0
DZmrW3qZ3vHPbQeN,32.041666666666664,65,12,91.66666666666666,0.0,83.33333333333333,0.0,0.0,0.0,32.5,0.0
IMJvEoKbI5o17RTv,32.041666666666664,65,12,91.66666666666666,0.0,83.33333333333333,0.0,0.0,0.0,32.5,0.0
CFw27iS4gpxTmc5X,32.034615384615385,66,13,100.0,0.0,76.92307692307693,0.0,0.0,0.0,33.0,0.0
l4xQdxIpopq8m80c,32.034615384615385,66,13,100.0,0.0,76.92307692307693,0.0,0.0,0.0,33.0,0.0
zEiQLXkxt7n3XO3u,32.016666666666666,64,12,91.66666666666666,0.0,83.33333333333333,0.0,0.0,0.0,32.0,0.0
1xP4FBMh9FgBkdXs,32.016666666666666,64,12,91.66666666666666,0.0,83.33333333333333,0.0,0.0,0.0,32.0,0.0
MmZJZmCpMz7uVkt5,31.966666666666665,62,12,91.66666666666666,0.0,83.33333333333333,0.0,0.0,0.0,31.0,0.0
l0EQAaTZFsQRhtBq,31.966666666666665,62,12,91.66666666666666,0.0,83.33333333333333,0.0,0.0,0.0,31.0,0.0
bAznl1dWezWkK79R,31.959615384615386,63,13,100.0,0.0,76.92307692307693,0.0,0.0,0.0,31.5,0.0
ItrTMIJYXZpIamCO,31.954545454545457,60,11,81.81818181818183,0.0,90.9090909090909,0.0,0.0,0.0,30.0,0.0
Ze7TDLIMTNrHH66w,31.941666666666663,61,12,91.66666666666666,0.0,83.33333333333333,0.0,0.0,0.0,30.5,0.0
LduUDhK7VfWP7HOK,31.934615384615388,62,13,100.0,0.0,76.92307692307693,0.0,0.0,0.0,31.0,0.0
2a3w6Toe13fcwRJ8,31.916666666666664,60,12,91.66666666666666,0.0,83.33333333333333,0.0,0.0,0.0,30.0,0.0
TnwF5fMlgsKzEKf0,31.916666666666664,60,12,91.66666666666666,0.0,83.33333333333333,0.0,0.0,0.0,30.0,0.0
muPFoSF3ql6YgR5t,31.916666666666664,60,12,91.66666666666666,0.0,83.33333333333333,0.0,0.0,0.0,30.0,0.0
jVzFYObHIdSw2cev,31.904545454545456,58,11,81.81818181818183,0.0,90.9090909090909,0.0,0.0,0.0,29.0,0.0
KIgiuvNEEDjBuM1F,31.891666666666666,59,12,91.66666666666666,0.0,83.33333333333333,0.0,0.0,0.0,29.5,0.0
2BpLwzgiVzW1y7XC,31.891666666666666,59,12,91.66666666666666,0.0,83.33333333333333,0.0,0.0,0.0,29.5,0.0
j2LurOY7wQORapJ7,31.891666666666666,59,12,91.66666666666666,0.0,83.33333333333333,0.0,0.0,0.0,29.5,0.0
B5GGvBIUtR81BF6A,31.879545454545458,57,11,81.81818181818183,0.0,90.9090909090909,0.0,0.0,0.0,28.5,0.0
FsT9ydZvj0Tn2U7Z,31.875,75,14,92.85714285714286,0.0,71.42857142857143,0.0,0.0,35.714285714285715,37.5,0.0
6LVP5uvmZtmmsKRD,31.825,48,8,100.0,0.0,62.5,0.0,0.0,62.5,24.0,0.0
pVGFW0NPc1GUemR8,31.825,48,8,100.0,0.0,62.5,0.0,0.0,62.5,24.0,0.0
F7Ff2FSbmcwAGC6d,31.816666666666663,56,12,91.66666666666666,0.0,83.33333333333333,0.0,0.0,0.0,28.0,0.0
cb50eDMQ1lWueoz3,31.816666666666663,56,12,91.66666666666666,0.0,83.33333333333333,0.0,0.0,0.0,28.0,0.0
kstboOXSpcrVh0Yy,31.8,72,14,92.85714285714286,0.0,71.42857142857143,0.0,0.0,35.714285714285715,36.0,0.0
PABzZFZd1Hd6GxbK,31.775,71,15,66.66666666666666,0.0,100.0,0.0,0.0,0.0,35.5,0.0
Y9GsTDYv2epVWqXc,31.766666666666666,54,12,91.66666666666666,0.0,83.33333333333333,0.0,0.0,0.0,27.0,0.0
yy3Iun1lrh9WsGsj,31.764285714285716,42,7,85.71428571428571,0.0,71.42857142857143,0.0,0.0,71.42857142857143,21.0,0.0
PC5itSrXBdN8xZ9E,31.741666666666664,53,12,91.66666666666666,0.0,83.33333333333333,0.0,0.0,0.0,26.5,0.0
m451q8QlFktCZDgh,31.729545454545455,51,11,81.81818181818183,0.0,90.9090909090909,0.0,0.0,0.0,25.5,0.0
2KW2WCEcogSZEaxB,31.729545454545455,51,11,81.81818181818183,0.0,90.9090909090909,0.0,0.0,0.0,25.5,0.0
tQunpDjTjcfdL4hj,31.725,69,16,75.0,0.0,93.75,0.0,0.0,0.0,34.5,0.0
eEvPnphCdiQ2w5np,31.725,44,8,100.0,0.0,62.5,0.0,0.0,62.5,22.0,0.0
HA1JbHZGpvHTVx5w,31.70691489361702,47,9,66.66666666666666,0.0,100.0,0.0,0.0,0.0,23.5,10.638297872340425
aQHPYQFW9ktqEGp1,31.654545454545456,48,11,81.81818181818183,0.0,90.9090909090909,0.0,0.0,0.0,24.0,0.0
T8SgyApXyBlWjHrx,31.63834498834499,66,13,92.3076923076923,0.0,76.92307692307693,0.0,0.0,0.0,33.0,15.151515151515152
asUt1LLQF3jCIEwv,31.635714285714286,94,14,100.0,0.0,71.42857142857143,0.0,0.0,0.0,47.0,0.0
LPgcPgsRXD3oKPQR,31.62898322851153,53,9,100.0,0.0,55.55555555555555,0.0,0.0,55.55555555555555,26.5,28.30188679245283
hhyzgi6lchNUcCiU,31.58914027149321,68,13,100.0,0.0,38.46153846153847,43.07692307692308,0.0,0.0,34.0,14.705882352941176
cLlvehrjWAkSxJkC,31.577169981916818,79,14,100.0,0.0,71.42857142857143,0.0,0.0,0.0,39.5,6.329113924050633
gN8qJ5Nzi68K80XI,31.575,63,12,66.66666666666666,0.0,100.0,0.0,0.0,0.0,31.5,0.0
148GoWNoan9NWwpM,31.574242424242428,66,12,83.33333333333334,0.0,83.33333333333333,0.0,0.0,0.0,33.0,15.151515151515152
HfOYQS2TRfhUooYE,31.527380952380952,48,7,100.0,0.0,71.42857142857143,0.0,0.0,0.0,24.0,20.833333333333332
iu7NukzNV1tLvG1G,31.510714285714286,89,14,100.0,0.0,71.42857142857143,0.0,0.0,0.0,44.5,0.0
s5t2kTT7SOlYxGoh,31.510714285714286,89,14,100.0,0.0,71.42857142857143,0.0,0.0,0.0,44.5,0.0
LdFIxS8huIBERp9r,31.48044455544456,77,13,92.3076923076923,0.0,76.92307692307693,0.0,0.0,0.0,38.5,6.493506493506494
9pnLwddsFM41PREs,31.455769230769235,89,13,92.3076923076923,0.0,76.92307692307693,0.0,0.0,0.0,44.5,0.0
BPfTganEeiLoHRCa,31.435714285714283,86,14,100.0,0.0,71.42857142857143,0.0,0.0,0.0,43.0,0.0
ggux4tiyX0W3iPRj,31.435714285714283,86,14,100.0,0.0,71.42857142857143,0.0,0.0,0.0,43.0,0.0
euxcjMUOZ4gyGUfv,31.432936507936507,72,14,100.0,0.0,71.42857142857143,0.0,0.0,0.0,36.0,6.944444444444444
TL99t1Mw8fyRUvNL,31.432936507936507,72,14,100.0,0.0,71.42857142857143,0.0,0.0,0.0,36.0,6.944444444444444
hFN8PwCSBbksUmEw,31.40352147852148,77,13,100.0,0.0,38.46153846153847,43.07692307692308,0.0,0.0,38.5,6.493506493506494
lbTdtygujA5uqy80,31.39561403508772,76,12,83.33333333333334,0.0,83.33333333333333,0.0,0.0,0.0,38.0,6.578947368421052
CUAk4AF4ywIyg1EY,31.385714285714286,84,14,100.0,0.0,71.42857142857143,0.0,0.0,0.0,42.0,0.0
G6SmCstI4K5kmWN4,31.375,55,12,75.0,0.0,83.33333333333333,0.0,0.0,41.666666666666664,27.5,0.0
s9Tfw7CPqVEnm0Ir,31.36666666666667,88,18,83.33333333333334,0.0,83.33333333333333,0.0,0.0,0.0,44.0,0.0
QmMjkMOxcfTRQ87t,31.360714285714284,83,14,100.0,0.0,71.42857142857143,0.0,0.0,0.0,41.5,0.0
x2zrClKiKRo0gUrZ,31.335714285714285,82,14,100.0,0.0,71.42857142857143,0.0,0.0,0.0,41.0,0.0
0Uk8nMMGjepCrvvA,31.298416289592762,68,13,92.3076923076923,0.0,76.92307692307693,0.0,0.0,0.0,34.0,7.352941176470588
E1ZA3zeU4p6II2Bv,31.298416289592762,68,13,92.3076923076923,0.0,76.92307692307693,0.0,0.0,0.0,34.0,7.352941176470588
nQmK2stLS9x3obaz,31.278903559127443,67,13,92.3076923076923,0.0,76.92307692307693,0.0,0.0,0.0,33.5,7.462686567164179
xSiD5pSpPOOgOH1Z,31.25,50,10,90.0,0.0,50.0,40.0,0.0,0.0,25.0,10.0
misDdQCoNichU6Un,31.241164994425866,69,13,100.0,0.0,38.46153846153847,43.07692307692308,0.0,0.0,34.5,7.246376811594203
2HF3nLE1DraUBV3p,31.205769230769235,79,13,92.3076923076923,0.0,76.92307692307693,0.0,0.0,0.0,39.5,0.0
0GpYQYyZqpV8fBFV,31.2,48,10,100.0,0.0,0.0,100.0,0.0,0.0,24.0,0.0
0NOtZTooF9xcrF5T,31.185714285714283,76,14,100.0,0.0,71.42857142857143,0.0,0.0,0.0,38.0,0.0
z73Vmy2diXxp3yGF,31.166748768472903,58,7,100.0,0.0,71.42857142857143,0.0,0.0,0.0,29.0,8.620689655172413
fLTAHKXSZVoSfpxa,31.135714285714286,74,14,100.0,0.0,71.42857142857143,0.0,0.0,0.0,37.0,0.0
odr6AICuazmvf4KZ,31.130769230769232,76,13,92.3076923076923,0.0,76.92307692307693,0.0,0.0,0.0,38.0,0.0
IZmaF10bxns88KBU,31.110714285714284,73,14,100.0,0.0,71.42857142857143,0.0,0.0,0.0,36.5,0.0
EQHCwqh7JfwBnjzG,31.110714285714284,73,14,100.0,0.0,71.42857142857143,0.0,0.0,0.0,36.5,0.0
WyB2fW66tMIjJUlq,31.105769230769234,75,13,92.3076923076923,0.0,76.92307692307693,0.0,0.0,0.0,37.5,0.0
ageXSAHAPsUBklxl,31.105769230769234,75,13,92.3076923076923,0.0,76.92307692307693,0.0,0.0,0.0,37.5,0.0
SPUs4Tds25E8DiqO,31.094365721997303,57,13,92.3076923076923,0.0,76.92307692307693,0.0,0.0,0.0,28.5,8.771929824561402
iiQvY9dftYXjZwDz,31.085714285714285,72,14,100.0,0.0,71.42857142857143,0.0,0.0,0.0,36.0,0.0
a2vobEfkl6Ac3d5J,31.082412398921832,53,7,100.0,0.0,71.42857142857143,0.0,0.0,0.0,26.5,9.433962264150942
5hdmpWMLpFGWGy8h,31.06666666666667,76,12,83.33333333333334,0.0,83.33333333333333,0.0,0.0,0.0,38.0,0.0
Fdt7T4Se6Efa2PnS,31.066483516483515,52,7,100.0,0.0,71.42857142857143,0.0,0.0,0.0,26.0,9.615384615384617
j6eS8tpWzt0nIOg8,31.035714285714285,70,14,100.0,0.0,71.42857142857143,0.0,0.0,0.0,35.0,0.0
WQDQfvJci37NaVKb,31.035714285714285,70,14,100.0,0.0,71.42857142857143,0.0,0.0,0.0,35.0,0.0
U1KWodXFqAtVv1jc,31.030769230769234,72,13,92.3076923076923,0.0,76.92307692307693,0.0,0.0,0.0,36.0,0.0
A1QQdem0WGjUrflC,31.030769230769234,72,13,92.3076923076923,0.0,76.92307692307693,0.0,0.0,0.0,36.0,0.0
GpybFUz8xWITgCoK,31.030769230769234,72,13,92.3076923076923,0.0,76.92307692307693,0.0,0.0,0.0,36.0,0.0
k2kNQku9HEPMYAXU,31.030769230769234,72,13,92.3076923076923,0.0,76.92307692307693,0.0,0.0,0.0,36.0,0.0
Pcxkzmwedc12Zqyl,31.010714285714286,69,14,100.0,0.0,71.42857142857143,0.0,0.0,0.0,34.5,0.0
1jkqhkuWYaTn2HRn,31.006547619047616,48,7,100.0,0.0,71.42857142857143,0.0,0.0,0.0,24.0,10.416666666666666
9V044ZsNKfuoC0cp,31.005769230769232,71,13,92.3076923076923,0.0,76.92307692307693,0.0,0.0,0.0,35.5,0.0
J4x1A16zD9W45cyo,30.957359307359305,66,14,85.71428571428571,0.0,71.42857142857143,0.0,0.0,35.714285714285715,33.0,7.575757575757576
WpIvFoB9JbSegK5i,30.955769230769235,69,13,92.3076923076923,0.0,76.92307692307693,0.0,0.0,0.0,34.5,0.0
iAVVihsqum6EgvPc,30.953896103896103,44,7,100.0,0.0,71.42857142857143,0.0,0.0,0.0,22.0,11.363636363636363
GEondblFO0ypTiZD,30.953896103896103,44,7,100.0,0.0,71.42857142857143,0.0,0.0,0.0,22.0,11.363636363636363
x9pBxKE2rzy7UMXG,30.935714285714283,66,14,100.0,0.0,71.42857142857143,0.0,0.0,0.0,33.0,0.0
DM6NmIPMu7Ktx45J,30.93095238095238,42,7,100.0,0.0,71.42857142857143,0.0,0.0,0.0,21.0,11.904761904761903
NkSnbEIhrhi7XXvD,30.92047038327526,41,7,100.0,0.0,71.42857142857143,0.0,0.0,0.0,20.5,12.195121951219512
EqcXS5pEGrSRiT49,30.905769230769234,67,13,92.3076923076923,0.0,76.92307692307693,0.0,0.0,0.0,33.5,0.0
SMpib8fiB4SWwD29,30.905769230769234,67,13,92.3076923076923,0.0,76.92307692307693,0.0,0.0,0.0,33.5,0.0
y3vKE8CoNygX7cQm,30.880769230769232,66,13,92.3076923076923,0.0,76.92307692307693,0.0,0.0,0.0,33.0,0.0
CjV4y2NWybIWrn4R,30.86666666666667,68,12,83.33333333333334,0.0,83.33333333333333,0.0,0.0,0.0,34.0,0.0
LDUIMQ5Q2O1e0itH,30.855769230769234,65,13,92.3076923076923,0.0,76.92307692307693,0.0,0.0,0.0,32.5,0.0
EQibNiweKich2JjJ,30.85,54,10,90.0,0.0,50.0,40.0,0.0,0.0,27.0,0.0
xdYDV87WtLphzyaH,30.842114695340502,62,9,100.0,0.0,55.55555555555555,0.0,0.0,55.55555555555555,31.0,8.064516129032258
F11cuBXGia2Kji23,30.841666666666672,67,12,83.33333333333334,0.0,83.33333333333333,0.0,0.0,0.0,33.5,0.0
qWTcMzVv7Wi7RA0e,30.840909090909093,50,11,72.72727272727273,0.0,90.9090909090909,0.0,0.0,0.0,25.0,10.0
5QSbZqH67HzLRold,30.830769230769235,64,13,92.3076923076923,0.0,76.92307692307693,0.0,0.0,0.0,32.0,0.0
Pom37V7sjiunLo8N,30.830769230769235,64,13,92.3076923076923,0.0,76.92307692307693,0.0,0.0,0.0,32.0,0.0
DD4bSMia6ChfZw1k,30.81666666666667,66,12,83.33333333333334,0.0,83.33333333333333,0.0,0.0,0.0,33.0,0.0
yuGDloAptWehcqI2,30.81666666666667,66,12,83.33333333333334,0.0,83.33333333333333,0.0,0.0,0.0,33.0,0.0
EfkPD3PS7A8mVOJ7,30.810714285714283,61,7,100.0,0.0,71.42857142857143,0.0,0.0,0.0,30.5,0.0
UW4zAGqT0M94a6Rv,30.810714285714283,61,7,100.0,0.0,71.42857142857143,0.0,0.0,0.0,30.5,0.0
soHgfUM9M3xp32QF,30.775,71,15,60.0,0.0,100.0,0.0,0.0,0.0,35.5,0.0
h4sjsrlBXaEYWHeL,30.725000000000005,69,15,93.33333333333333,0.0,66.66666666666667,0.0,0.0,33.333333333333336,34.5,0.0
O1MRN1WeBLwo8w7W,30.72083333333333,48,10,60.0,0.0,100.0,0.0,0.0,0.0,24.0,10.416666666666666
Yvzd34vuEnHTOW91,30.718434343434343,55,9,100.0,0.0,55.55555555555555,0.0,0.0,55.55555555555555,27.5,9.09090909090909
IDAdn1Ay5XL8Sb24,30.714285714285715,100,14,92.85714285714286,0.0,71.42857142857143,0.0,0.0,0.0,50.0,0.0
U9msClRel9lVGhyc,30.709538152610442,83,15,100.0,0.0,66.66666666666667,0.0,0.0,0.0,41.5,6.024096385542169
tXRZz0pfWEXEeHzl,30.701851851851853,54,8,100.0,0.0,62.5,0.0,0.0,0.0,27.0,37.03703703703704
koeGPrnjlkxMT0hQ,30.688211382113824,82,15,100.0,0.0,66.66666666666667,0.0,0.0,0.0,41.0,6.097560975609756
n7rsVUNPzQyH9BBC,30.61666666666667,58,12,83.33333333333334,0.0,83.33333333333333,0.0,0.0,0.0,29.0,0.0
pfQo1Rk0NIJ35DfY,30.610714285714284,53,7,100.0,0.0,71.42857142857143,0.0,0.0,0.0,26.5,0.0
HGUACxe3JvWF5gfB,30.605769230769234,55,13,92.3076923076923,0.0,76.92307692307693,0.0,0.0,0.0,27.5,0.0
7gsNzoZwubfLnxn5,30.591666666666672,57,12,83.33333333333334,0.0,83.33333333333333,0.0,0.0,0.0,28.5,0.0
JHBUYcVNBRLiuX8o,30.585714285714285,52,7,100.0,0.0,71.42857142857143,0.0,0.0,0.0,26.0,0.0
A43EdJbvVHVwJjrR,30.56666666666667,56,12,83.33333333333334,0.0,83.33333333333333,0.0,0.0,0.0,28.0,0.0
2NVzNO5gbW69W48I,30.56666666666667,56,12,83.33333333333334,0.0,83.33333333333333,0.0,0.0,0.0,28.0,0.0
wUNf4UaoHvltj2Ey,30.560714285714283,51,7,100.0,0.0,71.42857142857143,0.0,0.0,0.0,25.5,0.0
EBYdY0NQbMmFg6As,30.560714285714283,51,7,100.0,0.0,71.42857142857143,0.0,0.0,0.0,25.5,0.0
GEitygznamZYXspH,30.54166666666667,55,12,83.33333333333334,0.0,83.33333333333333,0.0,0.0,0.0,27.5,0.0
Z5tVCCfLH7WIGpCr,30.535714285714285,50,7,100.0,0.0,71.42857142857143,0.0,0.0,0.0,25.0,0.0
fcyUXAVcVQYdl3y5,30.498191733639498,67,13,84.61538461538461,0.0,76.92307692307693,0.0,0.0,0.0,33.5,14.925373134328359
djN5Xq04IWatSBGH,30.485714285714284,48,7,100.0,0.0,71.42857142857143,0.0,0.0,0.0,24.0,0.0
fgkXxGbttS4odzuR,30.466666666666672,52,12,83.33333333333334,0.0,83.33333333333333,0.0,0.0,0.0,26.0,0.0
jUcte2XP5euTtIGc,30.460714285714285,47,7,100.0,0.0,71.42857142857143,0.0,0.0,0.0,23.5,0.0
WaRyvzKsjCPAOmJa,30.460714285714285,47,7,100.0,0.0,71.42857142857143,0.0,0.0,0.0,23.5,0.0
QaYo1SNJahmoZODO,30.460714285714285,47,7,100.0,0.0,71.42857142857143,0.0,0.0,0.0,23.5,0.0
TBkSCwCcU36wNBrO,30.439285714285717,89,14,92.85714285714286,0.0,71.42857142857143,0.0,0.0,0.0,44.5,0.0
riOtNIfGPkL8LjkQ,30.439285714285717,89,14,92.85714285714286,0.0,71.42857142857143,0.0,0.0,0.0,44.5,0.0
cu7tGz0IEqcWPmsw,30.439285714285717,89,14,92.85714285714286,0.0,71.42857142857143,0.0,0.0,0.0,44.5,0.0
LOPjEfKgGLKZoJ12,30.435714285714283,46,7,100.0,0.0,71.42857142857143,0.0,0.0,0.0,23.0,0.0
k1X72nCGxSWCDgR4,30.435714285714283,46,7,100.0,0.0,71.42857142857143,0.0,0.0,0.0,23.0,0.0
9eddjquHX2THRWBr,30.435714285714283,46,7,100.0,0.0,71.42857142857143,0.0,0.0,0.0,23.0,0.0
Opq31fbBxXD05iNU,30.435714285714283,46,7,100.0,0.0,71.42857142857143,0.0,0.0,0.0,23.0,0.0
bTAWmN4PRvOeTpAJ,30.415909090909093,53,11,72.72727272727273,0.0,90.9090909090909,0.0,0.0,0.0,26.5,0.0
6yURfWu7pp8cajFa,30.410714285714285,45,7,100.0,0.0,71.42857142857143,0.0,0.0,0.0,22.5,0.0
0ZEKS9pLg7MtFroD,30.410714285714285,45,7,100.0,0.0,71.42857142857143,0.0,0.0,0.0,22.5,0.0
cQBkqiyhdTppjrJS,30.410714285714285,45,7,100.0,0.0,71.42857142857143,0.0,0.0,0.0,22.5,0.0
ayQaqwTUhRNNdGf1,30.385714285714286,44,7,100.0,0.0,71.42857142857143,0.0,0.0,0.0,22.0,0.0
ysa9Bsfjm7S8YVPe,30.360714285714284,43,7,100.0,0.0,71.42857142857143,0.0,0.0,0.0,21.5,0.0
fnkzgge74EJdbXzH,30.358333333333334,81,15,100.0,0.0,66.66666666666667,0.0,0.0,0.0,40.5,0.0
5dloZHc9ze4D3sX2,30.339285714285715,85,14,92.85714285714286,0.0,71.42857142857143,0.0,0.0,0.0,42.5,0.0
umDbhVoPETzSVb98,30.335714285714285,42,7,100.0,0.0,71.42857142857143,0.0,0.0,0.0,21.0,0.0
nM9nz3Q6iEygDA60,30.335714285714285,42,7,100.0,0.0,71.42857142857143,0.0,0.0,0.0,21.0,0.0
rHWImyiAL68AfASm,30.335714285714285,42,7,100.0,0.0,71.42857142857143,0.0,0.0,0.0,21.0,0.0
PnSZuAxgjBPLqq2I,30.333333333333336,80,15,100.0,0.0,66.66666666666667,0.0,0.0,0.0,40.0,0.0
k1bMglshIVzkeQWa,30.333333333333332,75,16,93.75,0.0,62.5,0.0,0.0,31.25,37.5,6.666666666666667
s2MsNg2IwhtVDwB8,30.310714285714283,41,7,100.0,0.0,71.42857142857143,0.0,0.0,0.0,20.5,0.0
9bVFZcBcbFr8yg1r,30.285714285714285,40,7,100.0,0.0,71.42857142857143,0.0,0.0,0.0,20.0,0.0
Ypp3CcdYrULfU3QF,30.285714285714285,40,7,100.0,0.0,71.42857142857143,0.0,0.0,0.0,20.0,0.0
CGrFUgbWEpGZlm9l,30.285714285714285,40,7,100.0,0.0,71.42857142857143,0.0,0.0,0.0,20.0,0.0
ju2U8QRISooEBXX5,30.285714285714285,40,7,100.0,0.0,71.42857142857143,0.0,0.0,0.0,20.0,0.0
7QUTqAN28hrkTGta,30.285714285714285,40,7,100.0,0.0,71.42857142857143,0.0,0.0,0.0,20.0,0.0
zo5XLU2siDGGfzxG,30.264285714285716,82,14,92.85714285714286,0.0,71.42857142857143,0.0,0.0,0.0,41.0,0.0
5fg6hZ3GqQbzwqGI,30.260714285714286,39,7,100.0,0.0,71.42857142857143,0.0,0.0,0.0,19.5,0.0
rmAMD7qwDT9Hnue7,30.260714285714286,39,7,100.0,0.0,71.42857142857143,0.0,0.0,0.0,19.5,0.0
zF6Y0Q8CW0z7x0EU,30.260714285714286,39,7,100.0,0.0,71.42857142857143,0.0,0.0,0.0,19.5,0.0
BU7IrN4RM2C3UZC0,30.260714285714286,39,7,100.0,0.0,71.42857142857143,0.0,0.0,0.0,19.5,0.0
huKYbaDS0hn3iQSa,30.260714285714286,39,7,100.0,0.0,71.42857142857143,0.0,0.0,0.0,19.5,0.0
UUMGGElAnTqRKlfO,30.260714285714286,39,7,100.0,0.0,71.42857142857143,0.0,0.0,0.0,19.5,0.0
jNsuAPuhgHQec18i,30.239285714285714,81,14,92.85714285714286,0.0,71.42857142857143,0.0,0.0,0.0,40.5,0.0
lgsriTCUaofjaFnv,30.239285714285714,81,14,92.85714285714286,0.0,71.42857142857143,0.0,0.0,0.0,40.5,0.0
vxkSpSkiQYJ7duG1,30.23888888888889,54,9,100.0,0.0,55.55555555555555,0.0,0.0,55.55555555555555,27.0,0.0
R3i1amI9QDkg6ihX,30.235714285714284,38,7,100.0,0.0,71.42857142857143,0.0,0.0,0.0,19.0,0.0
XEhx6eusUFtBNhhD,30.214285714285715,80,14,92.85714285714286,0.0,71.42857142857143,0.0,0.0,0.0,40.0,0.0
B4oK8r9BHsxGnTgZ,30.19166666666667,41,6,83.33333333333334,0.0,83.33333333333333,0.0,0.0,0.0,20.5,0.0
cSKdrih2DDAkWvo4,30.189285714285717,79,14,92.85714285714286,0.0,71.42857142857143,0.0,0.0,0.0,39.5,0.0
RNbd8CGjttzBzyMt,30.188704819277106,83,16,81.25,0.0,62.5,0.0,31.25,0.0,41.5,6.024096385542169
wrWfGnmXFJHgtPFW,30.163888888888888,51,9,100.0,0.0,55.55555555555555,0.0,0.0,55.55555555555555,25.5,0.0
ZUQxCgjLb3UgvTdD,30.14457013574661,68,13,84.61538461538461,0.0,76.92307692307693,0.0,0.0,0.0,34.0,7.352941176470588
N8OAXNKZy3XQs1JP,30.14457013574661,68,13,84.61538461538461,0.0,76.92307692307693,0.0,0.0,0.0,34.0,7.352941176470588
wd0BGJlBKgFO2FBW,30.14457013574661,68,13,84.61538461538461,0.0,76.92307692307693,0.0,0.0,0.0,34.0,7.352941176470588
VSC9FEb3CLpmsK11,30.139285714285716,77,14,92.85714285714286,0.0,71.42857142857143,0.0,0.0,0.0,38.5,0.0
pIQHhKd6hgW82r06,30.139285714285716,77,14,92.85714285714286,0.0,71.42857142857143,0.0,0.0,0.0,38.5,0.0
JtHEKW0GOMAVmfKB,30.133333333333336,72,15,100.0,0.0,66.66666666666667,0.0,0.0,0.0,36.0,0.0
p1NwjXgh6fR9QFNa,30.12692307692308,82,13,84.61538461538461,0.0,76.92307692307693,0.0,0.0,0.0,41.0,0.0
36AzkhiIAEVey953,30.114285714285714,76,14,92.85714285714286,0.0,71.42857142857143,0.0,0.0,0.0,38.0,0.0
XMFgTIY72Kkq9gMu,30.089285714285715,75,14,92.85714285714286,0.0,71.42857142857143,0.0,0.0,0.0,37.5,0.0
Fe9mdOj8niflLJ1Y,30.089285714285715,75,14,92.85714285714286,0.0,71.42857142857143,0.0,0.0,0.0,37.5,0.0
Jq2WcfhGtx9IkB8Q,30.089285714285715,75,14,92.85714285714286,0.0,71.42857142857143,0.0,0.0,0.0,37.5,0.0
UkcAGg0uuJOmNn7I,30.089285714285715,75,14,92.85714285714286,0.0,71.42857142857143,0.0,0.0,0.0,37.5,0.0
z2EBoCk8bmPCosXq,30.083333333333336,70,15,100.0,0.0,66.66666666666667,0.0,0.0,0.0,35.0,0.0
RMmejeBpD6PzgUHi,30.064285714285717,74,14,92.85714285714286,0.0,71.42857142857143,0.0,0.0,0.0,37.0,0.0
vekk8v80VJ1sADYL,30.064285714285717,74,14,92.85714285714286,0.0,71.42857142857143,0.0,0.0,0.0,37.0,0.0
QYjkphcuKiCqxlnJ,30.02692307692308,78,13,84.61538461538461,0.0,76.92307692307693,0.0,0.0,0.0,39.0,0.0
Ru61iksVggsYjbzA,30.01175914249685,61,13,84.61538461538461,0.0,76.92307692307693,0.0,0.0,0.0,30.5,8.196721311475411
ifxzSmq4Svl3Anzk,30.00192307692308,77,13,84.61538461538461,0.0,76.92307692307693,0.0,0.0,0.0,38.5,0.0
FEVA71vTB460g0kS,30.00192307692308,77,13,84.61538461538461,0.0,76.92307692307693,0.0,0.0,0.0,38.5,0.0
GhoijlwDxbqeikAz,29.98888888888889,44,9,100.0,0.0,55.55555555555555,0.0,0.0,55.55555555555555,22.0,0.0
gpprydgItkjagpIQ,29.975,59,10,90.0,0.0,50.0,0.0,50.0,0.0,29.5,0.0
vIO1Vk2ZKi0Yn0Sz,29.964285714285715,70,14,92.85714285714286,0.0,71.42857142857143,0.0,0.0,0.0,35.0,0.0
xD0EIkxQ5xUJIjuV,29.964285714285715,70,14,92.85714285714286,0.0,71.42857142857143,0.0,0.0,0.0,35.0,0.0
cV7NRWoBFjWP8v5c,29.964285714285715,70,14,92.85714285714286,0.0,71.42857142857143,0.0,0.0,0.0,35.0,0.0
2AopDNk5l6orgapQ,29.964285714285715,70,14,92.85714285714286,0.0,71.42857142857143,0.0,0.0,0.0,35.0,0.0
ScMutGShr2TKEO1n,29.95192307692308,75,13,84.61538461538461,0.0,76.92307692307693,0.0,0.0,0.0,37.5,0.0
J7FZ3a98BRG7UiEF,29.95192307692308,75,13,84.61538461538461,0.0,76.92307692307693,0.0,0.0,0.0,37.5,0.0
SdPy7BVppEc60xOT,29.95192307692308,75,13,84.61538461538461,0.0,76.92307692307693,0.0,0.0,0.0,37.5,0.0
qSiKl0PLh9QpiTco,29.939285714285717,69,14,92.85714285714286,0.0,71.42857142857143,0.0,0.0,0.0,34.5,0.0
JlP2c9UFYbd35fuM,29.925000000000004,77,15,86.66666666666667,0.0,66.66666666666667,0.0,0.0,33.333333333333336,38.5,0.0
vB6dpofLaoAVW4ZY,29.90192307692308,73,13,84.61538461538461,0.0,76.92307692307693,0.0,0.0,0.0,36.5,0.0
eA99xKMTmSaRiVOV,29.864285714285714,66,14,92.85714285714286,0.0,71.42857142857143,0.0,0.0,0.0,33.0,0.0
NGbPQJvgmnUgoPIW,29.864285714285714,66,14,92.85714285714286,0.0,71.42857142857143,0.0,0.0,0.0,33.0,0.0
49Y8hZ7t7sgwRlLH,29.85192307692308,71,13,84.61538461538461,0.0,76.92307692307693,0.0,0.0,0.0,35.5,0.0
1ZNkQXKXNddCzISB,29.839285714285715,65,14,92.85714285714286,0.0,71.42857142857143,0.0,0.0,0.0,32.5,0.0
XYpz5ZAUieKxmA9I,29.839285714285715,65,14,92.85714285714286,0.0,71.42857142857143,0.0,0.0,0.0,32.5,0.0
sqkfI0jMQKIEsFH6,29.80192307692308,69,13,84.61538461538461,0.0,76.92307692307693,0.0,0.0,0.0,34.5,0.0
h2p7yJUvlIPmaRBf,29.80192307692308,69,13,84.61538461538461,0.0,76.92307692307693,0.0,0.0,0.0,34.5,0.0
wsi7QIOqPYTlwOeg,29.78297101449276,69,15,93.33333333333333,0.0,66.66666666666667,0.0,0.0,0.0,34.5,14.492753623188406
N4n0AEU28HgpZBC2,29.77692307692308,68,13,84.61538461538461,0.0,76.92307692307693,0.0,0.0,0.0,34.0,0.0
yKywAOe71naJEZBg,29.77692307692308,68,13,84.61538461538461,0.0,76.92307692307693,0.0,0.0,0.0,34.0,0.0
lXywuFBESAMYOviZ,29.76666666666667,74,12,75.0,0.0,83.33333333333333,0.0,0.0,0.0,37.0,0.0
pTjsBaNwpKAlQQfH,29.75,90,16,100.0,0.0,62.5,0.0,0.0,0.0,45.0,0.0
vSAFYSzDCA5eL3vi,29.74398496240601,76,14,100.0,0.0,35.714285714285715,31.428571428571427,0.0,0.0,38.0,19.736842105263158
9YRu9JdaVqmN3X33,29.741666666666667,83,15,100.0,0.0,33.333333333333336,40.0,0.0,0.0,41.5,0.0
qEjF0lUFsimO4f8H,29.741666666666667,73,12,75.0,0.0,83.33333333333333,0.0,0.0,0.0,36.5,0.0
jIzCSPkd77jXccMv,29.70192307692308,65,13,84.61538461538461,0.0,76.92307692307693,0.0,0.0,0.0,32.5,0.0
1VhSU5dvy8Tov9PH,29.70192307692308,65,13,84.61538461538461,0.0,76.92307692307693,0.0,0.0,0.0,32.5,0.0
UMRld2RXExpS7y4S,29.675,67,13,92.3076923076923,0.0,38.46153846153847,43.07692307692308,0.0,0.0,33.5,0.0
BPYvK2g5H6con53S,29.675,87,16,100.0,0.0,62.5,0.0,0.0,0.0,43.5,0.0
uJExju1UyJbOBPuz,29.666666666666668,70,12,75.0,0.0,83.33333333333333,0.0,0.0,0.0,35.0,0.0
dHlov1obK7FBBM8Z,29.65192307692308,63,13,84.61538461538461,0.0,76.92307692307693,0.0,0.0,0.0,31.5,0.0
8MP11YZ0hPpCfAYu,29.639285714285716,57,14,92.85714285714286,0.0,71.42857142857143,0.0,0.0,0.0,28.5,0.0
HXQ2351MEhrRHUOb,29.6375,73,16,93.75,0.0,31.25,50.0,0.0,0.0,36.5,0.0
XVZP5lXyctlov3RL,29.60714285714286,70,12,100.0,0.0,41.666666666666664,0.0,41.666666666666664,0.0,35.0,7.142857142857142
zaba5estdPQSD7zj,29.60192307692308,61,13,84.61538461538461,0.0,76.92307692307693,0.0,0.0,0.0,30.5,0.0
8XFmoijes2YgGXI1,29.583333333333336,90,15,93.33333333333333,0.0,66.66666666666667,0.0,0.0,0.0,45.0,0.0
sWVYCoIpt9ZYE51m,29.583333333333336,90,15,93.33333333333333,0.0,66.66666666666667,0.0,0.0,0.0,45.0,0.0
7D0RFhoTnm830Yrs,29.583008658008662,77,15,93.33333333333333,0.0,66.66666666666667,0.0,0.0,0.0,38.5,6.493506493506494
8pVEIOR0y8ktnVd0,29.562280701754386,76,15,93.33333333333333,0.0,66.66666666666667,0.0,0.0,0.0,38.0,6.578947368421052
3J3dQymuGwobU1fb,29.52692307692308,58,13,84.61538461538461,0.0,76.92307692307693,0.0,0.0,0.0,29.0,0.0
wDZbfK5Fs3n9WQQu,29.523970840480274,53,11,63.63636363636363,0.0,90.9090909090909,0.0,0.0,0.0,26.5,9.433962264150942
xWrgiflBCJJGAgbf,29.508333333333336,87,15,93.33333333333333,0.0,66.66666666666667,0.0,0.0,0.0,43.5,0.0
6re06p0OzvPmiLGu,29.5,40,8,100.0,0.0,0.0,90.0,0.0,0.0,20.0,0.0
gOlKOJwyCSiqdxxv,29.47222222222222,50,9,88.88888888888889,0.0,55.55555555555555,0.0,0.0,55.55555555555555,25.0,20.0
tufJDaxmsKYtVNpD,29.458333333333336,85,15,93.33333333333333,0.0,66.66666666666667,0.0,0.0,0.0,42.5,0.0
s2iXzUdT53CJ09j2,29.441666666666666,61,12,75.0,0.0,83.33333333333333,0.0,0.0,0.0,30.5,0.0
2ozi1Own8zA4ADUC,29.440476190476193,70,15,93.33333333333333,0.0,66.66666666666667,0.0,0.0,0.0,35.0,7.142857142857142
pcDd6xTmrx0DGzO7,29.433333333333337,84,15,93.33333333333333,0.0,66.66666666666667,0.0,0.0,0.0,42.0,0.0
9EM1zZgBwoEF3XDR,29.398728813559323,59,8,100.0,0.0,62.5,0.0,0.0,0.0,29.5,8.474576271186441
vxbSQYcrm0FvP3mV,29.398249299719886,51,7,85.71428571428571,0.0,71.42857142857143,0.0,0.0,0.0,25.5,19.607843137254903
0veJ7lEuwn5Krl8V,29.383333333333336,82,15,93.33333333333333,0.0,66.66666666666667,0.0,0.0,0.0,41.0,0.0
FDsTfQViFsyMlYeg,29.381467661691545,67,15,93.33333333333333,0.0,66.66666666666667,0.0,0.0,0.0,33.5,7.462686567164179
VcJyHWO9dmsCz4tX,29.333333333333336,80,15,93.33333333333333,0.0,66.66666666666667,0.0,0.0,0.0,40.0,0.0
dCixtrvUjEJAedMv,29.312962962962963,54,8,100.0,0.0,62.5,0.0,0.0,0.0,27.0,9.25925925925926
1IQ3BZVPaFSGf1Wp,29.312962962962963,54,8,100.0,0.0,62.5,0.0,0.0,0.0,27.0,9.25925925925926
VhMl6LVjQCxZlqYS,29.308333333333337,79,15,93.33333333333333,0.0,66.66666666666667,0.0,0.0,0.0,39.5,0.0
xb5vu5PpSOyiKTOf,29.3,52,13,92.3076923076923,0.0,38.46153846153847,43.07692307692308,0.0,0.0,26.0,0.0
j5P0RRt8vztefLNk,29.291666666666668,55,12,75.0,0.0,83.33333333333333,0.0,0.0,0.0,27.5,0.0
9wdssHO7eGmXOlWg,29.283333333333335,78,15,93.33333333333333,0.0,66.66666666666667,0.0,0.0,0.0,39.0,0.0
d4qfiedDcQ2rR9ne,29.28076923076923,52,8,100.0,0.0,62.5,0.0,0.0,0.0,26.0,9.615384615384617
ihad1Xoim0zxRO8P,29.267857142857142,85,14,85.71428571428571,0.0,71.42857142857143,0.0,0.0,0.0,42.5,0.0
HqF4fpMhXZuv1LVy,29.258333333333336,77,15,93.33333333333333,0.0,66.66666666666667,0.0,0.0,0.0,38.5,0.0
oABRWzWXSItuLbKY,29.233333333333334,76,15,93.33333333333333,0.0,66.66666666666667,0.0,0.0,0.0,38.0,0.0
bxiK3it8VaFZQ1wv,29.233333333333334,76,15,93.33333333333333,0.0,66.66666666666667,0.0,0.0,0.0,38.0,0.0
FeLiTY30QJJMiWc3,29.230175983436855,69,14,85.71428571428571,0.0,71.42857142857143,0.0,0.0,0.0,34.5,7.246376811594203
8s1oFRDjMsjVQ2Z0,29.208333333333336,75,15,93.33333333333333,0.0,66.66666666666667,0.0,0.0,0.0,37.5,0.0
gMPtcUZKyfXd6Xvw,29.204783950617283,81,16,93.75,0.0,62.5,0.0,0.0,0.0,40.5,12.345679012345679
n3UK573fbXjPKkX7,29.2,68,8,100.0,0.0,62.5,0.0,0.0,0.0,34.0,0.0
ntPunwpG7SeeSvFw,29.193478260869565,46,8,100.0,0.0,62.5,0.0,0.0,0.0,23.0,10.869565217391305
rNbtGWDVowUMFxro,29.180555555555557,45,10,100.0,0.0,0.0,50.0,50.0,0.0,22.5,11.11111111111111
Uy3WIdDJw0Okxq8G,29.175,67,8,100.0,0.0,62.5,0.0,0.0,0.0,33.5,0.0
PPYJ92BZooqhsfhf,29.16071428571429,75,14,92.85714285714286,0.0,35.714285714285715,41.42857142857143,0.0,0.0,37.5,0.0
A7edNqhc2VeCWxMO,29.158333333333335,73,15,93.33333333333333,0.0,66.66666666666667,0.0,0.0,0.0,36.5,0.0
joPD57E6xAFEN7r7,29.145238095238096,42,8,100.0,0.0,62.5,0.0,0.0,0.0,21.0,11.904761904761903
UOgcxLnMrURIguaX,29.13141025641026,75,13,76.92307692307693,0.0,76.92307692307693,0.0,0.0,0.0,37.5,6.666666666666667
PNOo6fDmqS2kdzNB,29.067857142857143,77,14,85.71428571428571,0.0,71.42857142857143,0.0,0.0,0.0,38.5,0.0
4W226Jw5xCOTh6Be,29.065476190476186,75,14,100.0,0.0,35.714285714285715,31.428571428571427,0.0,0.0,37.5,6.666666666666667
0FDQ9zYT3uCi0uV9,29.058333333333337,69,15,93.33333333333333,0.0,66.66666666666667,0.0,0.0,0.0,34.5,0.0
lpR1anAayCFHEhM3,29.058333333333337,69,15,93.33333333333333,0.0,66.66666666666667,0.0,0.0,0.0,34.5,0.0
aBHuNbYWZUjppdNY,29.051767676767675,55,9,88.88888888888889,0.0,55.55555555555555,0.0,0.0,55.55555555555555,27.5,9.09090909090909
1o7U0DJcqMGF1Bib,29.05,62,8,100.0,0.0,62.5,0.0,0.0,0.0,31.0,0.0
p43kr4OIsQ6eSUU5,29.04285714285714,76,14,85.71428571428571,0.0,71.42857142857143,0.0,0.0,0.0,38.0,0.0
PPMTvjiJTEPRufia,29.0125,48,10,100.0,0.0,0.0,75.0,0.0,0.0,24.0,31.25
ajJvgyjk7wLWp0OA,29.008333333333336,67,15,93.33333333333333,0.0,66.66666666666667,0.0,0.0,0.0,33.5,0.0
vlohjckhLew1bXwF,28.983333333333334,66,15,93.33333333333333,0.0,66.66666666666667,0.0,0.0,0.0,33.0,0.0
ehwrX4Q5pKEI6gxF,28.981035767511177,61,11,100.0,0.0,0.0,47.27272727272727,45.45454545454545,0.0,30.5,16.393442622950822
9aQEBvblq4ekRW2a,28.96785714285714,73,14,85.71428571428571,0.0,71.42857142857143,0.0,0.0,0.0,36.5,0.0
TVSDgCBnV9uaA3YW,28.958333333333336,65,15,93.33333333333333,0.0,66.66666666666667,0.0,0.0,0.0,32.5,0.0
yjuEwa1rkltz3qWd,28.95,58,10,100.0,0.0,50.0,0.0,0.0,50.0,29.0,0.0
gOw35akAEvvP5gl6,28.942857142857143,72,14,85.71428571428571,0.0,71.42857142857143,0.0,0.0,0.0,36.0,0.0
CxcwMgF8Vp9SXKpb,28.927659574468088,47,8,87.5,0.0,62.5,0.0,0.0,0.0,23.5,42.5531914893617
keqOQku3kZyf7gLF,28.925,57,10,100.0,0.0,50.0,0.0,0.0,50.0,28.5,0.0
jL5kxXQ8QIQl34kH,28.925,57,8,100.0,0.0,62.5,0.0,0.0,0.0,28.5,0.0
spu7CIVYP6r2uNbV,28.925,57,8,100.0,0.0,62.5,0.0,0.0,0.0,28.5,0.0
DrK1dDNCFLBe9kbJ,28.91785714285714,71,14,85.71428571428571,0.0,71.42857142857143,0.0,0.0,0.0,35.5,0.0
K8ffUF0eWIXiiQE8,28.9,56,8,100.0,0.0,62.5,0.0,0.0,0.0,28.0,0.0
saMeASwEoEAis4kz,28.9,56,8,100.0,0.0,62.5,0.0,0.0,0.0,28.0,0.0
xjTeM1SRykYznnuw,28.892857142857142,70,14,85.71428571428571,0.0,71.42857142857143,0.0,0.0,0.0,35.0,0.0
Fu5kdPpStqCBvcrV,28.892857142857142,70,14,85.71428571428571,0.0,71.42857142857143,0.0,0.0,0.0,35.0,0.0
13h6IcSjyRyOLZh6,28.875,55,8,100.0,0.0,62.5,0.0,0.0,0.0,27.5,0.0
1DpgDn9K3tWBS6jr,28.875,55,8,100.0,0.0,62.5,0.0,0.0,0.0,27.5,0.0
N5ETbB8PkM4Bkdgv,28.864705882352943,84,17,100.0,0.0,58.8235294117647,0.0,0.0,0.0,42.0,0.0
4UvcO2ggprq7MyI6,28.863690476190474,48,7,85.71428571428571,0.0,71.42857142857143,0.0,0.0,0.0,24.0,10.416666666666666
PP4XJU3nBC4oAv0D,28.8625,92,16,93.75,0.0,62.5,0.0,0.0,0.0,46.0,0.0
Wu4T3ZEd8XWWUKtn,28.86111111111111,60,9,100.0,0.0,55.55555555555555,0.0,0.0,0.0,30.0,25.0
4DsnLbOz0q6IqEFm,28.85,54,10,100.0,0.0,50.0,0.0,0.0,50.0,27.0,0.0
og37lvHgiQX81J6D,28.825,53,8,100.0,0.0,62.5,0.0,0.0,0.0,26.5,0.0
6jccAhEqemAtq77Y,28.825,53,8,100.0,0.0,62.5,0.0,0.0,0.0,26.5,0.0
YqJeK0o6qAyCOzBu,28.814705882352943,82,17,100.0,0.0,58.8235294117647,0.0,0.0,0.0,41.0,0.0
ShpU8GFf3WyjIopw,28.8,52,8,100.0,0.0,62.5,0.0,0.0,0.0,26.0,0.0
8kSuiV2Q5xjZ7d8D,28.8,52,8,100.0,0.0,62.5,0.0,0.0,0.0,26.0,0.0
AW4Bcv5coTpCr6BL,28.79722222222222,63,9,88.88888888888889,0.0,55.55555555555555,0.0,0.0,55.55555555555555,31.5,0.0
AUbjIBx6U1nJn1KP,28.775,51,8,100.0,0.0,62.5,0.0,0.0,0.0,25.5,0.0
84S5jIc1xLJjBict,28.775,51,10,100.0,0.0,50.0,0.0,0.0,50.0,25.5,0.0
GkGgCLrFEKwa26Zc,28.775,51,8,100.0,0.0,62.5,0.0,0.0,0.0,25.5,0.0
wttU1SjgxFQSIYoD,28.775,51,8,100.0,0.0,62.5,0.0,0.0,0.0,25.5,0.0
NRC3nf5giWhLUyw9,28.77403100775194,86,15,86.66666666666667,0.0,66.66666666666667,0.0,0.0,0.0,43.0,5.813953488372093
ZSUU75O17YylVFGP,28.762820512820515,60,13,84.61538461538461,0.0,38.46153846153847,43.07692307692308,0.0,0.0,30.0,8.333333333333334
TYxkNBqpOuiigEmi,28.75,50,8,100.0,0.0,62.5,0.0,0.0,0.0,25.0,0.0
so06UKuKMXR0upt4,28.729411764705883,88,17,100.0,0.0,29.41176470588235,37.64705882352941,0.0,0.0,44.0,0.0
IIFtuTS0GCfUQidO,28.725,49,8,100.0,0.0,62.5,0.0,0.0,0.0,24.5,0.0
oRldxGZyKKCk5r6x,28.725,49,8,100.0,0.0,62.5,0.0,0.0,0.0,24.5,0.0
rPBrSY95z3BVcpn2,28.725,49,8,100.0,0.0,62.5,0.0,0.0,0.0,24.5,0.0
kPNcKPRPz9Wv9YBg,28.7125,86,16,93.75,0.0,62.5,0.0,0.0,0.0,43.0,0.0
1XwDnB73vQsSRa3s,28.7,48,8,100.0,0.0,62.5,0.0,0.0,0.0,24.0,0.0
simfQ8IiScWS2y7H,28.7,48,10,100.0,0.0,50.0,0.0,0.0,50.0,24.0,0.0
3KGV1V4fxvvfJtLw,28.7,48,8,100.0,0.0,62.5,0.0,0.0,0.0,24.0,0.0
HTQfHh6gZ9MNrlJh,28.7,48,8,100.0,0.0,62.5,0.0,0.0,0.0,24.0,0.0
tlFcfdoMobHEav6N,28.6875,85,16,93.75,0.0,62.5,0.0,0.0,0.0,42.5,0.0
KyqXi66L7vGOyhBC,28.675,47,8,100.0,0.0,62.5,0.0,0.0,0.0,23.5,0.0
2z9CHRX74Mqxgg29,28.675,47,8,100.0,0.0,62.5,0.0,0.0,0.0,23.5,0.0
3KPWRokCeZ2csbuq,28.6625,84,16,93.75,0.0,62.5,0.0,0.0,0.0,42.0,0.0
T5PNDHJGtw2GOTUF,28.65,46,8,100.0,0.0,62.5,0.0,0.0,0.0,23.0,0.0
WL4KziGK98paXPlJ,28.625,45,8,100.0,0.0,62.5,0.0,0.0,0.0,22.5,0.0
JP5jNnH1qsV9chpt,28.623076923076926,68,13,76.92307692307693,0.0,76.92307692307693,0.0,0.0,0.0,34.0,0.0
vYL4qR1bbp07IgGZ,28.6,44,8,100.0,0.0,62.5,0.0,0.0,0.0,22.0,0.0
KZTVjVqEg9wEXuA5,28.6,44,8,100.0,0.0,62.5,0.0,0.0,0.0,22.0,0.0
crGEocrxhLquvVGA,28.6,44,8,100.0,0.0,62.5,0.0,0.0,0.0,22.0,0.0
imjJw6qgqi7kA0oO,28.6,44,8,100.0,0.0,62.5,0.0,0.0,0.0,22.0,0.0
3zCEGsG5e1Bwlrqq,28.598076923076928,67,13,76.92307692307693,0.0,76.92307692307693,0.0,0.0,0.0,33.5,0.0
AG4l1kGDKuTzetXf,28.575,43,8,100.0,0.0,62.5,0.0,0.0,0.0,21.5,0.0
0mkR6NdY5gXd4l1M,28.575,43,8,100.0,0.0,62.5,0.0,0.0,0.0,21.5,0.0
m0y9JGPFARFAT1CF,28.565697674418605,86,16,93.75,0.0,31.25,38.75,0.0,0.0,43.0,5.813953488372093
7aMEa5aRlAJ5STFW,28.562280701754386,76,15,86.66666666666667,0.0,66.66666666666667,0.0,0.0,0.0,38.0,6.578947368421052
ptuXstzPGsZ5p9Wl,28.55,42,8,100.0,0.0,62.5,0.0,0.0,0.0,21.0,0.0
5OOq9SHy94KQYyY7,28.55,42,8,100.0,0.0,62.5,0.0,0.0,0.0,21.0,0.0
33o5fNcUPwCDiarW,28.548076923076927,65,13,76.92307692307693,0.0,76.92307692307693,0.0,0.0,0.0,32.5,0.0
7BLno0YxfO1QuVGI,28.548076923076927,65,13,76.92307692307693,0.0,76.92307692307693,0.0,0.0,0.0,32.5,0.0
8rK9vd3ssp23kCg0,28.525,41,8,100.0,0.0,62.5,0.0,0.0,0.0,20.5,0.0
t1aVuqx1GBBhHjsW,28.5,40,8,100.0,0.0,62.5,0.0,0.0,0.0,20.0,0.0
rArRxucDRj5HpgWa,28.479761904761904,63,9,100.0,0.0,55.55555555555555,0.0,0.0,0.0,31.5,15.873015873015872
6f5M1W5lCUk7C28Z,28.475,39,8,100.0,0.0,62.5,0.0,0.0,0.0,19.5,0.0
0lb8z2CJVJpgDgZY,28.458333333333336,85,15,86.66666666666667,0.0,66.66666666666667,0.0,0.0,0.0,42.5,0.0
fLLq60ebem5PCZif,28.458333333333336,85,15,86.66666666666667,0.0,66.66666666666667,0.0,0.0,0.0,42.5,0.0
R37EK4pEtfz52TcG,28.433333333333337,84,15,86.66666666666667,0.0,66.66666666666667,0.0,0.0,0.0,42.0,0.0
9nePCK8XoeYQnPt0,28.413304093567252,57,9,100.0,0.0,55.55555555555555,0.0,0.0,0.0,28.5,17.543859649122805
I3PH4MroJmchtJQx,28.39520202020202,55,9,100.0,0.0,55.55555555555555,0.0,0.0,0.0,27.5,18.18181818181818
0uBeAe2LDmJqYq9X,28.39520202020202,55,9,100.0,0.0,55.55555555555555,0.0,0.0,0.0,27.5,18.18181818181818
KSoKgSeEhF8q2Tab,28.392424242424244,66,11,100.0,0.0,45.45454545454545,0.0,0.0,45.45454545454545,33.0,7.575757575757576
TKYZwRg2spCQaVrm,28.356519274376417,49,9,100.0,0.0,55.55555555555555,0.0,0.0,0.0,24.5,20.408163265306122
wwtC3JfnU4CVAZCs,28.283333333333335,78,15,86.66666666666667,0.0,66.66666666666667,0.0,0.0,0.0,39.0,0.0
dPesfr1riqzaPEo1,28.2797619047619,75,14,78.57142857142857,0.0,71.42857142857143,0.0,0.0,0.0,37.5,6.666666666666667
0rQmhnOTWuSRRFta,28.267857142857142,45,7,85.71428571428571,0.0,71.42857142857143,0.0,0.0,0.0,22.5,0.0
vYfu2mBX8SAnCC2J,28.233333333333334,76,15,86.66666666666667,0.0,66.66666666666667,0.0,0.0,0.0,38.0,0.0
KJEYpxTGFlD9kNM4,28.208333333333336,75,15,86.66666666666667,0.0,66.66666666666667,0.0,0.0,0.0,37.5,0.0
bQAC5dDF1NTRUUP0,28.16785714285714,41,7,85.71428571428571,0.0,71.42857142857143,0.0,0.0,0.0,20.5,0.0
XjbjE7dBhxNkEoJF,28.139075630252098,68,14,78.57142857142857,0.0,71.42857142857143,0.0,0.0,0.0,34.0,7.352941176470588
Pzi0V4r3feeGUTWU,28.133333333333336,72,15,86.66666666666667,0.0,66.66666666666667,0.0,0.0,0.0,36.0,0.0
xe9HIGYGJby3EcOy,28.13235294117647,90,17,94.11764705882352,0.0,58.8235294117647,0.0,0.0,0.0,45.0,0.0
H2hsfWkrC5Gj1Bf8,28.13235294117647,90,17,94.11764705882352,0.0,58.8235294117647,0.0,0.0,0.0,45.0,0.0
mhHgNx3WIGoDXOQn,28.1,79,16,93.75,0.0,31.25,38.75,0.0,0.0,39.5,0.0
jz8ixQ85YgTEsmhR,28.05,42,10,80.0,0.0,0.0,100.0,0.0,0.0,21.0,0.0
IRZ1PJjrfMTLz8iB,28.038636363636368,67,11,100.0,0.0,45.45454545454545,0.0,0.0,45.45454545454545,33.5,0.0
siuiSUEPG6ymaXMd,28.02777777777778,60,9,100.0,0.0,55.55555555555555,0.0,0.0,0.0,30.0,8.333333333333334
cj4DY6Qgz5MHSJPT,28.02777777777778,60,9,100.0,0.0,55.55555555555555,0.0,0.0,0.0,30.0,8.333333333333334
QYlFnDLwDjoHUOgB,28.02777777777778,60,9,100.0,0.0,55.55555555555555,0.0,0.0,0.0,30.0,8.333333333333334
oV6iEN8YG4AP3WOk,28.0,70,12,91.66666666666666,0.0,41.666666666666664,0.0,41.666666666666664,0.0,35.0,0.0
CoGoL6Rv6M21TQDi,27.99642857142857,77,14,78.57142857142857,0.0,71.42857142857143,0.0,0.0,0.0,38.5,0.0
nRXVpa3NBF7mMCNG,27.988095238095237,60,14,78.57142857142857,0.0,71.42857142857143,0.0,0.0,0.0,30.0,8.333333333333334
9OjtR469Y3UPx98a,27.97987804878049,82,16,87.5,0.0,62.5,0.0,0.0,0.0,41.0,6.097560975609756
uquhXz3G0aQ3IDAd,27.975,94,16,87.5,0.0,62.5,0.0,0.0,0.0,47.0,0.0
ImvmRvqtV0XR2rmT,27.971428571428568,76,14,78.57142857142857,0.0,71.42857142857143,0.0,0.0,0.0,38.0,0.0
JMBlXjRtNtO7DAqP,27.957539682539682,56,9,100.0,0.0,55.55555555555555,0.0,0.0,0.0,28.0,8.928571428571429
XJgJexw5nQLlxSGI,27.940656565656564,55,9,100.0,0.0,55.55555555555555,0.0,0.0,0.0,27.5,9.09090909090909
eECXxGLgCGo8NcUY,27.925,92,16,87.5,0.0,62.5,0.0,0.0,0.0,46.0,0.0
u9PpuDTEGJ2VUf6g,27.91111111111111,72,9,100.0,0.0,55.55555555555555,0.0,0.0,0.0,36.0,0.0
ihXhjbXkNf4STnGf,27.89188034188034,52,9,100.0,0.0,55.55555555555555,0.0,0.0,0.0,26.0,9.615384615384617
D1dAPJP1aj3B0LQm,27.888636363636365,61,11,100.0,0.0,45.45454545454545,0.0,0.0,45.45454545454545,30.5,0.0
mWkFGDF4tFbf8zGD,27.85,89,16,87.5,0.0,62.5,0.0,0.0,0.0,44.5,0.0
Bc9G3ZuYIFsKvOeV,27.846428571428568,71,14,78.57142857142857,0.0,71.42857142857143,0.0,0.0,0.0,35.5,0.0
nPFz46PDjqipVJIq,27.83863636363637,59,11,100.0,0.0,45.45454545454545,0.0,0.0,45.45454545454545,29.5,0.0
PU01tMPGFSrMTmSl,27.804589371980676,46,9,100.0,0.0,55.55555555555555,0.0,0.0,0.0,23.0,10.869565217391305
xIhJiUhFUFqGC8sF,27.804589371980676,46,9,100.0,0.0,55.55555555555555,0.0,0.0,0.0,23.0,10.869565217391305
wZNLBsjAdOy0dTbN,27.77929292929293,44,9,100.0,0.0,55.55555555555555,0.0,0.0,0.0,22.0,11.363636363636363
JNTDkDq4aSufqPSp,27.77929292929293,44,9,100.0,0.0,55.55555555555555,0.0,0.0,0.0,22.0,11.363636363636363
343vUE2H88OizmII,27.76111111111111,66,9,100.0,0.0,55.55555555555555,0.0,0.0,0.0,33.0,0.0
ybHdxwIi0RiAjWm7,27.739285714285714,56,10,100.0,0.0,50.0,0.0,0.0,0.0,28.0,26.785714285714285
o94Az7TpRpEV11xA,27.738636363636367,55,11,100.0,0.0,45.45454545454545,0.0,0.0,45.45454545454545,27.5,0.0
2zLG0JZJsSYnNmWX,27.711111111111112,64,9,100.0,0.0,55.55555555555555,0.0,0.0,0.0,32.0,0.0
bJHypYsVTzDpLhNa,27.711111111111112,64,9,100.0,0.0,55.55555555555555,0.0,0.0,0.0,32.0,0.0
6ZzbooUinUbLGkhx,27.7,83,16,87.5,0.0,62.5,0.0,0.0,0.0,41.5,0.0
QKMcE1qzz4TAMWF1,27.68611111111111,63,9,100.0,0.0,55.55555555555555,0.0,0.0,0.0,31.5,0.0
sZQ7QjtkQ4xnAMbL,27.68611111111111,63,9,100.0,0.0,55.55555555555555,0.0,0.0,0.0,31.5,0.0
Rhv4PHL3WW56dgyP,27.68611111111111,63,9,100.0,0.0,55.55555555555555,0.0,0.0,0.0,31.5,0.0
zhrsbNknpX2weDt2,27.63611111111111,61,9,100.0,0.0,55.55555555555555,0.0,0.0,0.0,30.5,0.0
9e3BFMnceq6Ifgza,27.63611111111111,61,9,100.0,0.0,55.55555555555555,0.0,0.0,0.0,30.5,0.0
5TTXn3gECMavptc6,27.63611111111111,61,9,100.0,0.0,55.55555555555555,0.0,0.0,0.0,30.5,0.0
cfbIMzPvsAYgkuoz,27.625,55,10,100.0,0.0,0.0,75.0,0.0,0.0,27.5,0.0
gLJpzK5eYuCnRDBX,27.586111111111112,59,9,100.0,0.0,55.55555555555555,0.0,0.0,0.0,29.5,0.0
XcdqvnvHwTLEnd8i,27.575,53,10,100.0,0.0,0.0,75.0,0.0,0.0,26.5,0.0
pNIBl6jeqdwen4fI,27.56111111111111,58,9,100.0,0.0,55.55555555555555,0.0,0.0,0.0,29.0,0.0
QQbkSrpZ1WxaSMtC,27.56111111111111,58,9,100.0,0.0,55.55555555555555,0.0,0.0,0.0,29.0,0.0
0hoCQGQAX4lAGq4N,27.56111111111111,58,9,100.0,0.0,55.55555555555555,0.0,0.0,0.0,29.0,0.0
p5UEZL8qTXZej4G3,27.53611111111111,57,9,100.0,0.0,55.55555555555555,0.0,0.0,0.0,28.5,0.0
WgOCLhfd6cyu42Se,27.525,76,16,87.5,0.0,62.5,0.0,0.0,0.0,38.0,0.0
gLu3GbSabYJtgzjR,27.51111111111111,56,9,100.0,0.0,55.55555555555555,0.0,0.0,0.0,28.0,0.0
T5uJz9A7n8LXKQiI,27.51111111111111,56,9,100.0,0.0,55.55555555555555,0.0,0.0,0.0,28.0,0.0
RUT8sy3VsPkdgGgW,27.51111111111111,56,9,100.0,0.0,55.55555555555555,0.0,0.0,0.0,28.0,0.0
j5pSJnzITPaBdYf3,27.51111111111111,56,9,100.0,0.0,55.55555555555555,0.0,0.0,0.0,28.0,0.0
qqH40JvsIEX8vpgh,27.51111111111111,56,9,100.0,0.0,55.55555555555555,0.0,0.0,0.0,28.0,0.0
XStGH8IjmVWF0Oju,27.5,50,10,100.0,0.0,0.0,75.0,0.0,0.0,25.0,0.0
n6FAWJhxeWgGXXuA,27.5,75,16,87.5,0.0,62.5,0.0,0.0,0.0,37.5,0.0
qYhMWpQKAayfbqD7,27.48611111111111,55,9,100.0,0.0,55.55555555555555,0.0,0.0,0.0,27.5,0.0
kA6SRqHGeavSbpLf,27.48611111111111,55,9,100.0,0.0,55.55555555555555,0.0,0.0,0.0,27.5,0.0
gxsJERja2gjqQdi9,27.48611111111111,55,9,100.0,0.0,55.55555555555555,0.0,0.0,0.0,27.5,0.0
zHBNAMcc7fMk4nmf,27.461111111111112,54,9,100.0,0.0,55.55555555555555,0.0,0.0,0.0,27.0,0.0
tKR69yz8TmeLS1Op,27.45,98,17,88.23529411764706,0.0,58.8235294117647,0.0,0.0,0.0,49.0,0.0
UW3knVk6bn3B8yHB,27.43611111111111,53,9,100.0,0.0,55.55555555555555,0.0,0.0,0.0,26.5,0.0
9ogyciTiCO7tppdn,27.43611111111111,53,9,100.0,0.0,55.55555555555555,0.0,0.0,0.0,26.5,0.0
bx2sjjhylyRuRZqL,27.435714285714283,66,14,92.85714285714286,0.0,35.714285714285715,31.428571428571427,0.0,0.0,33.0,0.0
5GPoqzPnPH0Mg4Bf,27.421698113207547,53,8,87.5,0.0,62.5,0.0,0.0,0.0,26.5,9.433962264150942
qpbdzpSeKg3c0B2K,27.41111111111111,52,9,100.0,0.0,55.55555555555555,0.0,0.0,0.0,26.0,0.0
sIT2zuknXcIasu1n,27.41111111111111,52,9,100.0,0.0,55.55555555555555,0.0,0.0,0.0,26.0,0.0
FBafS13DwW9hTVI4,27.4,56,10,90.0,0.0,50.0,0.0,0.0,50.0,28.0,0.0
uG4NCGRkTtiVx2Ax,27.390196078431373,51,8,87.5,0.0,62.5,0.0,0.0,0.0,25.5,9.803921568627452
FpfJWaSUA8niwspP,27.366666666666667,78,12,100.0,0.0,41.666666666666664,0.0,0.0,41.666666666666664,39.0,0.0
iNpUUWp8zUK39Gnj,27.36111111111111,50,9,100.0,0.0,55.55555555555555,0.0,0.0,0.0,25.0,0.0
CqIayzgeS658l5AY,27.36111111111111,50,9,100.0,0.0,55.55555555555555,0.0,0.0,0.0,25.0,0.0
sTyVL2nCeZrDPJFw,27.36111111111111,50,9,100.0,0.0,55.55555555555555,0.0,0.0,0.0,25.0,0.0
WIrVADRlBqtRde3M,27.35,54,10,90.0,0.0,50.0,0.0,0.0,50.0,27.0,0.0
17EGzd8T7Z4ihxKL,27.336111111111112,49,9,100.0,0.0,55.55555555555555,0.0,0.0,0.0,24.5,0.0
ufWSnNbalLSwceYV,27.336111111111112,49,9,100.0,0.0,55.55555555555555,0.0,0.0,0.0,24.5,0.0
I8LB7Medjt2hKG10,27.31111111111111,48,9,100.0,0.0,55.55555555555555,0.0,0.0,0.0,24.0,0.0
M05k6pw29zwqapbC,27.31111111111111,48,9,100.0,0.0,55.55555555555555,0.0,0.0,0.0,24.0,0.0
u3b4JNo5bqpfE7Js,27.31111111111111,48,9,100.0,0.0,55.55555555555555,0.0,0.0,0.0,24.0,0.0
y4cX8NR9p3eQRAcH,27.31111111111111,48,9,100.0,0.0,55.55555555555555,0.0,0.0,0.0,24.0,0.0
VAD5q7U25gBBimRK,27.31111111111111,48,9,100.0,0.0,55.55555555555555,0.0,0.0,0.0,24.0,0.0
CjuUcIPtu0UVlt7b,27.3,52,10,90.0,0.0,50.0,0.0,0.0,50.0,26.0,0.0
KXUojTUXXUH5Lrce,27.28611111111111,47,9,100.0,0.0,55.55555555555555,0.0,0.0,0.0,23.5,0.0
svwSsbUP8rjhbaht,27.28611111111111,47,9,100.0,0.0,55.55555555555555,0.0,0.0,0.0,23.5,0.0
EC06U91KV2mZpop1,27.27592592592593,54,10,100.0,0.0,50.0,0.0,0.0,0.0,27.0,18.51851851851852
ebtj2FXVLEqNmwr1,27.26111111111111,46,9,100.0,0.0,55.55555555555555,0.0,0.0,0.0,23.0,0.0
1OQyYV09ehJBG33b,27.26111111111111,46,9,100.0,0.0,55.55555555555555,0.0,0.0,0.0,23.0,0.0
6kksOgFvzeyGc5Mv,27.23611111111111,45,9,100.0,0.0,55.55555555555555,0.0,0.0,0.0,22.5,0.0
uSKMA3arSnWJYFIF,27.21666666666667,72,12,100.0,0.0,41.666666666666664,0.0,0.0,41.666666666666664,36.0,0.0
GjteTqbIfCciHqBe,27.211111111111112,44,9,100.0,0.0,55.55555555555555,0.0,0.0,0.0,22.0,0.0
0DFBEVC6x3enGEDQ,27.211111111111112,44,9,100.0,0.0,55.55555555555555,0.0,0.0,0.0,22.0,0.0
Q6GobLKKErSVgYLl,27.208333333333336,75,15,80.0,0.0,66.66666666666667,0.0,0.0,0.0,37.5,0.0
ci0TV5q5lYJBeE1S,27.2,58,13,92.3076923076923,0.0,38.46153846153847,28.076923076923077,0.0,0.0,29.0,0.0
Gl5sZCEmnT41Ke1i,27.193398876404494,89,16,81.25,0.0,62.5,0.0,0.0,0.0,44.5,5.617977528089887
q4kxVbBZtjcDAT4I,27.191666666666666,71,12,100.0,0.0,41.666666666666664,0.0,0.0,41.666666666666664,35.5,0.0
gHqA1DLdJDEZSoEn,27.175,47,10,90.0,0.0,50.0,0.0,0.0,50.0,23.5,0.0
XwgzmvieqOWVfVla,27.125,45,10,90.0,0.0,50.0,0.0,0.0,50.0,22.5,0.0
rTIOND7IIUfQOqgS,27.11111111111111,40,9,100.0,0.0,55.55555555555555,0.0,0.0,0.0,20.0,0.0
A8rvFQ7H8zuuWWw4,27.105555555555558,62,9,77.77777777777779,0.0,55.55555555555555,0.0,0.0,55.55555555555555,31.0,0.0
EcxuqKeZl7OQexfB,27.08181818181818,66,11,100.0,0.0,0.0,69.54545454545455,0.0,0.0,33.0,0.0
Izfwo4nQvvxsn8WN,27.075,83,17,88.23529411764706,0.0,58.8235294117647,0.0,0.0,0.0,41.5,0.0
nSVUT4xQGwlpOIz7,27.033333333333335,68,15,80.0,0.0,66.66666666666667,0.0,0.0,0.0,34.0,0.0
MtfiGvpET1dcYy38,27.025,56,8,87.5,0.0,62.5,0.0,0.0,0.0,28.0,0.0
6TYkTUhfhTCOxfHT,27.0,80,14,71.42857142857143,0.0,71.42857142857143,0.0,0.0,0.0,40.0,0.0
ZANKTAgUUXmhv1kT,26.975,54,8,87.5,0.0,62.5,0.0,0.0,0.0,27.0,0.0
z2i2sdx5J9daTJ0w,26.975,79,17,88.23529411764706,0.0,58.8235294117647,0.0,0.0,0.0,39.5,0.0
rNLIce5nUCBJo5AF,26.934836065573773,61,12,83.33333333333334,0.0,41.666666666666664,0.0,41.666666666666664,0.0,30.5,8.196721311475411
DcNLdUmhCYjgO4eY,26.916666666666668,60,10,100.0,0.0,50.0,0.0,0.0,0.0,30.0,8.333333333333334
UpkDyr7OSJoRu1XX,26.898728813559323,59,10,100.0,0.0,50.0,0.0,0.0,0.0,29.5,8.474576271186441
hxcWILug6sySoYP7,26.88103448275862,58,10,100.0,0.0,50.0,0.0,0.0,0.0,29.0,8.620689655172413
p8C0lWrzQrXuZzas,26.875,50,8,87.5,0.0,62.5,0.0,0.0,0.0,25.0,0.0
0PPIgSLnC18UBGtX,26.86359649122807,57,10,100.0,0.0,50.0,0.0,0.0,0.0,28.5,8.771929824561402
yfR9Q3IiP3whlIzH,26.8625,87,16,81.25,0.0,62.5,0.0,0.0,0.0,43.5,0.0
crAhhCkMuLypKbsb,26.85,74,10,100.0,0.0,50.0,0.0,0.0,0.0,37.0,0.0
EFxKnxYJBen1XtfF,26.85,49,8,87.5,0.0,62.5,0.0,0.0,0.0,24.5,0.0
3COir8VRRrXF7TM0,26.83709553158706,59,11,100.0,0.0,45.45454545454545,0.0,0.0,0.0,29.5,25.423728813559325
shdKzaXbVB7y0hA4,26.829545454545453,55,10,100.0,0.0,50.0,0.0,0.0,0.0,27.5,9.09090909090909
Up8ac2bW8HgGzYFc,26.8,72,10,100.0,0.0,50.0,0.0,0.0,0.0,36.0,0.0
jqDuvvjAD8i5dRpz,26.8,47,8,87.5,0.0,62.5,0.0,0.0,0.0,23.5,0.0
sbFk0Z9or8ZAgxUc,26.78055555555556,49,9,77.77777777777779,0.0,55.55555555555555,0.0,0.0,55.55555555555555,24.5,0.0
pUIuo5O3ovG3QsKM,26.775,46,8,87.5,0.0,62.5,0.0,0.0,0.0,23.0,0.0
xEqGh8DbayZAz92g,26.775,71,10,100.0,0.0,50.0,0.0,0.0,0.0,35.5,0.0
JjQrbFo1Sop4oCPZ,26.775,71,10,100.0,0.0,50.0,0.0,0.0,0.0,35.5,0.0
njasp9b2NE1CAJJK,26.775,71,10,100.0,0.0,50.0,0.0,0.0,0.0,35.5,0.0
8ZMhpQyD4Qu8M8g6,26.75,45,8,87.5,0.0,62.5,0.0,0.0,0.0,22.5,0.0
L1LR1r9kArcFAbOJ,26.73181818181818,52,11,100.0,0.0,0.0,69.54545454545455,0.0,0.0,26.0,0.0
PgDdVwXzrDO3RBVv,26.723076923076924,52,10,90.0,0.0,50.0,0.0,0.0,0.0,26.0,38.46153846153847
CEbvnVInnIHWqJEN,26.7125,81,16,81.25,0.0,62.5,0.0,0.0,0.0,40.5,0.0
dPod4u6iqggrWkcU,26.705555555555556,46,9,77.77777777777779,0.0,55.55555555555555,0.0,0.0,55.55555555555555,23.0,0.0
dqZ9oGgZDCNM4VG7,26.7,43,8,87.5,0.0,62.5,0.0,0.0,0.0,21.5,0.0
c2Lj59DkdNrGcUYm,26.693478260869565,46,10,100.0,0.0,50.0,0.0,0.0,0.0,23.0,10.869565217391305
XV6n8iWFQH9zzH2B,26.693478260869565,46,10,100.0,0.0,50.0,0.0,0.0,0.0,23.0,10.869565217391305
VoCYS8kgnGzYvZJN,26.692857142857147,82,14,92.85714285714286,0.0,35.714285714285715,0.0,35.714285714285715,0.0,41.0,0.0
uRaa9Eq5S1Pf4GKY,26.675,67,10,100.0,0.0,50.0,0.0,0.0,0.0,33.5,0.0
QMg4og8fgDXG8ygM,26.675,67,10,100.0,0.0,50.0,0.0,0.0,0.0,33.5,0.0
n3U7l64w9ZPRRLqC,26.675,67,11,90.9090909090909,0.0,45.45454545454545,0.0,0.0,45.45454545454545,33.5,0.0
kk0JN8rBzvlCWvU3,26.650000000000002,66,12,83.33333333333334,0.0,41.666666666666664,0.0,41.666666666666664,0.0,33.0,0.0
KjT0QRO3llU9wzdy,26.65,66,10,100.0,0.0,50.0,0.0,0.0,0.0,33.0,0.0
RlSZEwc1lFOeMjyt,26.65,41,8,87.5,0.0,62.5,0.0,0.0,0.0,20.5,0.0
UreeKX6RvvBrbK7Q,26.65,66,10,100.0,0.0,50.0,0.0,0.0,0.0,33.0,0.0
9cCJ5RJR4SAKGV13,26.65,41,8,87.5,0.0,62.5,0.0,0.0,0.0,20.5,0.0
8xe3LmE4HqLvne1l,26.625,65,10,100.0,0.0,50.0,0.0,0.0,0.0,32.5,0.0
daVpziQl8f73e7TX,26.625,65,10,100.0,0.0,50.0,0.0,0.0,0.0,32.5,0.0
JumTzaXOgEs7oSbq,26.625,65,10,100.0,0.0,50.0,0.0,0.0,0.0,32.5,0.0
8w0SwLIwhyciggKQ,26.625,65,10,100.0,0.0,50.0,0.0,0.0,0.0,32.5,0.0
pNMVEq12VgJwA3pa,26.625,65,13,100.0,0.0,38.46153846153847,0.0,0.0,38.46153846153847,32.5,7.6923076923076925
KFflEKofOcIj4ykP,26.625,40,8,87.5,0.0,62.5,0.0,0.0,0.0,20.0,0.0
xoUzi8B28rEujQ2G,26.6,64,10,100.0,0.0,50.0,0.0,0.0,0.0,32.0,0.0
vjSQ7VMxTFJC9Y97,26.6,39,8,87.5,0.0,62.5,0.0,0.0,0.0,19.5,0.0
qsTf9Bti8mTgywr5,26.575,63,10,100.0,0.0,50.0,0.0,0.0,0.0,31.5,0.0
d97kwy9Ydcshm5gA,26.575,63,10,100.0,0.0,50.0,0.0,0.0,0.0,31.5,0.0
j69inCHPIPEdvQI2,26.55,62,10,100.0,0.0,50.0,0.0,0.0,0.0,31.0,0.0
KjptN4xirXuCdveu,26.52620320855615,68,11,100.0,0.0,45.45454545454545,0.0,0.0,0.0,34.0,14.705882352941176
Pjhws4deTpf6vnvd,26.525,61,10,100.0,0.0,50.0,0.0,0.0,0.0,30.5,0.0
h1oa0yGP99A3lqcY,26.525,61,11,90.9090909090909,0.0,45.45454545454545,0.0,0.0,45.45454545454545,30.5,0.0
GTjQijyKVrd6UOxT,26.517857142857146,75,14,92.85714285714286,0.0,35.714285714285715,0.0,35.714285714285715,0.0,37.5,0.0
DA0BjbsDhKyaLtcP,26.5125,73,16,81.25,0.0,62.5,0.0,0.0,0.0,36.5,0.0
INWVUFR8NU0fCC5X,26.51217774762551,67,11,100.0,0.0,45.45454545454545,0.0,0.0,0.0,33.5,14.925373134328359
veRn1vmHOPgrGPnE,26.5,60,10,100.0,0.0,50.0,0.0,0.0,0.0,30.0,0.0
HicggXrQ3b0yZwkS,26.5,60,10,100.0,0.0,50.0,0.0,0.0,0.0,30.0,0.0
DD6YIXesvysCUs1p,26.5,60,10,100.0,0.0,50.0,0.0,0.0,0.0,30.0,0.0
y0qX93InnWnB2CRK,26.5,60,10,100.0,0.0,50.0,0.0,0.0,0.0,30.0,0.0
ppLPLXWGkskyzQjg,26.5,60,10,100.0,0.0,50.0,0.0,0.0,0.0,30.0,0.0
Io8bxxFnDgmI22HE,26.475,59,10,100.0,0.0,50.0,0.0,0.0,0.0,29.5,0.0
htKQu1q2lCDbCaDc,26.467857142857145,73,14,92.85714285714286,0.0,35.714285714285715,0.0,35.714285714285715,0.0,36.5,0.0
quoguynXdMpa5XZE,26.45,58,10,100.0,0.0,50.0,0.0,0.0,0.0,29.0,0.0
0G7ijRfOZFw7OzkP,26.45,58,10,100.0,0.0,50.0,0.0,0.0,0.0,29.0,0.0
pW2d1LV7gleGujE5,26.45,58,10,100.0,0.0,50.0,0.0,0.0,0.0,29.0,0.0
ZZdAR6plUpBut5ag,26.45,58,10,100.0,0.0,50.0,0.0,0.0,0.0,29.0,0.0
8r58IpmqA5YuIy6S,26.45,58,10,100.0,0.0,50.0,0.0,0.0,0.0,29.0,0.0
0gWmNaermdMD62tk,26.425,57,10,100.0,0.0,50.0,0.0,0.0,0.0,28.5,0.0
zOSiFidOvVnz7S2Y,26.425,57,10,100.0,0.0,50.0,0.0,0.0,0.0,28.5,0.0
BInQlEimJy17x1Aj,26.419444444444444,79,18,88.88888888888889,0.0,55.55555555555555,0.0,0.0,0.0,39.5,0.0
2poSTDlcMrJrfVmU,26.415384615384617,72,13,100.0,0.0,38.46153846153847,0.0,0.0,38.46153846153847,36.0,0.0
ZSPjdaElcis1xRR6,26.39166666666667,69,15,80.0,0.0,33.333333333333336,40.0,0.0,0.0,34.5,0.0
CF89W3oPEuK6tMmZ,26.375,55,10,100.0,0.0,50.0,0.0,0.0,0.0,27.5,0.0
od0SyFJbeRKryFcf,26.375,55,10,100.0,0.0,50.0,0.0,0.0,0.0,27.5,0.0
h6K4p3CNd3kkPV5M,26.375,55,10,100.0,0.0,50.0,0.0,0.0,0.0,27.5,0.0
UAS7vx8koKgEXRb0,26.375,55,10,100.0,0.0,50.0,0.0,0.0,0.0,27.5,0.0
IgKMWZY92AI3Z87V,26.36111111111111,60,9,88.88888888888889,0.0,55.55555555555555,0.0,0.0,0.0,30.0,8.333333333333334
srFK68qa6HaQmbYZ,26.359305317324186,53,11,100.0,0.0,45.45454545454545,0.0,0.0,0.0,26.5,18.867924528301884
7d6Y22onHRFVI4HR,26.35,54,10,100.0,0.0,50.0,0.0,0.0,0.0,27.0,0.0
yEHt0ntRcF19SndC,26.35,54,10,100.0,0.0,50.0,0.0,0.0,0.0,27.0,0.0
1IBeZ421t05ilM5o,26.35,54,10,100.0,0.0,50.0,0.0,0.0,0.0,27.0,0.0
Zm0oK05VdxM8yBRB,26.32547892720306,58,9,88.88888888888889,0.0,55.55555555555555,0.0,0.0,0.0,29.0,8.620689655172413
2JIoSPp3gIpIbhzL,26.308333333333337,79,15,73.33333333333333,0.0,66.66666666666667,0.0,0.0,0.0,39.5,0.0
yPkbfC06jLZ9uUhR,26.3,52,10,100.0,0.0,50.0,0.0,0.0,0.0,26.0,0.0
RGhk1U3NC8ThYLiQ,26.3,52,10,100.0,0.0,50.0,0.0,0.0,0.0,26.0,0.0
0HagWfv50QnVAbNy,26.275,51,10,100.0,0.0,50.0,0.0,0.0,0.0,25.5,0.0
A9wZxXfRRUbivazB,26.275,51,10,100.0,0.0,50.0,0.0,0.0,0.0,25.5,0.0
wCJDmEY8Ifv4Ah14,26.275,51,10,100.0,0.0,50.0,0.0,0.0,0.0,25.5,0.0
p0qwcM0zGuNnGczk,26.25,50,10,100.0,0.0,50.0,0.0,0.0,0.0,25.0,0.0
YP6Oku21gFEsOIwB,26.25,50,10,100.0,0.0,50.0,0.0,0.0,0.0,25.0,0.0
Dxd4MRxqBvRsX0bI,26.238131313131316,72,11,100.0,0.0,45.45454545454545,0.0,0.0,0.0,36.0,6.944444444444444
OSD7Ybmxq6DBy70Z,26.225,49,10,100.0,0.0,50.0,0.0,0.0,0.0,24.5,0.0
ftCq5R12ClNKdTwx,26.225,49,10,100.0,0.0,50.0,0.0,0.0,0.0,24.5,0.0
Edih44tQyeVyN1VW,26.2,48,10,100.0,0.0,50.0,0.0,0.0,0.0,24.0,0.0
vLcpd7GhKBUU21Nv,26.2,48,10,100.0,0.0,50.0,0.0,0.0,0.0,24.0,0.0
0Tp3uhMFGX4XJgA4,26.2,48,10,100.0,0.0,50.0,0.0,0.0,0.0,24.0,0.0
3wDD4BlRA4iyp8zC,26.2,58,12,100.0,0.0,0.0,65.0,0.0,0.0,29.0,0.0
Y9vUpnwyAGZkiXWH,26.175,47,10,100.0,0.0,50.0,0.0,0.0,0.0,23.5,0.0
RUZ2Cx1WPPduu9ES,26.15,46,10,100.0,0.0,50.0,0.0,0.0,0.0,23.0,0.0
SHu0IZg2GThcsud4,26.069444444444443,65,9,88.88888888888889,0.0,55.55555555555555,0.0,0.0,0.0,32.5,0.0
LLuAmVR5uoXhuogp,26.065909090909095,79,11,100.0,0.0,45.45454545454545,0.0,0.0,0.0,39.5,0.0
ceeKUqXCb5FjPOa7,26.065909090909095,79,11,100.0,0.0,45.45454545454545,0.0,0.0,0.0,39.5,0.0
oEgEpa34BSmKc19H,26.044134897360706,62,11,100.0,0.0,45.45454545454545,0.0,0.0,0.0,31.0,8.064516129032258
GbgzzrI0akpBiId3,26.025745156482863,61,11,100.0,0.0,45.45454545454545,0.0,0.0,0.0,30.5,8.196721311475411
X3OwvQCMDOZbUDMY,26.0,50,8,75.0,0.0,62.5,0.0,0.0,0.0,25.0,20.0
ntB4yKk71xqJfiWf,25.990909090909092,76,11,100.0,0.0,45.45454545454545,0.0,0.0,0.0,38.0,0.0
5JdiwoObGrmEUzNN,25.96944444444444,61,9,88.88888888888889,0.0,55.55555555555555,0.0,0.0,0.0,30.5,0.0
yDtDsyJMEeviTEmj,25.965909090909093,75,11,100.0,0.0,45.45454545454545,0.0,0.0,0.0,37.5,0.0
lu14jUbWu4A9AtCV,25.958333333333336,80,12,100.0,0.0,41.666666666666664,0.0,0.0,0.0,40.0,12.5
9nTzbpXAGbGPvJQG,25.937337662337665,56,11,100.0,0.0,45.45454545454545,0.0,0.0,0.0,28.0,8.928571428571429
JWIyD7u3mSpKyo2X,25.936111111111114,93,18,83.33333333333334,0.0,55.55555555555555,0.0,0.0,0.0,46.5,0.0
RyHhUXOAoA1apIKR,25.919444444444444,59,9,88.88888888888889,0.0,55.55555555555555,0.0,0.0,0.0,29.5,0.0
cuwMP4psiMzEQhQe,25.915909090909093,73,11,100.0,0.0,45.45454545454545,0.0,0.0,0.0,36.5,0.0
9uQhwSzTiX4E1Z3F,25.915909090909093,73,11,100.0,0.0,45.45454545454545,0.0,0.0,0.0,36.5,0.0
ovO0ctCAoK4kInXO,25.890909090909094,72,11,100.0,0.0,45.45454545454545,0.0,0.0,0.0,36.0,0.0
EJdMU1iWEarxip2G,25.866666666666664,68,12,91.66666666666666,0.0,41.666666666666664,0.0,0.0,41.666666666666664,34.0,0.0
Zy4Eb89rUP5ucj2p,25.865909090909092,71,11,100.0,0.0,45.45454545454545,0.0,0.0,0.0,35.5,0.0
rCYduDSOqXYknJX3,25.865909090909092,71,11,100.0,0.0,45.45454545454545,0.0,0.0,0.0,35.5,0.0
pvc9AiedHsceu3E2,25.84467213114754,61,10,90.0,0.0,50.0,0.0,0.0,0.0,30.5,16.393442622950822
BGlpNQVxVxqmSrqI,25.84444444444444,56,9,88.88888888888889,0.0,55.55555555555555,0.0,0.0,0.0,28.0,0.0
atIr5I2cLtS3CUZn,25.84444444444444,56,9,88.88888888888889,0.0,55.55555555555555,0.0,0.0,0.0,28.0,0.0
TgNODagxcUgKBFM2,25.84444444444444,56,9,88.88888888888889,0.0,55.55555555555555,0.0,0.0,0.0,28.0,0.0
pU1TO7gDyVvpMEcu,25.840909090909093,70,11,100.0,0.0,45.45454545454545,0.0,0.0,0.0,35.0,0.0
SPmViU8ir3MyEnDf,25.819444444444443,55,9,88.88888888888889,0.0,55.55555555555555,0.0,0.0,0.0,27.5,0.0
DXUacbe6LQd947cC,25.815909090909095,69,11,100.0,0.0,45.45454545454545,0.0,0.0,0.0,34.5,0.0
cOEdAnpAM2NJDNwY,25.815909090909095,69,11,100.0,0.0,45.45454545454545,0.0,0.0,0.0,34.5,0.0
1LoCqt5P2c0oQ5Lq,25.815909090909095,69,11,100.0,0.0,45.45454545454545,0.0,0.0,0.0,34.5,0.0
n7KPL9l917bulljK,25.790909090909093,68,11,100.0,0.0,45.45454545454545,0.0,0.0,0.0,34.0,0.0
pYoI3weuDBsVAFcP,25.790909090909093,68,11,100.0,0.0,45.45454545454545,0.0,0.0,0.0,34.0,0.0
5c2b19kEWoaaQ2GB,25.790909090909093,68,11,100.0,0.0,45.45454545454545,0.0,0.0,0.0,34.0,0.0
TC9hPEleDRnmCYTU,25.790909090909093,68,11,100.0,0.0,45.45454545454545,0.0,0.0,0.0,34.0,0.0
gg5hfS9d6SHxZS3e,25.769444444444442,53,9,88.88888888888889,0.0,55.55555555555555,0.0,0.0,0.0,26.5,0.0
oQW1edazs9RNntXU,25.765909090909094,67,11,100.0,0.0,45.45454545454545,0.0,0.0,0.0,33.5,0.0
JSksWWLlka0YlG9Q,25.765909090909094,67,11,100.0,0.0,45.45454545454545,0.0,0.0,0.0,33.5,0.0
ZUQupPMhjID9GGQq,25.765909090909094,67,11,100.0,0.0,45.45454545454545,0.0,0.0,0.0,33.5,0.0
v4V0jo5CDCiKBzRu,25.740909090909092,66,11,100.0,0.0,45.45454545454545,0.0,0.0,0.0,33.0,0.0
vCJ6TAC76h8jyuZE,25.740909090909092,66,11,100.0,0.0,45.45454545454545,0.0,0.0,0.0,33.0,0.0
xvG0aNMWz6ePoiFm,25.728571428571428,72,14,100.0,0.0,35.714285714285715,0.0,0.0,35.714285714285715,36.0,0.0
t69EeRfGfn65iQaD,25.725,49,10,80.0,0.0,50.0,0.0,0.0,50.0,24.5,0.0
oBGBpAO21tQtUt5L,25.71944444444444,51,9,88.88888888888889,0.0,55.55555555555555,0.0,0.0,0.0,25.5,0.0
Z8LokcFZ1YWTcK94,25.71944444444444,51,9,88.88888888888889,0.0,55.55555555555555,0.0,0.0,0.0,25.5,0.0
WbWUD9VaX1QumiRz,25.715909090909093,65,11,100.0,0.0,45.45454545454545,0.0,0.0,0.0,32.5,0.0
BfxO9sCQpfPv3y0y,25.715909090909093,65,11,100.0,0.0,45.45454545454545,0.0,0.0,0.0,32.5,0.0
qtpAdj0oWts2Y75i,25.715909090909093,65,11,100.0,0.0,45.45454545454545,0.0,0.0,0.0,32.5,0.0
tcWjg7hB7HjofnFN,25.694444444444443,50,9,88.88888888888889,0.0,55.55555555555555,0.0,0.0,0.0,25.0,0.0
3HolfvkK7cd19Fse,25.694444444444443,50,9,88.88888888888889,0.0,55.55555555555555,0.0,0.0,0.0,25.0,0.0
BYjohYs0QvMBJQSG,25.694444444444443,50,9,88.88888888888889,0.0,55.55555555555555,0.0,0.0,0.0,25.0,0.0
Z2mR1OD41ELWIjS3,25.694444444444443,50,9,88.88888888888889,0.0,55.55555555555555,0.0,0.0,0.0,25.0,0.0
LmnlA1Dlq6ryKo2h,25.690909090909095,64,11,100.0,0.0,45.45454545454545,0.0,0.0,0.0,32.0,0.0
gL0DWPJAcXVg4OWy,25.690909090909095,64,11,100.0,0.0,45.45454545454545,0.0,0.0,0.0,32.0,0.0
qNxW3f6K7nxd0P43,25.673076923076923,60,13,100.0,0.0,0.0,61.15384615384615,0.0,0.0,30.0,0.0
XxPL1BKkQWc5zzQ9,25.669444444444444,49,9,88.88888888888889,0.0,55.55555555555555,0.0,0.0,0.0,24.5,0.0
HnZzJDtDEU2FqaDb,25.669444444444444,49,9,88.88888888888889,0.0,55.55555555555555,0.0,0.0,0.0,24.5,0.0
BcbfnoGMbJmTPSIA,25.665909090909093,63,11,100.0,0.0,45.45454545454545,0.0,0.0,0.0,31.5,0.0
XwfESp9Qk3ILwfrw,25.665909090909093,63,11,100.0,0.0,45.45454545454545,0.0,0.0,0.0,31.5,0.0
UmfAca6qWdl6EkJ7,25.648076923076925,74,13,100.0,0.0,0.0,58.65384615384615,0.0,0.0,37.0,0.0
tFx6nWCB2mWCWJ6T,25.644444444444442,48,9,88.88888888888889,0.0,55.55555555555555,0.0,0.0,0.0,24.0,0.0
43ANVj77p3kZZl4A,25.644444444444442,48,9,88.88888888888889,0.0,55.55555555555555,0.0,0.0,0.0,24.0,0.0
Py1yoqfBOpHWZ6NZ,25.636111111111113,81,18,83.33333333333334,0.0,55.55555555555555,0.0,0.0,0.0,40.5,0.0
0heCwhFpQnxJmAj5,25.619444444444444,47,9,88.88888888888889,0.0,55.55555555555555,0.0,0.0,0.0,23.5,0.0
zRqAVHYvO7RvVhKb,25.619444444444444,47,9,88.88888888888889,0.0,55.55555555555555,0.0,0.0,0.0,23.5,0.0
KVEfCP12IxyHgDyM,25.619444444444444,47,9,88.88888888888889,0.0,55.55555555555555,0.0,0.0,0.0,23.5,0.0
zMKau0vJu9w6FYxL,25.615909090909092,61,11,100.0,0.0,45.45454545454545,0.0,0.0,0.0,30.5,0.0
FGqBCNFdUaJPUobP,25.603846153846156,78,12,100.0,0.0,41.666666666666664,0.0,0.0,0.0,39.0,6.41025641025641
Y3oobQmzvr3e9Xrw,25.59444444444444,46,9,88.88888888888889,0.0,55.55555555555555,0.0,0.0,0.0,23.0,0.0
L11gpEaHwJ4C9HnE,25.590909090909093,60,11,100.0,0.0,45.45454545454545,0.0,0.0,0.0,30.0,0.0
2D6vMD3J62nousGG,25.590909090909093,60,11,100.0,0.0,45.45454545454545,0.0,0.0,0.0,30.0,0.0
uysChF10CJqcf97M,25.590909090909093,60,11,100.0,0.0,45.45454545454545,0.0,0.0,0.0,30.0,0.0
IFoUOxihLMHby8Hq,25.569444444444443,45,9,88.88888888888889,0.0,55.55555555555555,0.0,0.0,0.0,22.5,0.0
JzAWIcVQ9v6JccdT,25.569444444444443,45,9,88.88888888888889,0.0,55.55555555555555,0.0,0.0,0.0,22.5,0.0
DIgJOd9EDN96TZrN,25.569444444444443,45,9,88.88888888888889,0.0,55.55555555555555,0.0,0.0,0.0,22.5,0.0
FrkKWbzQPMwjlko2,25.565909090909095,59,11,100.0,0.0,45.45454545454545,0.0,0.0,0.0,29.5,0.0
fxvhF26uHWz5n576,25.544444444444444,44,9,88.88888888888889,0.0,55.55555555555555,0.0,0.0,0.0,22.0,0.0
67aCyQIfCPacBIe5,25.540909090909093,58,11,100.0,0.0,45.45454545454545,0.0,0.0,0.0,29.0,0.0
kZ0lJWotL3hqna8O,25.540909090909093,58,11,100.0,0.0,45.45454545454545,0.0,0.0,0.0,29.0,0.0
5IgPYtsrksWJ32rj,25.540909090909093,58,11,100.0,0.0,45.45454545454545,0.0,0.0,0.0,29.0,0.0
KsteLTWhqDZKUd9x,25.515909090909094,57,11,100.0,0.0,45.45454545454545,0.0,0.0,0.0,28.5,0.0
uJif6kylAqn8MxzE,25.515909090909094,57,11,100.0,0.0,45.45454545454545,0.0,0.0,0.0,28.5,0.0
d0KvUoiQUzFaZJq3,25.515909090909094,57,11,100.0,0.0,45.45454545454545,0.0,0.0,0.0,28.5,0.0
xkxwnQrS7RPeMOkI,25.481780923994037,61,11,90.9090909090909,0.0,45.45454545454545,0.0,0.0,0.0,30.5,24.59016393442623
AljEeatSmmSgIDvg,25.480555555555558,72,12,100.0,0.0,41.666666666666664,0.0,0.0,0.0,36.0,6.944444444444444
tY96oPJrWQu6cR9S,25.46944444444444,41,9,88.88888888888889,0.0,55.55555555555555,0.0,0.0,0.0,20.5,0.0
NLRY0aR98J4GWWH7,25.46655844155844,56,11,90.9090909090909,0.0,45.45454545454545,0.0,0.0,0.0,28.0,26.785714285714285
MCag8sQOPuxFa23o,25.465909090909093,55,11,100.0,0.0,45.45454545454545,0.0,0.0,0.0,27.5,0.0
iUu28y9QRMj4tUFA,25.465909090909093,55,11,100.0,0.0,45.45454545454545,0.0,0.0,0.0,27.5,0.0
OJhRQ83sCjOmDnwA,25.465909090909093,55,11,100.0,0.0,45.45454545454545,0.0,0.0,0.0,27.5,0.0
pbRmgyFSJEgLYk1A,25.465909090909093,55,11,100.0,0.0,45.45454545454545,0.0,0.0,0.0,27.5,0.0
fqSf79prKmYh5WE6,25.465909090909093,55,11,100.0,0.0,45.45454545454545,0.0,0.0,0.0,27.5,0.0
FEDa5UEwbgmKPRNn,25.440909090909095,54,11,100.0,0.0,45.45454545454545,0.0,0.0,0.0,27.0,0.0
4tKNY2m9l4mgl1XZ,25.400980392156864,68,12,100.0,0.0,41.666666666666664,0.0,0.0,0.0,34.0,7.352941176470588
MMrz6M319zzRMp3T,25.390909090909094,52,11,100.0,0.0,45.45454545454545,0.0,0.0,0.0,26.0,0.0
AHMUYSRoLYC56DPc,25.390909090909094,52,11,100.0,0.0,45.45454545454545,0.0,0.0,0.0,26.0,0.0
Okd2gABmprXdhqS4,25.386538461538464,77,13,92.3076923076923,0.0,38.46153846153847,0.0,0.0,38.46153846153847,38.5,0.0
CduRh5IjwfP6hYb8,25.36359649122807,57,10,90.0,0.0,50.0,0.0,0.0,0.0,28.5,8.771929824561402
ATZy7w7SYz8j2ire,25.350000000000005,64,12,75.0,0.0,41.666666666666664,0.0,0.0,83.33333333333333,32.0,0.0
IHqrQwinzqL6qeg5,25.340909090909093,50,11,100.0,0.0,45.45454545454545,0.0,0.0,0.0,25.0,0.0
CGbZE5Gjmv7EU3Ht,25.333333333333336,80,12,100.0,0.0,41.666666666666664,0.0,0.0,0.0,40.0,0.0
EBz2UXZYeIoay9S0,25.300219084712758,79,13,100.0,0.0,38.46153846153847,0.0,0.0,0.0,39.5,12.658227848101266
G3iB7r2iLw39gGvl,25.290909090909093,48,11,100.0,0.0,45.45454545454545,0.0,0.0,0.0,24.0,0.0
ngetet4E8dP6SgWj,25.28655913978495,62,12,100.0,0.0,41.666666666666664,0.0,0.0,0.0,31.0,8.064516129032258
J5KfNh4GYWEscu03,25.28076923076923,52,10,90.0,0.0,50.0,0.0,0.0,0.0,26.0,9.615384615384617
IVNDje4W6Uv4r8cy,25.275,71,10,90.0,0.0,50.0,0.0,0.0,0.0,35.5,0.0
ZVLKT58OQI2Mowts,25.258333333333336,77,12,100.0,0.0,41.666666666666664,0.0,0.0,0.0,38.5,0.0
6ErMq1Ryw1OnL1Gs,25.233333333333334,76,12,100.0,0.0,41.666666666666664,0.0,0.0,0.0,38.0,0.0
sCHwoLcDGNvBCDBA,25.233333333333334,76,12,100.0,0.0,41.666666666666664,0.0,0.0,0.0,38.0,0.0
EoC5ibXpPFyo8JGP,25.225,69,10,90.0,0.0,50.0,0.0,0.0,0.0,34.5,0.0
yEvswCA0LOdLsfqi,25.22083333333333,48,10,90.0,0.0,50.0,0.0,0.0,0.0,24.0,10.416666666666666
zrpTs5oyM4E9bR7K,25.211538461538463,70,13,92.3076923076923,0.0,38.46153846153847,0.0,0.0,38.46153846153847,35.0,0.0
lz0SbzJ0IYZHFeH1,25.208333333333336,75,12,100.0,0.0,41.666666666666664,0.0,0.0,0.0,37.5,0.0
TimFlG8hCK0nlmdV,25.208333333333336,75,12,100.0,0.0,41.666666666666664,0.0,0.0,0.0,37.5,0.0
NBeJqqyP5kzDf8qR,25.208333333333336,75,12,100.0,0.0,41.666666666666664,0.0,0.0,0.0,37.5,0.0
ujp0Labqe9xkt3j4,25.186752136752137,72,13,100.0,0.0,38.46153846153847,0.0,0.0,0.0,36.0,13.888888888888888
buiofUS8irrEm9fw,25.183333333333337,74,12,100.0,0.0,41.666666666666664,0.0,0.0,0.0,37.0,0.0
D7Mhgjsq5lfeF2x6,25.183333333333337,74,12,100.0,0.0,41.666666666666664,0.0,0.0,0.0,37.0,0.0
ObzTNx6ou067rS8f,25.17313432835821,67,12,91.66666666666666,0.0,0.0,62.5,0.0,0.0,33.5,7.462686567164179
5hLE76qPbcvAqmv4,25.158333333333335,73,12,100.0,0.0,41.666666666666664,0.0,0.0,0.0,36.5,0.0
3HD1dfdr1PgvMg0s,25.158333333333335,73,12,100.0,0.0,41.666666666666664,0.0,0.0,0.0,36.5,0.0
V1BsWESiUlUXL607,25.158333333333335,73,12,100.0,0.0,41.666666666666664,0.0,0.0,0.0,36.5,0.0
vzKgnn4aobomqADC,25.15,66,10,90.0,0.0,50.0,0.0,0.0,0.0,33.0,0.0
yOFIIsuE37o20j6e,25.148541383989144,67,11,90.9090909090909,0.0,45.45454545454545,0.0,0.0,0.0,33.5,14.925373134328359
IMAXPyAav6pslHfy,25.125,65,10,90.0,0.0,50.0,0.0,0.0,0.0,32.5,0.0
CV4viruPYWcHYAP0,25.110294117647058,75,17,76.47058823529412,0.0,58.8235294117647,0.0,0.0,0.0,37.5,0.0
kJPtwnLFqNVOLxbC,25.1,64,10,90.0,0.0,50.0,0.0,0.0,0.0,32.0,0.0
fZm2cAMACleXiIgu,25.08372434017595,62,11,90.9090909090909,0.0,45.45454545454545,0.0,0.0,0.0,31.0,16.129032258064516
UTTiFe7eijgHk8Tp,25.083333333333336,70,12,100.0,0.0,41.666666666666664,0.0,0.0,0.0,35.0,0.0
tBL3M2yCnog2fATC,25.083333333333336,70,12,100.0,0.0,41.666666666666664,0.0,0.0,0.0,35.0,0.0
YoSOfHjNCeBUOIfV,25.058333333333337,69,12,100.0,0.0,41.666666666666664,0.0,0.0,0.0,34.5,0.0
lHrsin9tFQeMLHj4,25.05,62,10,90.0,0.0,50.0,0.0,0.0,0.0,31.0,0.0
3xWyyUNvRDKcbRhk,25.033333333333335,68,12,100.0,0.0,41.666666666666664,0.0,0.0,0.0,34.0,0.0
IUKKNzkyMDYaHoIB,25.008333333333336,67,12,100.0,0.0,41.666666666666664,0.0,0.0,0.0,33.5,0.0
kWhC844wHGV7oKCG,25.008333333333336,67,12,100.0,0.0,41.666666666666664,0.0,0.0,0.0,33.5,0.0
l5TCfZR92uQwTeJI,25.00277777777778,89,18,77.77777777777779,0.0,55.55555555555555,0.0,0.0,0.0,44.5,0.0
WLhHuqJIdyttWi11,24.983333333333334,66,12,100.0,0.0,41.666666666666664,0.0,0.0,0.0,33.0,0.0
r02oKdpvZBVb3iHw,24.958333333333332,75,12,91.66666666666666,0.0,41.666666666666664,0.0,0.0,0.0,37.5,20.0
VLB5LzxoiGFfWd3h,24.95,58,10,90.0,0.0,50.0,0.0,0.0,0.0,29.0,0.0
UlKTlFB6s2bur1ER,24.95,58,10,90.0,0.0,50.0,0.0,0.0,0.0,29.0,0.0
wVsxHXvGovSA5903,24.95,58,10,90.0,0.0,50.0,0.0,0.0,0.0,29.0,0.0
lodqBAbdfiJpHjDf,24.933333333333337,64,12,100.0,0.0,41.666666666666664,0.0,0.0,0.0,32.0,0.0
bGQWFIHtTEC2KIG6,24.925,57,10,90.0,0.0,50.0,0.0,0.0,0.0,28.5,0.0
vcHTnF8sxTXzchDb,24.925,57,10,90.0,0.0,50.0,0.0,0.0,0.0,28.5,0.0
JoCtrXreXFkorwBX,24.908333333333335,63,12,100.0,0.0,41.666666666666664,0.0,0.0,0.0,31.5,0.0
6XBathpqHldH83Zq,24.908333333333335,63,12,100.0,0.0,41.666666666666664,0.0,0.0,0.0,31.5,0.0
qprE9NvxlFBnASWx,24.90714285714286,82,14,92.85714285714286,0.0,35.714285714285715,0.0,0.0,35.714285714285715,41.0,0.0
eventWQyxdITQAuS,24.9,46,8,75.0,0.0,62.5,0.0,0.0,0.0,23.0,0.0
D2Otui6F7SeX7MnB,24.858333333333334,61,12,100.0,0.0,41.666666666666664,0.0,0.0,0.0,30.5,0.0
zVa0H7MAcfby85B3,24.82892156862745,51,12,91.66666666666666,0.0,41.666666666666664,0.0,0.0,0.0,25.5,29.41176470588235
xyssAJSwpQa7qxxu,24.825,53,10,90.0,0.0,50.0,0.0,0.0,0.0,26.5,0.0
bZwxYanfxUHGDJuc,24.8,52,10,90.0,0.0,50.0,0.0,0.0,0.0,26.0,0.0
k15qV1Sfsbydk2KX,24.792307692307695,84,13,100.0,0.0,38.46153846153847,0.0,0.0,0.0,42.0,0.0
0Ygydx9Jb8eKFQY3,24.783333333333335,58,12,100.0,0.0,41.666666666666664,0.0,0.0,0.0,29.0,0.0
PAGFQarUDULAzQP2,24.783333333333335,58,12,100.0,0.0,41.666666666666664,0.0,0.0,0.0,29.0,0.0
JHmacWLZLvriJG8D,24.783333333333335,58,12,100.0,0.0,41.666666666666664,0.0,0.0,0.0,29.0,0.0
ztMdG0ZsY4QFsKfO,24.775407055630936,67,11,90.9090909090909,0.0,45.45454545454545,0.0,0.0,0.0,33.5,7.462686567164179
RnfSxbpkgMGxWL0R,24.775,51,10,90.0,0.0,50.0,0.0,0.0,0.0,25.5,0.0
KPUBE47zl7VeGilt,24.775,51,10,90.0,0.0,50.0,0.0,0.0,0.0,25.5,0.0
40BA73h3XoVP2M7a,24.717307692307692,81,13,100.0,0.0,38.46153846153847,0.0,0.0,0.0,40.5,0.0
COF7FrxK3lxs4Thi,24.7,48,10,90.0,0.0,50.0,0.0,0.0,0.0,24.0,0.0
iZ6dtH3hYScKp69d,24.7,48,10,90.0,0.0,50.0,0.0,0.0,0.0,24.0,0.0
Zl9hBJ9QnnxY7QES,24.7,48,10,90.0,0.0,50.0,0.0,0.0,0.0,24.0,0.0
NJGgnIwJurj8TZsK,24.692307692307693,80,13,100.0,0.0,38.46153846153847,0.0,0.0,0.0,40.0,0.0
AnQSwh6VT76gbMAF,24.680555555555557,45,9,100.0,0.0,0.0,53.33333333333333,0.0,0.0,22.5,11.11111111111111
hkpHTX1PWi2MRAY8,24.652272727272727,77,11,90.9090909090909,0.0,45.45454545454545,0.0,0.0,0.0,38.5,0.0
lZoOTKZwgbI3P92U,24.65,46,10,90.0,0.0,50.0,0.0,0.0,0.0,23.0,0.0
zQCYidSLC38V8wc0,24.65,46,10,90.0,0.0,50.0,0.0,0.0,0.0,23.0,0.0
2eWEY4EM27Q0UU8s,24.65,46,10,90.0,0.0,50.0,0.0,0.0,0.0,23.0,0.0
vbmmszaTEtLA2O9G,24.65,46,10,90.0,0.0,50.0,0.0,0.0,0.0,23.0,0.0
QZ4lZa4SjDxwHleq,24.65,66,9,100.0,0.0,0.0,53.33333333333333,0.0,0.0,33.0,0.0
crVxevBLM61nnZXj,24.608307210031345,58,11,90.9090909090909,0.0,45.45454545454545,0.0,0.0,0.0,29.0,8.620689655172413
uUl0TMCWNKnTqM2A,24.6,44,10,90.0,0.0,50.0,0.0,0.0,0.0,22.0,0.0
Yid6ZCdtNOBegRdJ,24.592307692307692,76,13,100.0,0.0,38.46153846153847,0.0,0.0,0.0,38.0,0.0
y4uO6CZklta5lQKO,24.577272727272728,74,11,90.9090909090909,0.0,45.45454545454545,0.0,0.0,0.0,37.0,0.0
fegDvq4KqsKvEPsk,24.567307692307693,75,13,100.0,0.0,38.46153846153847,0.0,0.0,0.0,37.5,0.0
5W5FSWMGkLobvuFE,24.567307692307693,75,13,100.0,0.0,38.46153846153847,0.0,0.0,0.0,37.5,0.0
o8eSPJcwF78zpfR1,24.55681818181818,55,11,90.9090909090909,0.0,45.45454545454545,0.0,0.0,0.0,27.5,9.09090909090909
jseNQND294DUffHa,24.523970840480274,53,11,90.9090909090909,0.0,45.45454545454545,0.0,0.0,0.0,26.5,9.433962264150942
seIKp2H7NGtzNdIS,24.517307692307693,73,13,100.0,0.0,38.46153846153847,0.0,0.0,0.0,36.5,0.0
KFljH24u6I1SjRxJ,24.508041958041957,52,11,90.9090909090909,0.0,45.45454545454545,0.0,0.0,0.0,26.0,9.615384615384617
34eJBM0tG0tzRDsD,24.508041958041957,52,11,90.9090909090909,0.0,45.45454545454545,0.0,0.0,0.0,26.0,9.615384615384617
jXIRLu3aNdTWwLhX,24.502272727272725,71,11,90.9090909090909,0.0,45.45454545454545,0.0,0.0,0.0,35.5,0.0
1S9BAdOg3Xr1UUr5,24.502272727272725,71,11,90.9090909090909,0.0,45.45454545454545,0.0,0.0,0.0,35.5,0.0
Xb7GCeGlDrSKyZ7I,24.477272727272727,70,11,90.9090909090909,0.0,45.45454545454545,0.0,0.0,0.0,35.0,0.0
FRIAx9BfMq4iv7wP,24.477272727272727,70,11,90.9090909090909,0.0,45.45454545454545,0.0,0.0,0.0,35.0,0.0
G8Lbj4koER0KdcT0,24.46666666666667,62,12,83.33333333333334,0.0,41.666666666666664,0.0,0.0,41.666666666666664,31.0,0.0
s0e1tG2uTDQlydkK,24.45714285714286,64,14,57.14285714285714,0.0,71.42857142857143,0.0,0.0,0.0,32.0,0.0
7sHtBcoTymHoL0zT,24.45714285714286,64,14,57.14285714285714,0.0,71.42857142857143,0.0,0.0,0.0,32.0,0.0
WBgZGXZznkmNOEXL,24.452272727272728,69,11,90.9090909090909,0.0,45.45454545454545,0.0,0.0,0.0,34.5,0.0
NRsUkHKPQQUtAtkb,24.452272727272728,69,11,90.9090909090909,0.0,45.45454545454545,0.0,0.0,0.0,34.5,0.0
2BJ8SFYoT2VdsxfM,24.442307692307693,70,13,100.0,0.0,38.46153846153847,0.0,0.0,0.0,35.0,0.0
fWxwvfAvWeFzIdHA,24.442307692307693,70,13,100.0,0.0,38.46153846153847,0.0,0.0,0.0,35.0,0.0
3OjzxaBY0Q5ljL8l,24.442307692307693,70,13,100.0,0.0,38.46153846153847,0.0,0.0,0.0,35.0,0.0
bQr93mpSCZaPc3K1,24.442307692307693,70,13,100.0,0.0,38.46153846153847,0.0,0.0,0.0,35.0,0.0
ZVVPaZ7nTQKMwiXS,24.427272727272726,68,11,90.9090909090909,0.0,45.45454545454545,0.0,0.0,0.0,34.0,0.0
Qym0HswizLA6Lsrp,24.417307692307695,69,13,100.0,0.0,38.46153846153847,0.0,0.0,0.0,34.5,0.0
nHG8uqzC6WToOtUF,24.402272727272727,67,11,90.9090909090909,0.0,45.45454545454545,0.0,0.0,0.0,33.5,0.0
O4NvcCsc91FgWCTm,24.402272727272727,67,11,90.9090909090909,0.0,45.45454545454545,0.0,0.0,0.0,33.5,0.0
zvX1Sb6kx69rWtFj,24.402272727272727,67,11,90.9090909090909,0.0,45.45454545454545,0.0,0.0,0.0,33.5,0.0
LF0bXgoDhjrmB7wJ,24.392307692307693,68,13,100.0,0.0,38.46153846153847,0.0,0.0,0.0,34.0,0.0
5JaYHCXmvtpE3Q6J,24.392307692307693,68,13,100.0,0.0,38.46153846153847,0.0,0.0,0.0,34.0,0.0
ctrKB2ty7ejUNoKd,24.377272727272725,66,11,90.9090909090909,0.0,45.45454545454545,0.0,0.0,0.0,33.0,0.0
l0NUsQW9lcByevQq,24.377272727272725,66,11,90.9090909090909,0.0,45.45454545454545,0.0,0.0,0.0,33.0,0.0
X8eYlgiffdhHD9Gc,24.377272727272725,66,11,90.9090909090909,0.0,45.45454545454545,0.0,0.0,0.0,33.0,0.0
lmbl1q6gb1RiyPY4,24.371804511278192,76,14,100.0,0.0,35.714285714285715,0.0,0.0,0.0,38.0,6.578947368421052
EZZYGdgGK3gwBREm,24.352272727272727,65,11,90.9090909090909,0.0,45.45454545454545,0.0,0.0,0.0,32.5,0.0
Vyq37KAnllxfF1tY,24.352272727272727,65,11,90.9090909090909,0.0,45.45454545454545,0.0,0.0,0.0,32.5,0.0
EmuCWqijn9nSjj8k,24.342307692307692,66,13,100.0,0.0,38.46153846153847,0.0,0.0,0.0,33.0,0.0
3QRn6pjkjOSX0CoS,24.342307692307692,66,13,100.0,0.0,38.46153846153847,0.0,0.0,0.0,33.0,0.0
97N4C4A2ICG22rYN,24.327272727272728,64,11,90.9090909090909,0.0,45.45454545454545,0.0,0.0,0.0,32.0,0.0
H7apSyvEOSFqUs0M,24.310294117647057,68,16,62.5,0.0,62.5,0.0,0.0,0.0,34.0,14.705882352941176
nXZoDfDV67aIB01t,24.302272727272726,63,11,90.9090909090909,0.0,45.45454545454545,0.0,0.0,0.0,31.5,0.0
Tbs70EM6qfiZ6Pp5,24.3,52,9,100.0,0.0,0.0,53.33333333333333,0.0,0.0,26.0,0.0
18UjwtvDYnHEwEgC,24.29285714285714,86,14,100.0,0.0,35.714285714285715,0.0,0.0,0.0,43.0,0.0
glh7OYQMbO2vVfJ4,24.277272727272727,62,11,90.9090909090909,0.0,45.45454545454545,0.0,0.0,0.0,31.0,0.0
KuxK31gOkAHfocFH,24.268396226415092,53,10,80.0,0.0,50.0,0.0,0.0,0.0,26.5,18.867924528301884
AlJDTKW6iml1ysJF,24.25769230769231,78,13,84.61538461538461,0.0,38.46153846153847,0.0,0.0,38.46153846153847,39.0,0.0
O1PfDkb8p9uELyw9,24.252272727272725,61,11,90.9090909090909,0.0,45.45454545454545,0.0,0.0,0.0,30.5,0.0
UvBCw8Q6znxxXGs4,24.252272727272725,61,11,90.9090909090909,0.0,45.45454545454545,0.0,0.0,0.0,30.5,0.0
k56cjHJ14A2A7hz6,24.252272727272725,61,11,90.9090909090909,0.0,45.45454545454545,0.0,0.0,0.0,30.5,0.0
BpxlqhpP8bjTlZ7H,24.252272727272725,61,11,90.9090909090909,0.0,45.45454545454545,0.0,0.0,0.0,30.5,0.0
PzKYZmjAuDp3ViW7,24.25,70,14,100.0,0.0,35.714285714285715,0.0,0.0,0.0,35.0,7.142857142857142
T85PtmjHWp5dZ2ZZ,24.242857142857144,84,14,100.0,0.0,35.714285714285715,0.0,0.0,0.0,42.0,0.0
4B4Tehj47iYmmIyS,24.23333333333333,76,15,93.33333333333333,0.0,33.333333333333336,0.0,0.0,33.333333333333336,38.0,0.0
3qzKr9H1X0sTU4gk,24.227272727272727,60,11,90.9090909090909,0.0,45.45454545454545,0.0,0.0,0.0,30.0,0.0
5FDJ2S72SQUSas6w,24.227272727272727,60,11,90.9090909090909,0.0,45.45454545454545,0.0,0.0,0.0,30.0,0.0
RgWKQPGfBVlx8sMM,24.225,49,9,100.0,0.0,0.0,53.33333333333333,0.0,0.0,24.5,0.0
pKSYxuDQ6f8sZlfY,24.205681818181816,88,16,93.75,0.0,0.0,38.75,0.0,31.25,44.0,11.363636363636363
yLAsxW8PGM5WlqRt,24.202272727272728,59,11,90.9090909090909,0.0,45.45454545454545,0.0,0.0,0.0,29.5,0.0
tJTuSsoZPjZKHDAL,24.19099147121535,67,14,100.0,0.0,35.714285714285715,0.0,0.0,0.0,33.5,7.462686567164179
qabXtpX1I6B7yBGt,24.177272727272726,58,11,90.9090909090909,0.0,45.45454545454545,0.0,0.0,0.0,29.0,0.0
GYeOAWWpHPsKpWVA,24.177272727272726,58,11,90.9090909090909,0.0,45.45454545454545,0.0,0.0,0.0,29.0,0.0
Gk4aEhw7tJfJuhoo,24.170652173913044,69,12,91.66666666666666,0.0,41.666666666666664,0.0,0.0,0.0,34.5,7.246376811594203
YIR8LOsatnLpXxhz,24.150000000000002,66,11,81.81818181818183,0.0,45.45454545454545,0.0,0.0,0.0,33.0,22.727272727272727
to9WMYqr51WiJbSu,24.12777777777778,54,9,77.77777777777779,0.0,55.55555555555555,0.0,0.0,0.0,27.0,0.0
AV1UUCv6WF5q3vhX,24.127272727272725,56,11,90.9090909090909,0.0,45.45454545454545,0.0,0.0,0.0,28.0,0.0
vsVI78ZmmaK9xG8F,24.127272727272725,56,11,90.9090909090909,0.0,45.45454545454545,0.0,0.0,0.0,28.0,0.0
MRBwBI4V3OJ1WOFY,24.127272727272725,56,11,90.9090909090909,0.0,45.45454545454545,0.0,0.0,0.0,28.0,0.0
gXzGIuLlzzoEOUba,24.102777777777778,53,9,77.77777777777779,0.0,55.55555555555555,0.0,0.0,0.0,26.5,0.0
OgKEf6IPNVRaheld,24.102525252525258,54,11,81.81818181818183,0.0,45.45454545454545,0.0,0.0,0.0,27.0,27.777777777777775
eQQ3IQx58TBpuia3,24.102272727272727,55,11,90.9090909090909,0.0,45.45454545454545,0.0,0.0,0.0,27.5,0.0
6nJTFmz4K1Omj8pI,24.07777777777778,52,9,77.77777777777779,0.0,55.55555555555555,0.0,0.0,0.0,26.0,0.0
qJ710OOaI4SGTB4S,24.077272727272728,54,11,90.9090909090909,0.0,45.45454545454545,0.0,0.0,0.0,27.0,0.0
WWHAYoiZBA6A5D82,24.067857142857143,77,14,100.0,0.0,35.714285714285715,0.0,0.0,0.0,38.5,0.0
ndloBtg2ljsWE7qb,24.067307692307693,55,13,100.0,0.0,38.46153846153847,0.0,0.0,0.0,27.5,0.0
HoaT5mQrRj40OrmD,24.042307692307695,54,13,100.0,0.0,38.46153846153847,0.0,0.0,0.0,27.0,0.0
2V8r8Lwwk2GXUNpG,24.03333333333333,78,12,91.66666666666666,0.0,41.666666666666664,0.0,0.0,0.0,39.0,0.0
4fetzTUEHAXA0Kei,24.027631578947368,89,19,89.47368421052632,0.0,26.31578947368421,20.789473684210527,0.0,0.0,44.5,0.0
Zd27TtDPkKiCSEs5,24.017857142857142,75,14,100.0,0.0,35.714285714285715,0.0,0.0,0.0,37.5,0.0
XUA0j3jLtKmJfCpu,24.017686890574215,71,13,92.3076923076923,0.0,38.46153846153847,0.0,0.0,0.0,35.5,14.084507042253522
Ahet7zqqyTPf9gL2,24.002272727272725,51,11,90.9090909090909,0.0,45.45454545454545,0.0,0.0,0.0,25.5,0.0
kPAzLmp1weo98ri5,24.00211267605634,71,16,93.75,0.0,31.25,0.0,0.0,31.25,35.5,7.042253521126761
CWGyJXyzMrnlakKn,23.992857142857144,74,14,100.0,0.0,35.714285714285715,0.0,0.0,0.0,37.0,0.0
Ij8EjOnuKcMXyd7Z,23.992857142857144,74,14,100.0,0.0,35.714285714285715,0.0,0.0,0.0,37.0,0.0
p9v1d0vHYp8eXMNC,23.98333333333333,76,12,91.66666666666666,0.0,41.666666666666664,0.0,0.0,0.0,38.0,0.0
mfQxfOmeRmwBh0g8,23.958333333333336,45,12,41.66666666666667,0.0,41.666666666666664,55.0,0.0,0.0,22.5,0.0
rs063BLUtxNXz7qJ,23.942857142857143,72,14,100.0,0.0,35.714285714285715,0.0,0.0,0.0,36.0,0.0
rezrHFNiQ3Sed34r,23.93733766233766,56,11,100.0,0.0,0.0,47.27272727272727,0.0,0.0,28.0,8.928571428571429
yMH37QycMgL1YP9g,23.91785714285714,71,14,100.0,0.0,35.714285714285715,0.0,0.0,0.0,35.5,0.0
OVXBQ6bnKlbO8vgs,23.91785714285714,71,14,100.0,0.0,35.714285714285715,0.0,0.0,0.0,35.5,0.0
bo08s71qyTwe33k9,23.90833333333333,73,12,91.66666666666666,0.0,41.666666666666664,0.0,0.0,0.0,36.5,0.0
U0Atr2bqDPJmXRWk,23.902272727272727,47,11,90.9090909090909,0.0,45.45454545454545,0.0,0.0,0.0,23.5,0.0
tVvovXkeGOhHGm5X,23.89166666666667,89,15,100.0,0.0,33.333333333333336,0.0,0.0,0.0,44.5,0.0
6O6a1V20YYH5oVmx,23.883333333333333,72,12,91.66666666666666,0.0,41.666666666666664,0.0,0.0,0.0,36.0,0.0
w8ny1LcQUjyWPf9e,23.883333333333333,72,12,91.66666666666666,0.0,41.666666666666664,0.0,0.0,0.0,36.0,0.0
1BJCFSYqRhJ5BPwl,23.883333333333333,72,12,91.66666666666666,0.0,41.666666666666664,0.0,0.0,0.0,36.0,0.0
QczOg8vGerJ9I2VI,23.883333333333333,72,12,91.66666666666666,0.0,41.666666666666664,0.0,0.0,0.0,36.0,0.0
VYrfGXnqnDqc7hHQ,23.883333333333333,72,12,91.66666666666666,0.0,41.666666666666664,0.0,0.0,0.0,36.0,0.0
tbykGkGuYaCkwuol,23.88103448275862,58,10,80.0,0.0,50.0,0.0,0.0,0.0,29.0,8.620689655172413
EnUTikV903RGpAaR,23.867857142857144,69,14,100.0,0.0,35.714285714285715,0.0,0.0,0.0,34.5,0.0
LFoLBQrgX0TFJM1K,23.85833333333333,71,12,91.66666666666666,0.0,41.666666666666664,0.0,0.0,0.0,35.5,0.0
0XFqMaOSzcSXCiQS,23.85833333333333,71,12,91.66666666666666,0.0,41.666666666666664,0.0,0.0,0.0,35.5,0.0
UQtvTDQLHHK4rW5i,23.85833333333333,71,12,91.66666666666666,0.0,41.666666666666664,0.0,0.0,0.0,35.5,0.0
SqmwXVUhg5diyNnK,23.834132420091326,73,15,100.0,0.0,33.333333333333336,0.0,0.0,0.0,36.5,6.8493150684931505
75u6pKmwtm0vHRAr,23.833333333333332,70,12,91.66666666666666,0.0,41.666666666666664,0.0,0.0,0.0,35.0,0.0
RSvcsROd2spn6nnW,23.808333333333334,69,12,91.66666666666666,0.0,41.666666666666664,0.0,0.0,0.0,34.5,0.0
SmE8ZgCY5IPxdYOV,23.808333333333334,69,12,91.66666666666666,0.0,41.666666666666664,0.0,0.0,0.0,34.5,0.0
P3BeMsw0GJEc732E,23.808333333333334,69,12,91.66666666666666,0.0,41.666666666666664,0.0,0.0,0.0,34.5,0.0
qsNVyBKvsi1fVWSE,23.8,52,10,100.0,0.0,0.0,50.0,0.0,0.0,26.0,0.0
gvtuikU8BYO9FPul,23.791666666666668,85,15,100.0,0.0,33.333333333333336,0.0,0.0,0.0,42.5,0.0
VYFQGk6lea1kOf4F,23.78333333333333,68,12,91.66666666666666,0.0,41.666666666666664,0.0,0.0,0.0,34.0,0.0
xCSSbM0dGxKLTeZs,23.78333333333333,68,12,91.66666666666666,0.0,41.666666666666664,0.0,0.0,0.0,34.0,0.0
UPDVV4FokZzsp8bK,23.78333333333333,68,12,91.66666666666666,0.0,41.666666666666664,0.0,0.0,0.0,34.0,0.0
NzoRleD5sn4YYUxC,23.758333333333333,67,12,91.66666666666666,0.0,41.666666666666664,0.0,0.0,0.0,33.5,0.0
7varDbZka3xNRyXG,23.73333333333333,66,12,91.66666666666666,0.0,41.666666666666664,0.0,0.0,0.0,33.0,0.0
AiMUEU7nKQ0IPX4H,23.73333333333333,66,12,91.66666666666666,0.0,41.666666666666664,0.0,0.0,0.0,33.0,0.0
9dj4ZPfPQFC4seDq,23.73333333333333,66,12,91.66666666666666,0.0,41.666666666666664,0.0,0.0,0.0,33.0,0.0
LSfpUIVE4THF3ahJ,23.72083333333333,48,10,80.0,0.0,50.0,0.0,0.0,0.0,24.0,10.416666666666666
qrnDdzUyfIWC1P92,23.71785714285714,63,14,100.0,0.0,35.714285714285715,0.0,0.0,0.0,31.5,0.0
XRRpqOq44BAzgcwg,23.71666666666667,82,15,100.0,0.0,33.333333333333336,0.0,0.0,0.0,41.0,0.0
GP88oBquqOJCxWNC,23.70691489361702,47,10,80.0,0.0,50.0,0.0,0.0,0.0,23.5,10.638297872340425
ZdMEQHHCurm1Ks6p,23.705927291886198,73,13,92.3076923076923,0.0,38.46153846153847,0.0,0.0,0.0,36.5,6.8493150684931505
dB64zH7GewwVDhSu,23.685683760683762,72,13,92.3076923076923,0.0,38.46153846153847,0.0,0.0,0.0,36.0,6.944444444444444
pFjgTUP3GyddmkdS,23.683333333333334,64,12,91.66666666666666,0.0,41.666666666666664,0.0,0.0,0.0,32.0,0.0
G4eFqSu5iDoY6wOm,23.683333333333334,64,12,91.66666666666666,0.0,41.666666666666664,0.0,0.0,0.0,32.0,0.0
MT0qUtcywTTZOs73,23.675,47,10,100.0,0.0,0.0,50.0,0.0,0.0,23.5,0.0
NOvwLWkOlFRCy24q,23.66785714285714,61,14,100.0,0.0,35.714285714285715,0.0,0.0,0.0,30.5,0.0
Zt4a1Tcn2VkEnbnW,23.66557421451788,71,13,92.3076923076923,0.0,38.46153846153847,0.0,0.0,0.0,35.5,7.042253521126761
wEIYFw6KGuyrlbuM,23.66346153846154,85,13,92.3076923076923,0.0,38.46153846153847,0.0,0.0,0.0,42.5,0.0
FqhTkuo9eQmEQNu2,23.65833333333333,63,12,91.66666666666666,0.0,41.666666666666664,0.0,0.0,0.0,31.5,0.0
48MQ0jL6VMY8UJpn,23.65833333333333,63,12,91.66666666666666,0.0,41.666666666666664,0.0,0.0,0.0,31.5,0.0
8B5kpbZ9mMTeeXgr,23.645604395604398,70,13,92.3076923076923,0.0,38.46153846153847,0.0,0.0,0.0,35.0,7.142857142857142
LtNd5vIXaEDG5EKU,23.64166666666667,79,15,100.0,0.0,33.333333333333336,0.0,0.0,0.0,39.5,0.0
enrQLaLXBOe0MEMF,23.633333333333333,62,12,91.66666666666666,0.0,41.666666666666664,0.0,0.0,0.0,31.0,0.0
5JewYPldGL3Rwih2,23.58659586681975,67,13,92.3076923076923,0.0,38.46153846153847,0.0,0.0,0.0,33.5,7.462686567164179
DNm9Sli1fLeWqpNT,23.583333333333332,60,12,91.66666666666666,0.0,41.666666666666664,0.0,0.0,0.0,30.0,0.0
u5k0ujRTojrpqSjg,23.57261904761905,56,12,83.33333333333334,0.0,41.666666666666664,0.0,0.0,0.0,28.0,26.785714285714285
ni3ntB0TQEkMK8tL,23.566666666666666,76,15,100.0,0.0,33.333333333333336,0.0,0.0,0.0,38.0,0.0
COiiH1kbcQw36u3E,23.56346153846154,81,13,92.3076923076923,0.0,38.46153846153847,0.0,0.0,0.0,40.5,0.0
xQ8VS8IALVUj4APg,23.55,92,16,100.0,0.0,31.25,0.0,0.0,0.0,46.0,0.0
zbZycsJblY71lqaA,23.54090909090909,58,11,100.0,0.0,0.0,47.27272727272727,0.0,0.0,29.0,0.0
5yWeBTAjKz4Z9wI3,23.53333333333333,58,12,91.66666666666666,0.0,41.666666666666664,0.0,0.0,0.0,29.0,0.0
2dhN4UovsvYTR5co,23.52908653846154,64,13,92.3076923076923,0.0,38.46153846153847,0.0,0.0,0.0,32.0,7.8125
e00ghFMZNoeZmBvZ,23.51346153846154,79,13,92.3076923076923,0.0,38.46153846153847,0.0,0.0,0.0,39.5,0.0
1VQZ8dS6YQpqJytO,23.499675324675326,77,16,100.0,0.0,31.25,0.0,0.0,0.0,38.5,6.493506493506494
JkquVmebUGfiqzt5,23.488095238095237,70,15,93.33333333333333,0.0,33.333333333333336,0.0,0.0,0.0,35.0,21.428571428571427
8zPd20EvRCHNUY1U,23.475,59,10,80.0,0.0,50.0,0.0,0.0,0.0,29.5,0.0
2YImftXDjEBbhk5j,23.46346153846154,77,13,92.3076923076923,0.0,38.46153846153847,0.0,0.0,0.0,38.5,0.0
pmtDslqAnPgbtoQC,23.435714285714283,66,14,85.71428571428571,0.0,35.714285714285715,0.0,0.0,35.714285714285715,33.0,0.0
BUtsMqdXwRZIevgM,23.425,57,10,80.0,0.0,50.0,0.0,0.0,0.0,28.5,0.0
3lSgDEOX5mvP8W7f,23.41949602122016,58,13,92.3076923076923,0.0,38.46153846153847,0.0,0.0,0.0,29.0,8.620689655172413
oSVd73Xl2FUzt0Q6,23.41346153846154,75,13,92.3076923076923,0.0,38.46153846153847,0.0,0.0,0.0,37.5,0.0
9LOWWZHYaqkxw9t5,23.4,56,10,80.0,0.0,50.0,0.0,0.0,0.0,28.0,0.0
CcLxUif6suVAlmiY,23.396428571428572,93,14,92.85714285714286,0.0,35.714285714285715,0.0,0.0,0.0,46.5,0.0
1J2dBwmmO6mYevmQ,23.38846153846154,74,13,92.3076923076923,0.0,38.46153846153847,0.0,0.0,0.0,37.0,0.0
J1bJkWkzEKLdNAQz,23.36590909090909,51,11,100.0,0.0,0.0,47.27272727272727,0.0,0.0,25.5,0.0
BGvdCrxgdPyU7Bms,23.36346153846154,73,13,92.3076923076923,0.0,38.46153846153847,0.0,0.0,0.0,36.5,0.0
MiWiGODWCQCj3Uuf,23.36153846153846,76,13,100.0,0.0,0.0,43.07692307692308,0.0,0.0,38.0,0.0
EgRt7NnKRjukmXzY,23.33846153846154,72,13,92.3076923076923,0.0,38.46153846153847,0.0,0.0,0.0,36.0,0.0
bCE0UdsZz10UXcxz,23.33846153846154,72,13,92.3076923076923,0.0,38.46153846153847,0.0,0.0,0.0,36.0,0.0
IlPuVdIbd9tymw9I,23.31346153846154,71,13,92.3076923076923,0.0,38.46153846153847,0.0,0.0,0.0,35.5,0.0
z5ls99egkrhSjFj3,23.283333333333335,78,15,86.66666666666667,0.0,33.333333333333336,0.0,0.0,33.333333333333336,39.0,0.0
Q3ak7HJZPfsfhi1I,23.275,61,12,100.0,0.0,0.0,45.0,0.0,0.0,30.5,0.0
DY1VIAVi8Malugvm,23.27457805907173,79,15,93.33333333333333,0.0,33.333333333333336,0.0,0.0,0.0,39.5,12.658227848101266
sTrJhkocIpscOj84,23.259266409266413,74,14,92.85714285714286,0.0,35.714285714285715,0.0,0.0,0.0,37.0,6.756756756756757
UU7WPdZZtEcX37xS,23.24047619047619,42,10,90.0,0.0,0.0,50.0,0.0,0.0,21.0,23.809523809523807
rfsOMe2VudDAXl3O,23.23846153846154,68,13,92.3076923076923,0.0,38.46153846153847,0.0,0.0,0.0,34.0,0.0
JovUywgX7DLZ2ZQQ,23.21346153846154,67,13,92.3076923076923,0.0,38.46153846153847,0.0,0.0,0.0,33.5,0.0
Jw1pjbJLuWokZ90y,23.21153846153846,70,13,100.0,0.0,0.0,43.07692307692308,0.0,0.0,35.0,0.0
cvRG47ZPbT7j6O8H,23.2,58,12,100.0,0.0,0.0,45.0,0.0,0.0,29.0,0.0
XjFjREzxmZe8s0x8,23.2,48,10,80.0,0.0,50.0,0.0,0.0,0.0,24.0,0.0
T9JS47NYwoQL0lyt,23.196428571428573,85,14,92.85714285714286,0.0,35.714285714285715,0.0,0.0,0.0,42.5,0.0
WbD9vSK9HINEPIAw,23.18846153846154,66,13,92.3076923076923,0.0,38.46153846153847,0.0,0.0,0.0,33.0,0.0
IoI36CjYREOjvG37,23.18846153846154,66,13,92.3076923076923,0.0,38.46153846153847,0.0,0.0,0.0,33.0,0.0
ZyrsKODZ6sEaTdai,23.18846153846154,66,13,92.3076923076923,0.0,38.46153846153847,0.0,0.0,0.0,33.0,0.0
giUQfjte8mKpWTB5,23.18846153846154,66,13,92.3076923076923,0.0,38.46153846153847,0.0,0.0,0.0,33.0,0.0
YcEaOlP7sFsG0u5P,23.178005464480876,61,12,83.33333333333334,0.0,41.666666666666664,0.0,0.0,0.0,30.5,16.393442622950822
z9yfA30TQ8l4K116,23.17659932659933,54,11,81.81818181818183,0.0,45.45454545454545,0.0,0.0,0.0,27.0,9.25925925925926
JU7lRwk3jKkus24Z,23.175,47,10,80.0,0.0,50.0,0.0,0.0,0.0,23.5,0.0
7gfQ3dsaJoGqpVD2,23.13846153846154,64,13,92.3076923076923,0.0,38.46153846153847,0.0,0.0,0.0,32.0,0.0
8Vj3aw5va4nWnadb,23.13846153846154,64,13,92.3076923076923,0.0,38.46153846153847,0.0,0.0,0.0,32.0,0.0
fsfyhrevbLpEFRWg,23.125,75,16,100.0,0.0,31.25,0.0,0.0,0.0,37.5,0.0
aVTe6fJsU1J6Lww9,23.121428571428574,82,14,92.85714285714286,0.0,35.714285714285715,0.0,0.0,0.0,41.0,0.0
4yFnuUaEJWfVdQFl,23.11346153846154,63,13,92.3076923076923,0.0,38.46153846153847,0.0,0.0,0.0,31.5,0.0
z007TdpNyPWCai6W,23.11346153846154,63,13,92.3076923076923,0.0,38.46153846153847,0.0,0.0,0.0,31.5,0.0
XHtvcSDP11Jybspx,23.11346153846154,63,13,92.3076923076923,0.0,38.46153846153847,0.0,0.0,0.0,31.5,0.0
dp8N7j310savSZht,23.09642857142857,81,14,92.85714285714286,0.0,35.714285714285715,0.0,0.0,0.0,40.5,0.0
o5bo2OIsyMgRlJgx,23.08846153846154,62,13,92.3076923076923,0.0,38.46153846153847,0.0,0.0,0.0,31.0,0.0
E6pN7TkoUI3vPjci,23.08846153846154,62,13,92.3076923076923,0.0,38.46153846153847,0.0,0.0,0.0,31.0,0.0
qLwEhZWcZsjQ3vNL,23.0844696969697,48,11,81.81818181818183,0.0,45.45454545454545,0.0,0.0,0.0,24.0,10.416666666666666
PQdfn0i4L5WOZaWj,23.071428571428573,80,14,92.85714285714286,0.0,35.714285714285715,0.0,0.0,0.0,40.0,0.0
LMj3szBiuCBdf9mH,23.06060606060606,60,11,90.9090909090909,0.0,0.0,47.27272727272727,0.0,0.0,30.0,16.666666666666668
fiPZA3D5YSM7BNlD,23.046428571428574,79,14,92.85714285714286,0.0,35.714285714285715,0.0,0.0,0.0,39.5,0.0
ztDVKMI39rzbWRuG,23.01153846153846,62,13,100.0,0.0,0.0,43.07692307692308,0.0,0.0,31.0,0.0
gYNNY28g0JcGgkOh,22.996428571428574,77,14,92.85714285714286,0.0,35.714285714285715,0.0,0.0,0.0,38.5,0.0
T3gCkSt5bcuYdswx,22.991666666666664,93,15,93.33333333333333,0.0,33.333333333333336,0.0,0.0,0.0,46.5,0.0
Rz92ZJxfYzaqIhDx,22.991666666666664,93,15,93.33333333333333,0.0,33.333333333333336,0.0,0.0,0.0,46.5,0.0
mDcut1Oit1ufRONd,22.98846153846154,58,13,92.3076923076923,0.0,38.46153846153847,0.0,0.0,0.0,29.0,0.0
CKB6GJz8mOQfk59Y,22.97564102564103,78,13,84.61538461538461,0.0,38.46153846153847,0.0,0.0,0.0,39.0,12.82051282051282
MibJx6ArKT1dh3mj,22.96153846153846,60,13,100.0,0.0,0.0,43.07692307692308,0.0,0.0,30.0,0.0
7NDlyxiDUmOwrmvi,22.958122362869197,79,15,93.33333333333333,0.0,33.333333333333336,0.0,0.0,0.0,39.5,6.329113924050633
7lDBxlJMkIBys2QS,22.921428571428574,74,14,92.85714285714286,0.0,35.714285714285715,0.0,0.0,0.0,37.0,0.0
R6HfPQBGxbxtl8nv,22.916666666666664,90,15,93.33333333333333,0.0,33.333333333333336,0.0,0.0,0.0,45.0,0.0
QtaVFLNiZRVfy4rw,22.871428571428574,72,14,92.85714285714286,0.0,35.714285714285715,0.0,0.0,0.0,36.0,0.0
kjsHRnZN8TxHMqED,22.871428571428574,72,14,92.85714285714286,0.0,35.714285714285715,0.0,0.0,0.0,36.0,0.0
RI0lmXgWontGtuXH,22.871428571428574,72,14,92.85714285714286,0.0,35.714285714285715,0.0,0.0,0.0,36.0,0.0
Qi23YZHBmahei4Y0,22.863636363636367,60,11,81.81818181818183,0.0,45.45454545454545,0.0,0.0,0.0,30.0,0.0
AOYNDeh15FMIbOGK,22.84027777777778,90,16,93.75,0.0,31.25,0.0,0.0,0.0,45.0,5.555555555555555
f8QIolG5Xe3f2ZYp,22.83863636363637,59,11,81.81818181818183,0.0,45.45454545454545,0.0,0.0,0.0,29.5,0.0
mWMqvmu5qzhPsCbC,22.821428571428573,70,14,92.85714285714286,0.0,35.714285714285715,0.0,0.0,0.0,35.0,0.0
0mbbbshnl0XReeqC,22.821428571428573,70,14,92.85714285714286,0.0,35.714285714285715,0.0,0.0,0.0,35.0,0.0
PdY5Y9pFyhpFOMeH,22.816666666666663,86,15,93.33333333333333,0.0,33.333333333333336,0.0,0.0,0.0,43.0,0.0
VLSw3TNOBkNiYn0n,22.816666666666663,86,15,93.33333333333333,0.0,33.333333333333336,0.0,0.0,0.0,43.0,0.0
8CcsjqeAUKQGhsj3,22.813636363636366,58,11,81.81818181818183,0.0,45.45454545454545,0.0,0.0,0.0,29.0,0.0
fcGhNtSIXqTiiB4l,22.81153846153846,54,13,100.0,0.0,0.0,43.07692307692308,0.0,0.0,27.0,0.0
0qAbkepBWI2IsexF,22.80515873015873,63,12,83.33333333333334,0.0,41.666666666666664,0.0,0.0,0.0,31.5,7.936507936507936
clMu6Z9NoOKg7Fjv,22.791666666666664,85,15,93.33333333333333,0.0,33.333333333333336,0.0,0.0,0.0,42.5,0.0
7i97uwT7kmw69zgD,22.771428571428572,68,14,92.85714285714286,0.0,35.714285714285715,0.0,0.0,0.0,34.0,0.0
fNdKPYY3938VlsJE,22.75,70,15,80.0,0.0,0.0,60.0,0.0,0.0,35.0,0.0
GmJt9luZoy6Z6O2t,22.746428571428574,67,14,92.85714285714286,0.0,35.714285714285715,0.0,0.0,0.0,33.5,0.0
2iDMJd7wTVLRxPb6,22.746428571428574,67,14,92.85714285714286,0.0,35.714285714285715,0.0,0.0,0.0,33.5,0.0
EG5bhQ7Il9brYnp1,22.733333333333334,76,12,83.33333333333334,0.0,41.666666666666664,0.0,0.0,0.0,38.0,0.0
oPlxlHy9hYnkpUMq,22.729287515762927,61,13,84.61538461538461,0.0,38.46153846153847,0.0,0.0,0.0,30.5,16.393442622950822
8NzDIKPDzcK9HEne,22.72142857142857,66,14,92.85714285714286,0.0,35.714285714285715,0.0,0.0,0.0,33.0,0.0
4IDUX9g16EPOSFu0,22.72142857142857,66,14,92.85714285714286,0.0,35.714285714285715,0.0,0.0,0.0,33.0,0.0
tdtUA4VWyJj8hjfv,22.671428571428574,64,14,92.85714285714286,0.0,35.714285714285715,0.0,0.0,0.0,32.0,0.0
XmIJfHjDpa2QBoto,22.671428571428574,64,14,92.85714285714286,0.0,35.714285714285715,0.0,0.0,0.0,32.0,0.0
CblDL5T5m4DfquSP,22.666666666666664,80,15,93.33333333333333,0.0,33.333333333333336,0.0,0.0,0.0,40.0,0.0
XPY28ckUybV2lHPt,22.663636363636368,52,11,81.81818181818183,0.0,45.45454545454545,0.0,0.0,0.0,26.0,0.0
yKZgZHtxrrg3RZLI,22.66287878787879,55,12,83.33333333333334,0.0,41.666666666666664,0.0,0.0,0.0,27.5,9.09090909090909
lmHBUTrePa9aMvoG,22.646428571428572,63,14,92.85714285714286,0.0,35.714285714285715,0.0,0.0,0.0,31.5,0.0
MBHHxNnqU9iHJnOZ,22.638636363636365,51,11,81.81818181818183,0.0,45.45454545454545,0.0,0.0,0.0,25.5,0.0
sV3vZhD9ejW9o3RU,22.6375,93,16,93.75,0.0,31.25,0.0,0.0,0.0,46.5,0.0
3NQ6EnkaYonf7ZNj,22.633333333333336,72,12,83.33333333333334,0.0,41.666666666666664,0.0,0.0,0.0,36.0,0.0
IVzplfIgiUjOFB5r,22.633333333333336,72,12,83.33333333333334,0.0,41.666666666666664,0.0,0.0,0.0,36.0,0.0
sXe2iqnAezdxaSlM,22.613636363636367,50,11,81.81818181818183,0.0,45.45454545454545,0.0,0.0,0.0,25.0,0.0
wYYpLublqdiVAHhV,22.6125,92,16,93.75,0.0,31.25,0.0,0.0,0.0,46.0,0.0
Ojj6uX95vgCZre1M,22.603846153846156,58,13,76.92307692307693,0.0,38.46153846153847,0.0,0.0,38.46153846153847,29.0,0.0
9Sx5ZRhI3p2Cya69,22.591666666666665,77,15,93.33333333333333,0.0,33.333333333333336,0.0,0.0,0.0,38.5,0.0
9EkaqCzEBy6yTcIi,22.58863636363637,49,11,81.81818181818183,0.0,45.45454545454545,0.0,0.0,0.0,24.5,0.0
sMnHngJrTM84Z3Qe,22.572453222453227,74,13,84.61538461538461,0.0,38.46153846153847,0.0,0.0,0.0,37.0,6.756756756756757
mQVKRRMKleLiVeiq,22.566666666666663,76,15,93.33333333333333,0.0,33.333333333333336,0.0,0.0,0.0,38.0,0.0
MH9Wr7FEWvMBvxR4,22.541666666666664,75,15,93.33333333333333,0.0,33.333333333333336,0.0,0.0,0.0,37.5,0.0
mzveuvMFnSVEhrDc,22.516666666666666,74,15,93.33333333333333,0.0,33.333333333333336,0.0,0.0,0.0,37.0,0.0
xqZz4yYi2OlXAvSs,22.508333333333336,67,12,83.33333333333334,0.0,41.666666666666664,0.0,0.0,0.0,33.5,0.0
ZfpxRSWNKGMG4XLC,22.508333333333336,67,12,83.33333333333334,0.0,41.666666666666664,0.0,0.0,0.0,33.5,0.0
uyr0Yzxh7KmLIlRX,22.4875,87,16,93.75,0.0,31.25,0.0,0.0,0.0,43.5,0.0
Vi6GSbdZStQeDE5T,22.466666666666665,72,15,93.33333333333333,0.0,33.333333333333336,0.0,0.0,0.0,36.0,0.0
2kbJzvBREwWzzeHU,22.46323529411765,75,17,58.82352941176471,0.0,58.8235294117647,0.0,0.0,0.0,37.5,0.0
oWOcKIebP06E7KPy,22.441666666666663,71,15,93.33333333333333,0.0,33.333333333333336,0.0,0.0,0.0,35.5,0.0
YpoQ37N3votJffau,22.433333333333337,64,12,83.33333333333334,0.0,41.666666666666664,0.0,0.0,0.0,32.0,0.0
PqQ3smZXin4z9lk0,22.433333333333337,64,12,83.33333333333334,0.0,41.666666666666664,0.0,0.0,0.0,32.0,0.0
u5IfijoySjTneAAv,22.416666666666664,100,18,94.44444444444444,0.0,0.0,36.666666666666664,0.0,0.0,50.0,5.0
sU7KenthbnHZKFuj,22.408333333333335,63,12,83.33333333333334,0.0,41.666666666666664,0.0,0.0,0.0,31.5,0.0
8rdcR8BqtPxsPDvV,22.402272727272727,67,11,90.9090909090909,0.0,0.0,47.27272727272727,0.0,0.0,33.5,0.0
4VGt1SJ3uTV7JOnm,22.3875,83,16,93.75,0.0,31.25,0.0,0.0,0.0,41.5,0.0
nNTsRw6RiTP9lGIS,22.3875,83,16,93.75,0.0,31.25,0.0,0.0,0.0,41.5,0.0
5L3bEhqeyOYoRSoZ,22.3625,82,16,93.75,0.0,31.25,0.0,0.0,0.0,41.0,0.0
F6JPT9bRoDJLXhQj,22.358333333333334,61,12,83.33333333333334,0.0,41.666666666666664,0.0,0.0,0.0,30.5,0.0
lmdl9GB3vPS8v6Sb,22.358333333333334,61,12,83.33333333333334,0.0,41.666666666666664,0.0,0.0,0.0,30.5,0.0
ourn8QsAJvGVBpQK,22.358333333333334,61,12,83.33333333333334,0.0,41.666666666666664,0.0,0.0,0.0,30.5,0.0
zl54SNMfCkgFs8kM,22.34467213114754,61,10,100.0,0.0,0.0,0.0,50.0,0.0,30.5,16.393442622950822
1JIyRk0e5EwTaPId,22.341666666666665,67,15,93.33333333333333,0.0,33.333333333333336,0.0,0.0,0.0,33.5,0.0
qxxJJ7ZqwbAhw3R9,22.3375,81,16,93.75,0.0,31.25,0.0,0.0,0.0,40.5,0.0
fCtxAqjtaaH0W2iw,22.3375,81,16,93.75,0.0,31.25,0.0,0.0,0.0,40.5,0.0
taRKyhVCdKLG8Cne,22.301282051282055,60,13,84.61538461538461,0.0,38.46153846153847,0.0,0.0,0.0,30.0,8.333333333333334
tFI91ZC9bcvdvYUc,22.2875,79,16,93.75,0.0,31.25,0.0,0.0,0.0,39.5,0.0
ZNIAY93G9oOih7ld,22.284615384615385,76,13,84.61538461538461,0.0,38.46153846153847,0.0,0.0,0.0,38.0,0.0
G8d6QxzjT2Bxyxas,22.2625,78,16,93.75,0.0,31.25,0.0,0.0,0.0,39.0,0.0
aO980ubOx3cZVuRC,22.259615384615387,75,13,84.61538461538461,0.0,38.46153846153847,0.0,0.0,0.0,37.5,0.0
vQKErCCBwyXuL5cE,22.258333333333336,57,12,83.33333333333334,0.0,41.666666666666664,0.0,0.0,0.0,28.5,0.0
hv7ntDpxZxQk8HZN,22.2125,76,16,93.75,0.0,31.25,0.0,0.0,0.0,38.0,0.0
71uVMT3MrDuQESBn,22.208333333333332,75,17,94.11764705882352,0.0,29.41176470588235,0.0,0.0,0.0,37.5,6.666666666666667
iUo1aWbtDRUIBIy0,22.2,88,14,85.71428571428571,0.0,35.714285714285715,0.0,0.0,0.0,44.0,0.0
yXqQdrf7jObOL3gh,22.18783783783784,74,14,85.71428571428571,0.0,35.714285714285715,0.0,0.0,0.0,37.0,6.756756756756757
7hlHU4tL0ZFgHwSK,22.1875,75,16,93.75,0.0,31.25,0.0,0.0,0.0,37.5,0.0
cSTqrOdK0b3T7EMO,22.184615384615388,72,13,84.61538461538461,0.0,38.46153846153847,0.0,0.0,0.0,36.0,0.0
Do9613kZhc4ERTHH,22.183333333333337,54,12,83.33333333333334,0.0,41.666666666666664,0.0,0.0,0.0,27.0,0.0
W8tTDPj2Gg6io6xy,22.1625,74,16,93.75,0.0,31.25,0.0,0.0,0.0,37.0,0.0
j6AcIyWMUHkkgaw5,22.159615384615385,71,13,84.61538461538461,0.0,38.46153846153847,0.0,0.0,0.0,35.5,0.0
8RljdKCx8vRbzgDX,22.158333333333335,53,12,83.33333333333334,0.0,41.666666666666664,0.0,0.0,0.0,26.5,0.0
8Sb22Q4tnHMGmVzs,22.15,86,17,94.11764705882352,0.0,29.41176470588235,0.0,0.0,0.0,43.0,0.0
L0rGKAmrdBOFMgEB,22.130952380952383,70,15,86.66666666666667,0.0,33.333333333333336,0.0,0.0,0.0,35.0,14.285714285714285
Kz5iJqbDZBRPQLZv,22.075,83,17,94.11764705882352,0.0,29.41176470588235,0.0,0.0,0.0,41.5,0.0
KlyPyxLP51eHqy6o,22.05,82,14,85.71428571428571,0.0,35.714285714285715,0.0,0.0,0.0,41.0,0.0
280Jo59JRJO9lTf9,22.034615384615385,66,13,84.61538461538461,0.0,38.46153846153847,0.0,0.0,0.0,33.0,0.0
h9U6A6a4NRnzxNYw,22.0125,68,16,93.75,0.0,31.25,0.0,0.0,0.0,34.0,0.0
GN5yRY49nn0EA5Vf,22.009615384615387,65,13,84.61538461538461,0.0,38.46153846153847,0.0,0.0,0.0,32.5,0.0
Lsheu7397XAncjLu,22.009615384615387,65,13,84.61538461538461,0.0,38.46153846153847,0.0,0.0,0.0,32.5,0.0
n0Wl8s2tHpqnY3G6,21.979166666666668,80,15,86.66666666666667,0.0,33.333333333333336,0.0,0.0,0.0,40.0,6.25
iFPHKbk2DBqxhmaR,21.973872679045094,58,13,76.92307692307693,0.0,38.46153846153847,0.0,0.0,0.0,29.0,25.862068965517242
o7ecVjFPbE66NcpS,21.9581223628692,79,15,86.66666666666667,0.0,33.333333333333336,0.0,0.0,0.0,39.5,6.329113924050633
T74IZPeQ36gvNsJ7,21.934615384615388,62,13,84.61538461538461,0.0,38.46153846153847,0.0,0.0,0.0,31.0,0.0
Nkho8hB08VJliyPd,21.916666666666668,60,14,85.71428571428571,0.0,35.714285714285715,0.0,0.0,0.0,30.0,8.333333333333334
X9iBG63d1hHjtkku,21.89166666666667,89,15,86.66666666666667,0.0,33.333333333333336,0.0,0.0,0.0,44.5,0.0
lxumDhqQ3FH9OuMy,21.87222222222222,86,18,94.44444444444444,0.0,27.777777777777775,0.0,0.0,0.0,43.0,0.0
PY2Ka6Dsi19zc5I6,21.85,74,14,85.71428571428571,0.0,35.714285714285715,0.0,0.0,0.0,37.0,0.0
g6gHjpmNHq0wrYzf,21.84166666666667,87,15,86.66666666666667,0.0,33.333333333333336,0.0,0.0,0.0,43.5,0.0
NWyuJVscjSKpDAqu,21.825,53,10,70.0,0.0,50.0,0.0,0.0,0.0,26.5,0.0
3evlRU96UPHFm1nK,21.825,73,14,85.71428571428571,0.0,35.714285714285715,0.0,0.0,0.0,36.5,0.0
IBcVBCmLJoTq5t7I,21.817857142857143,67,14,92.85714285714286,0.0,0.0,41.42857142857143,0.0,0.0,33.5,0.0
CMmUgt3PtqPMrZYZ,21.809615384615388,57,13,84.61538461538461,0.0,38.46153846153847,0.0,0.0,0.0,28.5,0.0
Ecq99AlkzRH1gDZf,21.8,72,14,85.71428571428571,0.0,35.714285714285715,0.0,0.0,0.0,36.0,0.0
C2rgepkuUE8ULE88,21.793779342723006,71,15,86.66666666666667,0.0,33.333333333333336,0.0,0.0,0.0,35.5,7.042253521126761
oXHyC6Ct3LBtKNdN,21.770803782505908,94,18,88.88888888888889,0.0,27.777777777777775,0.0,0.0,0.0,47.0,10.638297872340425
GziX2H4Kblm41m1d,21.76666666666667,84,15,86.66666666666667,0.0,33.333333333333336,0.0,0.0,0.0,42.0,0.0
B5KC2V5tJ1WS4yLF,21.75,70,14,85.71428571428571,0.0,35.714285714285715,0.0,0.0,0.0,35.0,0.0
7Ei4U1aODW1oJ3T2,21.75,60,12,100.0,0.0,0.0,35.0,0.0,0.0,30.0,0.0
jC3LYWViPYtzpjb5,21.75,70,14,85.71428571428571,0.0,35.714285714285715,0.0,0.0,0.0,35.0,0.0
yy6d68ZN7v17qERd,21.705555555555556,46,9,100.0,0.0,0.0,0.0,55.55555555555555,0.0,23.0,0.0
4BOXvhynMhDkEgXv,21.705555555555556,46,9,100.0,0.0,0.0,0.0,55.55555555555555,0.0,23.0,0.0
XYfcXwlDyNH8hSLH,21.7,68,14,85.71428571428571,0.0,35.714285714285715,0.0,0.0,0.0,34.0,0.0
ne1WJnLn03ovXjY5,21.675,92,16,87.5,0.0,31.25,0.0,0.0,0.0,46.0,0.0
ccPugT9HO1r1VqLI,21.666666666666668,80,15,86.66666666666667,0.0,33.333333333333336,0.0,0.0,0.0,40.0,0.0
Zwez3VcBbD6e3uKB,21.65,91,16,87.5,0.0,31.25,0.0,0.0,0.0,45.5,0.0
LE9SfjUUH2WXrDHf,21.64166666666667,79,15,86.66666666666667,0.0,33.333333333333336,0.0,0.0,0.0,39.5,0.0
l8CbSnyKQlrVRKXj,21.607142857142858,70,15,100.0,0.0,0.0,30.0,0.0,0.0,35.0,7.142857142857142
6gVBMZZe0au2ocjg,21.573958333333337,64,12,75.0,0.0,41.666666666666664,0.0,0.0,0.0,32.0,7.8125
bVoSB9e6pmkvteOO,21.566666666666666,76,15,86.66666666666667,0.0,33.333333333333336,0.0,0.0,0.0,38.0,0.0
fsGQONvf08WpRtoZ,21.538888888888884,106,18,88.88888888888889,0.0,27.777777777777775,0.0,0.0,0.0,53.0,0.0
qLAsM04P89Hwzbhl,21.51666666666667,74,15,86.66666666666667,0.0,33.333333333333336,0.0,0.0,0.0,37.0,0.0
0z7Z59DyN3LPlqkC,21.51153846153846,62,13,100.0,0.0,0.0,33.07692307692308,0.0,0.0,31.0,0.0
exmvmM2zho1BUFrW,21.479914529914527,78,18,88.88888888888889,0.0,27.777777777777775,0.0,0.0,0.0,39.0,12.82051282051282
XRaE6iPlMZaoqMZ8,21.475,84,16,87.5,0.0,31.25,0.0,0.0,0.0,42.0,0.0
WRoSDSc7WAiElI2g,21.475,59,14,85.71428571428571,0.0,35.714285714285715,0.0,0.0,0.0,29.5,0.0
iVqUZJW6l8R5vPfo,21.475,84,16,87.5,0.0,31.25,0.0,0.0,0.0,42.0,0.0
Np9cR4uy6Y8hyqIU,21.45,83,16,87.5,0.0,31.25,0.0,0.0,0.0,41.5,0.0
77uJzMj3zpuBbcyP,21.44551282051282,65,15,80.0,0.0,33.333333333333336,0.0,0.0,0.0,32.5,23.076923076923077
akPEDSz3Q9VMUFtN,21.425,77,15,100.0,0.0,0.0,30.0,0.0,0.0,38.5,0.0
BDbcMdaQq4pywOvf,21.39166666666667,69,15,86.66666666666667,0.0,33.333333333333336,0.0,0.0,0.0,34.5,0.0
6o0C4w7bAdzGxpyf,21.36764705882353,90,17,88.23529411764706,0.0,29.41176470588235,0.0,0.0,0.0,45.0,0.0
nkJAR26WhraTXiOs,21.364102564102566,52,12,75.0,0.0,41.666666666666664,0.0,0.0,0.0,26.0,9.615384615384617
uoCwWlwCUtZtRZ80,21.336147186147183,66,14,78.57142857142857,0.0,35.714285714285715,0.0,0.0,0.0,33.0,15.151515151515152
LVSjwPTLdYBSZFDh,21.240384615384617,65,13,76.92307692307693,0.0,38.46153846153847,0.0,0.0,0.0,32.5,7.6923076923076925
LiRXmqiAJmttftK7,21.2,73,16,87.5,0.0,31.25,0.0,0.0,0.0,36.5,0.0
UaG2IBt0aAVFxWA2,21.183333333333337,64,12,75.0,0.0,41.666666666666664,0.0,0.0,0.0,32.0,0.0
vevgJRysqU2Q96M3,21.138888888888886,90,18,88.88888888888889,0.0,27.777777777777775,0.0,0.0,0.0,45.0,0.0
WSlmnVErULWHMsg1,21.07598684210526,96,19,84.21052631578947,0.0,26.31578947368421,0.0,0.0,0.0,48.0,15.625
D6VOiydlgneQGSbB,21.033333333333335,58,12,75.0,0.0,41.666666666666664,0.0,0.0,0.0,29.0,0.0
29IotFQ5CVcwfaP0,21.025,41,6,100.0,0.0,0.0,0.0,0.0,100.0,20.5,0.0
PbN7AgFVWN7IgOCG,21.01666666666667,74,12,100.0,0.0,0.0,0.0,41.666666666666664,0.0,37.0,0.0
AoupA6Uur0eKxhGR,21.013888888888886,85,18,88.88888888888889,0.0,27.777777777777775,0.0,0.0,0.0,42.5,0.0
j3NPdohPclRG3CLu,20.991666666666667,73,12,100.0,0.0,0.0,0.0,41.666666666666664,0.0,36.5,0.0
xMoMBukg200oIoua,20.988636363636363,65,11,81.81818181818183,0.0,0.0,47.27272727272727,0.0,0.0,32.5,0.0
RdhJeV3xJKgmzIjL,20.983333333333334,56,12,75.0,0.0,41.666666666666664,0.0,0.0,0.0,28.0,0.0
6mUlAcXaOxTvZNxv,20.955769230769235,69,13,76.92307692307693,0.0,38.46153846153847,0.0,0.0,0.0,34.5,0.0
8fnCME3Eko1AMjYL,20.93235294117647,82,17,88.23529411764706,0.0,0.0,37.64705882352941,0.0,0.0,41.0,0.0
uKzDWM9cJLIXRrpB,20.930769230769233,68,13,76.92307692307693,0.0,38.46153846153847,0.0,0.0,0.0,34.0,0.0
4TYcHgCD04c4pHIz,20.928571428571427,80,14,78.57142857142857,0.0,35.714285714285715,0.0,0.0,0.0,40.0,0.0
6SWprz9vsCZiiAMS,20.912703756201275,83,17,82.35294117647058,0.0,29.41176470588235,0.0,0.0,0.0,41.5,12.048192771084338
N4zbOHsgUSwRJXv4,20.874941724941724,66,13,100.0,0.0,0.0,0.0,38.46153846153847,0.0,33.0,7.575757575757576
jiqx4LpoqZtfKzK6,20.871153846153845,81,13,100.0,0.0,0.0,0.0,38.46153846153847,0.0,40.5,0.0
XzaMRNbKDwFTHIZY,20.845454545454547,52,11,100.0,0.0,0.0,0.0,0.0,90.9090909090909,26.0,0.0
XpRMATDlCwZDGsr8,20.803571428571427,75,14,78.57142857142857,0.0,35.714285714285715,0.0,0.0,0.0,37.5,0.0
BdQlRbOM6mfoE6JI,20.753571428571426,73,14,78.57142857142857,0.0,35.714285714285715,0.0,0.0,0.0,36.5,0.0
i4detMeZh3HOXKsg,20.734313725490196,68,15,80.0,0.0,33.333333333333336,0.0,0.0,0.0,34.0,7.352941176470588
NhigzxYvJ8xWjmMG,20.6625,89,16,81.25,0.0,31.25,0.0,0.0,0.0,44.5,0.0
9E7C4vszxJAhEkJQ,20.65441176470588,85,17,82.35294117647058,0.0,29.41176470588235,0.0,0.0,0.0,42.5,5.88235294117647
o5CqFzDTDx4nDiA9,20.65357142857143,69,14,78.57142857142857,0.0,35.714285714285715,0.0,0.0,0.0,34.5,0.0
esXaLJlfkFclphJM,20.642283950617283,81,16,81.25,0.0,0.0,38.75,0.0,0.0,40.5,12.345679012345679
ysDMVtR1CoJAs2Bm,20.616666666666667,78,15,80.0,0.0,33.333333333333336,0.0,0.0,0.0,39.0,0.0
jyTYOjVyuxgfa8tC,20.6125,87,16,81.25,0.0,31.25,0.0,0.0,0.0,43.5,0.0
kNHxbkpQQbwO7Vb1,20.603571428571428,67,14,78.57142857142857,0.0,35.714285714285715,0.0,0.0,0.0,33.5,0.0
eEMNnCTYJgaPRPW6,20.603571428571428,67,14,78.57142857142857,0.0,35.714285714285715,0.0,0.0,0.0,33.5,0.0
6Q9xqqBd0In0I4xS,20.603571428571428,67,14,78.57142857142857,0.0,35.714285714285715,0.0,0.0,0.0,33.5,0.0
OuptI0Bsc2gd8tQ9,20.571153846153848,69,13,100.0,0.0,0.0,0.0,38.46153846153847,0.0,34.5,0.0
sawYdJwaQfTpRrEO,20.557070707070704,44,9,88.88888888888889,0.0,0.0,0.0,55.55555555555555,0.0,22.0,11.363636363636363
JTuyMHsDGMBgYSh2,20.53529411764706,92,17,82.35294117647058,0.0,29.41176470588235,0.0,0.0,0.0,46.0,0.0
peaK10AjWlEViVHS,20.51666666666667,74,15,80.0,0.0,33.333333333333336,0.0,0.0,0.0,37.0,0.0
TJPsDVZFBG8z7mql,20.51666666666667,74,15,80.0,0.0,33.333333333333336,0.0,0.0,0.0,37.0,0.0
nH8ObsARI7iEwACV,20.50580693815988,78,17,82.35294117647058,0.0,29.41176470588235,0.0,0.0,0.0,39.0,6.41025641025641
1NUV8e9YtVPQo2c3,20.503571428571426,63,14,78.57142857142857,0.0,35.714285714285715,0.0,0.0,0.0,31.5,0.0
3cAEKtKC5vYyE1U1,20.49365325077399,76,17,94.11764705882352,0.0,0.0,27.647058823529413,0.0,0.0,38.0,6.578947368421052
kNwKBAWbWsJVFpy6,20.46666666666667,72,15,80.0,0.0,33.333333333333336,0.0,0.0,0.0,36.0,0.0
mYSNrdDP8aeyQrQ2,20.4,81,16,93.75,0.0,0.0,28.75,0.0,0.0,40.5,0.0
ly9oRp3bIX6dY8V6,20.386538461538464,52,8,100.0,0.0,0.0,0.0,0.0,62.5,26.0,19.230769230769234
I7fDan256kRgfMka,20.366666666666667,68,15,80.0,0.0,33.333333333333336,0.0,0.0,0.0,34.0,0.0
vCaqnpSewqYgUady,20.33529411764706,84,17,82.35294117647058,0.0,29.41176470588235,0.0,0.0,0.0,42.0,0.0
Kq6naek2cqUEYeoD,20.32261295822677,69,17,82.35294117647058,0.0,29.41176470588235,0.0,0.0,0.0,34.5,7.246376811594203
vHHSSNgBQUpEwQRP,20.310294117647057,83,17,82.35294117647058,0.0,29.41176470588235,0.0,0.0,0.0,41.5,0.0
RFqJwRN2Kszre9Gm,20.291666666666668,65,15,80.0,0.0,33.333333333333336,0.0,0.0,0.0,32.5,0.0
gzpmWl4xo2Y84pTB,20.264906832298138,46,7,100.0,0.0,0.0,0.0,0.0,71.42857142857143,23.0,10.869565217391305
mrggexMX2vbpskIg,20.225,74,16,93.75,0.0,0.0,28.75,0.0,0.0,37.0,0.0
XRSdH1cm8ft5LV5K,20.2125,71,16,81.25,0.0,31.25,0.0,0.0,0.0,35.5,0.0
mR24Tr9zgLYXLtkY,20.08529411764706,74,17,82.35294117647058,0.0,29.41176470588235,0.0,0.0,0.0,37.0,0.0
Xeym5MC4Oxbx4C0V,20.063888888888886,47,9,88.88888888888889,0.0,0.0,0.0,55.55555555555555,0.0,23.5,0.0
uPeCDRHwi41XJOLl,20.005898876404494,89,14,92.85714285714286,0.0,0.0,0.0,35.714285714285715,0.0,44.5,5.617977528089887
xcbmmslo4qUlv2Jp,19.895614035087714,76,15,73.33333333333333,0.0,33.333333333333336,0.0,0.0,0.0,38.0,6.578947368421052
3duQasRWuMWyO2gN,19.771428571428572,48,7,100.0,0.0,0.0,0.0,0.0,71.42857142857143,24.0,0.0
fUVZgu51CqrTZNzQ,19.75681818181818,63,11,90.9090909090909,0.0,0.0,0.0,45.45454545454545,0.0,31.5,0.0
LAEuvXCLhZib1Mtv,19.683333333333334,54,12,66.66666666666666,0.0,41.666666666666664,0.0,0.0,0.0,27.0,0.0
KcVzW7uqdk4wNUN0,19.676923076923078,64,13,69.23076923076923,0.0,38.46153846153847,0.0,0.0,0.0,32.0,0.0
rXvkVgkwT397JBcB,19.671428571428574,44,7,100.0,0.0,0.0,0.0,0.0,71.42857142857143,22.0,0.0
UpD34LSJrrbSKEeU,19.607142857142858,70,14,71.42857142857143,0.0,35.714285714285715,0.0,0.0,0.0,35.0,0.0
vq3qKZ8XFNTUhl5C,19.557142857142857,68,14,71.42857142857143,0.0,35.714285714285715,0.0,0.0,0.0,34.0,0.0
d6XfPKoIVU27c66l,19.53333333333333,88,15,93.33333333333333,0.0,0.0,0.0,33.333333333333336,0.0,44.0,0.0
zIfY4PPeIb510QCR,19.4,76,16,75.0,0.0,31.25,0.0,0.0,0.0,38.0,0.0
f5cMjlBHvMlRBj5Q,19.35,74,16,75.0,0.0,31.25,0.0,0.0,0.0,37.0,0.0
7swjLY3My7twTDtr,19.35,49,8,100.0,0.0,0.0,0.0,0.0,62.5,24.5,0.0
jXENNwW0up5VdlrP,19.342307692307692,66,13,92.3076923076923,0.0,0.0,0.0,38.46153846153847,0.0,33.0,0.0
gKVCQDEsIBDxNx98,19.32777777777778,62,9,100.0,0.0,0.0,0.0,0.0,55.55555555555555,31.0,0.0
Bwm4qZqlcdsjfRGB,19.3,47,8,100.0,0.0,0.0,0.0,0.0,62.5,23.5,0.0
bnoPNHifsCJR1888,19.27777777777778,60,9,100.0,0.0,0.0,0.0,0.0,55.55555555555555,30.0,0.0
Lg2HfQPu6HKKSIHz,19.275,71,14,92.85714285714286,0.0,0.0,0.0,35.714285714285715,0.0,35.5,0.0
h14ckzi9DczzsJM5,19.125,65,10,100.0,0.0,0.0,0.0,0.0,50.0,32.5,0.0
WL4295AOCQhHHpKE,19.122727272727275,74,11,100.0,0.0,0.0,0.0,0.0,45.45454545454545,37.0,0.0
zQ2uFZs132mLAFEc,19.03021978021978,70,13,100.0,0.0,0.0,0.0,0.0,38.46153846153847,35.0,7.142857142857142
Ia2gBi4qUxWzxczd,19.010714285714286,89,14,100.0,0.0,0.0,0.0,0.0,35.714285714285715,44.5,0.0
69p7rZuelMHjMPVq,19.00277777777778,49,9,100.0,0.0,0.0,0.0,0.0,55.55555555555555,24.5,0.0
FOtNoBz2R7ouETXU,18.925,57,10,100.0,0.0,0.0,0.0,0.0,50.0,28.5,0.0
5BwizSJpTshv505v,18.90833333333333,73,12,100.0,0.0,0.0,0.0,0.0,41.666666666666664,36.5,0.0
t9DPbpsrZAOnolTs,18.88970588235294,85,17,70.58823529411765,0.0,29.41176470588235,0.0,0.0,0.0,42.5,5.88235294117647
laBNyxyNmlxQ6MAZ,18.872727272727275,64,11,100.0,0.0,0.0,0.0,0.0,45.45454545454545,32.0,0.0
MWTOykz0JnGqJGCA,18.822727272727274,62,11,100.0,0.0,0.0,0.0,0.0,45.45454545454545,31.0,0.0
LJ1X9U8YCkrZOuJf,18.822727272727274,62,11,100.0,0.0,0.0,0.0,0.0,45.45454545454545,31.0,0.0
Ah7PQ8QJULt7Tn5E,18.808333333333334,69,12,100.0,0.0,0.0,0.0,0.0,41.666666666666664,34.5,0.0
GWHz0OHVXA1ZvySQ,18.697727272727274,57,11,100.0,0.0,0.0,0.0,0.0,45.45454545454545,28.5,0.0
3bkcIaQT7gK912kM,18.683333333333334,64,12,100.0,0.0,0.0,0.0,0.0,41.666666666666664,32.0,0.0
qXaumRPVuACdVEGM,18.683333333333334,64,12,100.0,0.0,0.0,0.0,0.0,41.666666666666664,32.0,0.0
7YTsBM2uqHKNw7iN,18.666666666666664,80,15,66.66666666666666,0.0,33.333333333333336,0.0,0.0,0.0,40.0,0.0
cipXfrj8OMaY9a9Y,18.635714285714286,74,14,100.0,0.0,0.0,0.0,0.0,35.714285714285715,37.0,0.0
KQP0GMkA0juYByb9,18.4375,75,16,100.0,0.0,0.0,0.0,0.0,31.25,37.5,0.0
e9D87KLAlm5wyNL6,18.360714285714288,63,14,64.28571428571429,0.0,35.714285714285715,0.0,0.0,0.0,31.5,0.0
3YWtT2uTcrAfF4px,18.333333333333336,80,15,86.66666666666667,0.0,0.0,0.0,33.333333333333336,0.0,40.0,0.0
VudjpcG3KPL1Ryrz,18.333333333333332,50,12,100.0,0.0,0.0,0.0,0.0,41.666666666666664,25.0,0.0
JypGYYZSsSQd7yyA,18.325,83,16,87.5,0.0,0.0,0.0,31.25,0.0,41.5,0.0
OUq92PlJ8EF47pHm,18.26346153846154,69,13,84.61538461538461,0.0,0.0,0.0,38.46153846153847,0.0,34.5,0.0
JmWAisJCtGvzln0C,18.193181818181817,55,11,90.9090909090909,0.0,0.0,0.0,0.0,45.45454545454545,27.5,18.18181818181818
fswCOIGD9ZW6cSPC,18.17058823529412,68,9,100.0,0.0,0.0,0.0,0.0,0.0,34.0,29.41176470588235
3ijfGIpT0qOZRuS7,18.13846153846154,64,13,84.61538461538461,0.0,0.0,0.0,38.46153846153847,0.0,32.0,0.0
FFKBizRmG6YLy41w,17.899715909090908,64,11,90.9090909090909,0.0,0.0,0.0,0.0,45.45454545454545,32.0,7.8125
dNOQ7N6EQFbaIJAa,17.841666666666665,87,15,93.33333333333333,0.0,0.0,0.0,0.0,33.333333333333336,43.5,0.0
g1CakP8AQ3EhMKye,17.81918604651163,43,5,100.0,0.0,0.0,0.0,0.0,0.0,21.5,34.883720930232556
hYoADSs2yfBgB0au,17.770744680851063,47,7,100.0,0.0,0.0,0.0,0.0,0.0,23.5,31.914893617021274
H4klGVFJaF6mNdc6,17.770744680851063,47,8,100.0,0.0,0.0,0.0,0.0,0.0,23.5,31.914893617021274
uipEGmSNbqN96FwE,17.75561224489796,49,5,100.0,0.0,0.0,0.0,0.0,0.0,24.5,30.612244897959183
GjqXnDwNzHVzIRBl,17.74078947368421,57,10,100.0,0.0,0.0,0.0,0.0,0.0,28.5,26.31578947368421
5uF3MIflmG9DJ7Tb,17.691666666666663,81,15,93.33333333333333,0.0,0.0,0.0,0.0,33.333333333333336,40.5,0.0
92Yvo835PZ6a3XKx,17.685897435897434,60,13,92.3076923076923,0.0,0.0,0.0,0.0,38.46153846153847,30.0,8.333333333333334
ktvEjpdISrOIhb0c,17.619230769230768,74,13,92.3076923076923,0.0,0.0,0.0,0.0,38.46153846153847,37.0,0.0
auytbZ5KKx2e9lmO,17.60833333333333,71,12,91.66666666666666,0.0,0.0,0.0,0.0,41.666666666666664,35.5,0.0
IMu6t28EGFyW31SL,17.583333333333332,70,12,91.66666666666666,0.0,0.0,0.0,0.0,41.666666666666664,35.0,0.0
Qkew66HYhHK6FUaR,17.55909090909091,66,11,90.9090909090909,0.0,0.0,0.0,0.0,45.45454545454545,33.0,0.0
pLFKlwwY4hgyspz9,17.534090909090907,65,11,90.9090909090909,0.0,0.0,0.0,0.0,45.45454545454545,32.5,0.0
GB16JC5kV3ECqWp1,17.5,100,18,100.0,0.0,0.0,0.0,0.0,0.0,50.0,0.0
oLRXuIDPQmX0K7w5,17.489285714285714,71,14,92.85714285714286,0.0,0.0,0.0,0.0,35.714285714285715,35.5,0.0
eljuMcZ9LYSvyzWI,17.48333333333333,66,12,91.66666666666666,0.0,0.0,0.0,0.0,41.666666666666664,33.0,0.0
WKyEa8wtWy2591AI,17.475,99,15,100.0,0.0,0.0,0.0,0.0,0.0,49.5,0.0
nJRIommgPuYQ84Ug,17.43409090909091,61,11,90.9090909090909,0.0,0.0,0.0,0.0,45.45454545454545,30.5,0.0
90PHXq5Yks2nSVSh,17.433333333333334,64,12,91.66666666666666,0.0,0.0,0.0,0.0,41.666666666666664,32.0,0.0
uWQSLzoBpDQUZjPA,17.41923076923077,66,13,92.3076923076923,0.0,0.0,0.0,0.0,38.46153846153847,33.0,0.0
iyP13zd4RJ63A8LB,17.41111111111111,52,9,88.88888888888889,0.0,0.0,0.0,0.0,55.55555555555555,26.0,0.0
Szcz44vSpdVE6r5x,17.39761904761905,84,14,100.0,0.0,0.0,0.0,0.0,0.0,42.0,5.952380952380952
3flKM48wC7Y5a7Zr,17.389285714285716,67,14,92.85714285714286,0.0,0.0,0.0,0.0,35.714285714285715,33.5,0.0
gt9vOLbWeYhdCLFQ,17.389285714285716,67,14,92.85714285714286,0.0,0.0,0.0,0.0,35.714285714285715,33.5,0.0
MwFs6Wtw7Trb2BL8,17.375,55,10,90.0,0.0,0.0,0.0,0.0,50.0,27.5,0.0
SVluJ44eOV1581q1,17.35909090909091,58,11,90.9090909090909,0.0,0.0,0.0,0.0,45.45454545454545,29.0,0.0
moorrnE6QA1EQZn9,17.35833333333333,61,12,91.66666666666666,0.0,0.0,0.0,0.0,41.666666666666664,30.5,0.0
sbRLoaNNWNIBGMfM,17.35,44,8,87.5,0.0,0.0,0.0,0.0,62.5,22.0,0.0
VOBXTUIBGh34hetY,17.35,54,10,90.0,0.0,0.0,0.0,0.0,50.0,27.0,0.0
NedVWfKopxWmINli,17.34423076923077,63,13,92.3076923076923,0.0,0.0,0.0,0.0,38.46153846153847,31.5,0.0
jOkYRBMeyyMDHqJ3,17.30219298245614,57,11,100.0,0.0,0.0,0.0,0.0,0.0,28.5,17.543859649122805
zAUguBuQqx9jR7Ee,17.3,92,12,100.0,0.0,0.0,0.0,0.0,0.0,46.0,0.0
Od5TSJCaiEjI9l5c,17.291455696202533,79,16,100.0,0.0,0.0,0.0,0.0,0.0,39.5,6.329113924050633
4djkWNdRfrCQBFMC,17.275,91,14,100.0,0.0,0.0,0.0,0.0,0.0,45.5,0.0
vxS3klyteViqy95x,17.275,41,8,87.5,0.0,0.0,0.0,0.0,62.5,20.5,0.0
y5SvHcsBWrS8NIKY,17.27051282051282,78,14,100.0,0.0,0.0,0.0,0.0,0.0,39.0,6.41025641025641
SmPrS72Ia4Wc4jjQ,17.268396226415092,53,14,100.0,0.0,0.0,0.0,0.0,0.0,26.5,18.867924528301884
0w5KNUgXh5FmKcYz,17.25,40,7,100.0,0.0,0.0,0.0,0.0,0.0,20.0,25.0
y0fN5ASPOufNzzkE,17.236956521739128,46,7,100.0,0.0,0.0,0.0,0.0,0.0,23.0,21.73913043478261
NCMmv3Htnq5kmgqK,17.236363636363638,44,6,100.0,0.0,0.0,0.0,0.0,0.0,22.0,22.727272727272727
WoMRbyY6qYZKc9KU,17.23333333333333,56,12,91.66666666666666,0.0,0.0,0.0,0.0,41.666666666666664,28.0,0.0
Jz4fqVSNJsjxc2DN,17.22894736842105,76,14,100.0,0.0,0.0,0.0,0.0,0.0,38.0,6.578947368421052
FTDi9TG3HhSnDEcV,17.22894736842105,76,13,100.0,0.0,0.0,0.0,0.0,0.0,38.0,6.578947368421052
xgILw0jaiHsxXFAv,17.227777777777778,78,18,83.33333333333334,0.0,0.0,0.0,27.777777777777775,0.0,39.0,0.0
AEDnvMju3TuU3wzi,17.225,89,16,100.0,0.0,0.0,0.0,0.0,0.0,44.5,0.0
cBwSeId75e7EcsAl,17.2,88,15,100.0,0.0,0.0,0.0,0.0,0.0,44.0,0.0
jwPso64RyR4T05hF,17.18783783783784,74,10,100.0,0.0,0.0,0.0,0.0,0.0,37.0,6.756756756756757
dWaAi1OoeTjanGDx,17.175,87,11,100.0,0.0,0.0,0.0,0.0,0.0,43.5,0.0
5J5pKHkRykirtrFj,17.175,87,15,100.0,0.0,0.0,0.0,0.0,0.0,43.5,0.0
SUfGVwdgBo1evMXN,17.175,87,12,100.0,0.0,0.0,0.0,0.0,0.0,43.5,0.0
061vly0ox61zcjjM,17.12711267605634,71,16,100.0,0.0,0.0,0.0,0.0,0.0,35.5,7.042253521126761
iAmP4ZHpOZIYbyYT,17.125,85,15,100.0,0.0,0.0,0.0,0.0,0.0,42.5,0.0
tJXT2CnNAgaRiL3R,17.107142857142858,70,13,100.0,0.0,0.0,0.0,0.0,0.0,35.0,7.142857142857142
8gevk4ykUeJ85fvM,17.1,84,18,100.0,0.0,0.0,0.0,0.0,0.0,42.0,0.0
wFDxzNUskXMHtZea,17.087318840579712,69,13,100.0,0.0,0.0,0.0,0.0,0.0,34.5,7.246376811594203
MHvB4Riv5FwWmk86,17.075,83,13,100.0,0.0,0.0,0.0,0.0,0.0,41.5,0.0
j7uMdX7ON1QtFYKJ,17.075,83,13,100.0,0.0,0.0,0.0,0.0,0.0,41.5,0.0
jRDeu8Vng8lXnq5v,17.06764705882353,68,11,100.0,0.0,0.0,0.0,0.0,0.0,34.0,7.352941176470588
YxLyO8KpjvKgsbXG,17.06764705882353,68,11,100.0,0.0,0.0,0.0,0.0,0.0,34.0,7.352941176470588
nSdanAaCiipucjVP,17.064285714285717,54,14,92.85714285714286,0.0,0.0,0.0,0.0,35.714285714285715,27.0,0.0
xbxZLBlxD2eKD5yb,17.04813432835821,67,9,100.0,0.0,0.0,0.0,0.0,0.0,33.5,7.462686567164179
s8J7dnQVgBmzEHeD,17.028787878787877,66,14,100.0,0.0,0.0,0.0,0.0,0.0,33.0,7.575757575757576
Zk12mycgaFhjzgwP,17.028787878787877,66,11,100.0,0.0,0.0,0.0,0.0,0.0,33.0,7.575757575757576
VO4KBHOOIt6wEIoZ,17.025,81,9,100.0,0.0,0.0,0.0,0.0,0.0,40.5,0.0
SRrsPVIZrAm2elis,17.025,81,13,100.0,0.0,0.0,0.0,0.0,0.0,40.5,0.0
nUeUuYElF05SSK06,17.025,81,13,100.0,0.0,0.0,0.0,0.0,0.0,40.5,0.0
6Qx3gbs34PyoyGTg,17.025,81,12,100.0,0.0,0.0,0.0,0.0,0.0,40.5,0.0
vn0SLBYBKYvISplQ,17.0,80,12,100.0,0.0,0.0,0.0,0.0,0.0,40.0,0.0
9CsOlh5i9maNWqaD,17.0,80,12,100.0,0.0,0.0,0.0,0.0,0.0,40.0,0.0
705O7VrjXmgilbWN,17.0,80,13,100.0,0.0,0.0,0.0,0.0,0.0,40.0,0.0
msrIuXCQhrjkrha9,17.0,80,13,100.0,0.0,0.0,0.0,0.0,0.0,40.0,0.0
1VRzuhRKIiu19YnW,16.975,79,13,100.0,0.0,0.0,0.0,0.0,0.0,39.5,0.0
4s3offmR26jZyygg,16.971825396825395,63,12,100.0,0.0,0.0,0.0,0.0,0.0,31.5,7.936507936507936
b7A7jpiDUjoPEhCN,16.953225806451613,62,11,100.0,0.0,0.0,0.0,0.0,0.0,31.0,8.064516129032258
8rgKAkpPXok5BbVP,16.953225806451613,62,10,100.0,0.0,0.0,0.0,0.0,0.0,31.0,8.064516129032258
Kbh2SJ6piaxgfWke,16.95,78,14,100.0,0.0,0.0,0.0,0.0,0.0,39.0,0.0
LbW5OvygBwwAwdQp,16.95,78,10,100.0,0.0,0.0,0.0,0.0,0.0,39.0,0.0
CwfudMPmLHoY7Xrm,16.95,78,9,100.0,0.0,0.0,0.0,0.0,0.0,39.0,0.0
sLPTLQQfXbd2tP57,16.93483606557377,61,10,100.0,0.0,0.0,0.0,0.0,0.0,30.5,8.196721311475411
uVFW8jJ27QOZCdmj,16.925,77,12,100.0,0.0,0.0,0.0,0.0,0.0,38.5,0.0
uTHBjqhuciF31rVx,16.925,77,11,100.0,0.0,0.0,0.0,0.0,0.0,38.5,0.0
zdvagO2TBA2FVLMU,16.925,77,12,100.0,0.0,0.0,0.0,0.0,0.0,38.5,0.0
iEnCexRHzLJHXz3q,16.925,77,15,100.0,0.0,0.0,0.0,0.0,0.0,38.5,0.0
Mqjf9xk8KhaTHBX6,16.925,77,11,100.0,0.0,0.0,0.0,0.0,0.0,38.5,0.0
Pxv0ih2mCAXXap1Z,16.925,77,12,100.0,0.0,0.0,0.0,0.0,0.0,38.5,0.0
vuzXkBdzWcQ7Pj5K,16.925,77,14,100.0,0.0,0.0,0.0,0.0,0.0,38.5,0.0
lnlfVMq3RgBIbazh,16.925,77,15,100.0,0.0,0.0,0.0,0.0,0.0,38.5,0.0
2InsqdtKzZoNV9fT,16.925,77,14,100.0,0.0,0.0,0.0,0.0,0.0,38.5,0.0
2kNnsSVfQEilmkMF,16.925,77,14,100.0,0.0,0.0,0.0,0.0,0.0,38.5,0.0
wTJFDFh2U3jhwfn3,16.925,77,11,100.0,0.0,0.0,0.0,0.0,0.0,38.5,0.0
fb2nkyXzsPW9Pjht,16.925,77,13,100.0,0.0,0.0,0.0,0.0,0.0,38.5,0.0
ZNQNAyo5zvIc9Q4C,16.9,76,11,100.0,0.0,0.0,0.0,0.0,0.0,38.0,0.0
4BnNG9Zu4R8vOqWT,16.9,76,13,100.0,0.0,0.0,0.0,0.0,0.0,38.0,0.0
5NUBDy6QlSKgzS8c,16.9,76,9,100.0,0.0,0.0,0.0,0.0,0.0,38.0,0.0
xFHDluTxHSET9FEr,16.9,76,11,100.0,0.0,0.0,0.0,0.0,0.0,38.0,0.0
xXcaTMlqrMTOlH8C,16.898728813559323,59,10,100.0,0.0,0.0,0.0,0.0,0.0,29.5,8.474576271186441
7s4catKMg7vsDPIH,16.885828877005345,88,17,94.11764705882352,0.0,0.0,0.0,0.0,0.0,44.0,11.363636363636363
mjt21n9iMJnLwriU,16.875,75,12,100.0,0.0,0.0,0.0,0.0,0.0,37.5,0.0
vXrj3Zoragyoy8gY,16.875,75,15,100.0,0.0,0.0,0.0,0.0,0.0,37.5,0.0
sWbo2UvvpnId66Qp,16.875,75,14,100.0,0.0,0.0,0.0,0.0,0.0,37.5,0.0
BH8T470otO2f8tAX,16.875,75,13,100.0,0.0,0.0,0.0,0.0,0.0,37.5,0.0
FdwaNDvtwgaw4Ulz,16.875,75,11,100.0,0.0,0.0,0.0,0.0,0.0,37.5,0.0
BTbk77u5yXroUqQE,16.875,75,13,100.0,0.0,0.0,0.0,0.0,0.0,37.5,0.0
1OZHPQTQ5gyStCdM,16.875,75,15,100.0,0.0,0.0,0.0,0.0,0.0,37.5,0.0
4yLtUAW47U3fgOKX,16.875,75,11,100.0,0.0,0.0,0.0,0.0,0.0,37.5,0.0
oMFzVNYfwB8787EQ,16.875,75,15,100.0,0.0,0.0,0.0,0.0,0.0,37.5,0.0
qncg5yvO1wBZioGJ,16.86359649122807,57,9,100.0,0.0,0.0,0.0,0.0,0.0,28.5,8.771929824561402
dSgQLeE1M3kbjxjf,16.85,74,8,100.0,0.0,0.0,0.0,0.0,0.0,37.0,0.0
ZuBYlwpenQxxjXuh,16.85,74,12,100.0,0.0,0.0,0.0,0.0,0.0,37.0,0.0
yBmKwx5O0eCk4c9G,16.85,74,13,100.0,0.0,0.0,0.0,0.0,0.0,37.0,0.0
a8xYoGsr4Qqt15Y6,16.85,74,12,100.0,0.0,0.0,0.0,0.0,0.0,37.0,0.0
0aJY5MmeUQLNjuQ0,16.85,74,14,100.0,0.0,0.0,0.0,0.0,0.0,37.0,0.0
kBogTZiGhOKYz1WO,16.85,74,14,100.0,0.0,0.0,0.0,0.0,0.0,37.0,0.0
8iVnzNdozl0VJM1e,16.85,74,11,100.0,0.0,0.0,0.0,0.0,0.0,37.0,0.0
8UV0VUuaj5D7jF3u,16.85,74,11,100.0,0.0,0.0,0.0,0.0,0.0,37.0,0.0
ySXS1iixqMj7coAY,16.84642857142857,56,10,100.0,0.0,0.0,0.0,0.0,0.0,28.0,8.928571428571429
9hPjXosn6qrdT3DS,16.829545454545453,55,11,100.0,0.0,0.0,0.0,0.0,0.0,27.5,9.09090909090909
C94Hlq6Rw4vzLA8r,16.825,73,10,100.0,0.0,0.0,0.0,0.0,0.0,36.5,0.0
rFCo4ks86qMWg7oQ,16.825,73,13,100.0,0.0,0.0,0.0,0.0,0.0,36.5,0.0
oK00i7IpX6ARLQiM,16.825,73,13,100.0,0.0,0.0,0.0,0.0,0.0,36.5,0.0
g6x6qG6aMrcPrPEz,16.8,72,13,100.0,0.0,0.0,0.0,0.0,0.0,36.0,0.0
yeYA9q4TIhTXMPIT,16.8,72,14,100.0,0.0,0.0,0.0,0.0,0.0,36.0,0.0
1xbuBYyuJJVmZnNG,16.8,72,11,100.0,0.0,0.0,0.0,0.0,0.0,36.0,0.0
kDaQjm4lttflp2nB,16.8,72,13,100.0,0.0,0.0,0.0,0.0,0.0,36.0,0.0
gvPSeD5TFWpWqvsS,16.8,72,11,100.0,0.0,0.0,0.0,0.0,0.0,36.0,0.0
fUpjRJ2XxaEkwgEJ,16.8,72,11,100.0,0.0,0.0,0.0,0.0,0.0,36.0,0.0
7eGjxzMzeLif8jPT,16.8,72,10,100.0,0.0,0.0,0.0,0.0,0.0,36.0,0.0
M2tYuBGVbtrDmgqP,16.8,72,12,100.0,0.0,0.0,0.0,0.0,0.0,36.0,0.0
fnVHxtsWuCRDbjNL,16.8,72,11,100.0,0.0,0.0,0.0,0.0,0.0,36.0,0.0
bkGk7t4M9S8Hm8KW,16.8,72,14,100.0,0.0,0.0,0.0,0.0,0.0,36.0,0.0
CjqMSdmi9iprEFes,16.796698113207547,53,11,100.0,0.0,0.0,0.0,0.0,0.0,26.5,9.433962264150942
EHkQzt3GEhocddlv,16.796698113207547,53,10,100.0,0.0,0.0,0.0,0.0,0.0,26.5,9.433962264150942
Z6EiolVSRmaaEaJA,16.78076923076923,52,9,100.0,0.0,0.0,0.0,0.0,0.0,26.0,9.615384615384617
35qNjZwqOmtTv0cj,16.78076923076923,52,10,100.0,0.0,0.0,0.0,0.0,0.0,26.0,9.615384615384617
YbLF36erPdJAmpln,16.78076923076923,52,10,100.0,0.0,0.0,0.0,0.0,0.0,26.0,9.615384615384617
iU8taeqTJQtn7UNM,16.775,71,10,100.0,0.0,0.0,0.0,0.0,0.0,35.5,0.0
lKaiHjiSEWcdMZn3,16.775,71,11,100.0,0.0,0.0,0.0,0.0,0.0,35.5,0.0
hz044m8fJ2FmiHcE,16.775,71,13,100.0,0.0,0.0,0.0,0.0,0.0,35.5,0.0
dhReAHIbNUkU7uxc,16.775,71,12,100.0,0.0,0.0,0.0,0.0,0.0,35.5,0.0
WYOvdBMQEI5kdKLV,16.765196078431373,51,10,100.0,0.0,0.0,0.0,0.0,0.0,25.5,9.803921568627452
QUi3QTPXo3RN2M7o,16.75,50,9,100.0,0.0,0.0,0.0,0.0,0.0,25.0,10.0
OvbXV946cT5L2fSx,16.75,70,10,100.0,0.0,0.0,0.0,0.0,0.0,35.0,0.0
qopdPRJbdP1SoEcc,16.75,70,12,100.0,0.0,0.0,0.0,0.0,0.0,35.0,0.0
oWo8j93iGuuyWOQz,16.75,70,10,100.0,0.0,0.0,0.0,0.0,0.0,35.0,0.0
bGWsFbQTSAJecmLc,16.75,70,13,100.0,0.0,0.0,0.0,0.0,0.0,35.0,0.0
dw9ge8uTEMsjpH8F,16.75,70,12,100.0,0.0,0.0,0.0,0.0,0.0,35.0,0.0
sNNyCkSCTzmnKAGb,16.75,50,10,100.0,0.0,0.0,0.0,0.0,0.0,25.0,10.0
ngbzEjrvmbFzkt19,16.75,70,10,100.0,0.0,0.0,0.0,0.0,0.0,35.0,0.0
5EYrJvKYvSm5i9uY,16.75,70,14,100.0,0.0,0.0,0.0,0.0,0.0,35.0,0.0
PUdqLhSHFl5Cs2kc,16.75,70,11,100.0,0.0,0.0,0.0,0.0,0.0,35.0,0.0
pYau2kXrG0bGG5dz,16.75,70,11,100.0,0.0,0.0,0.0,0.0,0.0,35.0,0.0
M9PQGXznlhcyZgV7,16.75,70,12,100.0,0.0,0.0,0.0,0.0,0.0,35.0,0.0
nV9uf9nuPBUmRTso,16.735204081632656,49,7,100.0,0.0,0.0,0.0,0.0,0.0,24.5,10.204081632653061
I8qUb66NZYXfekjv,16.725,69,11,100.0,0.0,0.0,0.0,0.0,0.0,34.5,0.0
VtAbbsulTf3i7HMM,16.725,69,8,100.0,0.0,0.0,0.0,0.0,0.0,34.5,0.0
yakxcIlR15AgfWkn,16.725,69,12,100.0,0.0,0.0,0.0,0.0,0.0,34.5,0.0
XqfD3c0ys8Oykw8W,16.725,69,12,100.0,0.0,0.0,0.0,0.0,0.0,34.5,0.0
p6dG2MI4epIJfvHI,16.725,69,10,100.0,0.0,0.0,0.0,0.0,0.0,34.5,0.0
H857L596Lv4Ck1MI,16.725,69,10,100.0,0.0,0.0,0.0,0.0,0.0,34.5,0.0
dp8j5O7gsxdwD6y4,16.725,69,10,100.0,0.0,0.0,0.0,0.0,0.0,34.5,0.0
4qNiElGdNamh3CJ3,16.72083333333333,48,12,100.0,0.0,0.0,0.0,0.0,0.0,24.0,10.416666666666666
0XlNQGqkURv7DMLe,16.71666666666667,82,15,86.66666666666667,0.0,0.0,0.0,0.0,33.333333333333336,41.0,0.0
OgAZKYjCwNkFtA7d,16.70691489361702,47,9,100.0,0.0,0.0,0.0,0.0,0.0,23.5,10.638297872340425
Um15UG3VeAFtTUiS,16.70691489361702,47,6,100.0,0.0,0.0,0.0,0.0,0.0,23.5,10.638297872340425
Hm3L8CPAOjdUxoOr,16.7,68,12,100.0,0.0,0.0,0.0,0.0,0.0,34.0,0.0
azPlROYpxdSr4bQ5,16.7,68,8,100.0,0.0,0.0,0.0,0.0,0.0,34.0,0.0
bKBlwI3HRwCBTBMq,16.7,68,9,100.0,0.0,0.0,0.0,0.0,0.0,34.0,0.0
7K7gvzkqfRR6ulIW,16.7,68,12,100.0,0.0,0.0,0.0,0.0,0.0,34.0,0.0
XhZYGhcnbZ6VYAJo,16.7,68,7,100.0,0.0,0.0,0.0,0.0,0.0,34.0,0.0
7S9DADWQidhMXVRf,16.7,68,13,100.0,0.0,0.0,0.0,0.0,0.0,34.0,0.0
yhoWBp0GQuiDFIKw,16.7,68,9,100.0,0.0,0.0,0.0,0.0,0.0,34.0,0.0
3YaxWayIjfQ1kloO,16.7,68,10,100.0,0.0,0.0,0.0,0.0,0.0,34.0,0.0
jlLJjhbNXmxOWjt5,16.695238095238093,84,15,93.33333333333333,0.0,0.0,0.0,0.0,0.0,42.0,11.904761904761903
KWroX7LP6rrZgdYT,16.693478260869565,46,8,100.0,0.0,0.0,0.0,0.0,0.0,23.0,10.869565217391305
gKgjPAdqSUIwVHKA,16.680555555555557,45,8,100.0,0.0,0.0,0.0,0.0,0.0,22.5,11.11111111111111
98xFqctb8XxkVQSF,16.680555555555557,45,6,100.0,0.0,0.0,0.0,0.0,0.0,22.5,11.11111111111111
nDdGD05I2kgfAd1k,16.675,67,10,100.0,0.0,0.0,0.0,0.0,0.0,33.5,0.0
C3zJah0kAMBkv9c2,16.675,67,12,100.0,0.0,0.0,0.0,0.0,0.0,33.5,0.0
QQQbOZQOqg2757I8,16.675,67,12,100.0,0.0,0.0,0.0,0.0,0.0,33.5,0.0
drcLwoThq5YfYLBh,16.675,67,10,100.0,0.0,0.0,0.0,0.0,0.0,33.5,0.0
k2lhljsl9WZCB94E,16.675,67,11,100.0,0.0,0.0,0.0,0.0,0.0,33.5,0.0
o4tac263SYOVgGeT,16.675,67,14,100.0,0.0,0.0,0.0,0.0,0.0,33.5,0.0
KvjcxyecdA9FK8Ka,16.675,67,11,100.0,0.0,0.0,0.0,0.0,0.0,33.5,0.0
GNSWseeItON6g9oP,16.675,67,10,100.0,0.0,0.0,0.0,0.0,0.0,33.5,0.0
3IVyZNKLBLHGXj44,16.675,67,12,100.0,0.0,0.0,0.0,0.0,0.0,33.5,0.0
wBcF5JPplFsR5ZSJ,16.675,67,13,100.0,0.0,0.0,0.0,0.0,0.0,33.5,0.0
OupQzUicx5r0tMmX,16.668181818181818,44,5,100.0,0.0,0.0,0.0,0.0,0.0,22.0,11.363636363636363
QBptvWq3587sVotT,16.65,66,10,100.0,0.0,0.0,0.0,0.0,0.0,33.0,0.0
cTdWXv6pEIWZSM2n,16.65,66,12,100.0,0.0,0.0,0.0,0.0,0.0,33.0,0.0
q2vcbApwuSoEmcLV,16.65,66,11,100.0,0.0,0.0,0.0,0.0,0.0,33.0,0.0
L27rgpkg9a5WKCid,16.65,66,10,100.0,0.0,0.0,0.0,0.0,0.0,33.0,0.0
KUO2FYpwiUx9Nw05,16.65,66,10,100.0,0.0,0.0,0.0,0.0,0.0,33.0,0.0
lyh70sdQ9qPILmpY,16.65,66,11,100.0,0.0,0.0,0.0,0.0,0.0,33.0,0.0
KAoQXDog96R5bbIP,16.65,66,12,100.0,0.0,0.0,0.0,0.0,0.0,33.0,0.0
lhValpJXC0k72H91,16.634756097560974,41,8,100.0,0.0,0.0,0.0,0.0,0.0,20.5,12.195121951219512
v9BJ57z06xkt8cyj,16.625,65,9,100.0,0.0,0.0,0.0,0.0,0.0,32.5,0.0
itnTDnze5v7SYYHF,16.625,65,12,100.0,0.0,0.0,0.0,0.0,0.0,32.5,0.0
bVVhhKpYLfap92Ii,16.625,65,12,100.0,0.0,0.0,0.0,0.0,0.0,32.5,0.0
3kHzHgflUnObnHGv,16.625,65,12,100.0,0.0,0.0,0.0,0.0,0.0,32.5,0.0
gASAKtAb4i9Oek69,16.625,65,10,100.0,0.0,0.0,0.0,0.0,0.0,32.5,0.0
k0DWB7p2ol2J4n43,16.625,65,12,100.0,0.0,0.0,0.0,0.0,0.0,32.5,0.0
9wh2Tp11XvIV5Di2,16.625,65,11,100.0,0.0,0.0,0.0,0.0,0.0,32.5,0.0
7BZjlemlbtSecskN,16.625,65,12,100.0,0.0,0.0,0.0,0.0,0.0,32.5,0.0
kR1wiT2ugzhGuFxN,16.625,65,11,100.0,0.0,0.0,0.0,0.0,0.0,32.5,0.0
PEDuA2X7UMMTNVaB,16.61602564102564,39,8,100.0,0.0,0.0,0.0,0.0,0.0,19.5,12.82051282051282
h8AgBbJSGhXNE1ji,16.6,64,8,100.0,0.0,0.0,0.0,0.0,0.0,32.0,0.0
ZMDkoUybjsYsBWV1,16.6,64,11,100.0,0.0,0.0,0.0,0.0,0.0,32.0,0.0
x6eyEUxWZTJySszT,16.6,64,12,100.0,0.0,0.0,0.0,0.0,0.0,32.0,0.0
VqlG0AQAMdzlufuF,16.6,64,10,100.0,0.0,0.0,0.0,0.0,0.0,32.0,0.0
EQUdngFutoHbXl4C,16.6,64,10,100.0,0.0,0.0,0.0,0.0,0.0,32.0,0.0
xXrBXDDjcweCgbDn,16.6,64,12,100.0,0.0,0.0,0.0,0.0,0.0,32.0,0.0
iZDQHJMu8W5CN0U5,16.5875,101,16,93.75,0.0,0.0,0.0,0.0,0.0,50.5,0.0
0sh6VmDlDEQ5yHxE,16.575,63,11,100.0,0.0,0.0,0.0,0.0,0.0,31.5,0.0
LtK0F9624Q5liVd8,16.575,63,12,100.0,0.0,0.0,0.0,0.0,0.0,31.5,0.0
MkcRThMSNfI1U0SO,16.575,63,9,100.0,0.0,0.0,0.0,0.0,0.0,31.5,0.0
NqkzLskbnTSLIR9Q,16.575,63,11,100.0,0.0,0.0,0.0,0.0,0.0,31.5,0.0
w4Aq5A2DiR4yWozJ,16.575,63,10,100.0,0.0,0.0,0.0,0.0,0.0,31.5,0.0
syVe0NKvUpKrA4YF,16.575,63,12,100.0,0.0,0.0,0.0,0.0,0.0,31.5,0.0
1HuW8bQ2bDjHGQL9,16.575,63,9,100.0,0.0,0.0,0.0,0.0,0.0,31.5,0.0
zpB1axciUH4PfPOB,16.575,63,11,100.0,0.0,0.0,0.0,0.0,0.0,31.5,0.0
6RfxfZH75ZWfDIGj,16.55,62,8,100.0,0.0,0.0,0.0,0.0,0.0,31.0,0.0
K1fvJx6TQtPk0ool,16.55,62,10,100.0,0.0,0.0,0.0,0.0,0.0,31.0,0.0
DhMVyAAB8eaiuVz6,16.55,62,11,100.0,0.0,0.0,0.0,0.0,0.0,31.0,0.0
7sajZ21mmHA6IBbG,16.55,62,10,100.0,0.0,0.0,0.0,0.0,0.0,31.0,0.0
mNop846dXWAvpmx4,16.55,62,11,100.0,0.0,0.0,0.0,0.0,0.0,31.0,0.0
xUJyTNWrkDA1Es7H,16.55,62,10,100.0,0.0,0.0,0.0,0.0,0.0,31.0,0.0
nxyNrHatu6cDnwWX,16.55,62,8,100.0,0.0,0.0,0.0,0.0,0.0,31.0,0.0
Fwg9lqEBraadyHCv,16.55,62,11,100.0,0.0,0.0,0.0,0.0,0.0,31.0,0.0
bKUPLyT0lhJ5mAyC,16.55,62,12,100.0,0.0,0.0,0.0,0.0,0.0,31.0,0.0
WivHrN13bDm2tjco,16.55,62,12,100.0,0.0,0.0,0.0,0.0,0.0,31.0,0.0
qAEKZsb6Wo0XBU2B,16.55,62,11,100.0,0.0,0.0,0.0,0.0,0.0,31.0,0.0
ua3sMSZQnj0AX3Bs,16.55,62,11,100.0,0.0,0.0,0.0,0.0,0.0,31.0,0.0
lUhwVOKwIsPf6OFr,16.55,62,10,100.0,0.0,0.0,0.0,0.0,0.0,31.0,0.0
HvLmggaMTeLY1m5K,16.54285714285714,76,14,85.71428571428571,0.0,0.0,0.0,0.0,35.714285714285715,38.0,0.0
BjpHAKRYlklfN3yN,16.535526315789472,93,19,94.73684210526315,0.0,0.0,0.0,0.0,0.0,46.5,0.0
oQjNYvRMswl7o2fu,16.525,61,10,100.0,0.0,0.0,0.0,0.0,0.0,30.5,0.0
AMQB9QlyeAJq0wvk,16.525,61,8,100.0,0.0,0.0,0.0,0.0,0.0,30.5,0.0
9mx4CCCsfQtLcxEf,16.525,61,13,100.0,0.0,0.0,0.0,0.0,0.0,30.5,0.0
3T8vpteNv3WiYWGW,16.525,61,10,100.0,0.0,0.0,0.0,0.0,0.0,30.5,0.0
fc6OFtNhQyhYKskp,16.525,61,9,100.0,0.0,0.0,0.0,0.0,0.0,30.5,0.0
E2GxFys3BmMepJY9,16.525,61,12,100.0,0.0,0.0,0.0,0.0,0.0,30.5,0.0
ALAqbhdftzbf4NRm,16.525,61,8,100.0,0.0,0.0,0.0,0.0,0.0,30.5,0.0
yeUdyvADpoCWrxC5,16.525,61,9,100.0,0.0,0.0,0.0,0.0,0.0,30.5,0.0
tanz0KqG2QfQhlPA,16.525,61,12,100.0,0.0,0.0,0.0,0.0,0.0,30.5,0.0
z8z0LWPaEPGW8j3z,16.515384615384615,76,13,84.61538461538461,0.0,0.0,0.0,0.0,38.46153846153847,38.0,0.0
rMNmYemAFwO4Fk31,16.50450819672131,61,12,91.66666666666666,0.0,0.0,0.0,0.0,0.0,30.5,24.59016393442623
6jAabGcizwJKTnQq,16.5,60,12,100.0,0.0,0.0,0.0,0.0,0.0,30.0,0.0
XB8v1iKQMbvT5oyZ,16.5,60,11,100.0,0.0,0.0,0.0,0.0,0.0,30.0,0.0
3wPbWUgzZFBES3gG,16.5,60,8,100.0,0.0,0.0,0.0,0.0,0.0,30.0,0.0
VuSbNCLXnqR4r3ie,16.5,60,9,100.0,0.0,0.0,0.0,0.0,0.0,30.0,0.0
dftQVyYbufLbJXvr,16.5,60,12,100.0,0.0,0.0,0.0,0.0,0.0,30.0,0.0
q3Oft3cwVOIdyOEb,16.5,60,8,100.0,0.0,0.0,0.0,0.0,0.0,30.0,0.0
BbGqHhGYPCzkaLN7,16.475,59,12,100.0,0.0,0.0,0.0,0.0,0.0,29.5,0.0
9T8MhQPkE7dyvMor,16.475,59,10,100.0,0.0,0.0,0.0,0.0,0.0,29.5,0.0
beAivJwhwcRiSSOa,16.475,59,9,100.0,0.0,0.0,0.0,0.0,0.0,29.5,0.0
y9ettYz4ylFBnUna,16.475,59,9,100.0,0.0,0.0,0.0,0.0,0.0,29.5,0.0
JLmKe90iL983w3zw,16.475,59,10,100.0,0.0,0.0,0.0,0.0,0.0,29.5,0.0
QRfP8SEpVyMaDVGL,16.475,59,9,100.0,0.0,0.0,0.0,0.0,0.0,29.5,0.0
ec6qdyV7RjLgfICk,16.475,59,10,100.0,0.0,0.0,0.0,0.0,0.0,29.5,0.0
NsgJafSyRKOw6NNh,16.475,59,10,100.0,0.0,0.0,0.0,0.0,0.0,29.5,0.0
gXd9E6aDhBprJx3Y,16.475,59,8,100.0,0.0,0.0,0.0,0.0,0.0,29.5,0.0
48Ju6NoPeO0D6StP,16.466666666666665,92,18,94.44444444444444,0.0,0.0,0.0,0.0,0.0,46.0,0.0
7rzBetUtECB7fGPW,16.45,58,10,100.0,0.0,0.0,0.0,0.0,0.0,29.0,0.0
6SVyPySNfbd5W412,16.45,58,8,100.0,0.0,0.0,0.0,0.0,0.0,29.0,0.0
gQKyaXjubNUTQjFb,16.45,58,10,100.0,0.0,0.0,0.0,0.0,0.0,29.0,0.0
MCanhcJdHnqJUaNI,16.45,58,8,100.0,0.0,0.0,0.0,0.0,0.0,29.0,0.0
39cqDb2KVfedVp0t,16.45,58,13,100.0,0.0,0.0,0.0,0.0,0.0,29.0,0.0
MzHQVvX9NcPLBSQt,16.45,58,11,100.0,0.0,0.0,0.0,0.0,0.0,29.0,0.0
9WnZHqY88T78Cgvz,16.45,58,11,100.0,0.0,0.0,0.0,0.0,0.0,29.0,0.0
z0pfDCZKCf2FCuhF,16.438704819277106,83,16,93.75,0.0,0.0,0.0,0.0,0.0,41.5,6.024096385542169
963XlsHLeavPxEKK,16.425,57,11,100.0,0.0,0.0,0.0,0.0,0.0,28.5,0.0
otCiJpLw4f9VAEnO,16.425,57,11,100.0,0.0,0.0,0.0,0.0,0.0,28.5,0.0
OB07He591st3fB5O,16.425,57,9,100.0,0.0,0.0,0.0,0.0,0.0,28.5,0.0
nwVG0ld1hzYm1cfW,16.425,57,12,100.0,0.0,0.0,0.0,0.0,0.0,28.5,0.0
DnNQujp3jIx9xwJb,16.425,57,7,100.0,0.0,0.0,0.0,0.0,0.0,28.5,0.0
TLbq3fOGULGvBz9S,16.425,57,10,100.0,0.0,0.0,0.0,0.0,0.0,28.5,0.0
wmYBFpx4RYwTHMAc,16.425,57,7,100.0,0.0,0.0,0.0,0.0,0.0,28.5,0.0
tnojrMXUYhPmwFDK,16.423015873015874,72,14,92.85714285714286,0.0,0.0,0.0,0.0,0.0,36.0,13.888888888888888
kaACSMEscosTsS3D,16.4125,94,16,93.75,0.0,0.0,0.0,0.0,0.0,47.0,0.0
qNyOLpOwEHQ9l4t1,16.408333333333335,73,12,83.33333333333334,0.0,0.0,0.0,0.0,41.666666666666664,36.5,0.0
KCqrk0do3UzdEI6X,16.4,56,9,100.0,0.0,0.0,0.0,0.0,0.0,28.0,0.0
KV7WbJTGDxYrGaj3,16.4,56,12,100.0,0.0,0.0,0.0,0.0,0.0,28.0,0.0
bPsisEL3A9dObUdK,16.4,56,8,100.0,0.0,0.0,0.0,0.0,0.0,28.0,0.0
eQYfd8CWpwhiJMAl,16.4,56,8,100.0,0.0,0.0,0.0,0.0,0.0,28.0,0.0
qZkZtKxZAlK0hE6Q,16.4,56,9,100.0,0.0,0.0,0.0,0.0,0.0,28.0,0.0
2mWELvGkL6gvI98O,16.4,56,11,100.0,0.0,0.0,0.0,0.0,0.0,28.0,0.0
J38BJHO9CIzbRlco,16.4,56,8,100.0,0.0,0.0,0.0,0.0,0.0,28.0,0.0
6qyKnXSTwhb4kVft,16.4,56,11,100.0,0.0,0.0,0.0,0.0,0.0,28.0,0.0
AvDjGKYDjkyRKnsG,16.4,56,11,100.0,0.0,0.0,0.0,0.0,0.0,28.0,0.0
uBxQjLV72cV5ZyOd,16.390384615384615,71,13,84.61538461538461,0.0,0.0,0.0,0.0,38.46153846153847,35.5,0.0
eHrCUjyzGdz8nV4M,16.386363636363633,60,11,90.9090909090909,0.0,0.0,0.0,0.0,0.0,30.0,25.0
LiFHJsXrFONcLJyZ,16.375,55,10,100.0,0.0,0.0,0.0,0.0,0.0,27.5,0.0
wv2LBCroooQQHtQK,16.375,55,7,100.0,0.0,0.0,0.0,0.0,0.0,27.5,0.0
ttjajkZqSJjqII1z,16.375,55,8,100.0,0.0,0.0,0.0,0.0,0.0,27.5,0.0
wuI2FdZL99rOSdrj,16.375,55,11,100.0,0.0,0.0,0.0,0.0,0.0,27.5,0.0
WWAUg2dUnMjF1GHG,16.375,55,10,100.0,0.0,0.0,0.0,0.0,0.0,27.5,0.0
XaDB8eucsjduMJQy,16.375,55,10,100.0,0.0,0.0,0.0,0.0,0.0,27.5,0.0
eLf2p0U4w5bwTVoU,16.375,55,7,100.0,0.0,0.0,0.0,0.0,0.0,27.5,0.0
H19wBvWYnpXETEEY,16.375,55,10,100.0,0.0,0.0,0.0,0.0,0.0,27.5,0.0
xAaKVrYdZ5yDgsQ0,16.375,55,7,100.0,0.0,0.0,0.0,0.0,0.0,27.5,0.0
EHyu9lD6IvIwRX3U,16.366666666666667,88,18,94.44444444444444,0.0,0.0,0.0,0.0,0.0,44.0,0.0
5KaPaEpFLsNLN2Y8,16.35,54,10,100.0,0.0,0.0,0.0,0.0,0.0,27.0,0.0
JmDPCOtpw6rVd9S2,16.35,54,11,100.0,0.0,0.0,0.0,0.0,0.0,27.0,0.0
UP0tYruDR5PQq3Zt,16.35,54,12,100.0,0.0,0.0,0.0,0.0,0.0,27.0,0.0
R6Fry5gVhVpU1KMW,16.35,54,8,100.0,0.0,0.0,0.0,0.0,0.0,27.0,0.0
quX3RgfyaJK52w9H,16.35,54,9,100.0,0.0,0.0,0.0,0.0,0.0,27.0,0.0
pCLLIEaHb3ZS2vpG,16.35,54,10,100.0,0.0,0.0,0.0,0.0,0.0,27.0,0.0
xS55xsBVei0QZdoW,16.35,54,10,100.0,0.0,0.0,0.0,0.0,0.0,27.0,0.0
ygBzqLDabRIssYVv,16.35,54,7,100.0,0.0,0.0,0.0,0.0,0.0,27.0,0.0
w41jGxUP98J3NGzG,16.35,54,8,100.0,0.0,0.0,0.0,0.0,0.0,27.0,0.0
XnmyTHMXyda6GmrD,16.35,54,9,100.0,0.0,0.0,0.0,0.0,0.0,27.0,0.0
OEK432MiDgO67vSz,16.35,54,10,100.0,0.0,0.0,0.0,0.0,0.0,27.0,0.0
JvQhAw3Q8WB36Ud9,16.3375,91,16,93.75,0.0,0.0,0.0,0.0,0.0,45.5,0.0
XYRMCyIhVR5yX6a1,16.325,53,10,100.0,0.0,0.0,0.0,0.0,0.0,26.5,0.0
NJuFVII4CYk5J7jd,16.325,53,13,100.0,0.0,0.0,0.0,0.0,0.0,26.5,0.0
6hylUeJPmRpWR0oL,16.325,53,11,100.0,0.0,0.0,0.0,0.0,0.0,26.5,0.0
qREY4lfqBfDlFvId,16.325,53,9,100.0,0.0,0.0,0.0,0.0,0.0,26.5,0.0
SqEFJ5IqaCaZSSMr,16.325,53,12,100.0,0.0,0.0,0.0,0.0,0.0,26.5,0.0
AuEDDX3dBfj5NGGM,16.325,53,12,100.0,0.0,0.0,0.0,0.0,0.0,26.5,0.0
wVI1b4FQlb1dJOQb,16.325,53,11,100.0,0.0,0.0,0.0,0.0,0.0,26.5,0.0
Lc67u18NryL7TMHW,16.325,53,9,100.0,0.0,0.0,0.0,0.0,0.0,26.5,0.0
XXVo8pxx2HGwD29j,16.325,53,9,100.0,0.0,0.0,0.0,0.0,0.0,26.5,0.0
tNUzHGfrrLNcGdn9,16.325,53,9,100.0,0.0,0.0,0.0,0.0,0.0,26.5,0.0
CSjP6sAfQduefc71,16.325,53,9,100.0,0.0,0.0,0.0,0.0,0.0,26.5,0.0
Y3d8Lu1ROCbYLmqb,16.3,52,10,100.0,0.0,0.0,0.0,0.0,0.0,26.0,0.0
97V447T3ePCnrtDL,16.3,52,8,100.0,0.0,0.0,0.0,0.0,0.0,26.0,0.0
s4ZRrORurv2KwRAY,16.3,52,7,100.0,0.0,0.0,0.0,0.0,0.0,26.0,0.0
vvvTOryw6qlVzGpy,16.3,52,11,100.0,0.0,0.0,0.0,0.0,0.0,26.0,0.0
ogDvw4kKCEzchqwG,16.3,52,8,100.0,0.0,0.0,0.0,0.0,0.0,26.0,0.0
tn2bZWzv4IXFss4S,16.3,52,8,100.0,0.0,0.0,0.0,0.0,0.0,26.0,0.0
zBqPlEpI7TBOM2z1,16.3,52,10,100.0,0.0,0.0,0.0,0.0,0.0,26.0,0.0
OW8LN9cCzfLhWOGh,16.3,52,7,100.0,0.0,0.0,0.0,0.0,0.0,26.0,0.0
bcqSpAqCxHtAA5Zr,16.3,52,10,100.0,0.0,0.0,0.0,0.0,0.0,26.0,0.0
BaYTvwbHPbPcv16d,16.3,52,9,100.0,0.0,0.0,0.0,0.0,0.0,26.0,0.0
Xhf29bJraRpNbVKl,16.3,52,7,100.0,0.0,0.0,0.0,0.0,0.0,26.0,0.0
j9o9HyZLE6rRiSgP,16.3,52,11,100.0,0.0,0.0,0.0,0.0,0.0,26.0,0.0
P2QVXduX4SWC2b9m,16.3,52,7,100.0,0.0,0.0,0.0,0.0,0.0,26.0,0.0
GmLW0M416cgx4aXQ,16.275,51,9,100.0,0.0,0.0,0.0,0.0,0.0,25.5,0.0
ncdjV2fbQjVZ8D8n,16.275,51,10,100.0,0.0,0.0,0.0,0.0,0.0,25.5,0.0
amRVEa1WVL1bCcZp,16.275,51,10,100.0,0.0,0.0,0.0,0.0,0.0,25.5,0.0
0lk8Uns6GCrKnMeB,16.275,51,7,100.0,0.0,0.0,0.0,0.0,0.0,25.5,0.0
avXiOqkVCJTBJahe,16.275,51,9,100.0,0.0,0.0,0.0,0.0,0.0,25.5,0.0
SLtjPnq75cnVCarm,16.275,51,11,100.0,0.0,0.0,0.0,0.0,0.0,25.5,0.0
FAEf3t1KKRIBpjJL,16.275,51,6,100.0,0.0,0.0,0.0,0.0,0.0,25.5,0.0
FUQEsJR1UFDadEJJ,16.275,51,12,100.0,0.0,0.0,0.0,0.0,0.0,25.5,0.0
yovfBGvjPjrDzVEx,16.275,51,10,100.0,0.0,0.0,0.0,0.0,0.0,25.5,0.0
zOYUxc4wvhKgQ0VZ,16.25,50,8,100.0,0.0,0.0,0.0,0.0,0.0,25.0,0.0
nE3Re77EFxHJwyjT,16.25,50,10,100.0,0.0,0.0,0.0,0.0,0.0,25.0,0.0
MZC9yfhWyyiXUIzB,16.25,50,9,100.0,0.0,0.0,0.0,0.0,0.0,25.0,0.0
lR7Lj8nHox79kjnD,16.25,50,9,100.0,0.0,0.0,0.0,0.0,0.0,25.0,0.0
jujrl9mvjv0Vy1ca,16.25,50,12,100.0,0.0,0.0,0.0,0.0,0.0,25.0,0.0
IW54w3ffLLc6zuWz,16.25,50,8,100.0,0.0,0.0,0.0,0.0,0.0,25.0,0.0
2Z8pnVcCXbyAAR5F,16.25,60,10,90.0,0.0,0.0,0.0,0.0,0.0,30.0,25.0
FRfkhhJBd1PeIf5h,16.25,50,10,100.0,0.0,0.0,0.0,0.0,0.0,25.0,0.0
YBaHhzYrXg8S4JXa,16.25,50,10,100.0,0.0,0.0,0.0,0.0,0.0,25.0,0.0
I61wKPcFqjMrftjQ,16.25,50,9,100.0,0.0,0.0,0.0,0.0,0.0,25.0,0.0
A0iS8DqvzBMJoRNO,16.25,50,7,100.0,0.0,0.0,0.0,0.0,0.0,25.0,0.0
mdluwL3VGXFLU6id,16.25,50,7,100.0,0.0,0.0,0.0,0.0,0.0,25.0,0.0
mRWOIsDzWyMf4MZw,16.25,50,7,100.0,0.0,0.0,0.0,0.0,0.0,25.0,0.0
lBYF2immMMaRZF2z,16.225,49,7,100.0,0.0,0.0,0.0,0.0,0.0,24.5,0.0
EuneR10nT6yJxMmg,16.225,49,9,100.0,0.0,0.0,0.0,0.0,0.0,24.5,0.0
XbEoDnd9Z4rfwaU4,16.225,49,9,100.0,0.0,0.0,0.0,0.0,0.0,24.5,0.0
4FDahhRvtRNg19DR,16.225,49,7,100.0,0.0,0.0,0.0,0.0,0.0,24.5,0.0
MPaJUrR1VHNzu4oP,16.225,49,7,100.0,0.0,0.0,0.0,0.0,0.0,24.5,0.0
SrgUdoOFiGWedj6W,16.225,49,10,100.0,0.0,0.0,0.0,0.0,0.0,24.5,0.0
q3uPcTOiqbXxpCFk,16.225,49,10,100.0,0.0,0.0,0.0,0.0,0.0,24.5,0.0
OqCVfww1OZVpr2C6,16.225,49,6,100.0,0.0,0.0,0.0,0.0,0.0,24.5,0.0
0DTMbt1OZQMK9fv5,16.225,49,10,100.0,0.0,0.0,0.0,0.0,0.0,24.5,0.0
7nneMYN2EgZhR2xo,16.225,49,9,100.0,0.0,0.0,0.0,0.0,0.0,24.5,0.0
IUzcfFXz4SPEQ3HC,16.2,48,9,100.0,0.0,0.0,0.0,0.0,0.0,24.0,0.0
KVb7Fh5if65kxFNZ,16.2,48,7,100.0,0.0,0.0,0.0,0.0,0.0,24.0,0.0
xwYwMSZX7nx3vGGe,16.2,48,7,100.0,0.0,0.0,0.0,0.0,0.0,24.0,0.0
Kc1DJCluvcTxthv4,16.2,48,6,100.0,0.0,0.0,0.0,0.0,0.0,24.0,0.0
UdLEkHOUNX1yj0Rp,16.2,88,15,93.33333333333333,0.0,0.0,0.0,0.0,0.0,44.0,0.0
WJmMffgx1nlckzsd,16.2,48,8,100.0,0.0,0.0,0.0,0.0,0.0,24.0,0.0
upH1gx2fIkFj3RmW,16.2,48,7,100.0,0.0,0.0,0.0,0.0,0.0,24.0,0.0
GJsLVh4T2uVbGKiP,16.2,48,11,100.0,0.0,0.0,0.0,0.0,0.0,24.0,0.0
otGSflslVXzBsErj,16.175,47,9,100.0,0.0,0.0,0.0,0.0,0.0,23.5,0.0
dUX2tnyHkZEuzGqL,16.175,47,5,100.0,0.0,0.0,0.0,0.0,0.0,23.5,0.0
V0FccxjiMfHrwD51,16.175,47,7,100.0,0.0,0.0,0.0,0.0,0.0,23.5,0.0
8Mqn9A6okDcxAgq9,16.175,47,8,100.0,0.0,0.0,0.0,0.0,0.0,23.5,0.0
LobYyQZqUy4hs8mG,16.175,47,10,100.0,0.0,0.0,0.0,0.0,0.0,23.5,0.0
O5EVdjDUuhaa49w5,16.175,47,8,100.0,0.0,0.0,0.0,0.0,0.0,23.5,0.0
ZmicBfRBm0Oj1Mqu,16.1625,84,16,93.75,0.0,0.0,0.0,0.0,0.0,42.0,0.0
B58v1KtVMfQW2IAI,16.15,46,7,100.0,0.0,0.0,0.0,0.0,0.0,23.0,0.0
OfuQgiRM8vrxWZJM,16.15,46,7,100.0,0.0,0.0,0.0,0.0,0.0,23.0,0.0
UYExopv1vlBSkdiM,16.15,46,6,100.0,0.0,0.0,0.0,0.0,0.0,23.0,0.0
rWglsEilo32D6jcC,16.15,46,7,100.0,0.0,0.0,0.0,0.0,0.0,23.0,0.0
BdpTOWKA3SebIrY8,16.15,46,10,100.0,0.0,0.0,0.0,0.0,0.0,23.0,0.0
ICzejSWKCAFyjh8O,16.15,46,8,100.0,0.0,0.0,0.0,0.0,0.0,23.0,0.0
NU4wDSLEfgs3MfD6,16.15,46,10,100.0,0.0,0.0,0.0,0.0,0.0,23.0,0.0
AN58NPhn9jW23OLp,16.15,46,9,100.0,0.0,0.0,0.0,0.0,0.0,23.0,0.0
kjcw3052hnxzp27U,16.15,46,8,100.0,0.0,0.0,0.0,0.0,0.0,23.0,0.0
ofCPDGBv57aYpKPr,16.15,46,7,100.0,0.0,0.0,0.0,0.0,0.0,23.0,0.0
9AiXepI7aZu6LweN,16.125,45,8,100.0,0.0,0.0,0.0,0.0,0.0,22.5,0.0
sZDZiwrlBws4eBVZ,16.125,45,9,100.0,0.0,0.0,0.0,0.0,0.0,22.5,0.0
uqN7JeJrr9aM3pI8,16.125,45,9,100.0,0.0,0.0,0.0,0.0,0.0,22.5,0.0
sdxjeGwduy3dJ7mV,16.125,45,8,100.0,0.0,0.0,0.0,0.0,0.0,22.5,0.0
X0qJrVwrVkk5xLvv,16.125,45,6,100.0,0.0,0.0,0.0,0.0,0.0,22.5,0.0
1s8Yupy1sNKzgTdF,16.125,45,7,100.0,0.0,0.0,0.0,0.0,0.0,22.5,0.0
LlRfPmuptTDUdwa0,16.125,45,8,100.0,0.0,0.0,0.0,0.0,0.0,22.5,0.0
Lhs2kAuja5h1k0Tb,16.125,45,8,100.0,0.0,0.0,0.0,0.0,0.0,22.5,0.0
hJcomjtiVSzaxdGY,16.107142857142854,70,15,93.33333333333333,0.0,0.0,0.0,0.0,0.0,35.0,7.142857142857142
AtCiuSrSoSKV3lsv,16.1,44,7,100.0,0.0,0.0,0.0,0.0,0.0,22.0,0.0
2m8vSp7Wvl9eweFm,16.1,44,9,100.0,0.0,0.0,0.0,0.0,0.0,22.0,0.0
QrldR5wwRPwUvWoR,16.1,44,9,100.0,0.0,0.0,0.0,0.0,0.0,22.0,0.0
cNVpvVWGlEVRh64F,16.1,44,8,100.0,0.0,0.0,0.0,0.0,0.0,22.0,0.0
FqnUnttigcAxe3cZ,16.1,44,10,100.0,0.0,0.0,0.0,0.0,0.0,22.0,0.0
DQWJl4bOTH3lKFnQ,16.09582917082917,77,13,92.3076923076923,0.0,0.0,0.0,0.0,0.0,38.5,6.493506493506494
Fru1svJKiK2FYv5R,16.07857142857143,86,14,92.85714285714286,0.0,0.0,0.0,0.0,0.0,43.0,0.0
hTfSt1GltO42f1Vt,16.075,43,8,100.0,0.0,0.0,0.0,0.0,0.0,21.5,0.0
QfmOcnbCXy2yeEay,16.075,43,8,100.0,0.0,0.0,0.0,0.0,0.0,21.5,0.0
BY7CP8pVWx0mJqQi,16.075,43,9,100.0,0.0,0.0,0.0,0.0,0.0,21.5,0.0
uF4YSfZPWrtz8Q9M,16.058333333333337,59,12,83.33333333333334,0.0,0.0,0.0,0.0,41.666666666666664,29.5,0.0
B8SjIneOUrOSPmTx,16.05448717948718,75,13,92.3076923076923,0.0,0.0,0.0,0.0,0.0,37.5,6.666666666666667
zYRwiTpMeJUJAQDz,16.05448717948718,75,13,92.3076923076923,0.0,0.0,0.0,0.0,0.0,37.5,6.666666666666667
75rzCAeDbMKxhfWc,16.05,42,8,100.0,0.0,0.0,0.0,0.0,0.0,21.0,0.0
bDk3xqZwUmMBcfWB,16.05,42,6,100.0,0.0,0.0,0.0,0.0,0.0,21.0,0.0
bRwiy8MOzm07A7tk,16.05,42,8,100.0,0.0,0.0,0.0,0.0,0.0,21.0,0.0
gfJDEHzpqOersJ5E,16.05,42,6,100.0,0.0,0.0,0.0,0.0,0.0,21.0,0.0
1eV8c36Mus9MyJAg,16.05,42,6,100.0,0.0,0.0,0.0,0.0,0.0,21.0,0.0
kY87HT8iCX75AFEY,16.05,42,8,100.0,0.0,0.0,0.0,0.0,0.0,21.0,0.0
lbkhCuIKl06JnKSb,16.05,42,7,100.0,0.0,0.0,0.0,0.0,0.0,21.0,0.0
AxPtnzjEgIPCt519,16.035714285714285,70,14,92.85714285714286,0.0,0.0,0.0,0.0,0.0,35.0,7.142857142857142
1FnhRcitkyZsuMUZ,16.025,41,6,100.0,0.0,0.0,0.0,0.0,0.0,20.5,0.0
LGSCjdl1LGfenaWa,16.025,41,7,100.0,0.0,0.0,0.0,0.0,0.0,20.5,0.0
WIcw0CgN3RVJ3oVP,16.00357142857143,83,14,92.85714285714286,0.0,0.0,0.0,0.0,0.0,41.5,0.0
zFbyRBlwn6lrrC4j,16.00357142857143,83,14,92.85714285714286,0.0,0.0,0.0,0.0,0.0,41.5,0.0
10QrhU8DPSyyasuA,16.0,40,7,100.0,0.0,0.0,0.0,0.0,0.0,20.0,0.0
l9DVLx7cfXtux5y0,15.999999999999998,80,15,93.33333333333333,0.0,0.0,0.0,0.0,0.0,40.0,0.0
eWB1JesEihS3rvHA,15.999999999999998,80,15,93.33333333333333,0.0,0.0,0.0,0.0,0.0,40.0,0.0
zPFZuMVMRpc7beo4,15.995454545454546,58,11,81.81818181818183,0.0,0.0,0.0,0.0,45.45454545454545,29.0,0.0
1qmhlQZK2d2W7JDP,15.97857142857143,82,14,92.85714285714286,0.0,0.0,0.0,0.0,0.0,41.0,0.0
FaZXVwKpNADcg50S,15.975,39,8,100.0,0.0,0.0,0.0,0.0,0.0,19.5,0.0
GBtoxJZpbLFuomSy,15.975,39,8,100.0,0.0,0.0,0.0,0.0,0.0,19.5,0.0
v2PiLBtv4u7leFxd,15.975,39,7,100.0,0.0,0.0,0.0,0.0,0.0,19.5,0.0
yZEitA39BmLcpkZ3,15.975,39,9,100.0,0.0,0.0,0.0,0.0,0.0,19.5,0.0
hVrPXG7vv5lqvZ3F,15.973266522210183,71,13,92.3076923076923,0.0,0.0,0.0,0.0,0.0,35.5,7.042253521126761
8S0r6JGJK7KjgcDw,15.95357142857143,81,14,92.85714285714286,0.0,0.0,0.0,0.0,0.0,40.5,0.0
PiLIRZm3itST5H6i,15.95357142857143,81,14,92.85714285714286,0.0,0.0,0.0,0.0,0.0,40.5,0.0
D3I7rJCi8SIlLMDO,15.95357142857143,81,14,92.85714285714286,0.0,0.0,0.0,0.0,0.0,40.5,0.0
Z4R7IsiBH3x1hF9L,15.95,38,7,100.0,0.0,0.0,0.0,0.0,0.0,19.0,0.0
VmfbvwCFeQc7nRdQ,15.929545454545455,44,8,87.5,0.0,0.0,0.0,0.0,0.0,22.0,34.090909090909086
JZOnaOmSsqYettGJ,15.928571428571429,80,14,92.85714285714286,0.0,0.0,0.0,0.0,0.0,40.0,0.0
ZMTVZcaqGNytzQxi,15.924999999999999,77,15,93.33333333333333,0.0,0.0,0.0,0.0,0.0,38.5,0.0
sb6H0XxGZGCFcs5P,15.921153846153846,83,13,92.3076923076923,0.0,0.0,0.0,0.0,0.0,41.5,0.0
cdPxsnBqvNZ4WDcg,15.903571428571428,79,14,92.85714285714286,0.0,0.0,0.0,0.0,0.0,39.5,0.0
pTGrA7IKxccKETxh,15.903571428571428,79,14,92.85714285714286,0.0,0.0,0.0,0.0,0.0,39.5,0.0
UDOQSw2eYIzn9B0n,15.899999999999999,86,12,91.66666666666666,0.0,0.0,0.0,0.0,0.0,43.0,0.0
gYA8FtpnJdbw4qwR,15.899999999999999,76,15,93.33333333333333,0.0,0.0,0.0,0.0,0.0,38.0,0.0
qSC9yKEXpWv9XDRD,15.896153846153846,82,13,92.3076923076923,0.0,0.0,0.0,0.0,0.0,41.0,0.0
PpgsNe5muFCvNQtS,15.896153846153846,82,13,92.3076923076923,0.0,0.0,0.0,0.0,0.0,41.0,0.0
Mytb5Udd0ULjuARG,15.89175579322638,51,11,90.9090909090909,0.0,0.0,0.0,0.0,0.0,25.5,19.607843137254903
qErfwW1f1BVojNuB,15.881771799628941,49,11,90.9090909090909,0.0,0.0,0.0,0.0,0.0,24.5,20.408163265306122
6o52HAS5xDVfLgGi,15.874999999999998,85,12,91.66666666666666,0.0,0.0,0.0,0.0,0.0,42.5,0.0
VeEty3Mc38kLV9Hn,15.874941724941724,66,13,92.3076923076923,0.0,0.0,0.0,0.0,0.0,33.0,7.575757575757576
jivfEKVdJzqfzGBX,15.871153846153845,81,13,92.3076923076923,0.0,0.0,0.0,0.0,0.0,40.5,0.0
4sUTy9A18RPVxYEZ,15.85357142857143,77,14,92.85714285714286,0.0,0.0,0.0,0.0,0.0,38.5,0.0
CaYVhNs8WwmRNS6g,15.845238095238095,60,14,92.85714285714286,0.0,0.0,0.0,0.0,0.0,30.0,8.333333333333334
9YeE14A7D64MKo7u,15.837318840579709,69,12,91.66666666666666,0.0,0.0,0.0,0.0,0.0,34.5,7.246376811594203
k8Jx68hM2AhhxKsc,15.82857142857143,76,14,92.85714285714286,0.0,0.0,0.0,0.0,0.0,38.0,0.0
hw0y0Mwyl1XZSahD,15.82857142857143,76,14,92.85714285714286,0.0,0.0,0.0,0.0,0.0,38.0,0.0
gbEBZbLZO7v1qpgE,15.82857142857143,76,14,92.85714285714286,0.0,0.0,0.0,0.0,0.0,38.0,0.0
EvpaaQf6h1KQFj8f,15.825,83,12,91.66666666666666,0.0,0.0,0.0,0.0,0.0,41.5,0.0
tcozMdant8nXiWqs,15.82445054945055,91,15,86.66666666666667,0.0,0.0,0.0,0.0,0.0,45.5,10.989010989010989
7IoyRTyEqjH3Bas7,15.821153846153845,79,13,92.3076923076923,0.0,0.0,0.0,0.0,0.0,39.5,0.0
m7zsK1AE8qSxgSVt,15.817647058823528,68,12,91.66666666666666,0.0,0.0,0.0,0.0,0.0,34.0,7.352941176470588
nDoeQ0rPNxce4nAt,15.803571428571429,75,14,92.85714285714286,0.0,0.0,0.0,0.0,0.0,37.5,0.0
aD3SzU147ibMh3Hr,15.803571428571429,75,14,92.85714285714286,0.0,0.0,0.0,0.0,0.0,37.5,0.0
9QrhAFJFZRTiuWWX,15.803571428571429,75,14,92.85714285714286,0.0,0.0,0.0,0.0,0.0,37.5,0.0
lZWmq53ACO6Ng3Ok,15.803571428571429,75,14,92.85714285714286,0.0,0.0,0.0,0.0,0.0,37.5,0.0
YiHQMLogzaI2Duj0,15.803571428571429,75,14,92.85714285714286,0.0,0.0,0.0,0.0,0.0,37.5,0.0
Tdug2Ir2mPNVbv1R,15.799999999999999,72,15,93.33333333333333,0.0,0.0,0.0,0.0,0.0,36.0,0.0
MCpYlDGPhZM1v366,15.799999999999999,72,15,93.33333333333333,0.0,0.0,0.0,0.0,0.0,36.0,0.0
lUfluLO9bXkYanOx,15.799999999999999,72,15,93.33333333333333,0.0,0.0,0.0,0.0,0.0,36.0,0.0
BEmuQt3NatCL0WI8,15.798134328358207,67,12,91.66666666666666,0.0,0.0,0.0,0.0,0.0,33.5,7.462686567164179
4TkFBitTyFWhKRFQ,15.796153846153846,78,13,92.3076923076923,0.0,0.0,0.0,0.0,0.0,39.0,0.0
kZU5BU5Ai1LMfjnt,15.796153846153846,78,13,92.3076923076923,0.0,0.0,0.0,0.0,0.0,39.0,0.0
t3e59A5xQQ4fz81U,15.771153846153846,77,13,92.3076923076923,0.0,0.0,0.0,0.0,0.0,38.5,0.0
h0bSm2bnEPjPpB1O,15.771153846153846,77,13,92.3076923076923,0.0,0.0,0.0,0.0,0.0,38.5,0.0
ZVVp7BnjglnrCAq3,15.771153846153846,77,13,92.3076923076923,0.0,0.0,0.0,0.0,0.0,38.5,0.0
0NxSR9SRzZtfiiam,15.771153846153846,77,13,92.3076923076923,0.0,0.0,0.0,0.0,0.0,38.5,0.0
dolcEqkTDBh57FcC,15.771153846153846,77,13,92.3076923076923,0.0,0.0,0.0,0.0,0.0,38.5,0.0
P5QNCc66w9iD4UDr,15.75357142857143,73,14,92.85714285714286,0.0,0.0,0.0,0.0,0.0,36.5,0.0
97oKGKOJUAIUh24H,15.75357142857143,73,14,92.85714285714286,0.0,0.0,0.0,0.0,0.0,36.5,0.0
0EGwwN5J2iZeCBOy,15.75357142857143,73,14,92.85714285714286,0.0,0.0,0.0,0.0,0.0,36.5,0.0
VwIqQFqxDa0wtTv5,15.75357142857143,73,14,92.85714285714286,0.0,0.0,0.0,0.0,0.0,36.5,0.0
0x7CLKlC5bF8QKw4,15.749999999999998,70,15,93.33333333333333,0.0,0.0,0.0,0.0,0.0,35.0,0.0
JTsliLXyZ3W21Avg,15.737790697674418,43,10,90.0,0.0,0.0,0.0,0.0,0.0,21.5,23.25581395348837
eNsUTM0DLAOMvIyE,15.72857142857143,72,14,92.85714285714286,0.0,0.0,0.0,0.0,0.0,36.0,0.0
gJkn38FLpfjzN1EH,15.72857142857143,72,14,92.85714285714286,0.0,0.0,0.0,0.0,0.0,36.0,0.0
I1vWDPlR6gyLPAAA,15.72857142857143,72,14,92.85714285714286,0.0,0.0,0.0,0.0,0.0,36.0,0.0
7AmR54qrrnuZMyOP,15.721825396825396,63,12,91.66666666666666,0.0,0.0,0.0,0.0,0.0,31.5,7.936507936507936
6maa3GUUxFz7A8zV,15.721153846153845,75,13,92.3076923076923,0.0,0.0,0.0,0.0,0.0,37.5,0.0
VVIZM5oForBFbyvQ,15.710294117647058,99,17,88.23529411764706,0.0,0.0,0.0,0.0,0.0,49.5,0.0
4T3KjmXjntlgbIM8,15.70357142857143,71,14,92.85714285714286,0.0,0.0,0.0,0.0,0.0,35.5,0.0
mnXyL0hflG6LUHhk,15.70357142857143,71,14,92.85714285714286,0.0,0.0,0.0,0.0,0.0,35.5,0.0
r7ir3YdPp0nIhaPw,15.696153846153845,74,13,92.3076923076923,0.0,0.0,0.0,0.0,0.0,37.0,0.0
jnFs8dFEKrpo1lWu,15.674999999999999,67,15,93.33333333333333,0.0,0.0,0.0,0.0,0.0,33.5,0.0
WSMdtuELSi1Egr1C,15.674999999999999,67,15,93.33333333333333,0.0,0.0,0.0,0.0,0.0,33.5,0.0
95JcLlqkGF7v4Dif,15.674999999999999,77,12,91.66666666666666,0.0,0.0,0.0,0.0,0.0,38.5,0.0
m0XxDgjTB1AffdB4,15.674999999999999,77,12,91.66666666666666,0.0,0.0,0.0,0.0,0.0,38.5,0.0
kl035GcZevBhNohJ,15.674999999999999,77,12,91.66666666666666,0.0,0.0,0.0,0.0,0.0,38.5,0.0
s28IDBKUKXHqk9yD,15.671153846153846,73,13,92.3076923076923,0.0,0.0,0.0,0.0,0.0,36.5,0.0
ejAgBoS0krTHTJ4R,15.653571428571428,69,14,92.85714285714286,0.0,0.0,0.0,0.0,0.0,34.5,0.0
2OGnY9jxIkYpI8B9,15.649999999999999,76,12,91.66666666666666,0.0,0.0,0.0,0.0,0.0,38.0,0.0
x7mCaoVbWrR6Twmf,15.649999999999999,76,12,91.66666666666666,0.0,0.0,0.0,0.0,0.0,38.0,0.0
SZdxKEnW7BrVSXlr,15.646153846153846,72,13,92.3076923076923,0.0,0.0,0.0,0.0,0.0,36.0,0.0
hMZZ6CGxXETv2Ixh,15.646153846153846,72,13,92.3076923076923,0.0,0.0,0.0,0.0,0.0,36.0,0.0
nSBwPZRYsnvS9GJ1,15.646153846153846,72,13,92.3076923076923,0.0,0.0,0.0,0.0,0.0,36.0,0.0
R2pIu3TFBVlWy31t,15.63103448275862,58,12,91.66666666666666,0.0,0.0,0.0,0.0,0.0,29.0,8.620689655172413
sKl7bTCqLZkzWMTK,15.62857142857143,68,14,92.85714285714286,0.0,0.0,0.0,0.0,0.0,34.0,0.0
A2cUe9f6WNWGFW9u,15.62857142857143,68,14,92.85714285714286,0.0,0.0,0.0,0.0,0.0,34.0,0.0
fH6m4Bk1BqStG9IQ,15.624999999999998,75,12,91.66666666666666,0.0,0.0,0.0,0.0,0.0,37.5,0.0
XJOANO9yBTa2NAnw,15.624999999999998,75,12,91.66666666666666,0.0,0.0,0.0,0.0,0.0,37.5,0.0
7jBbNmf3dyAHtSOo,15.624999999999998,75,12,91.66666666666666,0.0,0.0,0.0,0.0,0.0,37.5,0.0
ZAySEi2vlgtwlTB4,15.621153846153845,71,13,92.3076923076923,0.0,0.0,0.0,0.0,0.0,35.5,0.0
CJPd5wE3TjeRwe9U,15.621153846153845,71,13,92.3076923076923,0.0,0.0,0.0,0.0,0.0,35.5,0.0
kt1Dff8Loy2aScA9,15.608189033189033,63,11,90.9090909090909,0.0,0.0,0.0,0.0,0.0,31.5,7.936507936507936
JZznAupATPigGLqu,15.60357142857143,67,14,92.85714285714286,0.0,0.0,0.0,0.0,0.0,33.5,0.0
skjRDf4Of8To4nZR,15.599999999999998,74,12,91.66666666666666,0.0,0.0,0.0,0.0,0.0,37.0,0.0
PuQrT7KQ0b429iKt,15.596153846153845,70,13,92.3076923076923,0.0,0.0,0.0,0.0,0.0,35.0,0.0
ZnAFa9tOkvOtRNBN,15.596153846153845,70,13,92.3076923076923,0.0,0.0,0.0,0.0,0.0,35.0,0.0
js22NsYIMeGwkZUM,15.596153846153845,70,13,92.3076923076923,0.0,0.0,0.0,0.0,0.0,35.0,0.0
8kVoRTYvFhuU1ZxJ,15.596153846153845,70,13,92.3076923076923,0.0,0.0,0.0,0.0,0.0,35.0,0.0
Go5yxAEaDOgLOSaw,15.596153846153845,70,13,92.3076923076923,0.0,0.0,0.0,0.0,0.0,35.0,0.0
7RTwDwBDA9ADb6Jb,15.575,73,12,91.66666666666666,0.0,0.0,0.0,0.0,0.0,36.5,0.0
UeukGvrDOVGRXeTS,15.575,73,12,91.66666666666666,0.0,0.0,0.0,0.0,0.0,36.5,0.0
hLiEFJJUWvhNZcY1,15.571153846153845,69,13,92.3076923076923,0.0,0.0,0.0,0.0,0.0,34.5,0.0
nzB2pspNZkvkMuLy,15.571153846153845,69,13,92.3076923076923,0.0,0.0,0.0,0.0,0.0,34.5,0.0
3sGK90HG66bXoUgx,15.571153846153845,69,13,92.3076923076923,0.0,0.0,0.0,0.0,0.0,34.5,0.0
VSeVo1Q76XFJXDyu,15.571153846153845,69,13,92.3076923076923,0.0,0.0,0.0,0.0,0.0,34.5,0.0
qAfF4vjc4ipGMF9r,15.571153846153845,69,13,92.3076923076923,0.0,0.0,0.0,0.0,0.0,34.5,0.0
W8r9lhWCvhGX1XID,15.571153846153845,69,13,92.3076923076923,0.0,0.0,0.0,0.0,0.0,34.5,0.0
iPWaWN5GgJcRrdPK,15.569696969696968,44,9,88.88888888888889,0.0,0.0,0.0,0.0,0.0,22.0,22.727272727272727
DPsYv0RW59CVFE6s,15.569696969696968,44,9,88.88888888888889,0.0,0.0,0.0,0.0,0.0,22.0,22.727272727272727
j79CYx6adancRwUy,15.553571428571429,65,14,92.85714285714286,0.0,0.0,0.0,0.0,0.0,32.5,0.0
kXXVzJAwWnA5MruX,15.549999999999999,72,12,91.66666666666666,0.0,0.0,0.0,0.0,0.0,36.0,0.0
CRsjVZSijMs2yqOo,15.549999999999999,72,12,91.66666666666666,0.0,0.0,0.0,0.0,0.0,36.0,0.0
YlBIWy3Rfjav87TL,15.549999999999999,72,12,91.66666666666666,0.0,0.0,0.0,0.0,0.0,36.0,0.0
iuW7izXu5s0RU3BM,15.549999999999999,72,12,91.66666666666666,0.0,0.0,0.0,0.0,0.0,36.0,0.0
bNx65z9FK6XOCxB5,15.546153846153846,68,13,92.3076923076923,0.0,0.0,0.0,0.0,0.0,34.0,0.0
qFknTJDwbIkXEzHT,15.546153846153846,68,13,92.3076923076923,0.0,0.0,0.0,0.0,0.0,34.0,0.0
tXHgjWYslgfsbYJR,15.546153846153846,68,13,92.3076923076923,0.0,0.0,0.0,0.0,0.0,34.0,0.0
3dH4nxyz4Mf03Wby,15.546153846153846,68,13,92.3076923076923,0.0,0.0,0.0,0.0,0.0,34.0,0.0
lTIZ0gVim1eimMj4,15.546153846153846,68,13,92.3076923076923,0.0,0.0,0.0,0.0,0.0,34.0,0.0
zOHi7v3aKQuijMsy,15.546153846153846,68,13,92.3076923076923,0.0,0.0,0.0,0.0,0.0,34.0,0.0
KifBtcdzKVUWH70X,15.528571428571428,64,14,92.85714285714286,0.0,0.0,0.0,0.0,0.0,32.0,0.0
msoxltaTIircdJsS,15.525,96,16,87.5,0.0,0.0,0.0,0.0,0.0,48.0,0.0
9edWAijE0kWZ8pzY,15.524999999999999,71,12,91.66666666666666,0.0,0.0,0.0,0.0,0.0,35.5,0.0
VcwPYC2DK3Hc8z0Z,15.524999999999999,71,12,91.66666666666666,0.0,0.0,0.0,0.0,0.0,35.5,0.0
tCBJ8f93Glz084Gm,15.524999999999999,71,12,91.66666666666666,0.0,0.0,0.0,0.0,0.0,35.5,0.0
zhUVL8RjnCjRrWua,15.524999999999999,71,12,91.66666666666666,0.0,0.0,0.0,0.0,0.0,35.5,0.0
qhNgBuPc3mSsrbYK,15.521153846153846,67,13,92.3076923076923,0.0,0.0,0.0,0.0,0.0,33.5,0.0
yjk5KweW1gOaGtHB,15.521153846153846,67,13,92.3076923076923,0.0,0.0,0.0,0.0,0.0,33.5,0.0
0Z68C7q1B4zB0jfw,15.521153846153846,67,13,92.3076923076923,0.0,0.0,0.0,0.0,0.0,33.5,0.0
1Uf9NYUG7jEmZtZI,15.521153846153846,67,13,92.3076923076923,0.0,0.0,0.0,0.0,0.0,33.5,0.0
9nt1exN6uL51CEvT,15.499999999999998,70,12,91.66666666666666,0.0,0.0,0.0,0.0,0.0,35.0,0.0
9Qm9OusTY8YfwMZF,15.499999999999998,70,12,91.66666666666666,0.0,0.0,0.0,0.0,0.0,35.0,0.0
RRxTIJunZDLHlhUU,15.499999999999998,70,12,91.66666666666666,0.0,0.0,0.0,0.0,0.0,35.0,0.0
OjZ3YibcJTPhbYbg,15.490625,64,10,90.0,0.0,0.0,0.0,0.0,0.0,32.0,7.8125
NYZyrSk7iLDhiu3j,15.486363636363635,74,11,90.9090909090909,0.0,0.0,0.0,0.0,0.0,37.0,0.0
7gSIGxAVzAKvtfpk,15.474999999999998,69,12,91.66666666666666,0.0,0.0,0.0,0.0,0.0,34.5,0.0
KbQrml0koVcUlm0n,15.474999999999998,69,12,91.66666666666666,0.0,0.0,0.0,0.0,0.0,34.5,0.0
0wm1HqLu4ThzUoZj,15.474999999999998,69,12,91.66666666666666,0.0,0.0,0.0,0.0,0.0,34.5,0.0
vAV1au3Dfi1gMHJX,15.474999999999998,69,12,91.66666666666666,0.0,0.0,0.0,0.0,0.0,34.5,0.0
kgTfIMAQHs5skPsy,15.471153846153845,65,13,92.3076923076923,0.0,0.0,0.0,0.0,0.0,32.5,0.0
PyFjlhbZ0qu37TXr,15.471153846153845,65,13,92.3076923076923,0.0,0.0,0.0,0.0,0.0,32.5,0.0
YXihu6wNMB3Eiu7B,15.471153846153845,65,13,92.3076923076923,0.0,0.0,0.0,0.0,0.0,32.5,0.0
ODIlyY41BgiHCSuG,15.461363636363636,73,11,90.9090909090909,0.0,0.0,0.0,0.0,0.0,36.5,0.0
ULr8XgotFvdKH5HL,15.461363636363636,73,11,90.9090909090909,0.0,0.0,0.0,0.0,0.0,36.5,0.0
IcNepOR6soVfBgWO,15.45,93,16,87.5,0.0,0.0,0.0,0.0,0.0,46.5,0.0
WC9VbFYSLIUOBzR7,15.45,68,12,91.66666666666666,0.0,0.0,0.0,0.0,0.0,34.0,0.0
ib10LmS2x9wUy1Ye,15.45,68,12,91.66666666666666,0.0,0.0,0.0,0.0,0.0,34.0,0.0
Pf0K2YKuhDew13k9,15.45,68,12,91.66666666666666,0.0,0.0,0.0,0.0,0.0,34.0,0.0
rh29cCzL51kVBiyO,15.449326599326598,54,11,90.9090909090909,0.0,0.0,0.0,0.0,0.0,27.0,9.25925925925926
76DvW4KJYICu2K3l,15.446153846153845,64,13,92.3076923076923,0.0,0.0,0.0,0.0,0.0,32.0,0.0
kN4Ixhsr1JzKJocx,15.446153846153845,64,13,92.3076923076923,0.0,0.0,0.0,0.0,0.0,32.0,0.0
TjTVl32ifA12hdCO,15.436363636363636,72,11,90.9090909090909,0.0,0.0,0.0,0.0,0.0,36.0,0.0
JwhvDK1SfK7Dfh6f,15.436363636363636,72,11,90.9090909090909,0.0,0.0,0.0,0.0,0.0,36.0,0.0
ro7qE721txjtvUw1,15.436363636363636,72,11,90.9090909090909,0.0,0.0,0.0,0.0,0.0,36.0,0.0
XiXPUP9Ax5yC366y,15.435294117647057,88,17,88.23529411764706,0.0,0.0,0.0,0.0,0.0,44.0,0.0
aW5IagELHzETFJim,15.424999999999999,67,12,91.66666666666666,0.0,0.0,0.0,0.0,0.0,33.5,0.0
f12FNNKmltSlc4ks,15.421153846153846,63,13,92.3076923076923,0.0,0.0,0.0,0.0,0.0,31.5,0.0
dqP2JBWSWeI3zRUC,15.421153846153846,63,13,92.3076923076923,0.0,0.0,0.0,0.0,0.0,31.5,0.0
JsWJIlzNSemffTM6,15.411363636363635,71,11,90.9090909090909,0.0,0.0,0.0,0.0,0.0,35.5,0.0
C3A7RlNAwd2EZsR3,15.401559714795008,51,11,90.9090909090909,0.0,0.0,0.0,0.0,0.0,25.5,9.803921568627452
hfyzCoYiN7as5Rv9,15.399999999999999,66,12,91.66666666666666,0.0,0.0,0.0,0.0,0.0,33.0,0.0
Y1oYwoioBBfGwcEz,15.399999999999999,66,12,91.66666666666666,0.0,0.0,0.0,0.0,0.0,33.0,0.0
Juja4QeoXylzQdGY,15.399999999999999,66,12,91.66666666666666,0.0,0.0,0.0,0.0,0.0,33.0,0.0
fq16XqCf5Avc2qqX,15.396153846153846,62,13,92.3076923076923,0.0,0.0,0.0,0.0,0.0,31.0,0.0
gGXi0ZbP0Fa6zyTW,15.396153846153846,62,13,92.3076923076923,0.0,0.0,0.0,0.0,0.0,31.0,0.0
32605K4Fi1rvjJrh,15.396153846153846,62,13,92.3076923076923,0.0,0.0,0.0,0.0,0.0,31.0,0.0
DCWI3Rk4cvG63OjM,15.386363636363635,70,11,90.9090909090909,0.0,0.0,0.0,0.0,0.0,35.0,0.0
qMBQQmXN4YiZXSsm,15.386363636363635,70,11,90.9090909090909,0.0,0.0,0.0,0.0,0.0,35.0,0.0
9xS5ZIMO6fgXpQQw,15.385294117647058,86,17,88.23529411764706,0.0,0.0,0.0,0.0,0.0,43.0,0.0
UVGvkqDt3t0iamuM,15.38103448275862,58,10,90.0,0.0,0.0,0.0,0.0,0.0,29.0,8.620689655172413
CDtrEoWxOnwXjtC3,15.374999999999998,65,12,91.66666666666666,0.0,0.0,0.0,0.0,0.0,32.5,0.0
cfzujCAf7oAQJetL,15.371153846153845,61,13,92.3076923076923,0.0,0.0,0.0,0.0,0.0,30.5,0.0
nywm3Q28QpFF8rBd,15.361363636363635,69,11,90.9090909090909,0.0,0.0,0.0,0.0,0.0,34.5,0.0
kH0SImE7WOwbv2yY,15.361363636363635,69,11,90.9090909090909,0.0,0.0,0.0,0.0,0.0,34.5,0.0
Hqb4MdJdRxgka9Ha,15.361363636363635,69,11,90.9090909090909,0.0,0.0,0.0,0.0,0.0,34.5,0.0
byRhIaPUNeWVLcS2,15.354878048780488,82,15,86.66666666666667,0.0,0.0,0.0,0.0,0.0,41.0,6.097560975609756
13pQPV2nSeeFdnaQ,15.35,74,10,90.0,0.0,0.0,0.0,0.0,0.0,37.0,0.0
3ZCkKrYCBp6JaIo9,15.349999999999998,64,12,91.66666666666666,0.0,0.0,0.0,0.0,0.0,32.0,0.0
yaIYUvtI18f8236J,15.349999999999998,64,12,91.66666666666666,0.0,0.0,0.0,0.0,0.0,32.0,0.0
0Bdi1BTACzPv0kD3,15.349999999999998,64,12,91.66666666666666,0.0,0.0,0.0,0.0,0.0,32.0,0.0
b0h4Wr6FAqXjFG0Z,15.349999999999998,64,12,91.66666666666666,0.0,0.0,0.0,0.0,0.0,32.0,0.0
ZEKHXEk64HFm0ZSe,15.346428571428572,56,10,90.0,0.0,0.0,0.0,0.0,0.0,28.0,8.928571428571429
EOJR7CbyO0EOBnvp,15.346153846153845,60,13,92.3076923076923,0.0,0.0,0.0,0.0,0.0,30.0,0.0
hQHVQyXkT7SG6OyL,15.336363636363636,68,11,90.9090909090909,0.0,0.0,0.0,0.0,0.0,34.0,0.0
fmGcACgpdDTovfd0,15.336363636363636,68,11,90.9090909090909,0.0,0.0,0.0,0.0,0.0,34.0,0.0
MmKKPPIlXswuRGFX,15.333641975308643,81,15,86.66666666666667,0.0,0.0,0.0,0.0,0.0,40.5,6.172839506172839
p4fRXp9utROMSbhs,15.325,63,12,91.66666666666666,0.0,0.0,0.0,0.0,0.0,31.5,0.0
HjJV9Fio5RO2jtOt,15.325,73,10,90.0,0.0,0.0,0.0,0.0,0.0,36.5,0.0
lI7LJVeZlTjPYXoQ,15.312962962962963,54,10,90.0,0.0,0.0,0.0,0.0,0.0,27.0,9.25925925925926
zWnpQsPPRVkFkbm3,15.311363636363636,67,11,90.9090909090909,0.0,0.0,0.0,0.0,0.0,33.5,0.0
j3m24ehi8mj7TCsX,15.311363636363636,67,11,90.9090909090909,0.0,0.0,0.0,0.0,0.0,33.5,0.0
HYZAZH2isRdweAyw,15.299999999999999,62,12,91.66666666666666,0.0,0.0,0.0,0.0,0.0,31.0,0.0
MaZREv0u3fv1rSvi,15.299999999999999,62,12,91.66666666666666,0.0,0.0,0.0,0.0,0.0,31.0,0.0
niiVoLq5ygigkTJL,15.299999999999999,62,12,91.66666666666666,0.0,0.0,0.0,0.0,0.0,31.0,0.0
9axRDdXlpVSE2EZU,15.299999999999999,62,12,91.66666666666666,0.0,0.0,0.0,0.0,0.0,31.0,0.0
Rb4vL1OWJciQBakT,15.299999999999999,62,12,91.66666666666666,0.0,0.0,0.0,0.0,0.0,31.0,0.0
N26CjmzZhd1IdK4j,15.299999999999999,62,12,91.66666666666666,0.0,0.0,0.0,0.0,0.0,31.0,0.0
Nm5HMMlasx2ESS15,15.286363636363635,66,11,90.9090909090909,0.0,0.0,0.0,0.0,0.0,33.0,0.0
eJyM8jG6LE5lZGrv,15.286363636363635,66,11,90.9090909090909,0.0,0.0,0.0,0.0,0.0,33.0,0.0
2ccrKI22oT2ke0Pf,15.286363636363635,66,11,90.9090909090909,0.0,0.0,0.0,0.0,0.0,33.0,0.0
ccb6jE2RlUietluD,15.286363636363635,66,11,90.9090909090909,0.0,0.0,0.0,0.0,0.0,33.0,0.0
ByMsGK8ModbxgLOS,15.274999999999999,61,12,91.66666666666666,0.0,0.0,0.0,0.0,0.0,30.5,0.0
eJDgcNQzOHuBtivW,15.274999999999999,61,12,91.66666666666666,0.0,0.0,0.0,0.0,0.0,30.5,0.0
JonvoMhcg9ygkwYX,15.274999999999999,61,12,91.66666666666666,0.0,0.0,0.0,0.0,0.0,30.5,0.0
SGCXZg4aa9O0AAIM,15.274999999999999,61,12,91.66666666666666,0.0,0.0,0.0,0.0,0.0,30.5,0.0
xiVS42zcHPIwmlMZ,15.264718614718614,66,14,85.71428571428571,0.0,0.0,0.0,0.0,0.0,33.0,15.151515151515152
FhDr4mbP9BZJ9JhY,15.261363636363635,65,11,90.9090909090909,0.0,0.0,0.0,0.0,0.0,32.5,0.0
bomhHnAf3YeSmp0P,15.261363636363635,65,11,90.9090909090909,0.0,0.0,0.0,0.0,0.0,32.5,0.0
FBY4HvubFGNy1CMn,15.25,70,10,90.0,0.0,0.0,0.0,0.0,0.0,35.0,0.0
9kgdxnPmBV4xerAP,15.25,70,10,90.0,0.0,0.0,0.0,0.0,0.0,35.0,0.0
kcSwAD4Du7Y28zD3,15.25,70,10,90.0,0.0,0.0,0.0,0.0,0.0,35.0,0.0
irdmkTgewSo3vwau,15.236363636363635,64,11,90.9090909090909,0.0,0.0,0.0,0.0,0.0,32.0,0.0
Mi2WTVI6qaXts0wY,15.233333333333333,76,9,88.88888888888889,0.0,0.0,0.0,0.0,0.0,38.0,0.0
68QwGt2k1Q4JlsgE,15.225,84,16,87.5,0.0,0.0,0.0,0.0,0.0,42.0,0.0
Vs0ckUinRP7TW9sQ,15.224999999999998,59,12,91.66666666666666,0.0,0.0,0.0,0.0,0.0,29.5,0.0
5lZQwhSdHxFoHmJT,15.224999999999998,59,12,91.66666666666666,0.0,0.0,0.0,0.0,0.0,29.5,0.0
KSSmCPzf8z0uklJ6,15.224999999999998,59,12,91.66666666666666,0.0,0.0,0.0,0.0,0.0,29.5,0.0
2A1FnBz1tHupjb3Q,15.224999999999998,59,12,91.66666666666666,0.0,0.0,0.0,0.0,0.0,29.5,0.0
t9RgSV9n66pFA7GC,15.220833333333333,48,10,90.0,0.0,0.0,0.0,0.0,0.0,24.0,10.416666666666666
5O1IEicLNIBPu1Qy,15.211363636363636,63,11,90.9090909090909,0.0,0.0,0.0,0.0,0.0,31.5,0.0
xpMQh6zdPF0Eadsa,15.211363636363636,63,11,90.9090909090909,0.0,0.0,0.0,0.0,0.0,31.5,0.0
zgadFFFmPkeFwdoA,15.211363636363636,63,11,90.9090909090909,0.0,0.0,0.0,0.0,0.0,31.5,0.0
9l5hSlqsDQ7eOD7r,15.210294117647058,79,17,88.23529411764706,0.0,0.0,0.0,0.0,0.0,39.5,0.0
qsgb75V3Rk6UoYGE,15.2,58,12,91.66666666666666,0.0,0.0,0.0,0.0,0.0,29.0,0.0
igyGLtke0ct8sDUH,15.2,83,16,87.5,0.0,0.0,0.0,0.0,0.0,41.5,0.0
M1wF2LuWweK9P0jq,15.196153846153845,54,13,92.3076923076923,0.0,0.0,0.0,0.0,0.0,27.0,0.0
jtylWIEp2ot2TjZD,15.175,87,15,86.66666666666667,0.0,0.0,0.0,0.0,0.0,43.5,0.0
CiTAYq2kOZBejUh6,15.175,67,10,90.0,0.0,0.0,0.0,0.0,0.0,33.5,0.0
0F9UPVFDkUYwkiUI,15.175,87,15,86.66666666666667,0.0,0.0,0.0,0.0,0.0,43.5,0.0
kBCuWh1VPhYNNFBq,15.174999999999999,57,12,91.66666666666666,0.0,0.0,0.0,0.0,0.0,28.5,0.0
pLl5zyMnE21azoi0,15.161363636363635,61,11,90.9090909090909,0.0,0.0,0.0,0.0,0.0,30.5,0.0
eBdSEKQgF187Lgn6,15.161363636363635,61,11,90.9090909090909,0.0,0.0,0.0,0.0,0.0,30.5,0.0
paOW9IJ6AGqpaj45,15.15,66,10,90.0,0.0,0.0,0.0,0.0,0.0,33.0,0.0
dVBC8xZ3r8KoNmt9,15.149999999999999,56,12,91.66666666666666,0.0,0.0,0.0,0.0,0.0,28.0,0.0
y0Koco40Qky2tPvY,15.149999999999999,56,12,91.66666666666666,0.0,0.0,0.0,0.0,0.0,28.0,0.0
i6NZonvNHVrCZtkk,15.149999999999999,56,12,91.66666666666666,0.0,0.0,0.0,0.0,0.0,28.0,0.0
qvCMjoizFerVQIvG,15.149999999999999,56,12,91.66666666666666,0.0,0.0,0.0,0.0,0.0,28.0,0.0
DRrNfG3VubxS4I49,15.146296296296295,54,9,88.88888888888889,0.0,0.0,0.0,0.0,0.0,27.0,9.25925925925926
BJFM3na03XmajYGv,15.136363636363635,60,11,90.9090909090909,0.0,0.0,0.0,0.0,0.0,30.0,0.0
WHjio81dPB54siVe,15.136363636363635,60,11,90.9090909090909,0.0,0.0,0.0,0.0,0.0,30.0,0.0
PvBgyjl1vyTTRrSF,15.136363636363635,60,11,90.9090909090909,0.0,0.0,0.0,0.0,0.0,30.0,0.0
qOOGssDas0hSStxc,15.130031446540878,53,9,88.88888888888889,0.0,0.0,0.0,0.0,0.0,26.5,9.433962264150942
g5KRUhoVGac23apc,15.125,85,15,86.66666666666667,0.0,0.0,0.0,0.0,0.0,42.5,0.0
PozUoS1fWwKlV8jX,15.111363636363635,59,11,90.9090909090909,0.0,0.0,0.0,0.0,0.0,29.5,0.0
ztxc2RjJlYUpgpqi,15.111363636363635,59,11,90.9090909090909,0.0,0.0,0.0,0.0,0.0,29.5,0.0
ZfIICfPh1tHBcd3P,15.111363636363635,59,11,90.9090909090909,0.0,0.0,0.0,0.0,0.0,29.5,0.0
lstgZJk54jkAhI6N,15.107142857142858,70,15,86.66666666666667,0.0,0.0,0.0,0.0,0.0,35.0,7.142857142857142
Nkxx6syAXvRMdYOP,15.107142857142856,90,14,85.71428571428571,0.0,0.0,0.0,0.0,0.0,45.0,0.0
6U6ZefyJzJu2rHD6,15.1,84,15,86.66666666666667,0.0,0.0,0.0,0.0,0.0,42.0,0.0
ju3TlXfFvOluOdaC,15.1,84,15,86.66666666666667,0.0,0.0,0.0,0.0,0.0,42.0,0.0
5mRM4WLOyqEFXhIm,15.1,64,10,90.0,0.0,0.0,0.0,0.0,0.0,32.0,0.0
h62ysfYeMN2fSmBx,15.093506493506492,44,7,85.71428571428571,0.0,0.0,0.0,0.0,0.0,22.0,22.727272727272727
K2rVcYAxzwUGjpVs,15.086363636363636,58,11,90.9090909090909,0.0,0.0,0.0,0.0,0.0,29.0,0.0
IuScGN56J64MF0Fq,15.086363636363636,58,11,90.9090909090909,0.0,0.0,0.0,0.0,0.0,29.0,0.0
ZmJD8hjNwfsvl5TZ,15.086363636363636,58,11,90.9090909090909,0.0,0.0,0.0,0.0,0.0,29.0,0.0
PcMWlGkaz1BR84DJ,15.085294117647058,74,17,88.23529411764706,0.0,0.0,0.0,0.0,0.0,37.0,0.0
dr2pGIv5Uj33HCe2,15.083333333333332,50,9,88.88888888888889,0.0,0.0,0.0,0.0,0.0,25.0,10.0
SROatAQgQHrNMSiA,15.075,83,15,86.66666666666667,0.0,0.0,0.0,0.0,0.0,41.5,0.0
ZyAi3AlpuSWKy7ax,15.075,63,10,90.0,0.0,0.0,0.0,0.0,0.0,31.5,0.0
XqBPSd9fZO3GcraY,15.061363636363636,57,11,90.9090909090909,0.0,0.0,0.0,0.0,0.0,28.5,0.0
A6kS9NSmmP9Drhw7,15.049999999999999,52,12,91.66666666666666,0.0,0.0,0.0,0.0,0.0,26.0,0.0
qYvuLyRZ64uRXCQz,15.040248226950354,47,9,88.88888888888889,0.0,0.0,0.0,0.0,0.0,23.5,10.638297872340425
vjDpg8ThWDl0lzt6,15.036363636363635,56,11,90.9090909090909,0.0,0.0,0.0,0.0,0.0,28.0,0.0
LSSS7AiWO4XKJ4vV,15.025,61,10,90.0,0.0,0.0,0.0,0.0,0.0,30.5,0.0
2cdfCaDJ98giRTNs,15.024999999999999,51,12,91.66666666666666,0.0,0.0,0.0,0.0,0.0,25.5,0.0
3j3qquw8Bvlnligt,15.013888888888888,45,9,88.88888888888889,0.0,0.0,0.0,0.0,0.0,22.5,11.11111111111111
BHew23WKtXD5SqXD,15.0,60,10,90.0,0.0,0.0,0.0,0.0,0.0,30.0,0.0
CfMMap4JrNOJ00nd,15.0,80,15,86.66666666666667,0.0,0.0,0.0,0.0,0.0,40.0,0.0
GprQFnIiU74KKEpY,14.986363636363635,54,11,90.9090909090909,0.0,0.0,0.0,0.0,0.0,27.0,0.0
D2d30FsScZO7oMjw,14.983333333333333,66,9,88.88888888888889,0.0,0.0,0.0,0.0,0.0,33.0,0.0
7ZzS1VuuCroe8miX,14.982142857142856,85,14,85.71428571428571,0.0,0.0,0.0,0.0,0.0,42.5,0.0
bhgU4jvOaePGz1Oc,14.975,59,10,90.0,0.0,0.0,0.0,0.0,0.0,29.5,0.0
DMqXRRRRo0oWFN21,14.975,59,10,90.0,0.0,0.0,0.0,0.0,0.0,29.5,0.0
v8eBVF8dtvcTvUN0,14.975,59,10,90.0,0.0,0.0,0.0,0.0,0.0,29.5,0.0
sD9kN7kTIsll1TS5,14.95,78,15,86.66666666666667,0.0,0.0,0.0,0.0,0.0,39.0,0.0
JyvxZH143hyDwWNl,14.95,58,10,90.0,0.0,0.0,0.0,0.0,0.0,29.0,0.0
xqVbwYewpUQOgXLV,14.942307692307692,90,13,84.61538461538461,0.0,0.0,0.0,0.0,0.0,45.0,0.0
4Y7jxETx0tbP95Mc,14.941983016983016,77,13,84.61538461538461,0.0,0.0,0.0,0.0,0.0,38.5,6.493506493506494
bGUXJjt8dm0UxR2p,14.936363636363636,52,11,90.9090909090909,0.0,0.0,0.0,0.0,0.0,26.0,0.0
9CvovHkThbE7kJHR,14.933333333333332,64,9,88.88888888888889,0.0,0.0,0.0,0.0,0.0,32.0,0.0
16e55iHtdnopLWLE,14.925,72,16,87.5,0.0,0.0,0.0,0.0,0.0,36.0,0.0
hwnxLDDhdQdhh8vP,14.925,57,10,90.0,0.0,0.0,0.0,0.0,0.0,28.5,0.0
tOjgQGfuqqXFJGLn,14.925,57,10,90.0,0.0,0.0,0.0,0.0,0.0,28.5,0.0
oyyigbmH36GRA0jM,14.907142857142857,82,14,85.71428571428571,0.0,0.0,0.0,0.0,0.0,41.0,0.0
XVYxdHAl2IA6Iuys,14.905277185501065,67,14,85.71428571428571,0.0,0.0,0.0,0.0,0.0,33.5,7.462686567164179
3yxEhv5zWT2to5H3,14.9,56,10,90.0,0.0,0.0,0.0,0.0,0.0,28.0,0.0
itLBG9PWwtL4IXjj,14.9,76,15,86.66666666666667,0.0,0.0,0.0,0.0,0.0,38.0,0.0
HjhxtxtsFbYjjYLA,14.9,76,15,86.66666666666667,0.0,0.0,0.0,0.0,0.0,38.0,0.0
P6MbinkagywgMHJ7,14.9,56,10,90.0,0.0,0.0,0.0,0.0,0.0,28.0,0.0
UUwipoTjKC1a1rKP,14.9,56,10,90.0,0.0,0.0,0.0,0.0,0.0,28.0,0.0
BuakYrLhzYpacLYS,14.882142857142856,81,14,85.71428571428571,0.0,0.0,0.0,0.0,0.0,40.5,0.0
HggUoIymmHQpKO8l,14.882142857142856,81,14,85.71428571428571,0.0,0.0,0.0,0.0,0.0,40.5,0.0
iPWmH2tQy1KNdWRR,14.875,55,10,90.0,0.0,0.0,0.0,0.0,0.0,27.5,0.0
vu0p8xQzyNdw3vZg,14.875,75,15,86.66666666666667,0.0,0.0,0.0,0.0,0.0,37.5,0.0
LlyOzwnUyTh9VNEP,14.875,55,10,90.0,0.0,0.0,0.0,0.0,0.0,27.5,0.0
MTpqQiES1gUIzz9V,14.875,55,10,90.0,0.0,0.0,0.0,0.0,0.0,27.5,0.0
EoHQ7byDN8KyDQoy,14.861363636363635,49,11,90.9090909090909,0.0,0.0,0.0,0.0,0.0,24.5,0.0
Clt9zeMgR0MX0yuF,14.857142857142856,80,14,85.71428571428571,0.0,0.0,0.0,0.0,0.0,40.0,0.0
CfUGhlXL85SIizAu,14.857142857142856,80,14,85.71428571428571,0.0,0.0,0.0,0.0,0.0,40.0,0.0
szL6TXahFyngWMfK,14.85011737089202,71,18,77.77777777777779,0.0,0.0,0.0,0.0,0.0,35.5,28.169014084507044
q69wZ5I5ZGaTWLEh,14.85,54,10,90.0,0.0,0.0,0.0,0.0,0.0,27.0,0.0
URtapn2aqxr6qe8b,14.85,54,10,90.0,0.0,0.0,0.0,0.0,0.0,27.0,0.0
QckoVZX9xGNnDDXh,14.839529914529914,72,13,84.61538461538461,0.0,0.0,0.0,0.0,0.0,36.0,6.944444444444444
D5XSEvJceRvI0r7B,14.833333333333332,60,9,88.88888888888889,0.0,0.0,0.0,0.0,0.0,30.0,0.0
ZrwZjN15lBC381BN,14.825,53,10,90.0,0.0,0.0,0.0,0.0,0.0,26.5,0.0
kdmH1TvLprYcf1xn,14.825,68,16,87.5,0.0,0.0,0.0,0.0,0.0,34.0,0.0
bVsOqm5fH2TmPtpB,14.808333333333332,59,9,88.88888888888889,0.0,0.0,0.0,0.0,0.0,29.5,0.0
2e51ZE8RxlaRFRgz,14.807142857142857,78,14,85.71428571428571,0.0,0.0,0.0,0.0,0.0,39.0,0.0
dGNYoOwfTS34omVW,14.8,52,10,90.0,0.0,0.0,0.0,0.0,0.0,26.0,0.0
b3x2DXQwUBnNJ468,14.8,72,15,86.66666666666667,0.0,0.0,0.0,0.0,0.0,36.0,0.0
NlKMdDkiTAENrcBQ,14.783333333333331,58,9,88.88888888888889,0.0,0.0,0.0,0.0,0.0,29.0,0.0
7AjOpUt60TfQMKRy,14.775,66,16,87.5,0.0,0.0,0.0,0.0,0.0,33.0,0.0
E2wmO30KzCnDNqIC,14.775,71,15,86.66666666666667,0.0,0.0,0.0,0.0,0.0,35.5,0.0
YVsAxBXQPxmeEdGF,14.775,51,10,90.0,0.0,0.0,0.0,0.0,0.0,25.5,0.0
YkA0wZ0PXB9vlKo6,14.775,51,10,90.0,0.0,0.0,0.0,0.0,0.0,25.5,0.0
FHXdHOGWUA6TTWBW,14.775,51,10,90.0,0.0,0.0,0.0,0.0,0.0,25.5,0.0
Di5Y120oFRllvWLn,14.775,51,10,90.0,0.0,0.0,0.0,0.0,0.0,25.5,0.0
EZAP4ZkhiSUd82kg,14.767307692307693,83,13,84.61538461538461,0.0,0.0,0.0,0.0,0.0,41.5,0.0
R41U5iE6Fh4ACceq,14.767307692307693,83,13,84.61538461538461,0.0,0.0,0.0,0.0,0.0,41.5,0.0
d75t4snl0VFahJwe,14.757142857142856,76,14,85.71428571428571,0.0,0.0,0.0,0.0,0.0,38.0,0.0
GViYjblidreaAs5K,14.75,50,10,90.0,0.0,0.0,0.0,0.0,0.0,25.0,0.0
ViUcPo6dyL1x8eBu,14.75,50,10,90.0,0.0,0.0,0.0,0.0,0.0,25.0,0.0
kqDffZCJGERWXwaU,14.733333333333333,56,9,88.88888888888889,0.0,0.0,0.0,0.0,0.0,28.0,0.0
8SW0pxCNRQ3EGAQm,14.732142857142856,75,14,85.71428571428571,0.0,0.0,0.0,0.0,0.0,37.5,0.0
0Wg9ew4uHl2l8eJh,14.725,49,10,90.0,0.0,0.0,0.0,0.0,0.0,24.5,0.0
ydadQfY9Y0hQXVdf,14.708333333333332,55,9,88.88888888888889,0.0,0.0,0.0,0.0,0.0,27.5,0.0
540y3NCvDv2YxqzY,14.708333333333332,55,9,88.88888888888889,0.0,0.0,0.0,0.0,0.0,27.5,0.0
HsbgVBOEDYzLjSS3,14.708333333333332,55,9,88.88888888888889,0.0,0.0,0.0,0.0,0.0,27.5,0.0
9Vg8WnOnqQfkplJe,14.702941176470587,94,17,82.35294117647058,0.0,0.0,0.0,0.0,0.0,47.0,0.0
qTlaVvYsKRWmlN2O,14.700000000000003,88,18,83.33333333333334,0.0,0.0,0.0,0.0,0.0,44.0,0.0
U8LVwQbftmErP3VG,14.7,68,15,86.66666666666667,0.0,0.0,0.0,0.0,0.0,34.0,0.0
S40LubLi0Kf10HsG,14.7,48,10,90.0,0.0,0.0,0.0,0.0,0.0,24.0,0.0
KdoYyoQH98xErmoM,14.683333333333332,54,9,88.88888888888889,0.0,0.0,0.0,0.0,0.0,27.0,0.0
MpDLqM2NKu23k7lu,14.683333333333332,54,9,88.88888888888889,0.0,0.0,0.0,0.0,0.0,27.0,0.0
pcV8GSjK9kOqOJiG,14.683333333333332,54,9,88.88888888888889,0.0,0.0,0.0,0.0,0.0,27.0,0.0
gi3c1BbSkeiG3H6y,14.682142857142857,73,14,85.71428571428571,0.0,0.0,0.0,0.0,0.0,36.5,0.0
J3JjhcaKMzIJ8ftn,14.68157894736842,82,19,84.21052631578947,0.0,0.0,0.0,0.0,0.0,41.0,0.0
2JudIfOqm6l1lTKG,14.675,47,10,90.0,0.0,0.0,0.0,0.0,0.0,23.5,0.0
0MyuuckTr7Vk5Tf2,14.675,47,10,90.0,0.0,0.0,0.0,0.0,0.0,23.5,0.0
98elRyfqNSOYMnQz,14.66413308913309,63,13,84.61538461538461,0.0,0.0,0.0,0.0,0.0,31.5,7.936507936507936
cdnL2nqtNcDBME5k,14.658333333333331,53,9,88.88888888888889,0.0,0.0,0.0,0.0,0.0,26.5,0.0
eHKaNPkCwUnOVj6A,14.650000000000002,86,18,83.33333333333334,0.0,0.0,0.0,0.0,0.0,43.0,0.0
ORKkWTLEdtXunH9B,14.65,46,10,90.0,0.0,0.0,0.0,0.0,0.0,23.0,0.0
8vVrwu3hnNXh5K9A,14.633333333333333,52,9,88.88888888888889,0.0,0.0,0.0,0.0,0.0,26.0,0.0
xCVjCMXcQ7GXmXnU,14.632142857142856,71,14,85.71428571428571,0.0,0.0,0.0,0.0,0.0,35.5,0.0
pNQq47BRKT35Otn8,14.632142857142856,71,14,85.71428571428571,0.0,0.0,0.0,0.0,0.0,35.5,0.0
Z5MPAtF8kAHQt2VF,14.627143757881463,61,13,84.61538461538461,0.0,0.0,0.0,0.0,0.0,30.5,8.196721311475411
bE4V6crlP4ow56DX,14.625,45,10,90.0,0.0,0.0,0.0,0.0,0.0,22.5,0.0
AYjbsqpNC6pxLRPD,14.617307692307692,77,13,84.61538461538461,0.0,0.0,0.0,0.0,0.0,38.5,0.0
GmFC4yErKMBfWBZx,14.617307692307692,77,13,84.61538461538461,0.0,0.0,0.0,0.0,0.0,38.5,0.0
PPlOCYPiazmOtuKf,14.617307692307692,77,13,84.61538461538461,0.0,0.0,0.0,0.0,0.0,38.5,0.0
rZvzuCiBEzxRrfXM,14.608333333333333,51,9,88.88888888888889,0.0,0.0,0.0,0.0,0.0,25.5,0.0
fufQMJPxSqvGjWK9,14.6,64,15,86.66666666666667,0.0,0.0,0.0,0.0,0.0,32.0,0.0
92J6T9Y27xbF66Sg,14.583333333333332,50,9,88.88888888888889,0.0,0.0,0.0,0.0,0.0,25.0,0.0
k9icK383XZqcQd80,14.583333333333332,50,9,88.88888888888889,0.0,0.0,0.0,0.0,0.0,25.0,0.0
nWx0gk0IqY3Jny2M,14.57797619047619,48,7,85.71428571428571,0.0,0.0,0.0,0.0,0.0,24.0,10.416666666666666
NU5Mv17Kc03bfc8P,14.577941176470587,89,17,82.35294117647058,0.0,0.0,0.0,0.0,0.0,44.5,0.0
xhn3NVSh4HOrfGbw,14.575,58,8,87.5,0.0,0.0,0.0,0.0,0.0,29.0,0.0
W7hYYAfRyLnR9AZl,14.575,43,10,90.0,0.0,0.0,0.0,0.0,0.0,21.5,0.0
VR9YIJM42zELiqaR,14.567307692307692,75,13,84.61538461538461,0.0,0.0,0.0,0.0,0.0,37.5,0.0
vRMEm8wGy9E31061,14.558333333333332,49,9,88.88888888888889,0.0,0.0,0.0,0.0,0.0,24.5,0.0
Z3ZqVvHCPVyyNq0L,14.558333333333332,49,9,88.88888888888889,0.0,0.0,0.0,0.0,0.0,24.5,0.0
efq7cSV2UsiHIA8V,14.557142857142857,68,14,85.71428571428571,0.0,0.0,0.0,0.0,0.0,34.0,0.0
VV5UwnA5P2GjkloN,14.550000000000002,82,18,83.33333333333334,0.0,0.0,0.0,0.0,0.0,41.0,0.0
UYYE0ehKB9Urjfui,14.542307692307691,74,13,84.61538461538461,0.0,0.0,0.0,0.0,0.0,37.0,0.0
K5PARWBu0ummdZFF,14.542307692307691,74,13,84.61538461538461,0.0,0.0,0.0,0.0,0.0,37.0,0.0
t6eMEwn0Ed8Rd2Bp,14.533333333333331,48,9,88.88888888888889,0.0,0.0,0.0,0.0,0.0,24.0,0.0
KeBbN1eften1hL5W,14.532142857142857,67,14,85.71428571428571,0.0,0.0,0.0,0.0,0.0,33.5,0.0
kKpK12yR5IvyWViY,14.527941176470588,87,17,82.35294117647058,0.0,0.0,0.0,0.0,0.0,43.5,0.0
G27BsuyuWl9jc08V,14.517307692307693,73,13,84.61538461538461,0.0,0.0,0.0,0.0,0.0,36.5,0.0
n38Ncug2Vch791eW,14.508333333333333,47,9,88.88888888888889,0.0,0.0,0.0,0.0,0.0,23.5,0.0
G0mct83aOEEU5VUx,14.508333333333333,47,9,88.88888888888889,0.0,0.0,0.0,0.0,0.0,23.5,0.0
NrkJehwID4U6zvcK,14.508333333333333,47,9,88.88888888888889,0.0,0.0,0.0,0.0,0.0,23.5,0.0
l2jg81lYexVsGQ64,14.507142857142856,66,14,85.71428571428571,0.0,0.0,0.0,0.0,0.0,33.0,0.0
t69q7vZgYrY7nBFW,14.482142857142856,65,14,85.71428571428571,0.0,0.0,0.0,0.0,0.0,32.5,0.0
CT24XlGj00CbNc7I,14.467307692307692,71,13,84.61538461538461,0.0,0.0,0.0,0.0,0.0,35.5,0.0
R8xqGDtHEcvzyjob,14.458333333333332,45,9,88.88888888888889,0.0,0.0,0.0,0.0,0.0,22.5,0.0
scTZGPheD0mbRyKY,14.458333333333332,45,9,88.88888888888889,0.0,0.0,0.0,0.0,0.0,22.5,0.0
dhyxDNcxxlPJTeJT,14.450000000000003,78,12,83.33333333333334,0.0,0.0,0.0,0.0,0.0,39.0,0.0
6btTkYqcWUjvvvs6,14.45,53,8,87.5,0.0,0.0,0.0,0.0,0.0,26.5,0.0
IriYg7VRBnc5QKda,14.442307692307692,70,13,84.61538461538461,0.0,0.0,0.0,0.0,0.0,35.0,0.0
noLFawSfL4xG51kz,14.442307692307692,70,13,84.61538461538461,0.0,0.0,0.0,0.0,0.0,35.0,0.0
gwDKldJlQpYByf1T,14.425,52,8,87.5,0.0,0.0,0.0,0.0,0.0,26.0,0.0
vPp8Ebgi7VUqkQsQ,14.417307692307691,69,13,84.61538461538461,0.0,0.0,0.0,0.0,0.0,34.5,0.0
Na07mYk5z0FgrLsN,14.417307692307691,69,13,84.61538461538461,0.0,0.0,0.0,0.0,0.0,34.5,0.0
P9tEpZZRztDeSdkC,14.4125,89,16,81.25,0.0,0.0,0.0,0.0,0.0,44.5,0.0
0U9WVefldiEnb11P,14.408333333333331,43,9,88.88888888888889,0.0,0.0,0.0,0.0,0.0,21.5,0.0
4yZREsb0Y9YSvnyi,14.408333333333331,43,9,88.88888888888889,0.0,0.0,0.0,0.0,0.0,21.5,0.0
9ysnosQHeDdxHaku,14.400000000000002,76,12,83.33333333333334,0.0,0.0,0.0,0.0,0.0,38.0,0.0
kjguwKWzp6RCsnKR,14.4,51,8,87.5,0.0,0.0,0.0,0.0,0.0,25.5,0.0
cwheEfBRUdo1MIWX,14.367307692307692,67,13,84.61538461538461,0.0,0.0,0.0,0.0,0.0,33.5,0.0
P860HlkSqTCpfiAe,14.367307692307692,67,13,84.61538461538461,0.0,0.0,0.0,0.0,0.0,33.5,0.0
qHW40pv36jAHdz3r,14.367307692307692,67,13,84.61538461538461,0.0,0.0,0.0,0.0,0.0,33.5,0.0
PM9Cego1hxZWSAZH,14.358333333333333,41,9,88.88888888888889,0.0,0.0,0.0,0.0,0.0,20.5,0.0
cUWIqCRu02vxCRFp,14.358333333333333,41,9,88.88888888888889,0.0,0.0,0.0,0.0,0.0,20.5,0.0
0VMuvk9KBpJzmNPz,14.350000000000001,74,12,83.33333333333334,0.0,0.0,0.0,0.0,0.0,37.0,0.0
qtU33cLzD1yjt6jJ,14.35,49,8,87.5,0.0,0.0,0.0,0.0,0.0,24.5,0.0
1v5WO5CWYR9Ysgf6,14.35,49,8,87.5,0.0,0.0,0.0,0.0,0.0,24.5,0.0
h27paD3ripxXTLhr,14.342307692307692,66,13,84.61538461538461,0.0,0.0,0.0,0.0,0.0,33.0,0.0
ujq1PJepvpFy4rkN,14.342307692307692,66,13,84.61538461538461,0.0,0.0,0.0,0.0,0.0,33.0,0.0
vpZXxoDuVhSpCU94,14.325000000000003,73,12,83.33333333333334,0.0,0.0,0.0,0.0,0.0,36.5,0.0
Gfj5aLLxRPDyuClG,14.325000000000003,73,12,83.33333333333334,0.0,0.0,0.0,0.0,0.0,36.5,0.0
xvJpYswwN9v41x7B,14.325,48,8,87.5,0.0,0.0,0.0,0.0,0.0,24.0,0.0
2tqVGDygRZva0TWs,14.325,48,8,87.5,0.0,0.0,0.0,0.0,0.0,24.0,0.0
VukuiT4GWGIQZzty,14.325,48,8,87.5,0.0,0.0,0.0,0.0,0.0,24.0,0.0
Ep7XOjODFkBXrIPI,14.317307692307692,65,13,84.61538461538461,0.0,0.0,0.0,0.0,0.0,32.5,0.0
YYLWa2J8KZyrX9Ly,14.3,47,8,87.5,0.0,0.0,0.0,0.0,0.0,23.5,0.0
CqDTg3xidpufOKfK,14.3,47,8,87.5,0.0,0.0,0.0,0.0,0.0,23.5,0.0
ZBVJjAhegVsDy75k,14.29669811320755,53,12,83.33333333333334,0.0,0.0,0.0,0.0,0.0,26.5,9.433962264150942
O6zqyg55jSb4NBhC,14.292307692307691,64,13,84.61538461538461,0.0,0.0,0.0,0.0,0.0,32.0,0.0
d0GDhxyZqWPEIPWo,14.292307692307691,64,13,84.61538461538461,0.0,0.0,0.0,0.0,0.0,32.0,0.0
XKlA6epXFRg4vbsR,14.277941176470588,77,17,82.35294117647058,0.0,0.0,0.0,0.0,0.0,38.5,0.0
frwEdBu7SI5SBXGB,14.275,46,8,87.5,0.0,0.0,0.0,0.0,0.0,23.0,0.0
mRU6i096dnfQaBzz,14.275,46,8,87.5,0.0,0.0,0.0,0.0,0.0,23.0,0.0
d9LxBmleE1sPcbTo,14.267307692307693,63,13,84.61538461538461,0.0,0.0,0.0,0.0,0.0,31.5,0.0
ZOu2b2QOtKii1hSD,14.267307692307693,63,13,84.61538461538461,0.0,0.0,0.0,0.0,0.0,31.5,0.0
ZiZWgpelxejKZpXf,14.250000000000002,70,12,83.33333333333334,0.0,0.0,0.0,0.0,0.0,35.0,0.0
DX6jCOyJkMCWug7r,14.250000000000002,70,12,83.33333333333334,0.0,0.0,0.0,0.0,0.0,35.0,0.0
dAzOx3yB1d21xbwN,14.25,45,8,87.5,0.0,0.0,0.0,0.0,0.0,22.5,0.0
UQdAdYYp7KH2edCK,14.25,45,8,87.5,0.0,0.0,0.0,0.0,0.0,22.5,0.0
5RbF9LQzXtURcpOO,14.225,44,8,87.5,0.0,0.0,0.0,0.0,0.0,22.0,0.0
nyXJ7Vqx9CC9zaUc,14.2125,81,16,81.25,0.0,0.0,0.0,0.0,0.0,40.5,0.0
sKmByvnIaQlDP4QZ,14.200000000000003,68,12,83.33333333333334,0.0,0.0,0.0,0.0,0.0,34.0,0.0
IVK2rYz13o38mI95,14.200000000000003,68,12,83.33333333333334,0.0,0.0,0.0,0.0,0.0,34.0,0.0
ntJ8UoHMouQQM6xP,14.200000000000003,68,12,83.33333333333334,0.0,0.0,0.0,0.0,0.0,34.0,0.0
DMkCJDyC8I0kpzaO,14.2,43,8,87.5,0.0,0.0,0.0,0.0,0.0,21.5,0.0
aqypCWr9vtLUKaqP,14.2,88,15,80.0,0.0,0.0,0.0,0.0,0.0,44.0,0.0
PsbTrCQPwccc31tv,14.192307692307692,60,13,84.61538461538461,0.0,0.0,0.0,0.0,0.0,30.0,0.0
XHjtzIvq24L5kUFQ,14.192307692307692,60,13,84.61538461538461,0.0,0.0,0.0,0.0,0.0,30.0,0.0
7GXQHqiSuL9LwLN1,14.177941176470586,73,17,82.35294117647058,0.0,0.0,0.0,0.0,0.0,36.5,0.0
4hlCUmUgFT3sRU3Q,14.175,42,8,87.5,0.0,0.0,0.0,0.0,0.0,21.0,0.0
pROMG7Hq8r8jDJKw,14.175,42,8,87.5,0.0,0.0,0.0,0.0,0.0,21.0,0.0
IoiXeRbPkMfAR40R,14.150000000000002,66,12,83.33333333333334,0.0,0.0,0.0,0.0,0.0,33.0,0.0
Slh3EWcEut52Hwms,14.150000000000002,66,12,83.33333333333334,0.0,0.0,0.0,0.0,0.0,33.0,0.0
JY0OpAyLZUqNHpwL,14.15,41,8,87.5,0.0,0.0,0.0,0.0,0.0,20.5,0.0
2G5R0gi9WYA6dr3P,14.15,86,15,80.0,0.0,0.0,0.0,0.0,0.0,43.0,0.0
x9hcmQJIaiFnaqjF,14.125000000000002,65,12,83.33333333333334,0.0,0.0,0.0,0.0,0.0,32.5,0.0
UpNwJuTRuJuklLQt,14.125000000000002,65,12,83.33333333333334,0.0,0.0,0.0,0.0,0.0,32.5,0.0
ZKDmqs25MncvoFGI,14.125000000000002,65,12,83.33333333333334,0.0,0.0,0.0,0.0,0.0,32.5,0.0
hBYdzQXYqQ2VqZLc,14.082142857142856,49,7,85.71428571428571,0.0,0.0,0.0,0.0,0.0,24.5,0.0
2Am6SzvKFlFzDBHF,14.082142857142856,49,7,85.71428571428571,0.0,0.0,0.0,0.0,0.0,24.5,0.0
2dGWTiQjCCXvtCX1,14.057142857142857,48,7,85.71428571428571,0.0,0.0,0.0,0.0,0.0,24.0,0.0
umLHe043IINRc1CV,14.050000000000002,62,12,83.33333333333334,0.0,0.0,0.0,0.0,0.0,31.0,0.0
DsvZ7m0DhsCp91jc,14.032142857142857,47,7,85.71428571428571,0.0,0.0,0.0,0.0,0.0,23.5,0.0
Pr1jVL1Oky1SswWz,14.025000000000002,61,12,83.33333333333334,0.0,0.0,0.0,0.0,0.0,30.5,0.0
lVZvveUUn17Y9rXs,14.025000000000002,61,12,83.33333333333334,0.0,0.0,0.0,0.0,0.0,30.5,0.0
JclfPGRJ7NobyoWw,14.025000000000002,61,12,83.33333333333334,0.0,0.0,0.0,0.0,0.0,30.5,0.0
hGPvLBjOUzpchpzF,13.994047619047619,75,14,78.57142857142857,0.0,0.0,0.0,0.0,0.0,37.5,6.666666666666667
6EtdIS453FF3iecC,13.982142857142856,45,7,85.71428571428571,0.0,0.0,0.0,0.0,0.0,22.5,0.0
VA3my5oeELFd4Bjn,13.975,79,15,80.0,0.0,0.0,0.0,0.0,0.0,39.5,0.0
dgzOvMMwo7daS7RB,13.947727272727274,67,11,81.81818181818183,0.0,0.0,0.0,0.0,0.0,33.5,0.0
rh8o7bdCGOIBFPwH,13.882142857142856,41,7,85.71428571428571,0.0,0.0,0.0,0.0,0.0,20.5,0.0
Pl11tq5T0vtV08Eu,13.882142857142856,41,7,85.71428571428571,0.0,0.0,0.0,0.0,0.0,20.5,0.0
cQKL6J1nK2FzODpH,13.875000000000002,55,12,83.33333333333334,0.0,0.0,0.0,0.0,0.0,27.5,0.0
mWB9qX6WUwGTFOSx,13.875,75,15,80.0,0.0,0.0,0.0,0.0,0.0,37.5,0.0
3sJrMg5dku8WylwZ,13.875,75,15,80.0,0.0,0.0,0.0,0.0,0.0,37.5,0.0
LYB29huEpJvuVW63,13.872727272727273,64,11,81.81818181818183,0.0,0.0,0.0,0.0,0.0,32.0,0.0
lU0igyQMM4uG4yAM,13.860714285714284,83,14,78.57142857142857,0.0,0.0,0.0,0.0,0.0,41.5,0.0
fWKWQl9cjSv1NV1L,13.847727272727273,63,11,81.81818181818183,0.0,0.0,0.0,0.0,0.0,31.5,0.0
QjQCogGz9JXVnTci,13.822727272727274,62,11,81.81818181818183,0.0,0.0,0.0,0.0,0.0,31.0,0.0
Xo1u0E3cUeCb9pAm,13.822727272727274,62,11,81.81818181818183,0.0,0.0,0.0,0.0,0.0,31.0,0.0
Mc4BVuMqbfo9R13K,13.820588235294117,94,17,76.47058823529412,0.0,0.0,0.0,0.0,0.0,47.0,0.0
yatSlFGxSFYZgWdp,13.812962962962963,54,10,80.0,0.0,0.0,0.0,0.0,0.0,27.0,9.25925925925926
fKKE01yCwLVTHmQm,13.772727272727273,60,11,81.81818181818183,0.0,0.0,0.0,0.0,0.0,30.0,0.0
MBfj9Lon0ieWmrKw,13.750000000000002,50,12,83.33333333333334,0.0,0.0,0.0,0.0,0.0,25.0,0.0
dG5rP4H7lSaCkEej,13.738940092165898,62,14,78.57142857142857,0.0,0.0,0.0,0.0,0.0,31.0,8.064516129032258
7K3SIt6JQtg5zW7c,13.725,69,10,80.0,0.0,0.0,0.0,0.0,0.0,34.5,0.0
WuDkRr2vbcWaXbXQ,13.725,69,15,80.0,0.0,0.0,0.0,0.0,0.0,34.5,0.0
z1uffJgR4uGnV9CY,13.722727272727273,58,11,81.81818181818183,0.0,0.0,0.0,0.0,0.0,29.0,0.0
Td1i9ewd7Pgn4q12,13.678571428571429,90,21,76.19047619047619,0.0,0.0,0.0,0.0,0.0,45.0,0.0
ssS7mS2JzgiuWYL3,13.660714285714285,75,14,78.57142857142857,0.0,0.0,0.0,0.0,0.0,37.5,0.0
XjuCV0kFpO8tT04A,13.659756097560974,82,15,73.33333333333333,0.0,0.0,0.0,0.0,0.0,41.0,12.195121951219512
VYwKACuCFMM2fgRm,13.622727272727273,54,11,81.81818181818183,0.0,0.0,0.0,0.0,0.0,27.0,0.0
eiYnMIfIKoNDPOZk,13.600000000000001,44,6,83.33333333333334,0.0,0.0,0.0,0.0,0.0,22.0,0.0
XUnCsc8YYR2xf55m,13.597727272727273,53,11,81.81818181818183,0.0,0.0,0.0,0.0,0.0,26.5,0.0
cntBfvyPlBjstyR0,13.585714285714285,72,14,78.57142857142857,0.0,0.0,0.0,0.0,0.0,36.0,0.0
JU0SngC9joWB43Oz,13.572727272727274,52,11,81.81818181818183,0.0,0.0,0.0,0.0,0.0,26.0,0.0
F3keWFupvrdGoJPy,13.545588235294119,83,17,76.47058823529412,0.0,0.0,0.0,0.0,0.0,41.5,0.0
9uFuM4Im0ZPm97MM,13.535714285714285,70,14,78.57142857142857,0.0,0.0,0.0,0.0,0.0,35.0,0.0
XDODdFdx2bCbNx8P,13.530263157894739,57,9,77.77777777777779,0.0,0.0,0.0,0.0,0.0,28.5,8.771929824561402
spkBD9q4ItBrOoeX,13.525000000000002,41,6,83.33333333333334,0.0,0.0,0.0,0.0,0.0,20.5,0.0
FKOPnbAgZILi4d5a,13.5,60,10,80.0,0.0,0.0,0.0,0.0,0.0,30.0,0.0
SXsuy7Issi0yomn0,13.497727272727273,49,11,81.81818181818183,0.0,0.0,0.0,0.0,0.0,24.5,0.0
T166DhJU0j1gO2Ik,13.497727272727273,49,11,81.81818181818183,0.0,0.0,0.0,0.0,0.0,24.5,0.0
XBolZ9SHDdJp62hD,13.45909090909091,102,22,72.72727272727273,0.0,0.0,0.0,0.0,0.0,51.0,0.0
A9JDzttIQWBFztKC,13.435714285714285,66,14,78.57142857142857,0.0,0.0,0.0,0.0,0.0,33.0,0.0
Whswh4mCrQ4aXiIP,13.43186274509804,51,9,77.77777777777779,0.0,0.0,0.0,0.0,0.0,25.5,9.803921568627452
xLZXpQJXY7LBCzRp,13.425,57,10,80.0,0.0,0.0,0.0,0.0,0.0,28.5,0.0
WcfzyyJEdOaSkfF2,13.425,87,16,75.0,0.0,0.0,0.0,0.0,0.0,43.5,0.0
o7KX7MePvy6TVVUy,13.41346153846154,75,13,76.92307692307693,0.0,0.0,0.0,0.0,0.0,37.5,0.0
2S5gUysMmTj3H4KY,13.41346153846154,75,13,76.92307692307693,0.0,0.0,0.0,0.0,0.0,37.5,0.0
ModMWfT9r71Od6gR,13.4,56,10,80.0,0.0,0.0,0.0,0.0,0.0,28.0,0.0
iS3ipjTu1pW1RzFj,13.4,86,16,75.0,0.0,0.0,0.0,0.0,0.0,43.0,0.0
1edBIb3eCD44Wb6n,13.385714285714284,64,14,78.57142857142857,0.0,0.0,0.0,0.0,0.0,32.0,0.0
LMNgUceV6w8C6AOC,13.36346153846154,73,13,76.92307692307693,0.0,0.0,0.0,0.0,0.0,36.5,0.0
JRHlvie8k6QHTIyB,13.325,53,10,80.0,0.0,0.0,0.0,0.0,0.0,26.5,0.0
nNMe9jKOFgZajX3t,13.320588235294117,74,17,76.47058823529412,0.0,0.0,0.0,0.0,0.0,37.0,0.0
uNFOlWymq2TFwvZC,13.31346153846154,71,13,76.92307692307693,0.0,0.0,0.0,0.0,0.0,35.5,0.0
QrEjY256VfDhW7ks,13.277741702741704,63,11,72.72727272727273,0.0,0.0,0.0,0.0,0.0,31.5,15.873015873015872
PWwZ5CUmbSywUiq5,13.275,81,16,75.0,0.0,0.0,0.0,0.0,0.0,40.5,0.0
LeHp1iS2EbcdrzAB,13.259615384615385,65,12,75.0,0.0,0.0,0.0,0.0,0.0,32.5,7.6923076923076925
Aoii3sHP85gvuq83,13.23846153846154,68,13,76.92307692307693,0.0,0.0,0.0,0.0,0.0,34.0,0.0
PC5P9rdb2TxNFxXH,13.2,48,10,80.0,0.0,0.0,0.0,0.0,0.0,24.0,0.0
nifBSWYhebXEWBcm,13.2,78,16,75.0,0.0,0.0,0.0,0.0,0.0,39.0,0.0
Pbsmeb3Zo18HPvAL,13.2,78,16,75.0,0.0,0.0,0.0,0.0,0.0,39.0,0.0
2fgffYVajIBF5f7Y,13.195588235294117,69,17,76.47058823529412,0.0,0.0,0.0,0.0,0.0,34.5,0.0
hocBeaMWj54igzJL,13.175,47,10,80.0,0.0,0.0,0.0,0.0,0.0,23.5,0.0
yhc6bG1OMQ3J6ZRE,13.145588235294118,67,17,76.47058823529412,0.0,0.0,0.0,0.0,0.0,33.5,0.0
jnnZVmVPaxU2KgRY,13.125,75,12,75.0,0.0,0.0,0.0,0.0,0.0,37.5,0.0
fHfmC6iWjLVmHVat,13.041666666666668,55,9,77.77777777777779,0.0,0.0,0.0,0.0,0.0,27.5,0.0
A7McwOcQLyvzWJIW,13.041666666666668,55,9,77.77777777777779,0.0,0.0,0.0,0.0,0.0,27.5,0.0
Gg5opb7EorvpO51R,13.041666666666668,55,9,77.77777777777779,0.0,0.0,0.0,0.0,0.0,27.5,0.0
qQqHhFR48D8OpOA2,13.016666666666667,54,9,77.77777777777779,0.0,0.0,0.0,0.0,0.0,27.0,0.0
e6T87shXCg58XyvE,13.01346153846154,59,13,76.92307692307693,0.0,0.0,0.0,0.0,0.0,29.5,0.0
VO21eVMkK6yYPNjh,12.98268194070081,53,14,71.42857142857143,0.0,0.0,0.0,0.0,0.0,26.5,18.867924528301884
sqmcbNfd8MQ51n8M,12.974999999999998,79,15,73.33333333333333,0.0,0.0,0.0,0.0,0.0,39.5,0.0
jVMxaEAPES1eOAl9,12.96346153846154,57,13,76.92307692307693,0.0,0.0,0.0,0.0,0.0,28.5,0.0
r5IlXVv2xrql7HzD,12.95,68,12,75.0,0.0,0.0,0.0,0.0,0.0,34.0,0.0
114nzU7XAM7nmiFB,12.941666666666668,51,9,77.77777777777779,0.0,0.0,0.0,0.0,0.0,25.5,0.0
vVL7mV8hKxi2u9yK,12.874999999999998,75,15,73.33333333333333,0.0,0.0,0.0,0.0,0.0,37.5,0.0
wWcnh1oLkGctIX80,12.775,61,12,75.0,0.0,0.0,0.0,0.0,0.0,30.5,0.0
ExXxCyDlMNehTvsL,12.725,59,12,75.0,0.0,0.0,0.0,0.0,0.0,29.5,0.0
4IKJm3QZcvEtQ0IJ,12.723901098901099,65,14,71.42857142857143,0.0,0.0,0.0,0.0,0.0,32.5,7.6923076923076925
vVaj1wCJFcRV0ZMc,12.716666666666669,42,9,77.77777777777779,0.0,0.0,0.0,0.0,0.0,21.0,0.0
LdOlQ8KSXjoYotv2,12.649999999999999,66,15,73.33333333333333,0.0,0.0,0.0,0.0,0.0,33.0,0.0
EHBoK6f9thISpuLc,12.6,54,8,75.0,0.0,0.0,0.0,0.0,0.0,27.0,0.0
KUMdqR0AcbHlSV0p,12.575,53,12,75.0,0.0,0.0,0.0,0.0,0.0,26.5,0.0
25u5Tk5LU8xHa8Qz,12.514285714285714,72,14,71.42857142857143,0.0,0.0,0.0,0.0,0.0,36.0,0.0
hzLcYyMQWyJw2Dqz,12.314285714285713,64,14,71.42857142857143,0.0,0.0,0.0,0.0,0.0,32.0,0.0
WyjGNFSmwgHMZykj,12.28409090909091,55,11,72.72727272727273,0.0,0.0,0.0,0.0,0.0,27.5,0.0
S2YPlHHC25tUevTL,12.26153846153846,52,12,66.66666666666666,0.0,0.0,0.0,0.0,0.0,26.0,19.230769230769234
tV9UoqZGTxEemnMX,12.20909090909091,52,11,72.72727272727273,0.0,0.0,0.0,0.0,0.0,26.0,0.0
NIVZ19ou1tg6UfOz,12.159615384615384,71,13,69.23076923076923,0.0,0.0,0.0,0.0,0.0,35.5,0.0
bFdTs3v5xMsJ1tKS,12.10909090909091,48,11,72.72727272727273,0.0,0.0,0.0,0.0,0.0,24.0,0.0
Afo16hD8hP1jF7Ts,12.1,94,20,65.0,0.0,0.0,0.0,0.0,0.0,47.0,0.0
0F76zYMHFOoPemDL,12.059615384615384,67,13,69.23076923076923,0.0,0.0,0.0,0.0,0.0,33.5,0.0
IzB9V7t2TzLnBvy4,11.934615384615384,62,13,69.23076923076923,0.0,0.0,0.0,0.0,0.0,31.0,0.0
yEPSBtKigueT63YI,11.874999999999998,75,15,66.66666666666666,0.0,0.0,0.0,0.0,0.0,37.5,0.0
qUcGBXZxZslspUJl,11.834615384615383,58,13,69.23076923076923,0.0,0.0,0.0,0.0,0.0,29.0,0.0
S7HFCNO6W96psFjs,11.825,53,10,70.0,0.0,0.0,0.0,0.0,0.0,26.5,0.0
WYhUkxAQvj6pYEnq,11.799999999999999,72,15,66.66666666666666,0.0,0.0,0.0,0.0,0.0,36.0,0.0
6jXh2H3x9exT8QzL,11.767857142857144,85,14,64.28571428571429,0.0,0.0,0.0,0.0,0.0,42.5,0.0
G0JY1qL5SUuMe2ly,11.624999999999998,65,12,66.66666666666666,0.0,0.0,0.0,0.0,0.0,32.5,0.0
VAYhFhKkJZ9eE1aD,11.624999999999998,65,15,66.66666666666666,0.0,0.0,0.0,0.0,0.0,32.5,0.0
3zMguIvuDs29L7by,11.524999999999999,61,12,66.66666666666666,0.0,0.0,0.0,0.0,0.0,30.5,0.0
tRD66zb6Fu2fZkfd,11.517857142857144,75,14,64.28571428571429,0.0,0.0,0.0,0.0,0.0,37.5,0.0
rg41PsSpNebVnl8p,10.953225806451613,62,15,60.0,0.0,0.0,0.0,0.0,0.0,31.0,8.064516129032258
Vf0sgib9T70aFqO7,10.945454545454545,56,11,63.63636363636363,0.0,0.0,0.0,0.0,0.0,28.0,0.0
WB2IhXfKpNF1Ifr8,10.85576923076923,65,13,61.53846153846154,0.0,0.0,0.0,0.0,0.0,32.5,0.0
cFTCJsISFmKlIwuU,10.848529411764707,81,17,58.82352941176471,0.0,0.0,0.0,0.0,0.0,40.5,0.0
JFMZ8R4DHGG3KCwR,10.271428571428572,68,14,57.14285714285714,0.0,0.0,0.0,0.0,0.0,34.0,0.0
KACX04e8SrH9bmTX,10.175,57,12,58.333333333333336,0.0,0.0,0.0,0.0,0.0,28.5,0.0
TOrixRp7KSS0UZ2z,10.1,44,10,60.0,0.0,0.0,0.0,0.0,0.0,22.0,0.0
ZXobaKLkQV4I5ru3,9.78181818181818,64,11,54.54545454545454,0.0,0.0,0.0,0.0,0.0,32.0,0.0
6DHI4NkeqhIhcdDk,8.85,54,12,50.0,0.0,0.0,0.0,0.0,0.0,27.0,0.0
3ZxOeKcOr5wUYyk0,5.565384615384615,38,13,30.76923076923077,0.0,0.0,0.0,0.0,0.0,19.0,0.0
